customer_sk,customer_id,first_name,last_name,full_name,email,phone,gender,age_group,customer_segment,loyalty_points,joined_date,state,city
1,CUST-IND-000001,Tarun,Saxena,Tarun Saxena,tarun.saxena14@gmail.com,+91-754333658,Female,18-24,Regular Shopper,4678,2023-08-15,ML,Shillong
2,CUST-IND-000002,Dev,Kulkarni,Dev Kulkarni,dev.kulkarni154@gmail.com,+91-788935112,Prefer Not to Say,18-24,Regular Shopper,44465,2023-11-05,HR,Gurugram
3,CUST-IND-000003,Swati,Joshi,Swati Joshi,swati.joshi234@gmail.com,+91-896811278,Male,25-34,Festival Occasional,8025,2021-07-07,RJ,Jaipur
4,CUST-IND-000004,Amit,Hegde,Amit Hegde,amit.hegde202@gmail.com,+91-977909492,Prefer Not to Say,35-44,VIP Club Premier,1658,2022-10-03,HR,Gurugram
5,CUST-IND-000005,Aarav,Das,Aarav Das,aarav.das31@gmail.com,+91-757818360,Female,45-54,Regular Shopper,18404,2023-01-30,TR,Agartala
6,CUST-IND-000006,Ritu,Chatterjee,Ritu Chatterjee,ritu.chatterjee295@gmail.com,+91-926978823,Prefer Not to Say,55-64,Regular Shopper,29011,2023-03-16,KL,Kochi
7,CUST-IND-000007,Arjun,Rao,Arjun Rao,arjun.rao134@gmail.com,+91-978955286,Male,35-44,Regular Shopper,30504,2023-12-02,MH,Nagpur
8,CUST-IND-000008,Preeti,Nanda,Preeti Nanda,preeti.nanda846@gmail.com,+91-902340158,Male,65+,VIP Club Premier,8011,2022-03-08,MP,Indore
9,CUST-IND-000009,Ananya,Jha,Ananya Jha,ananya.jha590@gmail.com,+91-804301736,Male,55-64,VIP Club Premier,36562,2022-02-21,RJ,Jaipur
10,CUST-IND-000010,Ananya,Bhat,Ananya Bhat,ananya.bhat159@gmail.com,+91-748527090,Prefer Not to Say,65+,Regular Shopper,11559,2024-06-26,DL,Delhi
11,CUST-IND-000011,Ananya,Pillai,Ananya Pillai,ananya.pillai566@gmail.com,+91-861911595,Prefer Not to Say,65+,VIP Club Premier,14865,2021-01-31,MP,Indore
12,CUST-IND-000012,Neha,Shetty,Neha Shetty,neha.shetty876@gmail.com,+91-831483695,Male,55-64,Gold Privilege,35553,2021-06-03,TN,Chennai
13,CUST-IND-000013,Sunita,Bansal,Sunita Bansal,sunita.bansal984@gmail.com,+91-991301633,Prefer Not to Say,25-34,Gold Privilege,21305,2022-11-29,MN,Imphal
14,CUST-IND-000014,Sunita,Bhat,Sunita Bhat,unregistered@retail.com,+91-964716122,Male,45-54,Gold Privilege,6413,2023-04-09,JH,Ranchi
15,CUST-IND-000015,Alok,Joshi,Alok Joshi,alok.joshi377@gmail.com,+91-706268705,Male,45-54,Regular Shopper,34132,2021-02-25,TN,Chennai
16,CUST-IND-000016,Shweta,Mishra,Shweta Mishra,shweta.mishra971@gmail.com,+91-802100853,Female,18-24,Festival Occasional,43513,2021-03-14,TS,Hyderabad
17,CUST-IND-000017,Rahul,Joshi,Rahul Joshi,rahul.joshi54@gmail.com,+91-771300788,Male,25-34,Festival Occasional,39925,2022-01-03,MH,Mumbai
18,CUST-IND-000018,Divya,Gupta,Divya Gupta,divya.gupta993@gmail.com,+91-843542008,Prefer Not to Say,65+,Gold Privilege,6672,2022-04-08,HR,Gurugram
19,CUST-IND-000019,Pooja,Verma,Pooja Verma,pooja.verma433@gmail.com,+91-714450645,Prefer Not to Say,35-44,Regular Shopper,4101,2022-06-23,WB,Kolkata
20,CUST-IND-000020,Neha,Joshi,Neha Joshi,neha.joshi731@gmail.com,+91-939246862,Male,35-44,Regular Shopper,34898,2022-02-20,UP,Lucknow
21,CUST-IND-000021,Amit,Gupta,Amit Gupta,amit.gupta22@gmail.com,+91-992376404,Male,35-44,Gold Privilege,34369,2021-02-16,PB,Chandigarh
22,CUST-IND-000022,Lakshmi,Singh,Lakshmi Singh,lakshmi.singh931@gmail.com,+91-762997381,Male,25-34,Gold Privilege,21604,2024-05-04,DL,Delhi
23,CUST-IND-000023,Manoj,Nanda,Manoj Nanda,manoj.nanda52@gmail.com,+91-952045257,Male,35-44,Gold Privilege,10865,2022-11-15,TN,Chennai
24,CUST-IND-000024,Shweta,Jha,Shweta Jha,shweta.jha632@gmail.com,+91-851289372,Prefer Not to Say,35-44,Regular Shopper,12018,2021-05-16,DL,Delhi
25,CUST-IND-000025,Niharika,Deshmukh,Niharika Deshmukh,niharika.deshmukh827@gmail.com,+91-754442512,Male,35-44,Regular Shopper,15003,2022-12-10,TR,Agartala
26,CUST-IND-000026,Karthik,Nair,Karthik Nair,karthik.nair570@gmail.com,+91-792800370,Prefer Not to Say,18-24,Gold Privilege,37548,2021-02-15,TN,Chennai
27,CUST-IND-000027,Arjun,Saxena,Arjun Saxena,arjun.saxena567@gmail.com,+91-772326491,Female,65+,Regular Shopper,14192,2022-04-14,UP,Lucknow
28,CUST-IND-000028,Tarun,Iyer,Tarun Iyer,tarun.iyer22@gmail.com,+91-782133497,Prefer Not to Say,18-24,Regular Shopper,26320,2024-01-26,GJ,Surat
29,CUST-IND-000029,Deepak,Bansal,Deepak Bansal,deepak.bansal601@gmail.com,+91-899163920,Female,25-34,Regular Shopper,1594,2021-07-22,GJ,Surat
30,CUST-IND-000030,Ananya,Chaudhary,Ananya Chaudhary,ananya.chaudhary318@gmail.com,+91-724179002,Female,25-34,VIP Club Premier,30549,2022-10-22,MH,Pune
31,CUST-IND-000031,Aarav,Mehta,Aarav Mehta,aarav.mehta329@gmail.com,+91-801695993,Male,35-44,Gold Privilege,9090,2021-09-04,AP,Visakhapatnam
32,CUST-IND-000032,Manoj,Bhat,Manoj Bhat,manoj.bhat794@gmail.com,+91-936420867,Prefer Not to Say,45-54,Regular Shopper,11686,2022-07-24,MH,Pune
33,CUST-IND-000033,Priya,Sen,Priya Sen,priya.sen26@gmail.com,+91-725648817,Female,18-24,Regular Shopper,15792,2022-11-17,BR,Patna
34,CUST-IND-000034,Anita,Chatterjee,Anita Chatterjee,anita.chatterjee221@gmail.com,+91-927629896,Female,55-64,Festival Occasional,29679,2021-01-14,MN,Imphal
35,CUST-IND-000035,Neha,Kulkarni,Neha Kulkarni,neha.kulkarni364@gmail.com,+91-829563142,Male,55-64,Regular Shopper,8354,2022-10-31,JH,Ranchi
36,CUST-IND-000036,Kavita,Kumar,Kavita Kumar,kavita.kumar879@gmail.com,+91-729171825,Male,35-44,Gold Privilege,12039,2021-12-05,UP,Lucknow
37,CUST-IND-000037,Alok,Rao,Alok Rao,alok.rao70@gmail.com,+91-992381930,Male,55-64,Festival Occasional,40940,2021-12-05,GJ,Ahmedabad
38,CUST-IND-000038,Ritu,Gupta,Ritu Gupta,ritu.gupta781@gmail.com,+91-723734113,Prefer Not to Say,55-64,Gold Privilege,2917,2024-06-28,HR,Gurugram
39,CUST-IND-000039,Anjali,Pillai,Anjali Pillai,anjali.pillai135@gmail.com,+91-928379656,Female,25-34,Festival Occasional,34353,2023-10-01,AS,Guwahati
40,CUST-IND-000040,Tarun,Gupta,Tarun Gupta,tarun.gupta796@gmail.com,+91-854554011,Female,65+,Regular Shopper,2628,2024-01-19,OD,Bhubaneswar
41,CUST-IND-000041,Meera,Singh,Meera Singh,meera.singh605@gmail.com,+91-921364820,Male,45-54,Regular Shopper,40841,2023-03-15,RJ,Jaipur
42,CUST-IND-000042,Pooja,Hegde,Pooja Hegde,pooja.hegde767@gmail.com,+91-998671306,Prefer Not to Say,45-54,Festival Occasional,43924,2023-05-08,ML,Shillong
43,CUST-IND-000043,Priya,Bhat,Priya Bhat,priya.bhat624@gmail.com,+91-829495610,Female,35-44,VIP Club Premier,16306,2023-04-27,MH,Pune
44,CUST-IND-000044,Ananya,Sharma,Ananya Sharma,ananya.sharma741@gmail.com,+91-789544942,Prefer Not to Say,65+,Gold Privilege,29963,2023-04-17,KA,Bengaluru
45,CUST-IND-000045,Arjun,Das,Arjun Das,arjun.das184@gmail.com,+91-957622945,Female,45-54,Regular Shopper,16036,2021-08-09,MH,Pune
46,CUST-IND-000046,Divya,Reddy,Divya Reddy,divya.reddy251@gmail.com,+91-726726635,Prefer Not to Say,25-34,VIP Club Premier,14822,2022-07-12,KA,Bengaluru
47,CUST-IND-000047,Sunita,Sharma,Sunita Sharma,sunita.sharma369@gmail.com,+91-786341469,Male,18-24,VIP Club Premier,25573,2022-07-18,RJ,Jaipur
48,CUST-IND-000048,Aarav,Desai,Aarav Desai,aarav.desai645@gmail.com,+91-901578623,Male,18-24,Regular Shopper,24102,2022-08-26,UP,Lucknow
49,CUST-IND-000049,Rajesh,Kapoor,Rajesh Kapoor,rajesh.kapoor286@gmail.com,+91-836175899,Female,35-44,Regular Shopper,27929,2023-02-15,OD,Bhubaneswar
50,CUST-IND-000050,Suresh,Sharma,Suresh Sharma,suresh.sharma511@gmail.com,+91-921315044,Prefer Not to Say,65+,Regular Shopper,12940,2023-05-07,PB,Chandigarh
51,CUST-IND-000051,Meera,Chatterjee,Meera Chatterjee,meera.chatterjee233@gmail.com,+91-756740671,Male,55-64,VIP Club Premier,36465,2022-12-19,ML,Shillong
52,CUST-IND-000052,Sanjay,Shetty,Sanjay Shetty,sanjay.shetty669@gmail.com,+91-947823960,Female,65+,Regular Shopper,9455,2023-04-01,UP,Noida
53,CUST-IND-000053,Vishal,Chaudhary,Vishal Chaudhary,vishal.chaudhary944@gmail.com,+91-877560419,Male,25-34,Regular Shopper,40374,2023-11-12,AS,Guwahati
54,CUST-IND-000054,Sunita,Singh,Sunita Singh,sunita.singh385@gmail.com,+91-841156473,Male,25-34,Regular Shopper,10902,2022-02-18,MP,Indore
55,CUST-IND-000055,Vikram,Kapoor,Vikram Kapoor,vikram.kapoor74@gmail.com,+91-742068642,Prefer Not to Say,45-54,Gold Privilege,12335,2023-09-24,MP,Indore
56,CUST-IND-000056,Ritu,Das,Ritu Das,ritu.das527@gmail.com,+91-835216833,Male,55-64,Regular Shopper,23488,2022-09-28,KL,Kochi
57,CUST-IND-000057,Rohan,Nair,Rohan Nair,rohan.nair880@gmail.com,+91-987097962,Male,35-44,Gold Privilege,8802,2021-07-10,ML,Shillong
58,CUST-IND-000058,Suresh,Joshi,Suresh Joshi,suresh.joshi320@gmail.com,+91-845367025,Prefer Not to Say,55-64,Regular Shopper,8573,2024-05-09,AS,Guwahati
59,CUST-IND-000059,Lakshmi,Jha,Lakshmi Jha,unregistered@retail.com,+91-929346427,Female,35-44,Regular Shopper,36256,2022-01-01,AS,Guwahati
60,CUST-IND-000060,Swati,Reddy,Swati Reddy,swati.reddy937@gmail.com,+91-926785223,Female,25-34,Regular Shopper,14378,2021-06-30,RJ,Jaipur
61,CUST-IND-000061,Tarun,Mukherjee,Tarun Mukherjee,tarun.mukherjee591@gmail.com,+91-976664335,Female,55-64,Gold Privilege,33139,2021-07-13,MN,Imphal
62,CUST-IND-000062,Manoj,Nanda,Manoj Nanda,manoj.nanda473@gmail.com,+91-905852126,Female,55-64,Regular Shopper,14449,2021-08-18,GJ,Surat
63,CUST-IND-000063,Anita,Trivedi,Anita Trivedi,anita.trivedi45@gmail.com,+91-746066178,Female,18-24,Regular Shopper,14738,2023-03-24,WB,Kolkata
64,CUST-IND-000064,Preeti,Chatterjee,Preeti Chatterjee,preeti.chatterjee591@gmail.com,+91-764091605,Prefer Not to Say,25-34,Gold Privilege,28439,2022-04-22,GJ,Ahmedabad
65,CUST-IND-000065,Swati,Patel,Swati Patel,swati.patel473@gmail.com,+91-993431756,Male,55-64,Gold Privilege,1966,2024-06-21,MH,Pune
66,CUST-IND-000066,Meera,Mishra,Meera Mishra,meera.mishra590@gmail.com,+91-802680945,Prefer Not to Say,35-44,Regular Shopper,15033,2021-08-07,KA,Bengaluru
67,CUST-IND-000067,Rahul,Malhotra,Rahul Malhotra,rahul.malhotra844@gmail.com,+91-863887215,Female,18-24,Regular Shopper,39022,2021-02-26,MP,Indore
68,CUST-IND-000068,Sunita,Das,Sunita Das,sunita.das394@gmail.com,+91-778502780,Male,65+,Gold Privilege,13029,2022-11-10,WB,Kolkata
69,CUST-IND-000069,Anita,Singh,Anita Singh,anita.singh663@gmail.com,+91-702278228,Female,55-64,Regular Shopper,8133,2023-11-20,OD,Bhubaneswar
70,CUST-IND-000070,Divya,Deshmukh,Divya Deshmukh,divya.deshmukh189@gmail.com,+91-823803707,Male,55-64,Regular Shopper,11976,2022-12-12,TR,Agartala
71,CUST-IND-000071,Tarun,Hegde,Tarun Hegde,tarun.hegde809@gmail.com,+91-801929639,Prefer Not to Say,35-44,Regular Shopper,8607,2022-02-22,GJ,Surat
72,CUST-IND-000072,Arjun,Chatterjee,Arjun Chatterjee,arjun.chatterjee441@gmail.com,+91-808483071,Prefer Not to Say,55-64,Regular Shopper,23011,2022-06-19,GJ,Surat
73,CUST-IND-000073,Aditya,Chaudhary,Aditya Chaudhary,aditya.chaudhary80@gmail.com,+91-737827787,Prefer Not to Say,45-54,Gold Privilege,9269,2021-02-06,HR,Gurugram
74,CUST-IND-000074,Manoj,Nair,Manoj Nair,manoj.nair636@gmail.com,+91-718128714,Male,25-34,Regular Shopper,22471,2023-02-18,MH,Pune
75,CUST-IND-000075,Anjali,Dutta,Anjali Dutta,anjali.dutta332@gmail.com,+91-713573548,Prefer Not to Say,18-24,Gold Privilege,6641,2023-09-05,MH,Nagpur
76,CUST-IND-000076,Karthik,Saxena,Karthik Saxena,karthik.saxena687@gmail.com,+91-835090277,Male,18-24,VIP Club Premier,6069,2023-03-05,JH,Ranchi
77,CUST-IND-000077,Anjali,Gupta,Anjali Gupta,anjali.gupta416@gmail.com,+91-798653553,Prefer Not to Say,65+,Festival Occasional,1340,2023-10-06,MH,Mumbai
78,CUST-IND-000078,Karthik,Joshi,Karthik Joshi,karthik.joshi272@gmail.com,+91-787917257,Prefer Not to Say,18-24,Gold Privilege,17397,2021-07-17,GJ,Surat
79,CUST-IND-000079,Shweta,Deshmukh,Shweta Deshmukh,shweta.deshmukh395@gmail.com,+91-918178791,Prefer Not to Say,18-24,Festival Occasional,7379,2022-04-13,UP,Lucknow
80,CUST-IND-000080,Ananya,Nair,Ananya Nair,unregistered@retail.com,+91-894498530,Prefer Not to Say,25-34,VIP Club Premier,1445,2021-09-10,AS,Guwahati
81,CUST-IND-000081,Arjun,Verma,Arjun Verma,arjun.verma984@gmail.com,+91-716230351,Prefer Not to Say,35-44,Gold Privilege,27656,2024-06-06,MP,Indore
82,CUST-IND-000082,Dev,Dutta,Dev Dutta,dev.dutta58@gmail.com,+91-836930654,Prefer Not to Say,18-24,VIP Club Premier,7679,2024-05-24,RJ,Jaipur
83,CUST-IND-000083,Manoj,Singh,Manoj Singh,manoj.singh474@gmail.com,+91-725661824,Male,18-24,Festival Occasional,28637,2021-02-27,RJ,Jaipur
84,CUST-IND-000084,Deepika,Nair,Deepika Nair,deepika.nair842@gmail.com,+91-975594739,Female,45-54,Gold Privilege,10189,2023-09-13,HR,Gurugram
85,CUST-IND-000085,Pooja,Shetty,Pooja Shetty,pooja.shetty118@gmail.com,+91-962556490,Female,65+,Gold Privilege,40324,2024-02-08,TN,Chennai
86,CUST-IND-000086,Lakshmi,Dutta,Lakshmi Dutta,lakshmi.dutta888@gmail.com,+91-816353182,Male,65+,Regular Shopper,19050,2021-03-16,GJ,Ahmedabad
87,CUST-IND-000087,Arjun,Malhotra,Arjun Malhotra,arjun.malhotra704@gmail.com,+91-888196319,Prefer Not to Say,65+,Festival Occasional,44395,2022-01-21,TR,Agartala
88,CUST-IND-000088,Alok,Dutta,Alok Dutta,alok.dutta403@gmail.com,+91-962710973,Prefer Not to Say,35-44,Regular Shopper,27785,2023-02-22,TR,Agartala
89,CUST-IND-000089,Amit,Trivedi,Amit Trivedi,unregistered@retail.com,+91-922922599,Male,45-54,Regular Shopper,36648,2021-05-10,MN,Imphal
90,CUST-IND-000090,Anjali,Kapoor,Anjali Kapoor,anjali.kapoor356@gmail.com,+91-917136284,Prefer Not to Say,65+,Regular Shopper,38990,2021-12-31,MH,Nagpur
91,CUST-IND-000091,Rajesh,Trivedi,Rajesh Trivedi,rajesh.trivedi49@gmail.com,+91-852859612,Prefer Not to Say,35-44,VIP Club Premier,8741,2021-04-25,MH,Mumbai
92,CUST-IND-000092,Alok,Reddy,Alok Reddy,alok.reddy514@gmail.com,+91-894212419,Male,18-24,Festival Occasional,29430,2023-07-04,TS,Hyderabad
93,CUST-IND-000093,Rohan,Dutta,Rohan Dutta,rohan.dutta736@gmail.com,+91-778295561,Prefer Not to Say,25-34,Regular Shopper,7590,2022-05-22,GJ,Ahmedabad
94,CUST-IND-000094,Pooja,Hegde,Pooja Hegde,pooja.hegde170@gmail.com,+91-941048095,Prefer Not to Say,55-64,Gold Privilege,10718,2024-05-02,GJ,Surat
95,CUST-IND-000095,Kavita,Reddy,Kavita Reddy,kavita.reddy169@gmail.com,+91-986226043,Prefer Not to Say,45-54,Regular Shopper,31463,2023-04-01,AS,Guwahati
96,CUST-IND-000096,Meera,Das,Meera Das,meera.das592@gmail.com,+91-996533040,Male,55-64,Regular Shopper,24885,2024-06-21,MP,Indore
97,CUST-IND-000097,Dev,Kulkarni,Dev Kulkarni,dev.kulkarni849@gmail.com,+91-967755217,Male,35-44,Regular Shopper,7489,2022-08-17,MH,Pune
98,CUST-IND-000098,Divya,Kumar,Divya Kumar,divya.kumar823@gmail.com,+91-957573865,Prefer Not to Say,65+,Gold Privilege,35827,2022-12-06,MH,Mumbai
99,CUST-IND-000099,Karthik,Bansal,Karthik Bansal,karthik.bansal37@gmail.com,+91-997538595,Female,25-34,Festival Occasional,17906,2024-01-28,OD,Bhubaneswar
100,CUST-IND-000100,Alok,Iyer,Alok Iyer,alok.iyer288@gmail.com,+91-808411336,Prefer Not to Say,45-54,VIP Club Premier,29717,2021-11-07,GJ,Ahmedabad
101,CUST-IND-000101,Niharika,Desai,Niharika Desai,niharika.desai671@gmail.com,+91-804118264,Female,25-34,Gold Privilege,21332,2022-01-08,AS,Guwahati
102,CUST-IND-000102,Preeti,Deshmukh,Preeti Deshmukh,unregistered@retail.com,+91-876828923,Prefer Not to Say,35-44,Regular Shopper,43911,2021-07-13,DL,Delhi
103,CUST-IND-000103,Pooja,Verma,Pooja Verma,pooja.verma308@gmail.com,+91-969901682,Prefer Not to Say,35-44,VIP Club Premier,14361,2021-06-26,MH,Nagpur
104,CUST-IND-000104,Arjun,Mehta,Arjun Mehta,arjun.mehta824@gmail.com,+91-854793107,Female,25-34,Festival Occasional,40709,2023-11-17,HR,Gurugram
105,CUST-IND-000105,Bhavna,Hegde,Bhavna Hegde,bhavna.hegde910@gmail.com,+91-882749410,Prefer Not to Say,35-44,Gold Privilege,33861,2022-05-18,UP,Noida
106,CUST-IND-000106,Vishal,Pillai,Vishal Pillai,vishal.pillai517@gmail.com,+91-715719818,Female,65+,Festival Occasional,27546,2021-12-10,GJ,Surat
107,CUST-IND-000107,Rajesh,Shetty,Rajesh Shetty,rajesh.shetty116@gmail.com,+91-827056175,Male,55-64,Regular Shopper,44024,2023-07-28,GJ,Surat
108,CUST-IND-000108,Alok,Jha,Alok Jha,alok.jha700@gmail.com,+91-759344725,Female,25-34,Gold Privilege,26894,2021-07-18,MH,Pune
109,CUST-IND-000109,Anjali,Nair,Anjali Nair,anjali.nair135@gmail.com,+91-913508708,Male,65+,VIP Club Premier,42017,2023-01-11,RJ,Jaipur
110,CUST-IND-000110,Alok,Pillai,Alok Pillai,alok.pillai283@gmail.com,+91-889609729,Male,25-34,Regular Shopper,12323,2023-03-08,MH,Nagpur
111,CUST-IND-000111,Arjun,Gupta,Arjun Gupta,arjun.gupta692@gmail.com,+91-713639350,Prefer Not to Say,25-34,Regular Shopper,4794,2022-09-28,MH,Nagpur
112,CUST-IND-000112,Amit,Kumar,Amit Kumar,amit.kumar921@gmail.com,+91-997164414,Prefer Not to Say,55-64,Regular Shopper,42112,2022-12-17,KL,Kochi
113,CUST-IND-000113,Manoj,Deshmukh,Manoj Deshmukh,manoj.deshmukh84@gmail.com,+91-968660414,Male,25-34,Festival Occasional,20527,2022-11-10,MN,Imphal
114,CUST-IND-000114,Arjun,Joshi,Arjun Joshi,arjun.joshi122@gmail.com,+91-892977622,Female,35-44,Festival Occasional,27166,2023-10-26,MP,Indore
115,CUST-IND-000115,Bhavna,Shetty,Bhavna Shetty,bhavna.shetty484@gmail.com,+91-874963725,Female,55-64,Regular Shopper,12359,2023-05-20,TN,Chennai
116,CUST-IND-000116,Ananya,Das,Ananya Das,ananya.das588@gmail.com,+91-868498855,Prefer Not to Say,45-54,VIP Club Premier,33952,2023-11-12,DL,Delhi
117,CUST-IND-000117,Lakshmi,Bhat,Lakshmi Bhat,lakshmi.bhat274@gmail.com,+91-895212610,Male,35-44,Festival Occasional,44556,2023-06-12,UP,Noida
118,CUST-IND-000118,Preeti,Dutta,Preeti Dutta,preeti.dutta143@gmail.com,+91-847269169,Female,55-64,Gold Privilege,7806,2022-12-17,BR,Patna
119,CUST-IND-000119,Alok,Chaudhary,Alok Chaudhary,alok.chaudhary774@gmail.com,+91-827599530,Female,45-54,Regular Shopper,9768,2023-11-16,ML,Shillong
120,CUST-IND-000120,Amit,Mukherjee,Amit Mukherjee,amit.mukherjee24@gmail.com,+91-882612393,Female,55-64,Regular Shopper,30276,2023-01-29,GJ,Ahmedabad
121,CUST-IND-000121,Anita,Verma,Anita Verma,anita.verma441@gmail.com,+91-783508027,Male,65+,Festival Occasional,32083,2021-12-14,KA,Bengaluru
122,CUST-IND-000122,Sanjay,Trivedi,Sanjay Trivedi,sanjay.trivedi596@gmail.com,+91-955400274,Female,45-54,Gold Privilege,259,2021-01-11,KA,Bengaluru
123,CUST-IND-000123,Ritu,Chatterjee,Ritu Chatterjee,ritu.chatterjee760@gmail.com,+91-924091636,Prefer Not to Say,35-44,VIP Club Premier,18459,2023-07-02,MN,Imphal
124,CUST-IND-000124,Preeti,Saxena,Preeti Saxena,preeti.saxena93@gmail.com,+91-739916379,Prefer Not to Say,65+,Regular Shopper,20658,2021-12-02,WB,Kolkata
125,CUST-IND-000125,Aarav,Sen,Aarav Sen,aarav.sen672@gmail.com,+91-856104972,Prefer Not to Say,35-44,VIP Club Premier,9319,2023-01-15,MH,Nagpur
126,CUST-IND-000126,Amit,Nair,Amit Nair,amit.nair401@gmail.com,+91-975240066,Female,55-64,Regular Shopper,42348,2021-04-10,JH,Ranchi
127,CUST-IND-000127,Vikram,Pillai,Vikram Pillai,vikram.pillai992@gmail.com,+91-848446775,Prefer Not to Say,55-64,Gold Privilege,38918,2023-06-26,MH,Nagpur
128,CUST-IND-000128,Amit,Chaudhary,Amit Chaudhary,amit.chaudhary926@gmail.com,+91-867038425,Male,18-24,Regular Shopper,4380,2022-09-21,GJ,Surat
129,CUST-IND-000129,Karthik,Mishra,Karthik Mishra,karthik.mishra341@gmail.com,+91-853746200,Prefer Not to Say,35-44,Gold Privilege,29103,2024-06-25,WB,Kolkata
130,CUST-IND-000130,Tarun,Mishra,Tarun Mishra,tarun.mishra991@gmail.com,+91-872021125,Male,18-24,VIP Club Premier,21089,2022-11-23,MH,Nagpur
131,CUST-IND-000131,Ananya,Jha,Ananya Jha,ananya.jha789@gmail.com,+91-762879635,Male,35-44,Gold Privilege,14068,2024-05-03,HR,Gurugram
132,CUST-IND-000132,Deepika,Sharma,Deepika Sharma,deepika.sharma775@gmail.com,+91-928726470,Male,65+,VIP Club Premier,11947,2022-07-20,JH,Ranchi
133,CUST-IND-000133,Manoj,Jha,Manoj Jha,manoj.jha695@gmail.com,+91-802591066,Female,35-44,Gold Privilege,28372,2021-11-18,TS,Hyderabad
134,CUST-IND-000134,Rohan,Saxena,Rohan Saxena,rohan.saxena939@gmail.com,+91-987903921,Male,55-64,Regular Shopper,13859,2021-12-02,AP,Visakhapatnam
135,CUST-IND-000135,Ananya,Sen,Ananya Sen,ananya.sen57@gmail.com,+91-959175740,Male,65+,Regular Shopper,34313,2024-06-29,HR,Gurugram
136,CUST-IND-000136,Rajesh,Pillai,Rajesh Pillai,rajesh.pillai186@gmail.com,+91-912601685,Female,55-64,Regular Shopper,26287,2024-04-15,UP,Noida
137,CUST-IND-000137,Divya,Verma,Divya Verma,divya.verma359@gmail.com,+91-878670432,Prefer Not to Say,55-64,VIP Club Premier,23404,2024-02-23,TS,Hyderabad
138,CUST-IND-000138,Ritu,Deshmukh,Ritu Deshmukh,ritu.deshmukh746@gmail.com,+91-872916248,Prefer Not to Say,25-34,VIP Club Premier,43980,2023-12-19,GJ,Surat
139,CUST-IND-000139,Niharika,Bhat,Niharika Bhat,niharika.bhat560@gmail.com,+91-809439387,Prefer Not to Say,55-64,Gold Privilege,9018,2024-06-05,MH,Mumbai
140,CUST-IND-000140,Aarav,Hegde,Aarav Hegde,aarav.hegde119@gmail.com,+91-959488105,Prefer Not to Say,25-34,Regular Shopper,15598,2021-08-18,MH,Pune
141,CUST-IND-000141,Sunita,Patel,Sunita Patel,sunita.patel94@gmail.com,+91-876005422,Male,65+,Regular Shopper,27543,2023-11-16,WB,Kolkata
142,CUST-IND-000142,Swati,Desai,Swati Desai,swati.desai464@gmail.com,+91-969135115,Female,65+,Festival Occasional,21672,2021-01-26,KL,Kochi
143,CUST-IND-000143,Tarun,Pillai,Tarun Pillai,tarun.pillai696@gmail.com,+91-814150814,Male,25-34,Regular Shopper,33333,2023-04-01,JH,Ranchi
144,CUST-IND-000144,Niharika,Sharma,Niharika Sharma,niharika.sharma726@gmail.com,+91-872337469,Female,45-54,Regular Shopper,31456,2023-07-13,BR,Patna
145,CUST-IND-000145,Rahul,Joshi,Rahul Joshi,rahul.joshi504@gmail.com,+91-781462619,Female,45-54,Festival Occasional,8034,2021-02-21,MN,Imphal
146,CUST-IND-000146,Meera,Patel,Meera Patel,meera.patel98@gmail.com,+91-733792033,Female,65+,VIP Club Premier,12133,2024-03-10,MH,Nagpur
147,CUST-IND-000147,Vikram,Das,Vikram Das,unregistered@retail.com,+91-716641489,Male,65+,Gold Privilege,24002,2021-10-14,MN,Imphal
148,CUST-IND-000148,Shweta,Das,Shweta Das,shweta.das154@gmail.com,+91-866340003,Prefer Not to Say,65+,Gold Privilege,7548,2023-08-23,OD,Bhubaneswar
149,CUST-IND-000149,Meera,Iyer,Meera Iyer,meera.iyer185@gmail.com,+91-797846003,Male,35-44,Regular Shopper,32675,2023-12-06,JH,Ranchi
150,CUST-IND-000150,Rahul,Chaudhary,Rahul Chaudhary,rahul.chaudhary563@gmail.com,+91-723526279,Male,25-34,Gold Privilege,32310,2023-12-24,MN,Imphal
151,CUST-IND-000151,Arjun,Sharma,Arjun Sharma,arjun.sharma386@gmail.com,+91-817156004,Prefer Not to Say,35-44,VIP Club Premier,36503,2023-05-03,PB,Chandigarh
152,CUST-IND-000152,Karthik,Iyer,Karthik Iyer,karthik.iyer605@gmail.com,+91-862572327,Prefer Not to Say,18-24,Regular Shopper,29288,2022-12-22,ML,Shillong
153,CUST-IND-000153,Bhavna,Kapoor,Bhavna Kapoor,bhavna.kapoor9@gmail.com,+91-879165425,Female,25-34,Gold Privilege,28595,2024-02-14,BR,Patna
154,CUST-IND-000154,Lakshmi,Mehta,Lakshmi Mehta,lakshmi.mehta385@gmail.com,+91-892847250,Prefer Not to Say,18-24,Gold Privilege,13367,2024-05-09,MH,Mumbai
155,CUST-IND-000155,Neha,Kumar,Neha Kumar,neha.kumar567@gmail.com,+91-896815291,Prefer Not to Say,18-24,Regular Shopper,37557,2022-02-10,RJ,Jaipur
156,CUST-IND-000156,Pooja,Jha,Pooja Jha,pooja.jha676@gmail.com,+91-721670384,Female,65+,Gold Privilege,11270,2024-01-19,MN,Imphal
157,CUST-IND-000157,Priya,Rao,Priya Rao,priya.rao363@gmail.com,+91-765896243,Male,35-44,Gold Privilege,6119,2023-06-09,BR,Patna
158,CUST-IND-000158,Priya,Bhat,Priya Bhat,priya.bhat440@gmail.com,+91-989619507,Prefer Not to Say,25-34,Regular Shopper,18474,2023-11-23,RJ,Jaipur
159,CUST-IND-000159,Anjali,Verma,Anjali Verma,anjali.verma709@gmail.com,+91-744301489,Male,35-44,Regular Shopper,4338,2021-09-25,PB,Chandigarh
160,CUST-IND-000160,Rahul,Mehta,Rahul Mehta,rahul.mehta977@gmail.com,+91-787016258,Female,45-54,Gold Privilege,24388,2023-04-10,GJ,Surat
161,CUST-IND-000161,Tarun,Saxena,Tarun Saxena,tarun.saxena104@gmail.com,+91-925826904,Prefer Not to Say,45-54,Regular Shopper,26804,2021-06-11,GJ,Ahmedabad
162,CUST-IND-000162,Lakshmi,Hegde,Lakshmi Hegde,lakshmi.hegde704@gmail.com,+91-838016994,Prefer Not to Say,55-64,Regular Shopper,13298,2023-07-07,AP,Visakhapatnam
163,CUST-IND-000163,Priya,Chaudhary,Priya Chaudhary,priya.chaudhary415@gmail.com,+91-906122998,Prefer Not to Say,55-64,Festival Occasional,1269,2022-05-24,GJ,Ahmedabad
164,CUST-IND-000164,Rahul,Verma,Rahul Verma,rahul.verma419@gmail.com,+91-836888048,Prefer Not to Say,65+,Regular Shopper,27768,2022-04-15,AS,Guwahati
165,CUST-IND-000165,Shweta,Kulkarni,Shweta Kulkarni,shweta.kulkarni978@gmail.com,+91-782259773,Female,35-44,Regular Shopper,36217,2024-06-19,UP,Lucknow
166,CUST-IND-000166,Arjun,Chatterjee,Arjun Chatterjee,arjun.chatterjee977@gmail.com,+91-986935083,Male,18-24,Regular Shopper,4861,2022-11-30,AS,Guwahati
167,CUST-IND-000167,Aditya,Chatterjee,Aditya Chatterjee,aditya.chatterjee669@gmail.com,+91-805000628,Male,55-64,Gold Privilege,14781,2022-11-28,MN,Imphal
168,CUST-IND-000168,Amit,Trivedi,Amit Trivedi,amit.trivedi140@gmail.com,+91-837338886,Male,35-44,VIP Club Premier,35068,2022-04-11,KA,Bengaluru
169,CUST-IND-000169,Amit,Singh,Amit Singh,amit.singh467@gmail.com,+91-888685082,Male,65+,Gold Privilege,3833,2021-09-06,DL,Delhi
170,CUST-IND-000170,Deepika,Trivedi,Deepika Trivedi,deepika.trivedi51@gmail.com,+91-869916101,Female,35-44,Festival Occasional,8165,2021-01-30,AP,Visakhapatnam
171,CUST-IND-000171,Deepika,Desai,Deepika Desai,deepika.desai418@gmail.com,+91-817969554,Female,45-54,Gold Privilege,36421,2022-11-25,TN,Chennai
172,CUST-IND-000172,Lakshmi,Deshmukh,Lakshmi Deshmukh,lakshmi.deshmukh567@gmail.com,+91-767891154,Prefer Not to Say,18-24,Regular Shopper,18967,2023-11-29,MH,Pune
173,CUST-IND-000173,Aarav,Hegde,Aarav Hegde,aarav.hegde894@gmail.com,+91-731227148,Female,18-24,Regular Shopper,7104,2023-01-19,GJ,Ahmedabad
174,CUST-IND-000174,Meera,Sharma,Meera Sharma,meera.sharma402@gmail.com,+91-769176685,Female,65+,VIP Club Premier,10689,2021-10-16,UP,Noida
175,CUST-IND-000175,Rohan,Trivedi,Rohan Trivedi,rohan.trivedi28@gmail.com,+91-873734915,Male,55-64,Gold Privilege,24723,2021-06-16,JH,Ranchi
176,CUST-IND-000176,Ananya,Iyer,Ananya Iyer,ananya.iyer505@gmail.com,+91-839212121,Female,65+,Regular Shopper,20388,2022-03-27,HR,Gurugram
177,CUST-IND-000177,Divya,Dutta,Divya Dutta,divya.dutta692@gmail.com,+91-874140549,Male,35-44,Gold Privilege,33482,2021-05-13,TN,Chennai
178,CUST-IND-000178,Vikram,Singh,Vikram Singh,vikram.singh241@gmail.com,+91-766212774,Male,18-24,VIP Club Premier,15406,2023-12-16,JH,Ranchi
179,CUST-IND-000179,Rahul,Trivedi,Rahul Trivedi,rahul.trivedi656@gmail.com,+91-723670907,Prefer Not to Say,25-34,Regular Shopper,30126,2023-12-17,TR,Agartala
180,CUST-IND-000180,Amit,Pillai,Amit Pillai,amit.pillai305@gmail.com,+91-916606402,Male,45-54,Regular Shopper,22991,2024-01-11,GJ,Surat
181,CUST-IND-000181,Preeti,Chaudhary,Preeti Chaudhary,preeti.chaudhary546@gmail.com,+91-779262447,Female,18-24,Regular Shopper,34922,2022-04-23,TN,Chennai
182,CUST-IND-000182,Karthik,Chatterjee,Karthik Chatterjee,karthik.chatterjee182@gmail.com,+91-863490691,Male,55-64,Gold Privilege,15513,2021-11-23,MH,Nagpur
183,CUST-IND-000183,Amit,Chaudhary,Amit Chaudhary,amit.chaudhary479@gmail.com,+91-748065028,Female,18-24,Gold Privilege,29520,2021-04-24,GJ,Surat
184,CUST-IND-000184,Amit,Trivedi,Amit Trivedi,amit.trivedi762@gmail.com,+91-759854954,Prefer Not to Say,25-34,Festival Occasional,7493,2021-06-19,ML,Shillong
185,CUST-IND-000185,Swati,Trivedi,Swati Trivedi,unregistered@retail.com,+91-792923035,Female,65+,Regular Shopper,20922,2021-05-19,MN,Imphal
186,CUST-IND-000186,Tarun,Shetty,Tarun Shetty,tarun.shetty252@gmail.com,+91-928505955,Prefer Not to Say,45-54,Gold Privilege,18133,2024-01-15,TS,Hyderabad
187,CUST-IND-000187,Meera,Gupta,Meera Gupta,meera.gupta18@gmail.com,+91-869936313,Prefer Not to Say,35-44,Regular Shopper,14046,2022-09-06,TS,Hyderabad
188,CUST-IND-000188,Niharika,Malhotra,Niharika Malhotra,niharika.malhotra634@gmail.com,+91-887483514,Male,35-44,VIP Club Premier,16693,2021-10-17,MH,Mumbai
189,CUST-IND-000189,Aditya,Dutta,Aditya Dutta,aditya.dutta515@gmail.com,+91-731694687,Female,65+,Gold Privilege,28634,2021-01-12,AP,Visakhapatnam
190,CUST-IND-000190,Kavita,Nanda,Kavita Nanda,kavita.nanda894@gmail.com,+91-759138995,Prefer Not to Say,65+,Gold Privilege,26440,2024-06-05,MH,Mumbai
191,CUST-IND-000191,Ritu,Kumar,Ritu Kumar,ritu.kumar913@gmail.com,+91-931369985,Female,25-34,Regular Shopper,20291,2021-05-10,GJ,Ahmedabad
192,CUST-IND-000192,Neha,Jha,Neha Jha,neha.jha558@gmail.com,+91-756312336,Male,35-44,Gold Privilege,43122,2022-08-01,GJ,Ahmedabad
193,CUST-IND-000193,Ritu,Sharma,Ritu Sharma,ritu.sharma538@gmail.com,+91-886203449,Male,18-24,Regular Shopper,22601,2023-07-31,UP,Lucknow
194,CUST-IND-000194,Manoj,Mishra,Manoj Mishra,manoj.mishra484@gmail.com,+91-745204177,Female,45-54,Regular Shopper,34265,2021-08-28,JH,Ranchi
195,CUST-IND-000195,Meera,Jha,Meera Jha,meera.jha295@gmail.com,+91-967710326,Male,35-44,Gold Privilege,31229,2021-08-05,ML,Shillong
196,CUST-IND-000196,Dev,Mukherjee,Dev Mukherjee,dev.mukherjee525@gmail.com,+91-976384232,Male,55-64,Gold Privilege,43540,2021-04-29,KA,Bengaluru
197,CUST-IND-000197,Anjali,Agarwal,Anjali Agarwal,anjali.agarwal434@gmail.com,+91-889426435,Prefer Not to Say,25-34,Regular Shopper,7327,2022-11-15,MP,Indore
198,CUST-IND-000198,Anita,Gupta,Anita Gupta,anita.gupta767@gmail.com,+91-904966367,Prefer Not to Say,55-64,Gold Privilege,10416,2021-10-24,AS,Guwahati
199,CUST-IND-000199,Kavita,Mukherjee,Kavita Mukherjee,kavita.mukherjee32@gmail.com,+91-846226491,Female,35-44,Gold Privilege,30781,2021-08-12,ML,Shillong
200,CUST-IND-000200,Divya,Sharma,Divya Sharma,divya.sharma595@gmail.com,+91-739440875,Prefer Not to Say,55-64,Gold Privilege,28022,2023-02-23,ML,Shillong
201,CUST-IND-000201,Deepika,Kapoor,Deepika Kapoor,deepika.kapoor592@gmail.com,+91-915884585,Prefer Not to Say,35-44,Regular Shopper,17755,2023-04-02,MH,Nagpur
202,CUST-IND-000202,Amit,Chaudhary,Amit Chaudhary,amit.chaudhary145@gmail.com,+91-855943058,Female,45-54,Gold Privilege,20060,2021-04-04,BR,Patna
203,CUST-IND-000203,Amit,Mehta,Amit Mehta,amit.mehta527@gmail.com,+91-987666983,Prefer Not to Say,55-64,Regular Shopper,44143,2023-09-06,MN,Imphal
204,CUST-IND-000204,Divya,Kapoor,Divya Kapoor,divya.kapoor602@gmail.com,+91-881547491,Female,25-34,Regular Shopper,26669,2021-05-21,AP,Visakhapatnam
205,CUST-IND-000205,Ananya,Bhat,Ananya Bhat,ananya.bhat249@gmail.com,+91-877026132,Male,25-34,Regular Shopper,43261,2024-02-18,HR,Gurugram
206,CUST-IND-000206,Anita,Patel,Anita Patel,anita.patel459@gmail.com,+91-724400439,Male,45-54,Festival Occasional,39877,2024-01-15,PB,Chandigarh
207,CUST-IND-000207,Ananya,Nanda,Ananya Nanda,ananya.nanda362@gmail.com,+91-945418594,Male,45-54,Regular Shopper,15168,2021-06-20,KL,Kochi
208,CUST-IND-000208,Ananya,Mukherjee,Ananya Mukherjee,ananya.mukherjee634@gmail.com,+91-899396038,Prefer Not to Say,18-24,Gold Privilege,11865,2022-07-27,KA,Bengaluru
209,CUST-IND-000209,Priya,Kulkarni,Priya Kulkarni,priya.kulkarni963@gmail.com,+91-846556448,Male,65+,Regular Shopper,16545,2022-07-30,BR,Patna
210,CUST-IND-000210,Deepak,Shetty,Deepak Shetty,deepak.shetty156@gmail.com,+91-941913940,Prefer Not to Say,25-34,Regular Shopper,2852,2024-01-26,MH,Pune
211,CUST-IND-000211,Suresh,Nair,Suresh Nair,suresh.nair461@gmail.com,+91-871471091,Female,35-44,Regular Shopper,9528,2024-06-06,AP,Visakhapatnam
212,CUST-IND-000212,Sanjay,Desai,Sanjay Desai,sanjay.desai3@gmail.com,+91-745921736,Female,35-44,Gold Privilege,36519,2022-10-16,MP,Indore
213,CUST-IND-000213,Manoj,Verma,Manoj Verma,manoj.verma845@gmail.com,+91-726568021,Female,55-64,Regular Shopper,1596,2022-05-07,PB,Chandigarh
214,CUST-IND-000214,Niharika,Kumar,Niharika Kumar,niharika.kumar634@gmail.com,+91-868187677,Male,25-34,Gold Privilege,44154,2022-12-26,KL,Kochi
215,CUST-IND-000215,Sunita,Chatterjee,Sunita Chatterjee,sunita.chatterjee30@gmail.com,+91-723563144,Prefer Not to Say,55-64,Festival Occasional,18965,2023-12-06,BR,Patna
216,CUST-IND-000216,Swati,Chaudhary,Swati Chaudhary,swati.chaudhary364@gmail.com,+91-719253246,Male,55-64,Gold Privilege,2924,2023-05-18,PB,Chandigarh
217,CUST-IND-000217,Arjun,Shetty,Arjun Shetty,arjun.shetty716@gmail.com,+91-923425688,Female,55-64,Festival Occasional,24712,2021-04-23,TR,Agartala
218,CUST-IND-000218,Deepak,Sen,Deepak Sen,deepak.sen606@gmail.com,+91-844733869,Male,55-64,VIP Club Premier,6569,2022-06-28,AP,Visakhapatnam
219,CUST-IND-000219,Neha,Kapoor,Neha Kapoor,neha.kapoor302@gmail.com,+91-998944795,Prefer Not to Say,65+,Gold Privilege,39538,2023-03-16,MN,Imphal
220,CUST-IND-000220,Manoj,Reddy,Manoj Reddy,manoj.reddy41@gmail.com,+91-857797654,Female,65+,VIP Club Premier,30258,2023-09-01,AS,Guwahati
221,CUST-IND-000221,Niharika,Singh,Niharika Singh,niharika.singh102@gmail.com,+91-932569691,Female,55-64,Regular Shopper,9643,2022-01-29,TR,Agartala
222,CUST-IND-000222,Ritu,Reddy,Ritu Reddy,ritu.reddy440@gmail.com,+91-764941946,Male,65+,Gold Privilege,20416,2021-12-09,MN,Imphal
223,CUST-IND-000223,Karthik,Rao,Karthik Rao,karthik.rao691@gmail.com,+91-721793791,Female,18-24,Gold Privilege,5300,2023-11-26,UP,Lucknow
224,CUST-IND-000224,Neha,Kumar,Neha Kumar,neha.kumar121@gmail.com,+91-706659626,Male,45-54,Regular Shopper,30425,2023-10-28,GJ,Ahmedabad
225,CUST-IND-000225,Neha,Jha,Neha Jha,neha.jha398@gmail.com,+91-963929061,Female,18-24,Regular Shopper,43192,2022-05-30,TS,Hyderabad
226,CUST-IND-000226,Suresh,Das,Suresh Das,suresh.das484@gmail.com,+91-935466363,Female,65+,Gold Privilege,25881,2022-02-27,MP,Indore
227,CUST-IND-000227,Ritu,Reddy,Ritu Reddy,ritu.reddy919@gmail.com,+91-711573194,Female,55-64,Regular Shopper,7001,2022-07-12,TR,Agartala
228,CUST-IND-000228,Rajesh,Shetty,Rajesh Shetty,rajesh.shetty993@gmail.com,+91-994523391,Prefer Not to Say,18-24,Gold Privilege,35134,2021-05-18,MN,Imphal
229,CUST-IND-000229,Suresh,Iyer,Suresh Iyer,suresh.iyer105@gmail.com,+91-707896330,Prefer Not to Say,18-24,Gold Privilege,2089,2021-06-24,MP,Indore
230,CUST-IND-000230,Kavita,Sen,Kavita Sen,kavita.sen790@gmail.com,+91-791323356,Female,18-24,Festival Occasional,37683,2021-09-15,KL,Kochi
231,CUST-IND-000231,Alok,Sen,Alok Sen,alok.sen308@gmail.com,+91-764465259,Female,25-34,Regular Shopper,240,2024-06-16,AP,Visakhapatnam
232,CUST-IND-000232,Pooja,Agarwal,Pooja Agarwal,pooja.agarwal299@gmail.com,+91-755969029,Female,65+,Gold Privilege,24423,2022-08-29,JH,Ranchi
233,CUST-IND-000233,Ananya,Saxena,Ananya Saxena,ananya.saxena855@gmail.com,+91-958221161,Female,65+,VIP Club Premier,43662,2023-07-13,MN,Imphal
234,CUST-IND-000234,Rajesh,Sen,Rajesh Sen,rajesh.sen676@gmail.com,+91-902486518,Female,55-64,Regular Shopper,29681,2022-12-02,GJ,Surat
235,CUST-IND-000235,Sanjay,Patel,Sanjay Patel,sanjay.patel543@gmail.com,+91-915697536,Female,35-44,Regular Shopper,9750,2022-10-04,AP,Visakhapatnam
236,CUST-IND-000236,Alok,Jha,Alok Jha,alok.jha298@gmail.com,+91-744985440,Male,25-34,Regular Shopper,35762,2022-03-17,OD,Bhubaneswar
237,CUST-IND-000237,Ananya,Nanda,Ananya Nanda,ananya.nanda582@gmail.com,+91-749631671,Prefer Not to Say,18-24,Regular Shopper,14138,2022-07-06,KA,Bengaluru
238,CUST-IND-000238,Deepak,Mehta,Deepak Mehta,deepak.mehta821@gmail.com,+91-901697329,Female,45-54,VIP Club Premier,7200,2023-11-23,WB,Kolkata
239,CUST-IND-000239,Divya,Shetty,Divya Shetty,divya.shetty512@gmail.com,+91-829438576,Male,25-34,Festival Occasional,37323,2023-11-19,RJ,Jaipur
240,CUST-IND-000240,Meera,Kumar,Meera Kumar,meera.kumar373@gmail.com,+91-809488147,Prefer Not to Say,25-34,Gold Privilege,34227,2021-07-21,MH,Pune
241,CUST-IND-000241,Deepak,Reddy,Deepak Reddy,deepak.reddy907@gmail.com,+91-741728183,Female,35-44,Regular Shopper,7776,2024-03-26,BR,Patna
242,CUST-IND-000242,Neha,Pillai,Neha Pillai,neha.pillai109@gmail.com,+91-738607672,Male,65+,Festival Occasional,35579,2024-04-07,GJ,Surat
243,CUST-IND-000243,Shweta,Pillai,Shweta Pillai,shweta.pillai400@gmail.com,+91-732047481,Female,35-44,Gold Privilege,17137,2024-03-17,WB,Kolkata
244,CUST-IND-000244,Lakshmi,Deshmukh,Lakshmi Deshmukh,lakshmi.deshmukh462@gmail.com,+91-701342447,Male,45-54,Regular Shopper,23636,2021-03-20,GJ,Surat
245,CUST-IND-000245,Swati,Mukherjee,Swati Mukherjee,swati.mukherjee693@gmail.com,+91-992527114,Female,18-24,Festival Occasional,25756,2021-05-04,WB,Kolkata
246,CUST-IND-000246,Sunita,Patel,Sunita Patel,sunita.patel136@gmail.com,+91-943246539,Male,18-24,Gold Privilege,9604,2022-06-13,KA,Bengaluru
247,CUST-IND-000247,Neha,Gupta,Neha Gupta,neha.gupta849@gmail.com,+91-746404865,Male,18-24,Festival Occasional,32547,2023-09-11,HR,Gurugram
248,CUST-IND-000248,Pooja,Nanda,Pooja Nanda,pooja.nanda810@gmail.com,+91-792604362,Female,25-34,Gold Privilege,41906,2021-03-16,GJ,Ahmedabad
249,CUST-IND-000249,Tarun,Sen,Tarun Sen,tarun.sen287@gmail.com,+91-746781621,Male,35-44,VIP Club Premier,5420,2021-03-11,UP,Lucknow
250,CUST-IND-000250,Meera,Gupta,Meera Gupta,meera.gupta680@gmail.com,+91-893153826,Female,25-34,VIP Club Premier,3124,2023-03-03,KL,Kochi
251,CUST-IND-000251,Pooja,Iyer,Pooja Iyer,pooja.iyer126@gmail.com,+91-726563826,Prefer Not to Say,45-54,Festival Occasional,15663,2021-10-09,AS,Guwahati
252,CUST-IND-000252,Tarun,Shetty,Tarun Shetty,tarun.shetty989@gmail.com,+91-963649511,Prefer Not to Say,25-34,VIP Club Premier,12995,2024-02-02,UP,Lucknow
253,CUST-IND-000253,Manoj,Chatterjee,Manoj Chatterjee,manoj.chatterjee902@gmail.com,+91-894318927,Female,55-64,Festival Occasional,25022,2023-09-14,TR,Agartala
254,CUST-IND-000254,Bhavna,Kumar,Bhavna Kumar,bhavna.kumar373@gmail.com,+91-943147838,Female,25-34,Gold Privilege,15454,2022-10-24,HR,Gurugram
255,CUST-IND-000255,Deepak,Agarwal,Deepak Agarwal,deepak.agarwal964@gmail.com,+91-959451863,Prefer Not to Say,18-24,Gold Privilege,8324,2023-01-01,GJ,Ahmedabad
256,CUST-IND-000256,Deepika,Das,Deepika Das,deepika.das756@gmail.com,+91-891668476,Prefer Not to Say,18-24,VIP Club Premier,36528,2023-05-14,TR,Agartala
257,CUST-IND-000257,Shweta,Nanda,Shweta Nanda,shweta.nanda726@gmail.com,+91-732147272,Male,65+,Gold Privilege,30851,2023-11-17,UP,Noida
258,CUST-IND-000258,Ananya,Joshi,Ananya Joshi,ananya.joshi485@gmail.com,+91-959416213,Prefer Not to Say,45-54,Regular Shopper,28601,2022-10-21,JH,Ranchi
259,CUST-IND-000259,Neha,Saxena,Neha Saxena,neha.saxena888@gmail.com,+91-722317140,Female,35-44,VIP Club Premier,25945,2021-09-14,TN,Chennai
260,CUST-IND-000260,Vikram,Gupta,Vikram Gupta,vikram.gupta576@gmail.com,+91-824227311,Male,55-64,VIP Club Premier,26254,2022-11-14,AS,Guwahati
261,CUST-IND-000261,Vikram,Chatterjee,Vikram Chatterjee,vikram.chatterjee651@gmail.com,+91-874844353,Prefer Not to Say,65+,Regular Shopper,9553,2023-10-26,TR,Agartala
262,CUST-IND-000262,Deepak,Chatterjee,Deepak Chatterjee,deepak.chatterjee942@gmail.com,+91-858850998,Male,25-34,Regular Shopper,22415,2021-03-23,ML,Shillong
263,CUST-IND-000263,Dev,Nanda,Dev Nanda,dev.nanda380@gmail.com,+91-753070632,Prefer Not to Say,18-24,Regular Shopper,6868,2023-05-03,DL,Delhi
264,CUST-IND-000264,Aditya,Bansal,Aditya Bansal,aditya.bansal757@gmail.com,+91-826843997,Female,65+,Regular Shopper,40144,2022-08-19,OD,Bhubaneswar
265,CUST-IND-000265,Manoj,Nanda,Manoj Nanda,manoj.nanda823@gmail.com,+91-875905432,Male,55-64,Festival Occasional,38751,2023-03-14,ML,Shillong
266,CUST-IND-000266,Deepika,Hegde,Deepika Hegde,deepika.hegde32@gmail.com,+91-839678656,Prefer Not to Say,65+,Regular Shopper,8541,2024-05-23,OD,Bhubaneswar
267,CUST-IND-000267,Dev,Joshi,Dev Joshi,dev.joshi514@gmail.com,+91-785723396,Prefer Not to Say,25-34,Regular Shopper,7802,2021-07-01,OD,Bhubaneswar
268,CUST-IND-000268,Tarun,Bhat,Tarun Bhat,tarun.bhat160@gmail.com,+91-797829470,Male,18-24,VIP Club Premier,2798,2023-09-16,BR,Patna
269,CUST-IND-000269,Ananya,Reddy,Ananya Reddy,ananya.reddy990@gmail.com,+91-701830486,Male,45-54,VIP Club Premier,5258,2024-02-21,TR,Agartala
270,CUST-IND-000270,Anita,Mishra,Anita Mishra,anita.mishra162@gmail.com,+91-907481236,Female,45-54,Regular Shopper,1777,2023-07-08,BR,Patna
271,CUST-IND-000271,Anita,Kapoor,Anita Kapoor,anita.kapoor40@gmail.com,+91-851233765,Prefer Not to Say,65+,Regular Shopper,36946,2024-06-06,TR,Agartala
272,CUST-IND-000272,Aditya,Pillai,Aditya Pillai,aditya.pillai271@gmail.com,+91-947216925,Male,55-64,Regular Shopper,18419,2022-02-28,BR,Patna
273,CUST-IND-000273,Vishal,Malhotra,Vishal Malhotra,vishal.malhotra995@gmail.com,+91-885846366,Male,45-54,Regular Shopper,20977,2023-05-19,BR,Patna
274,CUST-IND-000274,Deepak,Patel,Deepak Patel,deepak.patel873@gmail.com,+91-884002079,Male,65+,Gold Privilege,33932,2021-09-30,ML,Shillong
275,CUST-IND-000275,Priya,Nair,Priya Nair,priya.nair83@gmail.com,+91-834337123,Prefer Not to Say,45-54,Regular Shopper,34529,2022-05-31,AP,Visakhapatnam
276,CUST-IND-000276,Neha,Sen,Neha Sen,neha.sen675@gmail.com,+91-721806909,Female,25-34,VIP Club Premier,35471,2022-04-29,GJ,Surat
277,CUST-IND-000277,Ananya,Sen,Ananya Sen,ananya.sen873@gmail.com,+91-939306626,Female,45-54,Gold Privilege,36152,2022-07-04,UP,Lucknow
278,CUST-IND-000278,Karthik,Joshi,Karthik Joshi,karthik.joshi874@gmail.com,+91-951524275,Prefer Not to Say,55-64,Regular Shopper,42371,2022-08-10,AP,Visakhapatnam
279,CUST-IND-000279,Anita,Agarwal,Anita Agarwal,anita.agarwal995@gmail.com,+91-972892605,Male,65+,Gold Privilege,22744,2021-12-22,UP,Lucknow
280,CUST-IND-000280,Sunita,Singh,Sunita Singh,sunita.singh541@gmail.com,+91-997611400,Female,35-44,Gold Privilege,40657,2024-03-25,TS,Hyderabad
281,CUST-IND-000281,Rajesh,Kapoor,Rajesh Kapoor,rajesh.kapoor134@gmail.com,+91-891322352,Prefer Not to Say,55-64,Regular Shopper,40222,2022-03-17,PB,Chandigarh
282,CUST-IND-000282,Arjun,Nair,Arjun Nair,arjun.nair81@gmail.com,+91-989871591,Male,45-54,Regular Shopper,7844,2022-05-23,GJ,Ahmedabad
283,CUST-IND-000283,Divya,Saxena,Divya Saxena,divya.saxena610@gmail.com,+91-785529130,Female,25-34,Festival Occasional,42576,2021-05-29,MN,Imphal
284,CUST-IND-000284,Deepika,Sharma,Deepika Sharma,deepika.sharma320@gmail.com,+91-981607839,Male,45-54,Gold Privilege,16135,2021-07-28,UP,Lucknow
285,CUST-IND-000285,Deepika,Dutta,Deepika Dutta,deepika.dutta283@gmail.com,+91-994738750,Prefer Not to Say,45-54,Regular Shopper,31338,2022-08-09,TR,Agartala
286,CUST-IND-000286,Alok,Das,Alok Das,alok.das437@gmail.com,+91-763865625,Prefer Not to Say,25-34,Regular Shopper,41652,2021-08-10,MP,Indore
287,CUST-IND-000287,Priya,Verma,Priya Verma,priya.verma662@gmail.com,+91-965854315,Prefer Not to Say,18-24,Regular Shopper,32024,2023-08-31,DL,Delhi
288,CUST-IND-000288,Suresh,Trivedi,Suresh Trivedi,suresh.trivedi477@gmail.com,+91-884127747,Female,25-34,Festival Occasional,8703,2023-06-19,PB,Chandigarh
289,CUST-IND-000289,Dev,Nair,Dev Nair,unregistered@retail.com,+91-764611687,Prefer Not to Say,65+,Festival Occasional,23902,2021-04-25,TS,Hyderabad
290,CUST-IND-000290,Aditya,Gupta,Aditya Gupta,aditya.gupta610@gmail.com,+91-953069200,Prefer Not to Say,45-54,Regular Shopper,17340,2022-05-19,PB,Chandigarh
291,CUST-IND-000291,Ananya,Singh,Ananya Singh,ananya.singh106@gmail.com,+91-944896244,Female,55-64,Regular Shopper,7168,2021-02-23,KL,Kochi
292,CUST-IND-000292,Anjali,Deshmukh,Anjali Deshmukh,anjali.deshmukh873@gmail.com,+91-933453731,Female,18-24,Gold Privilege,13845,2023-11-05,KA,Bengaluru
293,CUST-IND-000293,Rohan,Nair,Rohan Nair,rohan.nair739@gmail.com,+91-996346327,Female,65+,Gold Privilege,20362,2021-11-17,MH,Nagpur
294,CUST-IND-000294,Alok,Das,Alok Das,alok.das951@gmail.com,+91-914466209,Prefer Not to Say,55-64,VIP Club Premier,16272,2023-03-02,TS,Hyderabad
295,CUST-IND-000295,Anita,Deshmukh,Anita Deshmukh,unregistered@retail.com,+91-735692933,Male,25-34,Regular Shopper,15037,2023-12-22,MH,Pune
296,CUST-IND-000296,Vishal,Joshi,Vishal Joshi,vishal.joshi706@gmail.com,+91-908639556,Male,65+,Regular Shopper,28669,2021-02-14,MP,Indore
297,CUST-IND-000297,Alok,Shetty,Alok Shetty,alok.shetty933@gmail.com,+91-841927796,Female,65+,Gold Privilege,25758,2021-01-08,TN,Chennai
298,CUST-IND-000298,Vikram,Deshmukh,Vikram Deshmukh,vikram.deshmukh404@gmail.com,+91-754396961,Prefer Not to Say,18-24,Regular Shopper,14761,2024-01-13,AP,Visakhapatnam
299,CUST-IND-000299,Niharika,Pillai,Niharika Pillai,niharika.pillai339@gmail.com,+91-912197976,Male,18-24,Gold Privilege,31633,2022-06-15,MH,Pune
300,CUST-IND-000300,Bhavna,Das,Bhavna Das,bhavna.das411@gmail.com,+91-772901071,Prefer Not to Say,55-64,Regular Shopper,26227,2022-09-22,RJ,Jaipur
301,CUST-IND-000301,Pooja,Trivedi,Pooja Trivedi,pooja.trivedi170@gmail.com,+91-937314694,Female,18-24,Regular Shopper,17031,2021-12-10,MP,Indore
302,CUST-IND-000302,Priya,Joshi,Priya Joshi,priya.joshi411@gmail.com,+91-896018399,Female,25-34,VIP Club Premier,24032,2021-11-09,ML,Shillong
303,CUST-IND-000303,Aarav,Mehta,Aarav Mehta,aarav.mehta619@gmail.com,+91-773313642,Male,45-54,Gold Privilege,41081,2021-08-27,BR,Patna
304,CUST-IND-000304,Niharika,Iyer,Niharika Iyer,niharika.iyer452@gmail.com,+91-798560723,Female,25-34,Gold Privilege,21236,2024-03-08,MN,Imphal
305,CUST-IND-000305,Karthik,Nanda,Karthik Nanda,karthik.nanda146@gmail.com,+91-965963054,Female,55-64,Festival Occasional,20536,2024-03-08,GJ,Ahmedabad
306,CUST-IND-000306,Aditya,Sharma,Aditya Sharma,aditya.sharma999@gmail.com,+91-821120274,Female,65+,Regular Shopper,6975,2022-06-07,OD,Bhubaneswar
307,CUST-IND-000307,Aditya,Trivedi,Aditya Trivedi,aditya.trivedi600@gmail.com,+91-911979117,Female,45-54,Festival Occasional,37103,2022-11-04,MH,Nagpur
308,CUST-IND-000308,Amit,Kapoor,Amit Kapoor,amit.kapoor662@gmail.com,+91-952308489,Female,25-34,Gold Privilege,6668,2022-08-03,AS,Guwahati
309,CUST-IND-000309,Rohan,Kulkarni,Rohan Kulkarni,rohan.kulkarni138@gmail.com,+91-808265597,Female,45-54,Festival Occasional,35391,2022-06-26,TR,Agartala
310,CUST-IND-000310,Manoj,Malhotra,Manoj Malhotra,manoj.malhotra367@gmail.com,+91-808994433,Prefer Not to Say,55-64,Regular Shopper,11854,2022-08-17,ML,Shillong
311,CUST-IND-000311,Anita,Gupta,Anita Gupta,anita.gupta716@gmail.com,+91-887537148,Female,25-34,Gold Privilege,25079,2021-04-13,MH,Nagpur
312,CUST-IND-000312,Priya,Kapoor,Priya Kapoor,priya.kapoor314@gmail.com,+91-839217483,Female,55-64,Regular Shopper,6299,2024-02-23,GJ,Surat
313,CUST-IND-000313,Kavita,Joshi,Kavita Joshi,kavita.joshi863@gmail.com,+91-802773342,Male,55-64,VIP Club Premier,34865,2023-10-31,TN,Chennai
314,CUST-IND-000314,Alok,Nanda,Alok Nanda,alok.nanda187@gmail.com,+91-728280782,Prefer Not to Say,18-24,Regular Shopper,23434,2022-02-23,AS,Guwahati
315,CUST-IND-000315,Aarav,Mehta,Aarav Mehta,aarav.mehta184@gmail.com,+91-832618260,Prefer Not to Say,25-34,Regular Shopper,38883,2023-01-21,ML,Shillong
316,CUST-IND-000316,Aditya,Kumar,Aditya Kumar,aditya.kumar165@gmail.com,+91-849075104,Prefer Not to Say,18-24,Festival Occasional,27033,2021-02-12,MP,Indore
317,CUST-IND-000317,Swati,Chatterjee,Swati Chatterjee,swati.chatterjee718@gmail.com,+91-732009395,Female,18-24,VIP Club Premier,381,2021-04-10,BR,Patna
318,CUST-IND-000318,Swati,Verma,Swati Verma,swati.verma156@gmail.com,+91-924661718,Female,45-54,Regular Shopper,7131,2024-06-12,KL,Kochi
319,CUST-IND-000319,Pooja,Gupta,Pooja Gupta,pooja.gupta653@gmail.com,+91-966259107,Male,25-34,Regular Shopper,26780,2021-08-13,MH,Mumbai
320,CUST-IND-000320,Swati,Deshmukh,Swati Deshmukh,swati.deshmukh155@gmail.com,+91-929522651,Female,18-24,Regular Shopper,14723,2021-03-01,KA,Bengaluru
321,CUST-IND-000321,Arjun,Kapoor,Arjun Kapoor,arjun.kapoor856@gmail.com,+91-922037504,Male,35-44,Gold Privilege,42868,2021-11-30,MP,Indore
322,CUST-IND-000322,Suresh,Patel,Suresh Patel,suresh.patel770@gmail.com,+91-774575941,Female,55-64,Festival Occasional,15380,2024-06-12,ML,Shillong
323,CUST-IND-000323,Dev,Kumar,Dev Kumar,dev.kumar839@gmail.com,+91-937599620,Prefer Not to Say,18-24,Regular Shopper,27589,2023-08-19,KA,Bengaluru
324,CUST-IND-000324,Aditya,Singh,Aditya Singh,aditya.singh74@gmail.com,+91-765145056,Prefer Not to Say,45-54,VIP Club Premier,41811,2023-01-29,DL,Delhi
325,CUST-IND-000325,Neha,Singh,Neha Singh,neha.singh417@gmail.com,+91-961141071,Female,45-54,Festival Occasional,7015,2022-06-26,AS,Guwahati
326,CUST-IND-000326,Aditya,Deshmukh,Aditya Deshmukh,aditya.deshmukh382@gmail.com,+91-702399234,Male,35-44,Regular Shopper,43257,2023-09-19,WB,Kolkata
327,CUST-IND-000327,Rahul,Saxena,Rahul Saxena,rahul.saxena657@gmail.com,+91-718876230,Female,35-44,Gold Privilege,2437,2022-02-12,MH,Mumbai
328,CUST-IND-000328,Rahul,Jha,Rahul Jha,rahul.jha818@gmail.com,+91-916541344,Male,25-34,Regular Shopper,44091,2021-04-16,TN,Chennai
329,CUST-IND-000329,Sunita,Gupta,Sunita Gupta,sunita.gupta468@gmail.com,+91-881504535,Male,55-64,Regular Shopper,16320,2023-07-07,UP,Lucknow
330,CUST-IND-000330,Rajesh,Kumar,Rajesh Kumar,rajesh.kumar370@gmail.com,+91-943407956,Male,18-24,Gold Privilege,42127,2022-08-07,TS,Hyderabad
331,CUST-IND-000331,Niharika,Chaudhary,Niharika Chaudhary,niharika.chaudhary611@gmail.com,+91-738126161,Prefer Not to Say,25-34,Festival Occasional,27106,2024-01-25,RJ,Jaipur
332,CUST-IND-000332,Manoj,Verma,Manoj Verma,manoj.verma815@gmail.com,+91-934397333,Female,18-24,Festival Occasional,43129,2021-10-24,ML,Shillong
333,CUST-IND-000333,Amit,Dutta,Amit Dutta,amit.dutta419@gmail.com,+91-735798010,Male,18-24,Gold Privilege,7260,2023-01-29,RJ,Jaipur
334,CUST-IND-000334,Anita,Nair,Anita Nair,anita.nair548@gmail.com,+91-741437146,Prefer Not to Say,45-54,Regular Shopper,6122,2022-02-16,MH,Nagpur
335,CUST-IND-000335,Alok,Agarwal,Alok Agarwal,alok.agarwal818@gmail.com,+91-772682368,Male,25-34,Gold Privilege,42979,2023-12-15,GJ,Surat
336,CUST-IND-000336,Bhavna,Agarwal,Bhavna Agarwal,bhavna.agarwal640@gmail.com,+91-734902253,Female,35-44,Regular Shopper,30302,2022-11-30,MH,Nagpur
337,CUST-IND-000337,Shweta,Sharma,Shweta Sharma,shweta.sharma573@gmail.com,+91-859038892,Male,25-34,Regular Shopper,28868,2022-04-01,GJ,Surat
338,CUST-IND-000338,Bhavna,Jha,Bhavna Jha,bhavna.jha922@gmail.com,+91-879112153,Prefer Not to Say,65+,Festival Occasional,14874,2023-09-22,MN,Imphal
339,CUST-IND-000339,Rahul,Kumar,Rahul Kumar,rahul.kumar24@gmail.com,+91-828760090,Male,55-64,Gold Privilege,9155,2024-04-25,KA,Bengaluru
340,CUST-IND-000340,Tarun,Chatterjee,Tarun Chatterjee,tarun.chatterjee884@gmail.com,+91-814214671,Prefer Not to Say,18-24,Festival Occasional,28685,2023-09-23,MN,Imphal
341,CUST-IND-000341,Sanjay,Trivedi,Sanjay Trivedi,sanjay.trivedi695@gmail.com,+91-892695169,Male,55-64,Gold Privilege,28543,2021-08-11,DL,Delhi
342,CUST-IND-000342,Vishal,Mukherjee,Vishal Mukherjee,vishal.mukherjee726@gmail.com,+91-889567033,Female,25-34,Regular Shopper,43323,2024-06-05,HR,Gurugram
343,CUST-IND-000343,Sunita,Mehta,Sunita Mehta,sunita.mehta963@gmail.com,+91-872958733,Female,25-34,VIP Club Premier,41233,2024-02-11,TS,Hyderabad
344,CUST-IND-000344,Lakshmi,Nanda,Lakshmi Nanda,lakshmi.nanda648@gmail.com,+91-884072532,Female,35-44,Gold Privilege,41461,2023-09-22,GJ,Ahmedabad
345,CUST-IND-000345,Suresh,Das,Suresh Das,suresh.das935@gmail.com,+91-726254641,Female,55-64,Regular Shopper,16611,2022-08-12,AS,Guwahati
346,CUST-IND-000346,Deepika,Reddy,Deepika Reddy,deepika.reddy802@gmail.com,+91-713234072,Female,35-44,Gold Privilege,37108,2023-08-09,AP,Visakhapatnam
347,CUST-IND-000347,Tarun,Nanda,Tarun Nanda,tarun.nanda611@gmail.com,+91-821091612,Prefer Not to Say,55-64,Festival Occasional,16525,2023-07-23,AS,Guwahati
348,CUST-IND-000348,Manoj,Agarwal,Manoj Agarwal,manoj.agarwal885@gmail.com,+91-979657391,Prefer Not to Say,45-54,Regular Shopper,19747,2021-05-16,KA,Bengaluru
349,CUST-IND-000349,Meera,Hegde,Meera Hegde,meera.hegde507@gmail.com,+91-984006121,Female,18-24,Regular Shopper,25460,2023-01-25,MN,Imphal
350,CUST-IND-000350,Suresh,Deshmukh,Suresh Deshmukh,suresh.deshmukh298@gmail.com,+91-798565563,Male,65+,Regular Shopper,17650,2021-02-26,TR,Agartala
351,CUST-IND-000351,Deepak,Joshi,Deepak Joshi,deepak.joshi882@gmail.com,+91-844112036,Male,55-64,Gold Privilege,27458,2021-08-24,UP,Lucknow
352,CUST-IND-000352,Neha,Iyer,Neha Iyer,neha.iyer106@gmail.com,+91-776365824,Prefer Not to Say,45-54,VIP Club Premier,3564,2022-02-07,KL,Kochi
353,CUST-IND-000353,Karthik,Nanda,Karthik Nanda,karthik.nanda622@gmail.com,+91-882358869,Female,45-54,Festival Occasional,24410,2023-06-20,AS,Guwahati
354,CUST-IND-000354,Tarun,Das,Tarun Das,tarun.das506@gmail.com,+91-742332833,Prefer Not to Say,45-54,Regular Shopper,13248,2021-08-02,UP,Lucknow
355,CUST-IND-000355,Vishal,Mehta,Vishal Mehta,vishal.mehta71@gmail.com,+91-926545156,Prefer Not to Say,18-24,VIP Club Premier,32957,2021-05-31,GJ,Ahmedabad
356,CUST-IND-000356,Priya,Desai,Priya Desai,priya.desai891@gmail.com,+91-726182986,Female,55-64,Regular Shopper,27582,2022-08-07,MP,Indore
357,CUST-IND-000357,Deepak,Das,Deepak Das,deepak.das981@gmail.com,+91-832144876,Male,65+,Regular Shopper,31360,2021-03-30,GJ,Surat
358,CUST-IND-000358,Sunita,Mishra,Sunita Mishra,sunita.mishra447@gmail.com,+91-841515972,Female,25-34,Regular Shopper,25211,2022-06-08,BR,Patna
359,CUST-IND-000359,Divya,Kumar,Divya Kumar,divya.kumar7@gmail.com,+91-879967529,Male,18-24,Gold Privilege,7628,2023-07-01,MH,Pune
360,CUST-IND-000360,Rohan,Nanda,Rohan Nanda,rohan.nanda864@gmail.com,+91-776215307,Prefer Not to Say,45-54,Gold Privilege,20301,2021-12-07,ML,Shillong
361,CUST-IND-000361,Deepak,Nanda,Deepak Nanda,deepak.nanda830@gmail.com,+91-848299067,Prefer Not to Say,55-64,Gold Privilege,10293,2023-07-28,WB,Kolkata
362,CUST-IND-000362,Amit,Rao,Amit Rao,amit.rao621@gmail.com,+91-702190841,Male,18-24,Regular Shopper,37448,2024-03-09,TR,Agartala
363,CUST-IND-000363,Bhavna,Nanda,Bhavna Nanda,bhavna.nanda775@gmail.com,+91-729771352,Prefer Not to Say,35-44,VIP Club Premier,36439,2022-12-08,UP,Noida
364,CUST-IND-000364,Anjali,Mishra,Anjali Mishra,anjali.mishra871@gmail.com,+91-881375379,Prefer Not to Say,25-34,Regular Shopper,40100,2021-06-11,BR,Patna
365,CUST-IND-000365,Sunita,Chatterjee,Sunita Chatterjee,sunita.chatterjee973@gmail.com,+91-975852559,Male,65+,Regular Shopper,31927,2024-01-11,TS,Hyderabad
366,CUST-IND-000366,Deepika,Nanda,Deepika Nanda,unregistered@retail.com,+91-824809950,Male,55-64,Gold Privilege,7805,2023-09-20,BR,Patna
367,CUST-IND-000367,Swati,Pillai,Swati Pillai,swati.pillai177@gmail.com,+91-998627515,Female,55-64,Festival Occasional,7910,2023-09-03,MH,Mumbai
368,CUST-IND-000368,Rajesh,Shetty,Rajesh Shetty,rajesh.shetty649@gmail.com,+91-926052533,Female,18-24,Regular Shopper,29691,2023-10-13,ML,Shillong
369,CUST-IND-000369,Vishal,Chatterjee,Vishal Chatterjee,vishal.chatterjee36@gmail.com,+91-907536720,Prefer Not to Say,35-44,Regular Shopper,43442,2022-02-20,AS,Guwahati
370,CUST-IND-000370,Sunita,Saxena,Sunita Saxena,sunita.saxena167@gmail.com,+91-871870531,Male,25-34,Gold Privilege,13952,2022-04-06,MH,Mumbai
371,CUST-IND-000371,Niharika,Chaudhary,Niharika Chaudhary,niharika.chaudhary511@gmail.com,+91-996837228,Prefer Not to Say,35-44,Regular Shopper,9253,2024-05-12,UP,Lucknow
372,CUST-IND-000372,Karthik,Shetty,Karthik Shetty,karthik.shetty435@gmail.com,+91-963632263,Male,45-54,Gold Privilege,14257,2023-06-17,OD,Bhubaneswar
373,CUST-IND-000373,Anjali,Sharma,Anjali Sharma,anjali.sharma386@gmail.com,+91-729105999,Female,55-64,Regular Shopper,29016,2021-05-17,HR,Gurugram
374,CUST-IND-000374,Arjun,Kulkarni,Arjun Kulkarni,arjun.kulkarni245@gmail.com,+91-899736622,Female,55-64,Regular Shopper,12698,2021-03-16,GJ,Surat
375,CUST-IND-000375,Deepak,Kumar,Deepak Kumar,deepak.kumar421@gmail.com,+91-987980399,Male,25-34,Regular Shopper,37525,2021-03-26,ML,Shillong
376,CUST-IND-000376,Meera,Joshi,Meera Joshi,meera.joshi749@gmail.com,+91-818813176,Prefer Not to Say,35-44,Regular Shopper,31652,2021-05-05,DL,Delhi
377,CUST-IND-000377,Divya,Mukherjee,Divya Mukherjee,divya.mukherjee372@gmail.com,+91-837217572,Prefer Not to Say,35-44,Gold Privilege,32094,2022-11-14,PB,Chandigarh
378,CUST-IND-000378,Ritu,Gupta,Ritu Gupta,ritu.gupta995@gmail.com,+91-797931251,Male,35-44,Gold Privilege,608,2021-07-29,PB,Chandigarh
379,CUST-IND-000379,Arjun,Mishra,Arjun Mishra,arjun.mishra200@gmail.com,+91-849690083,Female,45-54,Gold Privilege,33933,2022-12-28,WB,Kolkata
380,CUST-IND-000380,Aarav,Iyer,Aarav Iyer,aarav.iyer129@gmail.com,+91-995177390,Male,18-24,Regular Shopper,15242,2021-11-07,BR,Patna
381,CUST-IND-000381,Deepak,Gupta,Deepak Gupta,deepak.gupta463@gmail.com,+91-945940633,Female,18-24,Regular Shopper,28002,2021-07-21,KL,Kochi
382,CUST-IND-000382,Deepika,Mehta,Deepika Mehta,deepika.mehta198@gmail.com,+91-898846574,Prefer Not to Say,35-44,Gold Privilege,22575,2022-09-05,RJ,Jaipur
383,CUST-IND-000383,Sunita,Agarwal,Sunita Agarwal,sunita.agarwal834@gmail.com,+91-938415074,Male,25-34,Regular Shopper,39082,2021-05-07,KA,Bengaluru
384,CUST-IND-000384,Rahul,Deshmukh,Rahul Deshmukh,rahul.deshmukh114@gmail.com,+91-845891024,Female,25-34,Regular Shopper,19957,2024-06-09,AS,Guwahati
385,CUST-IND-000385,Dev,Singh,Dev Singh,dev.singh314@gmail.com,+91-982355328,Female,18-24,Gold Privilege,10316,2022-06-17,GJ,Ahmedabad
386,CUST-IND-000386,Deepak,Deshmukh,Deepak Deshmukh,deepak.deshmukh385@gmail.com,+91-986582281,Female,18-24,Regular Shopper,3018,2024-05-09,RJ,Jaipur
387,CUST-IND-000387,Amit,Reddy,Amit Reddy,amit.reddy213@gmail.com,+91-962719224,Male,25-34,Regular Shopper,24848,2021-09-09,MN,Imphal
388,CUST-IND-000388,Lakshmi,Sen,Lakshmi Sen,lakshmi.sen457@gmail.com,+91-866538394,Male,45-54,Regular Shopper,23159,2022-09-16,ML,Shillong
389,CUST-IND-000389,Deepak,Rao,Deepak Rao,deepak.rao998@gmail.com,+91-714703021,Prefer Not to Say,65+,Festival Occasional,2174,2024-02-20,UP,Noida
390,CUST-IND-000390,Pooja,Trivedi,Pooja Trivedi,pooja.trivedi870@gmail.com,+91-881230598,Prefer Not to Say,25-34,Regular Shopper,39718,2023-10-01,JH,Ranchi
391,CUST-IND-000391,Anita,Trivedi,Anita Trivedi,anita.trivedi86@gmail.com,+91-954426039,Female,25-34,Regular Shopper,36310,2022-06-03,MN,Imphal
392,CUST-IND-000392,Lakshmi,Agarwal,Lakshmi Agarwal,lakshmi.agarwal586@gmail.com,+91-986238871,Prefer Not to Say,25-34,VIP Club Premier,39830,2022-07-01,UP,Noida
393,CUST-IND-000393,Tarun,Trivedi,Tarun Trivedi,tarun.trivedi777@gmail.com,+91-722079910,Male,45-54,Gold Privilege,3153,2022-12-06,UP,Lucknow
394,CUST-IND-000394,Anjali,Gupta,Anjali Gupta,anjali.gupta598@gmail.com,+91-878459312,Female,65+,Gold Privilege,20961,2024-01-27,DL,Delhi
395,CUST-IND-000395,Divya,Dutta,Divya Dutta,divya.dutta429@gmail.com,+91-864455635,Male,45-54,Regular Shopper,12630,2024-06-14,PB,Chandigarh
396,CUST-IND-000396,Sunita,Shetty,Sunita Shetty,sunita.shetty703@gmail.com,+91-832211504,Male,18-24,Gold Privilege,25107,2022-03-24,UP,Lucknow
397,CUST-IND-000397,Lakshmi,Sen,Lakshmi Sen,lakshmi.sen180@gmail.com,+91-941559307,Female,25-34,Gold Privilege,36421,2022-04-23,TS,Hyderabad
398,CUST-IND-000398,Rohan,Kumar,Rohan Kumar,rohan.kumar40@gmail.com,+91-933843078,Female,35-44,Regular Shopper,28144,2022-09-05,KL,Kochi
399,CUST-IND-000399,Deepak,Bhat,Deepak Bhat,deepak.bhat513@gmail.com,+91-912825543,Prefer Not to Say,35-44,Regular Shopper,30749,2023-10-04,TN,Chennai
400,CUST-IND-000400,Dev,Reddy,Dev Reddy,dev.reddy40@gmail.com,+91-965140182,Female,45-54,Festival Occasional,19603,2022-11-28,WB,Kolkata
401,CUST-IND-000401,Arjun,Reddy,Arjun Reddy,arjun.reddy796@gmail.com,+91-762162051,Male,25-34,Regular Shopper,41286,2022-06-09,MP,Indore
402,CUST-IND-000402,Neha,Joshi,Neha Joshi,neha.joshi909@gmail.com,+91-973112684,Female,18-24,Gold Privilege,21111,2024-01-11,MH,Nagpur
403,CUST-IND-000403,Preeti,Bhat,Preeti Bhat,preeti.bhat348@gmail.com,+91-735492683,Prefer Not to Say,45-54,Gold Privilege,14131,2023-12-22,OD,Bhubaneswar
404,CUST-IND-000404,Alok,Bhat,Alok Bhat,alok.bhat663@gmail.com,+91-869409806,Prefer Not to Say,18-24,Festival Occasional,41545,2022-05-11,TR,Agartala
405,CUST-IND-000405,Priya,Kapoor,Priya Kapoor,priya.kapoor51@gmail.com,+91-981622488,Female,45-54,Regular Shopper,42047,2021-06-22,ML,Shillong
406,CUST-IND-000406,Rahul,Saxena,Rahul Saxena,rahul.saxena34@gmail.com,+91-872427348,Prefer Not to Say,65+,Festival Occasional,34260,2024-01-12,ML,Shillong
407,CUST-IND-000407,Pooja,Dutta,Pooja Dutta,pooja.dutta309@gmail.com,+91-751145290,Female,45-54,Regular Shopper,21459,2023-02-25,MN,Imphal
408,CUST-IND-000408,Manoj,Das,Manoj Das,manoj.das958@gmail.com,+91-769030476,Male,45-54,Regular Shopper,31844,2021-04-24,DL,Delhi
409,CUST-IND-000409,Vikram,Gupta,Vikram Gupta,vikram.gupta296@gmail.com,+91-877357241,Male,18-24,Festival Occasional,26591,2021-10-22,UP,Lucknow
410,CUST-IND-000410,Tarun,Trivedi,Tarun Trivedi,tarun.trivedi824@gmail.com,+91-878335854,Male,55-64,VIP Club Premier,23903,2023-08-18,MN,Imphal
411,CUST-IND-000411,Rohan,Joshi,Rohan Joshi,rohan.joshi148@gmail.com,+91-957457145,Prefer Not to Say,18-24,Regular Shopper,14203,2021-04-18,UP,Noida
412,CUST-IND-000412,Sanjay,Mishra,Sanjay Mishra,sanjay.mishra92@gmail.com,+91-814233510,Male,65+,VIP Club Premier,24525,2022-05-22,BR,Patna
413,CUST-IND-000413,Dev,Rao,Dev Rao,dev.rao413@gmail.com,+91-725095776,Female,35-44,VIP Club Premier,44975,2024-02-06,WB,Kolkata
414,CUST-IND-000414,Suresh,Saxena,Suresh Saxena,suresh.saxena611@gmail.com,+91-919784589,Male,35-44,Gold Privilege,15420,2023-09-17,TR,Agartala
415,CUST-IND-000415,Anjali,Nanda,Anjali Nanda,anjali.nanda954@gmail.com,+91-769006712,Female,65+,Regular Shopper,8294,2023-05-19,MH,Pune
416,CUST-IND-000416,Anjali,Jha,Anjali Jha,anjali.jha118@gmail.com,+91-747563429,Female,65+,Gold Privilege,7222,2022-11-18,PB,Chandigarh
417,CUST-IND-000417,Dev,Pillai,Dev Pillai,dev.pillai749@gmail.com,+91-775885835,Female,45-54,Gold Privilege,33103,2021-03-24,AP,Visakhapatnam
418,CUST-IND-000418,Aarav,Bansal,Aarav Bansal,unregistered@retail.com,+91-774411754,Male,45-54,Regular Shopper,30810,2021-07-29,TR,Agartala
419,CUST-IND-000419,Anita,Joshi,Anita Joshi,anita.joshi373@gmail.com,+91-843836955,Female,65+,VIP Club Premier,26130,2023-12-06,MP,Indore
420,CUST-IND-000420,Anjali,Hegde,Anjali Hegde,anjali.hegde582@gmail.com,+91-833041289,Male,18-24,VIP Club Premier,5835,2022-09-01,BR,Patna
421,CUST-IND-000421,Pooja,Saxena,Pooja Saxena,pooja.saxena347@gmail.com,+91-906383191,Female,25-34,Gold Privilege,9821,2024-02-18,MN,Imphal
422,CUST-IND-000422,Anjali,Singh,Anjali Singh,anjali.singh626@gmail.com,+91-877449567,Male,65+,Regular Shopper,43995,2022-06-27,KA,Bengaluru
423,CUST-IND-000423,Meera,Mukherjee,Meera Mukherjee,meera.mukherjee461@gmail.com,+91-754910990,Female,65+,Gold Privilege,6098,2021-03-20,UP,Lucknow
424,CUST-IND-000424,Pooja,Shetty,Pooja Shetty,pooja.shetty863@gmail.com,+91-809016248,Female,45-54,Regular Shopper,18062,2022-11-11,ML,Shillong
425,CUST-IND-000425,Arjun,Mishra,Arjun Mishra,arjun.mishra691@gmail.com,+91-943068799,Prefer Not to Say,55-64,Regular Shopper,30135,2021-05-16,TN,Chennai
426,CUST-IND-000426,Manoj,Reddy,Manoj Reddy,manoj.reddy714@gmail.com,+91-929889865,Male,65+,Regular Shopper,11735,2022-06-22,AS,Guwahati
427,CUST-IND-000427,Swati,Kumar,Swati Kumar,swati.kumar894@gmail.com,+91-899103770,Prefer Not to Say,25-34,Regular Shopper,18740,2022-09-29,MH,Pune
428,CUST-IND-000428,Ritu,Agarwal,Ritu Agarwal,ritu.agarwal843@gmail.com,+91-816723034,Prefer Not to Say,25-34,Regular Shopper,31691,2021-07-11,AP,Visakhapatnam
429,CUST-IND-000429,Lakshmi,Desai,Lakshmi Desai,lakshmi.desai657@gmail.com,+91-965030137,Prefer Not to Say,65+,Regular Shopper,3390,2024-03-07,AS,Guwahati
430,CUST-IND-000430,Manoj,Chatterjee,Manoj Chatterjee,manoj.chatterjee758@gmail.com,+91-721674574,Female,35-44,Regular Shopper,35222,2023-10-22,MH,Mumbai
431,CUST-IND-000431,Rajesh,Shetty,Rajesh Shetty,rajesh.shetty596@gmail.com,+91-986560324,Female,25-34,Regular Shopper,12012,2022-04-05,TS,Hyderabad
432,CUST-IND-000432,Deepak,Shetty,Deepak Shetty,deepak.shetty874@gmail.com,+91-891345200,Male,18-24,Gold Privilege,3140,2022-02-13,HR,Gurugram
433,CUST-IND-000433,Niharika,Saxena,Niharika Saxena,niharika.saxena867@gmail.com,+91-831489096,Prefer Not to Say,45-54,Regular Shopper,40906,2023-10-22,AP,Visakhapatnam
434,CUST-IND-000434,Amit,Patel,Amit Patel,amit.patel134@gmail.com,+91-825567837,Female,55-64,Regular Shopper,34236,2024-06-23,UP,Noida
435,CUST-IND-000435,Tarun,Gupta,Tarun Gupta,tarun.gupta13@gmail.com,+91-989108006,Male,35-44,Gold Privilege,25828,2023-05-05,UP,Lucknow
436,CUST-IND-000436,Niharika,Verma,Niharika Verma,unregistered@retail.com,+91-928907722,Prefer Not to Say,25-34,Regular Shopper,19570,2022-12-14,MH,Mumbai
437,CUST-IND-000437,Sanjay,Chatterjee,Sanjay Chatterjee,sanjay.chatterjee869@gmail.com,+91-768463473,Male,18-24,Regular Shopper,44654,2023-10-21,PB,Chandigarh
438,CUST-IND-000438,Aditya,Mehta,Aditya Mehta,aditya.mehta315@gmail.com,+91-723425314,Female,45-54,Regular Shopper,30885,2023-11-19,MP,Indore
439,CUST-IND-000439,Sunita,Hegde,Sunita Hegde,sunita.hegde808@gmail.com,+91-849259172,Female,18-24,Gold Privilege,11871,2021-12-12,BR,Patna
440,CUST-IND-000440,Bhavna,Pillai,Bhavna Pillai,bhavna.pillai295@gmail.com,+91-897739496,Male,35-44,VIP Club Premier,37901,2021-01-31,MN,Imphal
441,CUST-IND-000441,Amit,Pillai,Amit Pillai,amit.pillai547@gmail.com,+91-862130340,Male,45-54,Regular Shopper,19956,2024-04-30,TS,Hyderabad
442,CUST-IND-000442,Dev,Bhat,Dev Bhat,dev.bhat350@gmail.com,+91-997206834,Prefer Not to Say,45-54,Regular Shopper,3742,2021-10-25,ML,Shillong
443,CUST-IND-000443,Neha,Reddy,Neha Reddy,neha.reddy286@gmail.com,+91-795390698,Female,25-34,Gold Privilege,28383,2024-02-27,TR,Agartala
444,CUST-IND-000444,Swati,Reddy,Swati Reddy,swati.reddy174@gmail.com,+91-988136354,Female,18-24,Festival Occasional,1026,2023-10-22,UP,Noida
445,CUST-IND-000445,Manoj,Mishra,Manoj Mishra,manoj.mishra108@gmail.com,+91-902617590,Female,25-34,Regular Shopper,26299,2024-05-11,PB,Chandigarh
446,CUST-IND-000446,Alok,Kapoor,Alok Kapoor,alok.kapoor406@gmail.com,+91-886661960,Male,18-24,Gold Privilege,39626,2022-12-27,HR,Gurugram
447,CUST-IND-000447,Karthik,Sharma,Karthik Sharma,karthik.sharma197@gmail.com,+91-747971569,Male,65+,Gold Privilege,30430,2024-01-08,OD,Bhubaneswar
448,CUST-IND-000448,Karthik,Mishra,Karthik Mishra,karthik.mishra748@gmail.com,+91-716411119,Male,35-44,Gold Privilege,20215,2023-06-05,PB,Chandigarh
449,CUST-IND-000449,Swati,Mehta,Swati Mehta,swati.mehta93@gmail.com,+91-914671979,Female,35-44,Festival Occasional,20370,2024-04-15,UP,Noida
450,CUST-IND-000450,Anita,Chatterjee,Anita Chatterjee,anita.chatterjee390@gmail.com,+91-851963689,Male,45-54,VIP Club Premier,43539,2023-04-15,UP,Lucknow
451,CUST-IND-000451,Rajesh,Rao,Rajesh Rao,rajesh.rao192@gmail.com,+91-887641948,Female,25-34,Regular Shopper,26192,2021-07-20,BR,Patna
452,CUST-IND-000452,Rohan,Rao,Rohan Rao,rohan.rao281@gmail.com,+91-947515297,Prefer Not to Say,25-34,Regular Shopper,42359,2022-05-30,JH,Ranchi
453,CUST-IND-000453,Niharika,Rao,Niharika Rao,niharika.rao319@gmail.com,+91-911204428,Female,25-34,VIP Club Premier,18204,2023-11-28,GJ,Surat
454,CUST-IND-000454,Anita,Kapoor,Anita Kapoor,anita.kapoor865@gmail.com,+91-726570533,Prefer Not to Say,65+,Regular Shopper,8563,2021-10-14,TN,Chennai
455,CUST-IND-000455,Swati,Chatterjee,Swati Chatterjee,swati.chatterjee793@gmail.com,+91-767734256,Female,18-24,Regular Shopper,2856,2021-07-03,MN,Imphal
456,CUST-IND-000456,Neha,Bansal,Neha Bansal,neha.bansal273@gmail.com,+91-913732844,Male,25-34,Regular Shopper,34927,2021-04-09,OD,Bhubaneswar
457,CUST-IND-000457,Sanjay,Chaudhary,Sanjay Chaudhary,sanjay.chaudhary983@gmail.com,+91-825490881,Male,18-24,VIP Club Premier,18897,2021-04-15,RJ,Jaipur
458,CUST-IND-000458,Vikram,Mishra,Vikram Mishra,vikram.mishra722@gmail.com,+91-822471029,Prefer Not to Say,25-34,Festival Occasional,35044,2023-08-27,KA,Bengaluru
459,CUST-IND-000459,Deepak,Das,Deepak Das,deepak.das36@gmail.com,+91-711463465,Female,25-34,Festival Occasional,17200,2021-02-24,TR,Agartala
460,CUST-IND-000460,Karthik,Deshmukh,Karthik Deshmukh,karthik.deshmukh17@gmail.com,+91-901229216,Female,35-44,Gold Privilege,7965,2022-11-12,GJ,Ahmedabad
461,CUST-IND-000461,Kavita,Dutta,Kavita Dutta,kavita.dutta903@gmail.com,+91-811135455,Prefer Not to Say,55-64,Regular Shopper,14165,2023-09-22,KA,Bengaluru
462,CUST-IND-000462,Deepika,Kulkarni,Deepika Kulkarni,deepika.kulkarni995@gmail.com,+91-928891817,Female,35-44,Regular Shopper,43185,2024-04-01,MH,Pune
463,CUST-IND-000463,Sanjay,Mukherjee,Sanjay Mukherjee,sanjay.mukherjee723@gmail.com,+91-807235823,Female,65+,Regular Shopper,10801,2021-06-12,UP,Lucknow
464,CUST-IND-000464,Anjali,Shetty,Anjali Shetty,anjali.shetty660@gmail.com,+91-932942996,Prefer Not to Say,45-54,Gold Privilege,6848,2021-04-11,PB,Chandigarh
465,CUST-IND-000465,Ritu,Das,Ritu Das,ritu.das207@gmail.com,+91-964079298,Prefer Not to Say,55-64,Festival Occasional,14613,2023-03-09,OD,Bhubaneswar
466,CUST-IND-000466,Karthik,Gupta,Karthik Gupta,karthik.gupta259@gmail.com,+91-912847825,Male,18-24,Regular Shopper,10555,2021-03-01,MH,Pune
467,CUST-IND-000467,Anita,Kumar,Anita Kumar,anita.kumar323@gmail.com,+91-939644332,Prefer Not to Say,25-34,Regular Shopper,44125,2023-10-05,KL,Kochi
468,CUST-IND-000468,Alok,Joshi,Alok Joshi,alok.joshi593@gmail.com,+91-758586611,Female,35-44,Regular Shopper,4832,2022-04-25,GJ,Ahmedabad
469,CUST-IND-000469,Vikram,Hegde,Vikram Hegde,vikram.hegde602@gmail.com,+91-875295972,Male,65+,Regular Shopper,10014,2021-12-08,DL,Delhi
470,CUST-IND-000470,Anjali,Agarwal,Anjali Agarwal,anjali.agarwal660@gmail.com,+91-921388982,Female,25-34,Festival Occasional,18814,2022-12-10,GJ,Surat
471,CUST-IND-000471,Sanjay,Das,Sanjay Das,sanjay.das258@gmail.com,+91-729973705,Prefer Not to Say,18-24,Regular Shopper,11118,2022-05-14,UP,Noida
472,CUST-IND-000472,Lakshmi,Saxena,Lakshmi Saxena,lakshmi.saxena212@gmail.com,+91-713761610,Female,18-24,Regular Shopper,27417,2022-02-13,UP,Lucknow
473,CUST-IND-000473,Amit,Verma,Amit Verma,amit.verma284@gmail.com,+91-887022619,Female,35-44,VIP Club Premier,14913,2024-01-21,GJ,Surat
474,CUST-IND-000474,Karthik,Dutta,Karthik Dutta,karthik.dutta450@gmail.com,+91-988335025,Female,25-34,Gold Privilege,36349,2023-08-24,AP,Visakhapatnam
475,CUST-IND-000475,Meera,Mishra,Meera Mishra,meera.mishra437@gmail.com,+91-969586396,Prefer Not to Say,35-44,Regular Shopper,34511,2024-02-05,TR,Agartala
476,CUST-IND-000476,Aarav,Rao,Aarav Rao,aarav.rao31@gmail.com,+91-771203962,Female,35-44,Regular Shopper,39723,2024-03-02,PB,Chandigarh
477,CUST-IND-000477,Aditya,Dutta,Aditya Dutta,aditya.dutta55@gmail.com,+91-762363136,Female,18-24,Festival Occasional,26474,2021-03-15,PB,Chandigarh
478,CUST-IND-000478,Dev,Iyer,Dev Iyer,dev.iyer453@gmail.com,+91-939175274,Prefer Not to Say,18-24,Regular Shopper,28720,2023-01-18,HR,Gurugram
479,CUST-IND-000479,Deepak,Verma,Deepak Verma,deepak.verma75@gmail.com,+91-844301912,Female,45-54,Regular Shopper,28877,2021-09-01,TN,Chennai
480,CUST-IND-000480,Dev,Kulkarni,Dev Kulkarni,dev.kulkarni791@gmail.com,+91-954309483,Male,55-64,Regular Shopper,20033,2023-07-14,MH,Mumbai
481,CUST-IND-000481,Alok,Hegde,Alok Hegde,alok.hegde812@gmail.com,+91-741185669,Male,25-34,Regular Shopper,28588,2022-12-08,MN,Imphal
482,CUST-IND-000482,Tarun,Kumar,Tarun Kumar,tarun.kumar502@gmail.com,+91-884010764,Male,65+,Gold Privilege,29095,2024-05-22,MP,Indore
483,CUST-IND-000483,Anita,Joshi,Anita Joshi,anita.joshi238@gmail.com,+91-958893396,Prefer Not to Say,45-54,Festival Occasional,8799,2021-01-27,TS,Hyderabad
484,CUST-IND-000484,Dev,Bhat,Dev Bhat,dev.bhat294@gmail.com,+91-867717157,Prefer Not to Say,55-64,Regular Shopper,14385,2023-10-29,MH,Mumbai
485,CUST-IND-000485,Dev,Reddy,Dev Reddy,dev.reddy979@gmail.com,+91-933116179,Male,55-64,Regular Shopper,32088,2024-05-22,TR,Agartala
486,CUST-IND-000486,Karthik,Kapoor,Karthik Kapoor,karthik.kapoor478@gmail.com,+91-895332389,Female,55-64,Gold Privilege,19499,2022-07-24,KL,Kochi
487,CUST-IND-000487,Anita,Malhotra,Anita Malhotra,anita.malhotra524@gmail.com,+91-853918614,Female,25-34,Gold Privilege,29840,2023-01-24,ML,Shillong
488,CUST-IND-000488,Alok,Mehta,Alok Mehta,alok.mehta780@gmail.com,+91-997877202,Female,25-34,Gold Privilege,12278,2022-01-03,GJ,Surat
489,CUST-IND-000489,Sunita,Mukherjee,Sunita Mukherjee,sunita.mukherjee387@gmail.com,+91-891275652,Male,18-24,Regular Shopper,23435,2022-04-19,TN,Chennai
490,CUST-IND-000490,Swati,Shetty,Swati Shetty,swati.shetty88@gmail.com,+91-827546726,Female,25-34,Gold Privilege,4427,2021-10-24,AP,Visakhapatnam
491,CUST-IND-000491,Rohan,Mukherjee,Rohan Mukherjee,rohan.mukherjee310@gmail.com,+91-966338961,Female,65+,Regular Shopper,16813,2022-02-26,RJ,Jaipur
492,CUST-IND-000492,Ananya,Deshmukh,Ananya Deshmukh,ananya.deshmukh258@gmail.com,+91-886478170,Male,65+,Regular Shopper,31793,2021-01-08,TN,Chennai
493,CUST-IND-000493,Rajesh,Verma,Rajesh Verma,rajesh.verma686@gmail.com,+91-884823648,Prefer Not to Say,35-44,Regular Shopper,10434,2024-05-08,BR,Patna
494,CUST-IND-000494,Anjali,Nair,Anjali Nair,anjali.nair701@gmail.com,+91-726021613,Prefer Not to Say,65+,Gold Privilege,12296,2022-11-28,OD,Bhubaneswar
495,CUST-IND-000495,Deepika,Bansal,Deepika Bansal,deepika.bansal443@gmail.com,+91-852242652,Female,25-34,Festival Occasional,38571,2021-03-07,AP,Visakhapatnam
496,CUST-IND-000496,Swati,Rao,Swati Rao,swati.rao943@gmail.com,+91-872681744,Female,25-34,VIP Club Premier,14003,2022-10-16,KA,Bengaluru
497,CUST-IND-000497,Anjali,Shetty,Anjali Shetty,anjali.shetty196@gmail.com,+91-722578199,Male,18-24,Regular Shopper,26356,2023-06-20,TN,Chennai
498,CUST-IND-000498,Meera,Bansal,Meera Bansal,meera.bansal313@gmail.com,+91-909813039,Male,35-44,VIP Club Premier,17026,2023-08-19,AS,Guwahati
499,CUST-IND-000499,Aditya,Pillai,Aditya Pillai,aditya.pillai267@gmail.com,+91-842096576,Prefer Not to Say,65+,Regular Shopper,14276,2022-02-22,ML,Shillong
500,CUST-IND-000500,Karthik,Malhotra,Karthik Malhotra,karthik.malhotra158@gmail.com,+91-719570724,Male,35-44,Regular Shopper,43200,2024-04-03,TR,Agartala
501,CUST-IND-000501,Sanjay,Kumar,Sanjay Kumar,sanjay.kumar365@gmail.com,+91-791563829,Prefer Not to Say,18-24,Festival Occasional,12718,2022-10-14,TR,Agartala
502,CUST-IND-000502,Rajesh,Gupta,Rajesh Gupta,rajesh.gupta355@gmail.com,+91-825229228,Male,25-34,Regular Shopper,3269,2023-10-09,TN,Chennai
503,CUST-IND-000503,Vishal,Malhotra,Vishal Malhotra,vishal.malhotra889@gmail.com,+91-903164014,Male,35-44,Regular Shopper,34925,2022-10-21,DL,Delhi
504,CUST-IND-000504,Neha,Nanda,Neha Nanda,neha.nanda855@gmail.com,+91-715504249,Female,18-24,Regular Shopper,16078,2021-07-11,MH,Nagpur
505,CUST-IND-000505,Neha,Singh,Neha Singh,neha.singh783@gmail.com,+91-995506978,Male,55-64,Gold Privilege,2354,2022-12-18,OD,Bhubaneswar
506,CUST-IND-000506,Vikram,Desai,Vikram Desai,vikram.desai501@gmail.com,+91-836863051,Female,18-24,Gold Privilege,33220,2023-09-26,MP,Indore
507,CUST-IND-000507,Rajesh,Agarwal,Rajesh Agarwal,rajesh.agarwal14@gmail.com,+91-925813619,Female,65+,Regular Shopper,23255,2023-11-12,TS,Hyderabad
508,CUST-IND-000508,Meera,Kapoor,Meera Kapoor,meera.kapoor76@gmail.com,+91-862169367,Female,35-44,Gold Privilege,250,2024-03-31,KL,Kochi
509,CUST-IND-000509,Lakshmi,Hegde,Lakshmi Hegde,lakshmi.hegde476@gmail.com,+91-921078130,Female,25-34,Regular Shopper,12596,2021-06-27,AP,Visakhapatnam
510,CUST-IND-000510,Anita,Chaudhary,Anita Chaudhary,anita.chaudhary829@gmail.com,+91-885746445,Male,55-64,VIP Club Premier,28104,2024-02-15,OD,Bhubaneswar
511,CUST-IND-000511,Alok,Sharma,Alok Sharma,alok.sharma576@gmail.com,+91-974014758,Male,35-44,Festival Occasional,10700,2021-04-05,AS,Guwahati
512,CUST-IND-000512,Priya,Trivedi,Priya Trivedi,priya.trivedi216@gmail.com,+91-844258866,Male,35-44,Regular Shopper,22059,2022-01-30,DL,Delhi
513,CUST-IND-000513,Pooja,Bhat,Pooja Bhat,pooja.bhat150@gmail.com,+91-855795256,Male,45-54,Gold Privilege,25379,2021-01-21,GJ,Surat
514,CUST-IND-000514,Divya,Trivedi,Divya Trivedi,divya.trivedi536@gmail.com,+91-817579571,Female,35-44,Regular Shopper,1691,2024-06-29,GJ,Ahmedabad
515,CUST-IND-000515,Aarav,Dutta,Aarav Dutta,aarav.dutta814@gmail.com,+91-802168052,Male,35-44,VIP Club Premier,6805,2023-12-15,AS,Guwahati
516,CUST-IND-000516,Suresh,Mukherjee,Suresh Mukherjee,suresh.mukherjee809@gmail.com,+91-946171526,Male,55-64,Gold Privilege,23252,2023-09-24,GJ,Surat
517,CUST-IND-000517,Sunita,Chaudhary,Sunita Chaudhary,sunita.chaudhary305@gmail.com,+91-966370744,Prefer Not to Say,18-24,VIP Club Premier,3467,2021-10-15,WB,Kolkata
518,CUST-IND-000518,Deepika,Sharma,Deepika Sharma,deepika.sharma812@gmail.com,+91-791934353,Female,35-44,Gold Privilege,1465,2021-03-10,AS,Guwahati
519,CUST-IND-000519,Rohan,Dutta,Rohan Dutta,rohan.dutta706@gmail.com,+91-912460205,Female,18-24,Regular Shopper,32847,2022-04-24,MH,Mumbai
520,CUST-IND-000520,Preeti,Mishra,Preeti Mishra,preeti.mishra280@gmail.com,+91-787158909,Female,55-64,Regular Shopper,27437,2022-11-02,DL,Delhi
521,CUST-IND-000521,Kavita,Chatterjee,Kavita Chatterjee,kavita.chatterjee815@gmail.com,+91-919228129,Female,25-34,Gold Privilege,12185,2021-01-25,MN,Imphal
522,CUST-IND-000522,Deepika,Agarwal,Deepika Agarwal,deepika.agarwal750@gmail.com,+91-762164465,Male,55-64,Festival Occasional,34952,2023-01-02,AP,Visakhapatnam
523,CUST-IND-000523,Manoj,Deshmukh,Manoj Deshmukh,manoj.deshmukh161@gmail.com,+91-926144950,Male,25-34,Regular Shopper,43646,2021-09-28,MP,Indore
524,CUST-IND-000524,Swati,Kulkarni,Swati Kulkarni,swati.kulkarni729@gmail.com,+91-801194467,Male,25-34,Gold Privilege,20146,2021-07-21,OD,Bhubaneswar
525,CUST-IND-000525,Sanjay,Malhotra,Sanjay Malhotra,sanjay.malhotra569@gmail.com,+91-802954987,Male,65+,VIP Club Premier,9481,2021-09-08,MH,Pune
526,CUST-IND-000526,Rajesh,Rao,Rajesh Rao,rajesh.rao906@gmail.com,+91-755011881,Female,18-24,Regular Shopper,25151,2023-10-15,MH,Nagpur
527,CUST-IND-000527,Lakshmi,Iyer,Lakshmi Iyer,lakshmi.iyer340@gmail.com,+91-909441925,Male,45-54,Gold Privilege,41661,2024-04-04,TR,Agartala
528,CUST-IND-000528,Karthik,Joshi,Karthik Joshi,karthik.joshi545@gmail.com,+91-964381380,Female,25-34,Regular Shopper,2669,2023-10-20,GJ,Surat
529,CUST-IND-000529,Divya,Kumar,Divya Kumar,divya.kumar262@gmail.com,+91-856698180,Male,55-64,Gold Privilege,42004,2021-12-04,KA,Bengaluru
530,CUST-IND-000530,Deepak,Hegde,Deepak Hegde,deepak.hegde323@gmail.com,+91-733597997,Female,65+,Festival Occasional,31985,2023-07-25,DL,Delhi
531,CUST-IND-000531,Karthik,Agarwal,Karthik Agarwal,karthik.agarwal927@gmail.com,+91-971365457,Prefer Not to Say,25-34,Regular Shopper,2767,2023-02-24,KA,Bengaluru
532,CUST-IND-000532,Shweta,Iyer,Shweta Iyer,shweta.iyer474@gmail.com,+91-994821894,Male,45-54,Regular Shopper,27106,2022-02-06,MH,Mumbai
533,CUST-IND-000533,Anjali,Sharma,Anjali Sharma,anjali.sharma24@gmail.com,+91-968625736,Male,65+,Gold Privilege,43891,2022-11-19,DL,Delhi
534,CUST-IND-000534,Amit,Nair,Amit Nair,amit.nair644@gmail.com,+91-709089418,Prefer Not to Say,65+,Gold Privilege,37061,2022-12-05,OD,Bhubaneswar
535,CUST-IND-000535,Alok,Malhotra,Alok Malhotra,alok.malhotra809@gmail.com,+91-746730039,Prefer Not to Say,25-34,Festival Occasional,40921,2022-07-20,BR,Patna
536,CUST-IND-000536,Arjun,Dutta,Arjun Dutta,arjun.dutta72@gmail.com,+91-744178983,Prefer Not to Say,35-44,Regular Shopper,16547,2021-07-17,MH,Pune
537,CUST-IND-000537,Sunita,Bansal,Sunita Bansal,sunita.bansal31@gmail.com,+91-904427781,Female,35-44,Gold Privilege,18149,2023-04-11,HR,Gurugram
538,CUST-IND-000538,Deepika,Singh,Deepika Singh,deepika.singh640@gmail.com,+91-784856129,Female,25-34,VIP Club Premier,11707,2022-08-17,ML,Shillong
539,CUST-IND-000539,Kavita,Dutta,Kavita Dutta,kavita.dutta97@gmail.com,+91-986497318,Prefer Not to Say,18-24,Regular Shopper,30118,2024-01-09,BR,Patna
540,CUST-IND-000540,Deepika,Gupta,Deepika Gupta,deepika.gupta650@gmail.com,+91-856665790,Male,65+,Regular Shopper,11953,2023-07-29,AP,Visakhapatnam
541,CUST-IND-000541,Manoj,Agarwal,Manoj Agarwal,manoj.agarwal982@gmail.com,+91-833575645,Male,65+,Regular Shopper,12346,2022-01-08,TR,Agartala
542,CUST-IND-000542,Dev,Sharma,Dev Sharma,dev.sharma432@gmail.com,+91-772218559,Male,55-64,VIP Club Premier,18026,2021-04-08,JH,Ranchi
543,CUST-IND-000543,Bhavna,Deshmukh,Bhavna Deshmukh,bhavna.deshmukh330@gmail.com,+91-757035911,Male,45-54,Festival Occasional,32921,2022-05-07,MN,Imphal
544,CUST-IND-000544,Sunita,Iyer,Sunita Iyer,sunita.iyer361@gmail.com,+91-709539702,Prefer Not to Say,45-54,Regular Shopper,33601,2022-06-11,UP,Noida
545,CUST-IND-000545,Sunita,Patel,Sunita Patel,sunita.patel910@gmail.com,+91-784863957,Female,35-44,Regular Shopper,22850,2024-01-17,TS,Hyderabad
546,CUST-IND-000546,Bhavna,Sen,Bhavna Sen,bhavna.sen155@gmail.com,+91-774520700,Female,65+,Gold Privilege,34855,2021-11-21,UP,Lucknow
547,CUST-IND-000547,Deepak,Deshmukh,Deepak Deshmukh,deepak.deshmukh526@gmail.com,+91-783504574,Prefer Not to Say,18-24,Gold Privilege,11496,2022-02-02,TS,Hyderabad
548,CUST-IND-000548,Suresh,Saxena,Suresh Saxena,suresh.saxena952@gmail.com,+91-745383927,Male,18-24,Regular Shopper,31765,2022-01-07,AP,Visakhapatnam
549,CUST-IND-000549,Ananya,Malhotra,Ananya Malhotra,ananya.malhotra881@gmail.com,+91-848311542,Prefer Not to Say,18-24,Regular Shopper,36056,2023-11-15,TS,Hyderabad
550,CUST-IND-000550,Vishal,Hegde,Vishal Hegde,vishal.hegde631@gmail.com,+91-947598041,Female,25-34,Gold Privilege,25840,2023-06-08,WB,Kolkata
551,CUST-IND-000551,Niharika,Kulkarni,Niharika Kulkarni,niharika.kulkarni476@gmail.com,+91-715085604,Male,55-64,Regular Shopper,43129,2021-07-25,JH,Ranchi
552,CUST-IND-000552,Bhavna,Nanda,Bhavna Nanda,bhavna.nanda628@gmail.com,+91-944523033,Male,25-34,VIP Club Premier,40441,2022-09-21,HR,Gurugram
553,CUST-IND-000553,Bhavna,Trivedi,Bhavna Trivedi,bhavna.trivedi210@gmail.com,+91-921683670,Female,18-24,Regular Shopper,2734,2023-10-17,TS,Hyderabad
554,CUST-IND-000554,Rohan,Agarwal,Rohan Agarwal,rohan.agarwal198@gmail.com,+91-776868829,Prefer Not to Say,18-24,Regular Shopper,571,2022-09-06,TN,Chennai
555,CUST-IND-000555,Aditya,Mukherjee,Aditya Mukherjee,aditya.mukherjee575@gmail.com,+91-773832975,Prefer Not to Say,65+,Regular Shopper,27686,2022-01-28,GJ,Ahmedabad
556,CUST-IND-000556,Amit,Singh,Amit Singh,amit.singh826@gmail.com,+91-877876131,Prefer Not to Say,55-64,Regular Shopper,2008,2023-04-09,MN,Imphal
557,CUST-IND-000557,Rahul,Nair,Rahul Nair,rahul.nair574@gmail.com,+91-786303351,Female,55-64,Festival Occasional,2069,2023-04-11,PB,Chandigarh
558,CUST-IND-000558,Vishal,Mehta,Vishal Mehta,vishal.mehta854@gmail.com,+91-718320279,Female,18-24,Gold Privilege,21296,2023-10-05,MN,Imphal
559,CUST-IND-000559,Suresh,Saxena,Suresh Saxena,suresh.saxena170@gmail.com,+91-746626337,Male,45-54,Regular Shopper,31607,2022-03-28,UP,Lucknow
560,CUST-IND-000560,Vishal,Mukherjee,Vishal Mukherjee,vishal.mukherjee755@gmail.com,+91-921170642,Male,18-24,Regular Shopper,35652,2022-05-31,OD,Bhubaneswar
561,CUST-IND-000561,Meera,Jha,Meera Jha,meera.jha4@gmail.com,+91-792359285,Female,65+,Regular Shopper,7519,2022-06-21,MH,Pune
562,CUST-IND-000562,Rohan,Sen,Rohan Sen,rohan.sen877@gmail.com,+91-891895932,Female,18-24,Regular Shopper,9919,2022-07-03,GJ,Surat
563,CUST-IND-000563,Arjun,Verma,Arjun Verma,arjun.verma873@gmail.com,+91-797276162,Prefer Not to Say,55-64,Regular Shopper,4282,2024-03-22,TR,Agartala
564,CUST-IND-000564,Alok,Verma,Alok Verma,alok.verma462@gmail.com,+91-863495251,Prefer Not to Say,55-64,VIP Club Premier,12867,2022-09-22,MP,Indore
565,CUST-IND-000565,Sanjay,Jha,Sanjay Jha,sanjay.jha733@gmail.com,+91-874164009,Female,25-34,Festival Occasional,30354,2022-04-08,KL,Kochi
566,CUST-IND-000566,Karthik,Iyer,Karthik Iyer,karthik.iyer355@gmail.com,+91-843397929,Prefer Not to Say,65+,Regular Shopper,42898,2022-12-22,DL,Delhi
567,CUST-IND-000567,Deepak,Mishra,Deepak Mishra,deepak.mishra970@gmail.com,+91-842242408,Male,45-54,VIP Club Premier,41894,2023-07-28,AS,Guwahati
568,CUST-IND-000568,Amit,Malhotra,Amit Malhotra,amit.malhotra572@gmail.com,+91-874500469,Prefer Not to Say,55-64,VIP Club Premier,37736,2021-11-23,HR,Gurugram
569,CUST-IND-000569,Vishal,Patel,Vishal Patel,vishal.patel894@gmail.com,+91-993689344,Female,35-44,Gold Privilege,14659,2021-07-29,TN,Chennai
570,CUST-IND-000570,Deepika,Hegde,Deepika Hegde,deepika.hegde738@gmail.com,+91-739352336,Prefer Not to Say,65+,Festival Occasional,43039,2023-04-15,DL,Delhi
571,CUST-IND-000571,Ananya,Malhotra,Ananya Malhotra,ananya.malhotra899@gmail.com,+91-874085378,Prefer Not to Say,65+,Regular Shopper,4909,2024-03-31,AP,Visakhapatnam
572,CUST-IND-000572,Shweta,Kumar,Shweta Kumar,shweta.kumar813@gmail.com,+91-892598609,Female,35-44,Gold Privilege,14706,2023-10-05,TN,Chennai
573,CUST-IND-000573,Shweta,Kapoor,Shweta Kapoor,shweta.kapoor995@gmail.com,+91-957570182,Female,25-34,Regular Shopper,33239,2024-03-16,PB,Chandigarh
574,CUST-IND-000574,Rahul,Patel,Rahul Patel,rahul.patel265@gmail.com,+91-934904750,Prefer Not to Say,25-34,Regular Shopper,41931,2023-03-02,BR,Patna
575,CUST-IND-000575,Lakshmi,Kulkarni,Lakshmi Kulkarni,lakshmi.kulkarni483@gmail.com,+91-955384018,Female,65+,Gold Privilege,17522,2022-09-15,KL,Kochi
576,CUST-IND-000576,Bhavna,Mishra,Bhavna Mishra,bhavna.mishra246@gmail.com,+91-873557202,Female,65+,Regular Shopper,29278,2023-09-17,KA,Bengaluru
577,CUST-IND-000577,Neha,Chatterjee,Neha Chatterjee,neha.chatterjee149@gmail.com,+91-916472165,Prefer Not to Say,45-54,Gold Privilege,6059,2022-09-26,MP,Indore
578,CUST-IND-000578,Ananya,Malhotra,Ananya Malhotra,ananya.malhotra636@gmail.com,+91-817190718,Female,25-34,VIP Club Premier,1730,2023-02-17,MH,Nagpur
579,CUST-IND-000579,Swati,Chaudhary,Swati Chaudhary,unregistered@retail.com,+91-906018917,Male,35-44,Regular Shopper,14685,2024-01-26,GJ,Surat
580,CUST-IND-000580,Alok,Desai,Alok Desai,alok.desai737@gmail.com,+91-761593210,Prefer Not to Say,65+,VIP Club Premier,1589,2023-11-19,MN,Imphal
581,CUST-IND-000581,Manoj,Sen,Manoj Sen,manoj.sen374@gmail.com,+91-867573889,Male,55-64,VIP Club Premier,5889,2024-06-26,TR,Agartala
582,CUST-IND-000582,Rohan,Kapoor,Rohan Kapoor,rohan.kapoor525@gmail.com,+91-792780551,Prefer Not to Say,65+,VIP Club Premier,14210,2023-11-03,OD,Bhubaneswar
583,CUST-IND-000583,Neha,Rao,Neha Rao,unregistered@retail.com,+91-725679871,Male,45-54,Regular Shopper,19713,2024-04-22,MP,Indore
584,CUST-IND-000584,Deepika,Sen,Deepika Sen,deepika.sen82@gmail.com,+91-874752142,Male,35-44,VIP Club Premier,40245,2022-09-07,MN,Imphal
585,CUST-IND-000585,Deepika,Hegde,Deepika Hegde,deepika.hegde236@gmail.com,+91-975891085,Male,55-64,Regular Shopper,17379,2021-05-06,GJ,Surat
586,CUST-IND-000586,Shweta,Hegde,Shweta Hegde,shweta.hegde582@gmail.com,+91-752541530,Male,45-54,Gold Privilege,18136,2022-09-07,AS,Guwahati
587,CUST-IND-000587,Pooja,Saxena,Pooja Saxena,pooja.saxena749@gmail.com,+91-734503878,Male,18-24,Regular Shopper,8447,2022-12-03,TR,Agartala
588,CUST-IND-000588,Kavita,Chatterjee,Kavita Chatterjee,kavita.chatterjee736@gmail.com,+91-831613548,Female,65+,Regular Shopper,39676,2021-09-19,ML,Shillong
589,CUST-IND-000589,Anita,Jha,Anita Jha,anita.jha487@gmail.com,+91-793695399,Female,18-24,Regular Shopper,12429,2023-01-05,TR,Agartala
590,CUST-IND-000590,Ritu,Mishra,Ritu Mishra,ritu.mishra329@gmail.com,+91-932609207,Male,35-44,Gold Privilege,36142,2024-04-17,MN,Imphal
591,CUST-IND-000591,Meera,Chatterjee,Meera Chatterjee,meera.chatterjee190@gmail.com,+91-872604751,Male,65+,Regular Shopper,8819,2024-04-04,BR,Patna
592,CUST-IND-000592,Manoj,Sharma,Manoj Sharma,manoj.sharma884@gmail.com,+91-963933948,Prefer Not to Say,45-54,Regular Shopper,3260,2024-01-09,UP,Noida
593,CUST-IND-000593,Bhavna,Jha,Bhavna Jha,bhavna.jha522@gmail.com,+91-824915564,Prefer Not to Say,45-54,VIP Club Premier,37314,2022-11-29,RJ,Jaipur
594,CUST-IND-000594,Sunita,Sharma,Sunita Sharma,sunita.sharma638@gmail.com,+91-708940775,Prefer Not to Say,65+,Gold Privilege,22224,2023-05-16,MN,Imphal
595,CUST-IND-000595,Amit,Mukherjee,Amit Mukherjee,amit.mukherjee649@gmail.com,+91-827815172,Male,55-64,VIP Club Premier,44502,2021-09-12,MH,Pune
596,CUST-IND-000596,Rohan,Deshmukh,Rohan Deshmukh,rohan.deshmukh180@gmail.com,+91-826454262,Prefer Not to Say,18-24,Festival Occasional,40076,2023-08-28,DL,Delhi
597,CUST-IND-000597,Divya,Saxena,Divya Saxena,divya.saxena136@gmail.com,+91-854594789,Female,45-54,Festival Occasional,2230,2022-06-02,AP,Visakhapatnam
598,CUST-IND-000598,Anita,Sen,Anita Sen,anita.sen695@gmail.com,+91-831170020,Prefer Not to Say,55-64,Gold Privilege,17548,2022-09-05,RJ,Jaipur
599,CUST-IND-000599,Karthik,Sen,Karthik Sen,karthik.sen158@gmail.com,+91-788165275,Prefer Not to Say,35-44,Regular Shopper,33537,2021-12-16,KA,Bengaluru
600,CUST-IND-000600,Vikram,Agarwal,Vikram Agarwal,vikram.agarwal926@gmail.com,+91-714370264,Male,45-54,Regular Shopper,7102,2022-01-09,UP,Noida
601,CUST-IND-000601,Anjali,Kapoor,Anjali Kapoor,anjali.kapoor477@gmail.com,+91-918184943,Female,45-54,Regular Shopper,17000,2021-03-12,GJ,Surat
602,CUST-IND-000602,Niharika,Gupta,Niharika Gupta,niharika.gupta881@gmail.com,+91-701965002,Prefer Not to Say,45-54,Gold Privilege,8659,2021-02-07,ML,Shillong
603,CUST-IND-000603,Amit,Chaudhary,Amit Chaudhary,amit.chaudhary378@gmail.com,+91-919512320,Male,65+,Regular Shopper,13378,2024-01-20,KL,Kochi
604,CUST-IND-000604,Sunita,Malhotra,Sunita Malhotra,sunita.malhotra92@gmail.com,+91-865002188,Female,55-64,Festival Occasional,42368,2021-07-12,MN,Imphal
605,CUST-IND-000605,Karthik,Chaudhary,Karthik Chaudhary,karthik.chaudhary880@gmail.com,+91-737429795,Female,18-24,Festival Occasional,40833,2023-05-06,AP,Visakhapatnam
606,CUST-IND-000606,Lakshmi,Sharma,Lakshmi Sharma,lakshmi.sharma587@gmail.com,+91-811137953,Female,45-54,Festival Occasional,12505,2021-01-09,RJ,Jaipur
607,CUST-IND-000607,Rajesh,Nair,Rajesh Nair,rajesh.nair776@gmail.com,+91-817059905,Male,25-34,Gold Privilege,11246,2023-11-22,TR,Agartala
608,CUST-IND-000608,Alok,Verma,Alok Verma,alok.verma266@gmail.com,+91-989890232,Male,25-34,VIP Club Premier,17013,2023-05-23,GJ,Ahmedabad
609,CUST-IND-000609,Sunita,Rao,Sunita Rao,sunita.rao946@gmail.com,+91-863039839,Female,35-44,VIP Club Premier,33138,2024-05-14,UP,Lucknow
610,CUST-IND-000610,Dev,Deshmukh,Dev Deshmukh,dev.deshmukh609@gmail.com,+91-999054228,Prefer Not to Say,25-34,Festival Occasional,34540,2022-08-22,PB,Chandigarh
611,CUST-IND-000611,Deepak,Singh,Deepak Singh,deepak.singh965@gmail.com,+91-912035203,Male,35-44,Regular Shopper,37123,2021-12-08,MH,Mumbai
612,CUST-IND-000612,Sanjay,Dutta,Sanjay Dutta,sanjay.dutta564@gmail.com,+91-785143394,Male,35-44,Regular Shopper,12974,2023-04-22,TS,Hyderabad
613,CUST-IND-000613,Rajesh,Reddy,Rajesh Reddy,rajesh.reddy486@gmail.com,+91-867706474,Male,55-64,Gold Privilege,28261,2022-01-01,KL,Kochi
614,CUST-IND-000614,Anjali,Iyer,Anjali Iyer,anjali.iyer209@gmail.com,+91-915046559,Female,18-24,Gold Privilege,41607,2022-03-25,MN,Imphal
615,CUST-IND-000615,Aditya,Deshmukh,Aditya Deshmukh,aditya.deshmukh768@gmail.com,+91-826821043,Prefer Not to Say,25-34,Festival Occasional,31412,2022-01-07,RJ,Jaipur
616,CUST-IND-000616,Aarav,Das,Aarav Das,aarav.das227@gmail.com,+91-738072535,Male,35-44,Regular Shopper,21866,2023-07-07,UP,Noida
617,CUST-IND-000617,Rajesh,Mukherjee,Rajesh Mukherjee,rajesh.mukherjee145@gmail.com,+91-883254296,Male,65+,Regular Shopper,36395,2023-04-26,JH,Ranchi
618,CUST-IND-000618,Niharika,Kulkarni,Niharika Kulkarni,niharika.kulkarni121@gmail.com,+91-883441197,Male,55-64,Festival Occasional,14541,2023-11-21,MH,Pune
619,CUST-IND-000619,Deepika,Sen,Deepika Sen,deepika.sen540@gmail.com,+91-889625642,Male,45-54,Regular Shopper,5168,2021-11-02,RJ,Jaipur
620,CUST-IND-000620,Arjun,Reddy,Arjun Reddy,arjun.reddy518@gmail.com,+91-881347000,Prefer Not to Say,45-54,Festival Occasional,33101,2022-12-15,OD,Bhubaneswar
621,CUST-IND-000621,Suresh,Joshi,Suresh Joshi,suresh.joshi466@gmail.com,+91-846806287,Female,45-54,Regular Shopper,8774,2022-10-23,KL,Kochi
622,CUST-IND-000622,Swati,Das,Swati Das,swati.das480@gmail.com,+91-819905895,Female,55-64,Gold Privilege,15828,2021-08-29,MH,Mumbai
623,CUST-IND-000623,Anita,Mishra,Anita Mishra,anita.mishra596@gmail.com,+91-804549987,Male,35-44,Regular Shopper,41715,2024-06-10,JH,Ranchi
624,CUST-IND-000624,Amit,Nair,Amit Nair,amit.nair873@gmail.com,+91-867991594,Female,35-44,Regular Shopper,44605,2021-09-24,TR,Agartala
625,CUST-IND-000625,Kavita,Shetty,Kavita Shetty,kavita.shetty345@gmail.com,+91-798010576,Prefer Not to Say,45-54,VIP Club Premier,26337,2022-10-23,OD,Bhubaneswar
626,CUST-IND-000626,Kavita,Dutta,Kavita Dutta,kavita.dutta311@gmail.com,+91-948379225,Male,18-24,Festival Occasional,12188,2021-09-07,DL,Delhi
627,CUST-IND-000627,Ritu,Malhotra,Ritu Malhotra,ritu.malhotra544@gmail.com,+91-981756079,Prefer Not to Say,25-34,Festival Occasional,27486,2023-03-29,OD,Bhubaneswar
628,CUST-IND-000628,Vishal,Reddy,Vishal Reddy,vishal.reddy549@gmail.com,+91-761044848,Prefer Not to Say,65+,Regular Shopper,15048,2022-07-19,KL,Kochi
629,CUST-IND-000629,Suresh,Kapoor,Suresh Kapoor,suresh.kapoor222@gmail.com,+91-801580377,Female,65+,Gold Privilege,42760,2022-05-20,MH,Nagpur
630,CUST-IND-000630,Rohan,Das,Rohan Das,rohan.das695@gmail.com,+91-953548894,Prefer Not to Say,55-64,Regular Shopper,11580,2022-07-04,TN,Chennai
631,CUST-IND-000631,Anjali,Joshi,Anjali Joshi,anjali.joshi77@gmail.com,+91-804104612,Prefer Not to Say,55-64,Festival Occasional,7719,2022-12-28,OD,Bhubaneswar
632,CUST-IND-000632,Deepak,Dutta,Deepak Dutta,deepak.dutta497@gmail.com,+91-932699968,Prefer Not to Say,25-34,Gold Privilege,559,2022-07-17,ML,Shillong
633,CUST-IND-000633,Karthik,Chatterjee,Karthik Chatterjee,karthik.chatterjee300@gmail.com,+91-836369424,Prefer Not to Say,18-24,Gold Privilege,38076,2023-07-11,PB,Chandigarh
634,CUST-IND-000634,Pooja,Das,Pooja Das,pooja.das734@gmail.com,+91-921427292,Male,65+,VIP Club Premier,33630,2021-02-11,RJ,Jaipur
635,CUST-IND-000635,Sunita,Mishra,Sunita Mishra,sunita.mishra669@gmail.com,+91-701116571,Female,45-54,Gold Privilege,39191,2024-02-05,MH,Pune
636,CUST-IND-000636,Rohan,Nanda,Rohan Nanda,rohan.nanda401@gmail.com,+91-865026066,Female,65+,Regular Shopper,29085,2023-06-19,OD,Bhubaneswar
637,CUST-IND-000637,Aarav,Reddy,Aarav Reddy,aarav.reddy506@gmail.com,+91-974623452,Male,65+,Regular Shopper,22029,2022-01-11,MH,Nagpur
638,CUST-IND-000638,Preeti,Nanda,Preeti Nanda,unregistered@retail.com,+91-808300228,Female,18-24,Gold Privilege,580,2023-06-05,TR,Agartala
639,CUST-IND-000639,Divya,Bansal,Divya Bansal,divya.bansal488@gmail.com,+91-867632324,Prefer Not to Say,35-44,Gold Privilege,43268,2022-07-13,MN,Imphal
640,CUST-IND-000640,Preeti,Singh,Preeti Singh,preeti.singh646@gmail.com,+91-787433258,Prefer Not to Say,55-64,Regular Shopper,6067,2021-09-02,JH,Ranchi
641,CUST-IND-000641,Dev,Gupta,Dev Gupta,dev.gupta203@gmail.com,+91-921890073,Female,35-44,Festival Occasional,14401,2021-07-23,AP,Visakhapatnam
642,CUST-IND-000642,Sunita,Verma,Sunita Verma,unregistered@retail.com,+91-942901794,Male,55-64,Regular Shopper,26899,2022-06-03,JH,Ranchi
643,CUST-IND-000643,Rohan,Shetty,Rohan Shetty,rohan.shetty705@gmail.com,+91-939986531,Female,18-24,Gold Privilege,7483,2022-12-10,MH,Nagpur
644,CUST-IND-000644,Arjun,Verma,Arjun Verma,arjun.verma308@gmail.com,+91-979293116,Prefer Not to Say,45-54,Festival Occasional,13990,2024-01-20,RJ,Jaipur
645,CUST-IND-000645,Swati,Chaudhary,Swati Chaudhary,swati.chaudhary245@gmail.com,+91-825261406,Prefer Not to Say,18-24,Gold Privilege,15907,2022-09-19,TR,Agartala
646,CUST-IND-000646,Niharika,Mishra,Niharika Mishra,niharika.mishra545@gmail.com,+91-803957227,Male,55-64,Festival Occasional,13051,2022-10-01,UP,Lucknow
647,CUST-IND-000647,Priya,Nanda,Priya Nanda,priya.nanda890@gmail.com,+91-948589931,Female,35-44,Regular Shopper,7692,2024-02-28,AP,Visakhapatnam
648,CUST-IND-000648,Shweta,Gupta,Shweta Gupta,shweta.gupta391@gmail.com,+91-825232992,Prefer Not to Say,65+,Regular Shopper,14875,2024-05-16,TN,Chennai
649,CUST-IND-000649,Anjali,Pillai,Anjali Pillai,anjali.pillai572@gmail.com,+91-889583142,Female,35-44,Regular Shopper,44613,2021-11-10,JH,Ranchi
650,CUST-IND-000650,Rahul,Trivedi,Rahul Trivedi,rahul.trivedi995@gmail.com,+91-874690304,Prefer Not to Say,25-34,Festival Occasional,26036,2021-09-05,OD,Bhubaneswar
651,CUST-IND-000651,Manoj,Patel,Manoj Patel,manoj.patel406@gmail.com,+91-996408985,Prefer Not to Say,18-24,Regular Shopper,21177,2021-07-17,UP,Noida
652,CUST-IND-000652,Rajesh,Sen,Rajesh Sen,rajesh.sen561@gmail.com,+91-774878003,Prefer Not to Say,65+,Gold Privilege,5192,2023-03-06,WB,Kolkata
653,CUST-IND-000653,Bhavna,Mishra,Bhavna Mishra,bhavna.mishra833@gmail.com,+91-962040143,Male,35-44,Gold Privilege,33763,2021-08-28,AS,Guwahati
654,CUST-IND-000654,Bhavna,Das,Bhavna Das,bhavna.das525@gmail.com,+91-742029705,Prefer Not to Say,55-64,Regular Shopper,11058,2022-07-06,KA,Bengaluru
655,CUST-IND-000655,Anita,Pillai,Anita Pillai,anita.pillai280@gmail.com,+91-803831411,Female,45-54,Festival Occasional,14091,2022-08-22,AP,Visakhapatnam
656,CUST-IND-000656,Divya,Jha,Divya Jha,divya.jha136@gmail.com,+91-705400917,Female,55-64,Festival Occasional,41073,2022-07-26,BR,Patna
657,CUST-IND-000657,Rohan,Dutta,Rohan Dutta,rohan.dutta13@gmail.com,+91-952946079,Male,18-24,Regular Shopper,13384,2023-05-13,OD,Bhubaneswar
658,CUST-IND-000658,Preeti,Iyer,Preeti Iyer,preeti.iyer5@gmail.com,+91-797343425,Prefer Not to Say,65+,VIP Club Premier,19850,2021-04-27,TS,Hyderabad
659,CUST-IND-000659,Vikram,Mehta,Vikram Mehta,vikram.mehta152@gmail.com,+91-738033692,Prefer Not to Say,35-44,Regular Shopper,40259,2023-03-04,KL,Kochi
660,CUST-IND-000660,Karthik,Deshmukh,Karthik Deshmukh,karthik.deshmukh915@gmail.com,+91-856700724,Prefer Not to Say,55-64,Regular Shopper,34344,2023-10-08,AS,Guwahati
661,CUST-IND-000661,Rohan,Pillai,Rohan Pillai,rohan.pillai655@gmail.com,+91-739671354,Female,35-44,Gold Privilege,17932,2021-07-16,AP,Visakhapatnam
662,CUST-IND-000662,Pooja,Bhat,Pooja Bhat,pooja.bhat520@gmail.com,+91-949749427,Female,25-34,Regular Shopper,10032,2021-03-26,AS,Guwahati
663,CUST-IND-000663,Dev,Patel,Dev Patel,dev.patel762@gmail.com,+91-855103501,Prefer Not to Say,18-24,Festival Occasional,36958,2021-04-18,BR,Patna
664,CUST-IND-000664,Ritu,Desai,Ritu Desai,ritu.desai180@gmail.com,+91-802652472,Prefer Not to Say,35-44,Regular Shopper,2997,2021-12-07,JH,Ranchi
665,CUST-IND-000665,Vishal,Deshmukh,Vishal Deshmukh,vishal.deshmukh681@gmail.com,+91-718393802,Female,65+,Festival Occasional,12202,2022-09-25,TR,Agartala
666,CUST-IND-000666,Alok,Deshmukh,Alok Deshmukh,alok.deshmukh742@gmail.com,+91-976136713,Female,35-44,Regular Shopper,29322,2022-05-03,DL,Delhi
667,CUST-IND-000667,Sunita,Patel,Sunita Patel,sunita.patel839@gmail.com,+91-911244956,Female,25-34,Regular Shopper,42442,2022-02-23,GJ,Ahmedabad
668,CUST-IND-000668,Anita,Joshi,Anita Joshi,anita.joshi629@gmail.com,+91-884114780,Female,18-24,Regular Shopper,30080,2021-01-12,MP,Indore
669,CUST-IND-000669,Divya,Dutta,Divya Dutta,divya.dutta180@gmail.com,+91-923161196,Male,18-24,Regular Shopper,23990,2022-03-25,MP,Indore
670,CUST-IND-000670,Meera,Joshi,Meera Joshi,meera.joshi534@gmail.com,+91-936408213,Female,35-44,Regular Shopper,25875,2023-03-08,OD,Bhubaneswar
671,CUST-IND-000671,Deepika,Bansal,Deepika Bansal,deepika.bansal374@gmail.com,+91-739297561,Female,55-64,VIP Club Premier,39695,2023-10-03,MN,Imphal
672,CUST-IND-000672,Kavita,Agarwal,Kavita Agarwal,kavita.agarwal402@gmail.com,+91-787201002,Prefer Not to Say,18-24,Gold Privilege,19299,2024-03-08,OD,Bhubaneswar
673,CUST-IND-000673,Aditya,Reddy,Aditya Reddy,aditya.reddy386@gmail.com,+91-888322742,Male,55-64,Regular Shopper,2765,2022-12-17,MH,Mumbai
674,CUST-IND-000674,Vikram,Deshmukh,Vikram Deshmukh,vikram.deshmukh444@gmail.com,+91-899236285,Prefer Not to Say,35-44,Regular Shopper,1800,2022-09-16,MP,Indore
675,CUST-IND-000675,Priya,Kumar,Priya Kumar,priya.kumar209@gmail.com,+91-857034860,Male,65+,Regular Shopper,2548,2022-06-27,MH,Nagpur
676,CUST-IND-000676,Vikram,Gupta,Vikram Gupta,vikram.gupta779@gmail.com,+91-882439546,Prefer Not to Say,25-34,Regular Shopper,919,2022-03-15,OD,Bhubaneswar
677,CUST-IND-000677,Dev,Patel,Dev Patel,unregistered@retail.com,+91-906305513,Female,55-64,VIP Club Premier,37350,2022-10-19,MH,Mumbai
678,CUST-IND-000678,Alok,Malhotra,Alok Malhotra,alok.malhotra626@gmail.com,+91-866541446,Male,18-24,Regular Shopper,21821,2021-07-05,OD,Bhubaneswar
679,CUST-IND-000679,Deepak,Sharma,Deepak Sharma,deepak.sharma829@gmail.com,+91-813131301,Prefer Not to Say,25-34,Regular Shopper,41158,2021-03-07,MP,Indore
680,CUST-IND-000680,Sunita,Kulkarni,Sunita Kulkarni,sunita.kulkarni551@gmail.com,+91-797410232,Female,35-44,Festival Occasional,37532,2021-05-02,MH,Pune
681,CUST-IND-000681,Shweta,Patel,Shweta Patel,shweta.patel121@gmail.com,+91-784392593,Male,55-64,Gold Privilege,3438,2021-06-05,HR,Gurugram
682,CUST-IND-000682,Sunita,Jha,Sunita Jha,sunita.jha131@gmail.com,+91-936502784,Male,45-54,Festival Occasional,8828,2023-07-26,WB,Kolkata
683,CUST-IND-000683,Ananya,Das,Ananya Das,ananya.das655@gmail.com,+91-938549297,Female,45-54,Regular Shopper,26024,2022-07-24,AP,Visakhapatnam
684,CUST-IND-000684,Tarun,Chaudhary,Tarun Chaudhary,tarun.chaudhary218@gmail.com,+91-857017622,Male,65+,Regular Shopper,42735,2022-08-02,KA,Bengaluru
685,CUST-IND-000685,Vikram,Saxena,Vikram Saxena,vikram.saxena990@gmail.com,+91-739198709,Prefer Not to Say,65+,VIP Club Premier,43643,2024-02-27,OD,Bhubaneswar
686,CUST-IND-000686,Bhavna,Desai,Bhavna Desai,bhavna.desai408@gmail.com,+91-728315899,Prefer Not to Say,35-44,Gold Privilege,12267,2022-12-28,DL,Delhi
687,CUST-IND-000687,Karthik,Sharma,Karthik Sharma,karthik.sharma575@gmail.com,+91-786078415,Male,65+,VIP Club Premier,635,2022-08-27,KL,Kochi
688,CUST-IND-000688,Deepika,Bansal,Deepika Bansal,deepika.bansal80@gmail.com,+91-896910661,Female,55-64,Regular Shopper,39505,2022-12-26,KA,Bengaluru
689,CUST-IND-000689,Vishal,Pillai,Vishal Pillai,vishal.pillai427@gmail.com,+91-801760664,Prefer Not to Say,45-54,Regular Shopper,31227,2022-09-20,MH,Nagpur
690,CUST-IND-000690,Rohan,Reddy,Rohan Reddy,rohan.reddy977@gmail.com,+91-787419311,Female,55-64,Regular Shopper,18728,2024-06-11,TR,Agartala
691,CUST-IND-000691,Rohan,Das,Rohan Das,rohan.das940@gmail.com,+91-704351104,Prefer Not to Say,25-34,Regular Shopper,24898,2022-02-24,KL,Kochi
692,CUST-IND-000692,Suresh,Rao,Suresh Rao,suresh.rao105@gmail.com,+91-753540329,Male,18-24,Gold Privilege,13510,2022-01-23,AS,Guwahati
693,CUST-IND-000693,Neha,Jha,Neha Jha,neha.jha33@gmail.com,+91-925445342,Male,65+,Festival Occasional,44230,2023-03-20,MH,Mumbai
694,CUST-IND-000694,Tarun,Shetty,Tarun Shetty,tarun.shetty987@gmail.com,+91-958008980,Prefer Not to Say,35-44,Regular Shopper,1782,2022-04-29,UP,Lucknow
695,CUST-IND-000695,Pooja,Reddy,Pooja Reddy,pooja.reddy302@gmail.com,+91-869580980,Prefer Not to Say,18-24,Regular Shopper,44828,2022-02-06,AP,Visakhapatnam
696,CUST-IND-000696,Suresh,Agarwal,Suresh Agarwal,suresh.agarwal543@gmail.com,+91-975722180,Male,55-64,Regular Shopper,26485,2021-11-14,KA,Bengaluru
697,CUST-IND-000697,Niharika,Shetty,Niharika Shetty,niharika.shetty229@gmail.com,+91-754542862,Female,65+,Festival Occasional,39751,2021-04-09,KL,Kochi
698,CUST-IND-000698,Kavita,Gupta,Kavita Gupta,kavita.gupta511@gmail.com,+91-752246181,Male,18-24,Regular Shopper,19568,2022-09-20,MN,Imphal
699,CUST-IND-000699,Anita,Patel,Anita Patel,anita.patel794@gmail.com,+91-754324570,Male,65+,VIP Club Premier,8381,2023-04-23,TN,Chennai
700,CUST-IND-000700,Ananya,Nair,Ananya Nair,ananya.nair269@gmail.com,+91-901503597,Female,45-54,Gold Privilege,25104,2022-08-23,RJ,Jaipur
701,CUST-IND-000701,Vikram,Jha,Vikram Jha,vikram.jha750@gmail.com,+91-842245943,Prefer Not to Say,35-44,VIP Club Premier,10579,2022-04-01,TN,Chennai
702,CUST-IND-000702,Sunita,Saxena,Sunita Saxena,sunita.saxena479@gmail.com,+91-997700448,Male,65+,Gold Privilege,7179,2022-03-24,AP,Visakhapatnam
703,CUST-IND-000703,Swati,Chatterjee,Swati Chatterjee,swati.chatterjee634@gmail.com,+91-967442899,Male,18-24,Festival Occasional,16746,2024-01-16,OD,Bhubaneswar
704,CUST-IND-000704,Shweta,Nanda,Shweta Nanda,shweta.nanda713@gmail.com,+91-878240709,Female,35-44,Regular Shopper,3397,2023-06-07,MN,Imphal
705,CUST-IND-000705,Pooja,Chaudhary,Pooja Chaudhary,pooja.chaudhary980@gmail.com,+91-858849918,Female,18-24,Gold Privilege,30637,2022-04-06,GJ,Ahmedabad
706,CUST-IND-000706,Anita,Trivedi,Anita Trivedi,anita.trivedi472@gmail.com,+91-891401528,Prefer Not to Say,18-24,Regular Shopper,16325,2023-11-15,DL,Delhi
707,CUST-IND-000707,Rohan,Malhotra,Rohan Malhotra,rohan.malhotra388@gmail.com,+91-704671641,Female,25-34,Regular Shopper,41789,2023-11-09,ML,Shillong
708,CUST-IND-000708,Karthik,Reddy,Karthik Reddy,karthik.reddy736@gmail.com,+91-933255876,Male,55-64,VIP Club Premier,2209,2024-01-17,UP,Noida
709,CUST-IND-000709,Aditya,Kumar,Aditya Kumar,aditya.kumar150@gmail.com,+91-778411471,Prefer Not to Say,18-24,Gold Privilege,41930,2023-10-01,MN,Imphal
710,CUST-IND-000710,Swati,Reddy,Swati Reddy,swati.reddy493@gmail.com,+91-782933518,Male,25-34,Festival Occasional,13291,2022-11-22,BR,Patna
711,CUST-IND-000711,Sanjay,Verma,Sanjay Verma,sanjay.verma983@gmail.com,+91-935942289,Prefer Not to Say,35-44,Regular Shopper,1955,2023-09-09,MN,Imphal
712,CUST-IND-000712,Deepak,Agarwal,Deepak Agarwal,deepak.agarwal786@gmail.com,+91-797765191,Male,45-54,Regular Shopper,36499,2021-08-19,GJ,Ahmedabad
713,CUST-IND-000713,Ananya,Deshmukh,Ananya Deshmukh,ananya.deshmukh621@gmail.com,+91-711220388,Male,35-44,Regular Shopper,13542,2021-06-09,JH,Ranchi
714,CUST-IND-000714,Anjali,Kumar,Anjali Kumar,anjali.kumar960@gmail.com,+91-858385159,Female,25-34,VIP Club Premier,26173,2023-02-01,KA,Bengaluru
715,CUST-IND-000715,Divya,Trivedi,Divya Trivedi,divya.trivedi168@gmail.com,+91-704669106,Male,45-54,Festival Occasional,41877,2024-01-21,WB,Kolkata
716,CUST-IND-000716,Pooja,Shetty,Pooja Shetty,pooja.shetty268@gmail.com,+91-896984899,Prefer Not to Say,18-24,Festival Occasional,3984,2023-02-07,KA,Bengaluru
717,CUST-IND-000717,Anjali,Agarwal,Anjali Agarwal,anjali.agarwal761@gmail.com,+91-997855974,Male,45-54,Regular Shopper,26116,2022-01-10,JH,Ranchi
718,CUST-IND-000718,Niharika,Jha,Niharika Jha,niharika.jha23@gmail.com,+91-721634974,Male,18-24,Regular Shopper,15006,2023-10-09,UP,Noida
719,CUST-IND-000719,Preeti,Verma,Preeti Verma,preeti.verma857@gmail.com,+91-865130343,Female,25-34,Gold Privilege,30487,2022-02-13,BR,Patna
720,CUST-IND-000720,Kavita,Rao,Kavita Rao,kavita.rao96@gmail.com,+91-996871023,Male,35-44,Regular Shopper,28557,2022-03-15,AP,Visakhapatnam
721,CUST-IND-000721,Rahul,Joshi,Rahul Joshi,rahul.joshi522@gmail.com,+91-742298603,Prefer Not to Say,25-34,Festival Occasional,29520,2024-05-07,GJ,Surat
722,CUST-IND-000722,Niharika,Kulkarni,Niharika Kulkarni,niharika.kulkarni448@gmail.com,+91-746339100,Female,18-24,Gold Privilege,33803,2023-03-14,MH,Nagpur
723,CUST-IND-000723,Niharika,Sen,Niharika Sen,niharika.sen872@gmail.com,+91-909563737,Prefer Not to Say,25-34,VIP Club Premier,17953,2021-04-27,TR,Agartala
724,CUST-IND-000724,Bhavna,Gupta,Bhavna Gupta,bhavna.gupta54@gmail.com,+91-731568894,Male,18-24,Gold Privilege,44518,2022-04-14,ML,Shillong
725,CUST-IND-000725,Amit,Pillai,Amit Pillai,amit.pillai81@gmail.com,+91-759422618,Prefer Not to Say,35-44,Festival Occasional,6063,2022-03-30,UP,Lucknow
726,CUST-IND-000726,Swati,Dutta,Swati Dutta,swati.dutta833@gmail.com,+91-734761583,Male,25-34,Festival Occasional,27471,2023-04-09,TR,Agartala
727,CUST-IND-000727,Rohan,Deshmukh,Rohan Deshmukh,rohan.deshmukh509@gmail.com,+91-825539139,Prefer Not to Say,25-34,Gold Privilege,16754,2021-09-03,MN,Imphal
728,CUST-IND-000728,Karthik,Kulkarni,Karthik Kulkarni,karthik.kulkarni52@gmail.com,+91-896311662,Female,18-24,Festival Occasional,22510,2021-06-01,GJ,Ahmedabad
729,CUST-IND-000729,Lakshmi,Mishra,Lakshmi Mishra,lakshmi.mishra138@gmail.com,+91-823306765,Male,45-54,Gold Privilege,39540,2024-04-22,AP,Visakhapatnam
730,CUST-IND-000730,Aarav,Singh,Aarav Singh,aarav.singh407@gmail.com,+91-952658637,Male,65+,VIP Club Premier,20922,2021-06-16,KL,Kochi
731,CUST-IND-000731,Rahul,Sen,Rahul Sen,rahul.sen615@gmail.com,+91-869106471,Female,45-54,Gold Privilege,10180,2021-02-09,MH,Nagpur
732,CUST-IND-000732,Priya,Nair,Priya Nair,priya.nair827@gmail.com,+91-946175170,Male,25-34,Regular Shopper,36419,2023-08-09,TN,Chennai
733,CUST-IND-000733,Manoj,Saxena,Manoj Saxena,manoj.saxena942@gmail.com,+91-717836670,Female,55-64,Festival Occasional,1914,2022-11-14,KL,Kochi
734,CUST-IND-000734,Anjali,Kumar,Anjali Kumar,anjali.kumar816@gmail.com,+91-972870731,Male,55-64,VIP Club Premier,11577,2023-05-27,MP,Indore
735,CUST-IND-000735,Alok,Gupta,Alok Gupta,alok.gupta385@gmail.com,+91-954515171,Female,45-54,Regular Shopper,40720,2024-05-17,DL,Delhi
736,CUST-IND-000736,Aditya,Pillai,Aditya Pillai,aditya.pillai895@gmail.com,+91-957361555,Male,55-64,Gold Privilege,19111,2022-12-18,TN,Chennai
737,CUST-IND-000737,Ananya,Kapoor,Ananya Kapoor,ananya.kapoor356@gmail.com,+91-802614287,Male,25-34,Gold Privilege,32919,2021-07-05,DL,Delhi
738,CUST-IND-000738,Neha,Sharma,Neha Sharma,neha.sharma549@gmail.com,+91-789178592,Male,25-34,Regular Shopper,16428,2024-04-12,ML,Shillong
739,CUST-IND-000739,Anjali,Trivedi,Anjali Trivedi,anjali.trivedi363@gmail.com,+91-742621589,Male,35-44,Gold Privilege,15696,2023-08-16,DL,Delhi
740,CUST-IND-000740,Lakshmi,Jha,Lakshmi Jha,lakshmi.jha476@gmail.com,+91-869343978,Prefer Not to Say,25-34,Regular Shopper,31563,2022-10-02,WB,Kolkata
741,CUST-IND-000741,Dev,Sharma,Dev Sharma,dev.sharma526@gmail.com,+91-876001084,Female,18-24,Regular Shopper,6273,2022-05-31,ML,Shillong
742,CUST-IND-000742,Deepak,Kapoor,Deepak Kapoor,deepak.kapoor251@gmail.com,+91-808687488,Prefer Not to Say,55-64,Regular Shopper,10752,2021-04-08,ML,Shillong
743,CUST-IND-000743,Anita,Kumar,Anita Kumar,anita.kumar763@gmail.com,+91-787075252,Male,25-34,Gold Privilege,18325,2022-01-17,TN,Chennai
744,CUST-IND-000744,Alok,Rao,Alok Rao,alok.rao349@gmail.com,+91-803225057,Prefer Not to Say,55-64,Regular Shopper,5506,2022-05-06,AP,Visakhapatnam
745,CUST-IND-000745,Deepak,Singh,Deepak Singh,deepak.singh880@gmail.com,+91-782007011,Male,35-44,Festival Occasional,28934,2023-12-22,KL,Kochi
746,CUST-IND-000746,Swati,Deshmukh,Swati Deshmukh,swati.deshmukh131@gmail.com,+91-757721002,Prefer Not to Say,25-34,Gold Privilege,13054,2022-02-03,ML,Shillong
747,CUST-IND-000747,Vishal,Shetty,Vishal Shetty,vishal.shetty247@gmail.com,+91-791674174,Male,55-64,Regular Shopper,25918,2022-12-08,AS,Guwahati
748,CUST-IND-000748,Neha,Joshi,Neha Joshi,neha.joshi823@gmail.com,+91-876571641,Male,35-44,Gold Privilege,11527,2024-04-11,MP,Indore
749,CUST-IND-000749,Dev,Das,Dev Das,dev.das953@gmail.com,+91-804999912,Male,65+,Regular Shopper,20488,2021-11-30,AP,Visakhapatnam
750,CUST-IND-000750,Suresh,Hegde,Suresh Hegde,suresh.hegde42@gmail.com,+91-874106083,Female,18-24,Gold Privilege,29574,2021-01-23,TS,Hyderabad
751,CUST-IND-000751,Deepak,Singh,Deepak Singh,deepak.singh55@gmail.com,+91-907043676,Prefer Not to Say,25-34,Gold Privilege,12445,2023-05-20,KL,Kochi
752,CUST-IND-000752,Sunita,Jha,Sunita Jha,sunita.jha142@gmail.com,+91-943195091,Prefer Not to Say,55-64,VIP Club Premier,21458,2024-05-16,MH,Pune
753,CUST-IND-000753,Aditya,Saxena,Aditya Saxena,aditya.saxena252@gmail.com,+91-906765169,Male,25-34,Regular Shopper,17911,2021-01-01,GJ,Ahmedabad
754,CUST-IND-000754,Dev,Pillai,Dev Pillai,dev.pillai57@gmail.com,+91-732655030,Female,35-44,Regular Shopper,41271,2024-05-25,UP,Lucknow
755,CUST-IND-000755,Preeti,Trivedi,Preeti Trivedi,preeti.trivedi788@gmail.com,+91-876235055,Female,35-44,VIP Club Premier,6517,2023-05-30,WB,Kolkata
756,CUST-IND-000756,Divya,Das,Divya Das,divya.das143@gmail.com,+91-998647248,Female,65+,Gold Privilege,34086,2021-05-17,TR,Agartala
757,CUST-IND-000757,Bhavna,Mehta,Bhavna Mehta,bhavna.mehta109@gmail.com,+91-876084368,Prefer Not to Say,18-24,Regular Shopper,25101,2021-12-17,UP,Noida
758,CUST-IND-000758,Sunita,Gupta,Sunita Gupta,sunita.gupta264@gmail.com,+91-833792790,Female,45-54,VIP Club Premier,37138,2024-06-25,UP,Noida
759,CUST-IND-000759,Arjun,Sharma,Arjun Sharma,arjun.sharma404@gmail.com,+91-929071925,Prefer Not to Say,65+,Regular Shopper,19687,2023-12-10,GJ,Ahmedabad
760,CUST-IND-000760,Manoj,Sharma,Manoj Sharma,manoj.sharma502@gmail.com,+91-705377161,Male,65+,VIP Club Premier,18497,2022-03-14,GJ,Ahmedabad
761,CUST-IND-000761,Rajesh,Pillai,Rajesh Pillai,rajesh.pillai201@gmail.com,+91-864268226,Male,55-64,Regular Shopper,17433,2023-06-29,GJ,Ahmedabad
762,CUST-IND-000762,Priya,Kumar,Priya Kumar,priya.kumar604@gmail.com,+91-749723461,Male,35-44,Festival Occasional,3049,2024-05-09,KL,Kochi
763,CUST-IND-000763,Manoj,Rao,Manoj Rao,manoj.rao220@gmail.com,+91-838004594,Male,65+,Gold Privilege,23351,2023-12-21,TS,Hyderabad
764,CUST-IND-000764,Preeti,Verma,Preeti Verma,preeti.verma278@gmail.com,+91-798505563,Prefer Not to Say,65+,Gold Privilege,5017,2023-08-15,UP,Noida
765,CUST-IND-000765,Meera,Singh,Meera Singh,meera.singh116@gmail.com,+91-935996214,Prefer Not to Say,45-54,Festival Occasional,25043,2022-12-05,JH,Ranchi
766,CUST-IND-000766,Pooja,Sharma,Pooja Sharma,pooja.sharma511@gmail.com,+91-714361651,Prefer Not to Say,55-64,Regular Shopper,36650,2023-08-26,RJ,Jaipur
767,CUST-IND-000767,Vikram,Saxena,Vikram Saxena,vikram.saxena792@gmail.com,+91-965795261,Female,65+,Festival Occasional,32435,2023-08-03,KL,Kochi
768,CUST-IND-000768,Suresh,Mukherjee,Suresh Mukherjee,suresh.mukherjee455@gmail.com,+91-969432009,Prefer Not to Say,25-34,VIP Club Premier,4791,2022-09-20,MH,Mumbai
769,CUST-IND-000769,Manoj,Patel,Manoj Patel,manoj.patel62@gmail.com,+91-797693594,Female,18-24,Gold Privilege,37578,2023-05-15,MH,Mumbai
770,CUST-IND-000770,Vishal,Sen,Vishal Sen,vishal.sen780@gmail.com,+91-825704803,Prefer Not to Say,45-54,Gold Privilege,44128,2022-03-14,OD,Bhubaneswar
771,CUST-IND-000771,Preeti,Desai,Preeti Desai,preeti.desai379@gmail.com,+91-805350149,Male,25-34,Gold Privilege,33922,2024-01-04,KL,Kochi
772,CUST-IND-000772,Anita,Mukherjee,Anita Mukherjee,anita.mukherjee876@gmail.com,+91-817110501,Prefer Not to Say,35-44,Regular Shopper,22391,2021-04-25,TS,Hyderabad
773,CUST-IND-000773,Deepak,Verma,Deepak Verma,deepak.verma957@gmail.com,+91-753744874,Female,25-34,Regular Shopper,15106,2022-08-15,MH,Nagpur
774,CUST-IND-000774,Ritu,Gupta,Ritu Gupta,ritu.gupta966@gmail.com,+91-832205217,Female,35-44,Regular Shopper,11883,2021-06-17,UP,Noida
775,CUST-IND-000775,Sunita,Mukherjee,Sunita Mukherjee,sunita.mukherjee5@gmail.com,+91-729577172,Prefer Not to Say,18-24,Gold Privilege,25623,2021-01-30,TR,Agartala
776,CUST-IND-000776,Pooja,Mehta,Pooja Mehta,pooja.mehta955@gmail.com,+91-769642087,Prefer Not to Say,45-54,Gold Privilege,13532,2024-02-23,JH,Ranchi
777,CUST-IND-000777,Preeti,Nanda,Preeti Nanda,preeti.nanda4@gmail.com,+91-888662796,Male,65+,Regular Shopper,4659,2022-11-22,GJ,Surat
778,CUST-IND-000778,Amit,Singh,Amit Singh,amit.singh249@gmail.com,+91-885112482,Male,45-54,Regular Shopper,31956,2022-04-03,DL,Delhi
779,CUST-IND-000779,Kavita,Saxena,Kavita Saxena,kavita.saxena488@gmail.com,+91-861973294,Male,55-64,Gold Privilege,19937,2023-07-26,JH,Ranchi
780,CUST-IND-000780,Neha,Reddy,Neha Reddy,neha.reddy253@gmail.com,+91-733898159,Prefer Not to Say,18-24,VIP Club Premier,38582,2022-05-12,OD,Bhubaneswar
781,CUST-IND-000781,Deepika,Kulkarni,Deepika Kulkarni,deepika.kulkarni243@gmail.com,+91-709187158,Prefer Not to Say,35-44,Gold Privilege,42499,2021-11-09,MH,Mumbai
782,CUST-IND-000782,Pooja,Verma,Pooja Verma,pooja.verma857@gmail.com,+91-767768799,Female,35-44,Gold Privilege,9691,2023-10-20,PB,Chandigarh
783,CUST-IND-000783,Ananya,Patel,Ananya Patel,unregistered@retail.com,+91-745699104,Male,45-54,Regular Shopper,3693,2021-01-23,RJ,Jaipur
784,CUST-IND-000784,Kavita,Das,Kavita Das,kavita.das458@gmail.com,+91-943193138,Female,65+,Regular Shopper,43379,2022-06-11,MH,Mumbai
785,CUST-IND-000785,Lakshmi,Dutta,Lakshmi Dutta,lakshmi.dutta55@gmail.com,+91-738772890,Prefer Not to Say,25-34,VIP Club Premier,32280,2023-03-18,OD,Bhubaneswar
786,CUST-IND-000786,Kavita,Gupta,Kavita Gupta,kavita.gupta745@gmail.com,+91-815194883,Female,45-54,Gold Privilege,30383,2022-07-30,ML,Shillong
787,CUST-IND-000787,Rahul,Chatterjee,Rahul Chatterjee,rahul.chatterjee383@gmail.com,+91-893330335,Male,18-24,Regular Shopper,43433,2022-03-28,MH,Nagpur
788,CUST-IND-000788,Vikram,Mishra,Vikram Mishra,vikram.mishra968@gmail.com,+91-749783850,Prefer Not to Say,18-24,Regular Shopper,29471,2022-01-04,GJ,Ahmedabad
789,CUST-IND-000789,Anjali,Joshi,Anjali Joshi,anjali.joshi384@gmail.com,+91-793099088,Prefer Not to Say,45-54,Regular Shopper,17016,2022-09-07,BR,Patna
790,CUST-IND-000790,Anita,Singh,Anita Singh,anita.singh78@gmail.com,+91-956371772,Female,55-64,Festival Occasional,11608,2021-10-26,TR,Agartala
791,CUST-IND-000791,Vikram,Pillai,Vikram Pillai,vikram.pillai706@gmail.com,+91-933206670,Female,18-24,Festival Occasional,5892,2021-09-10,ML,Shillong
792,CUST-IND-000792,Dev,Kumar,Dev Kumar,dev.kumar704@gmail.com,+91-935869767,Female,45-54,Gold Privilege,5937,2022-09-12,JH,Ranchi
793,CUST-IND-000793,Arjun,Shetty,Arjun Shetty,arjun.shetty762@gmail.com,+91-709505370,Prefer Not to Say,25-34,Gold Privilege,34527,2022-06-17,PB,Chandigarh
794,CUST-IND-000794,Ritu,Reddy,Ritu Reddy,ritu.reddy659@gmail.com,+91-954950717,Prefer Not to Say,18-24,Regular Shopper,5742,2021-02-03,PB,Chandigarh
795,CUST-IND-000795,Preeti,Singh,Preeti Singh,preeti.singh211@gmail.com,+91-971933190,Prefer Not to Say,65+,Regular Shopper,3318,2024-01-30,HR,Gurugram
796,CUST-IND-000796,Karthik,Chaudhary,Karthik Chaudhary,karthik.chaudhary771@gmail.com,+91-842347751,Male,45-54,Gold Privilege,13787,2022-02-12,UP,Lucknow
797,CUST-IND-000797,Aditya,Mishra,Aditya Mishra,aditya.mishra490@gmail.com,+91-868737631,Female,35-44,Gold Privilege,14263,2023-01-10,ML,Shillong
798,CUST-IND-000798,Swati,Verma,Swati Verma,swati.verma342@gmail.com,+91-904036374,Female,55-64,Festival Occasional,24771,2022-07-09,GJ,Ahmedabad
799,CUST-IND-000799,Aditya,Saxena,Aditya Saxena,aditya.saxena1@gmail.com,+91-857463961,Prefer Not to Say,35-44,Gold Privilege,36613,2021-11-21,AP,Visakhapatnam
800,CUST-IND-000800,Amit,Nanda,Amit Nanda,amit.nanda964@gmail.com,+91-867132128,Male,18-24,Gold Privilege,4259,2024-05-02,MN,Imphal
801,CUST-IND-000801,Kavita,Malhotra,Kavita Malhotra,kavita.malhotra442@gmail.com,+91-767941901,Male,65+,Regular Shopper,43488,2021-12-07,MH,Pune
802,CUST-IND-000802,Niharika,Mishra,Niharika Mishra,niharika.mishra207@gmail.com,+91-782555052,Prefer Not to Say,65+,Gold Privilege,31540,2021-12-31,DL,Delhi
803,CUST-IND-000803,Kavita,Kapoor,Kavita Kapoor,kavita.kapoor446@gmail.com,+91-715319163,Male,18-24,Gold Privilege,2955,2021-11-28,HR,Gurugram
804,CUST-IND-000804,Preeti,Rao,Preeti Rao,preeti.rao285@gmail.com,+91-939142795,Prefer Not to Say,18-24,Gold Privilege,17375,2021-06-26,PB,Chandigarh
805,CUST-IND-000805,Dev,Deshmukh,Dev Deshmukh,dev.deshmukh280@gmail.com,+91-769427677,Female,18-24,Regular Shopper,14118,2024-05-17,UP,Noida
806,CUST-IND-000806,Ananya,Kapoor,Ananya Kapoor,ananya.kapoor958@gmail.com,+91-823504652,Male,65+,Festival Occasional,15393,2024-01-10,WB,Kolkata
807,CUST-IND-000807,Aditya,Mukherjee,Aditya Mukherjee,aditya.mukherjee742@gmail.com,+91-886088350,Male,25-34,Regular Shopper,44480,2022-12-23,HR,Gurugram
808,CUST-IND-000808,Meera,Sharma,Meera Sharma,meera.sharma589@gmail.com,+91-883325625,Prefer Not to Say,18-24,Gold Privilege,12422,2023-07-09,UP,Lucknow
809,CUST-IND-000809,Anjali,Chaudhary,Anjali Chaudhary,anjali.chaudhary122@gmail.com,+91-816242961,Female,45-54,VIP Club Premier,8373,2024-02-21,KA,Bengaluru
810,CUST-IND-000810,Shweta,Mishra,Shweta Mishra,shweta.mishra976@gmail.com,+91-765349200,Prefer Not to Say,35-44,Festival Occasional,4701,2021-04-03,MN,Imphal
811,CUST-IND-000811,Sanjay,Nanda,Sanjay Nanda,sanjay.nanda117@gmail.com,+91-718246957,Prefer Not to Say,55-64,Regular Shopper,26563,2024-06-03,DL,Delhi
812,CUST-IND-000812,Deepika,Bansal,Deepika Bansal,deepika.bansal788@gmail.com,+91-741909319,Female,55-64,Regular Shopper,30296,2022-07-17,TR,Agartala
813,CUST-IND-000813,Niharika,Rao,Niharika Rao,niharika.rao49@gmail.com,+91-841248036,Male,25-34,VIP Club Premier,25388,2022-12-20,BR,Patna
814,CUST-IND-000814,Ritu,Jha,Ritu Jha,ritu.jha298@gmail.com,+91-779950632,Prefer Not to Say,55-64,Regular Shopper,30185,2024-03-21,TN,Chennai
815,CUST-IND-000815,Divya,Jha,Divya Jha,divya.jha998@gmail.com,+91-962508565,Female,65+,Regular Shopper,20633,2022-06-01,DL,Delhi
816,CUST-IND-000816,Anjali,Patel,Anjali Patel,anjali.patel902@gmail.com,+91-982779513,Male,55-64,Festival Occasional,10514,2021-07-04,UP,Lucknow
817,CUST-IND-000817,Rajesh,Nair,Rajesh Nair,rajesh.nair830@gmail.com,+91-916538583,Female,45-54,Regular Shopper,15228,2022-09-04,DL,Delhi
818,CUST-IND-000818,Amit,Chaudhary,Amit Chaudhary,amit.chaudhary355@gmail.com,+91-856560464,Female,45-54,Gold Privilege,32376,2021-12-21,RJ,Jaipur
819,CUST-IND-000819,Suresh,Iyer,Suresh Iyer,suresh.iyer908@gmail.com,+91-845632067,Male,25-34,Gold Privilege,8373,2023-09-17,KL,Kochi
820,CUST-IND-000820,Dev,Kumar,Dev Kumar,dev.kumar793@gmail.com,+91-776434600,Male,45-54,Gold Privilege,15578,2024-05-04,MN,Imphal
821,CUST-IND-000821,Alok,Shetty,Alok Shetty,alok.shetty930@gmail.com,+91-724836098,Male,35-44,Regular Shopper,36832,2021-11-24,AS,Guwahati
822,CUST-IND-000822,Anjali,Sen,Anjali Sen,anjali.sen651@gmail.com,+91-942430824,Male,25-34,Regular Shopper,13681,2024-05-09,TS,Hyderabad
823,CUST-IND-000823,Manoj,Saxena,Manoj Saxena,manoj.saxena455@gmail.com,+91-865825427,Female,25-34,Regular Shopper,35905,2023-03-06,AS,Guwahati
824,CUST-IND-000824,Ananya,Das,Ananya Das,ananya.das914@gmail.com,+91-704460526,Female,65+,Festival Occasional,41207,2021-03-26,MN,Imphal
825,CUST-IND-000825,Priya,Mukherjee,Priya Mukherjee,priya.mukherjee338@gmail.com,+91-815599372,Female,18-24,Festival Occasional,26409,2021-04-11,MH,Mumbai
826,CUST-IND-000826,Lakshmi,Bansal,Lakshmi Bansal,lakshmi.bansal673@gmail.com,+91-709543554,Prefer Not to Say,18-24,Gold Privilege,20310,2024-01-01,HR,Gurugram
827,CUST-IND-000827,Preeti,Hegde,Preeti Hegde,preeti.hegde794@gmail.com,+91-956346201,Male,35-44,Regular Shopper,12339,2022-08-08,AS,Guwahati
828,CUST-IND-000828,Bhavna,Reddy,Bhavna Reddy,bhavna.reddy740@gmail.com,+91-915137427,Male,18-24,Gold Privilege,18247,2023-05-29,OD,Bhubaneswar
829,CUST-IND-000829,Niharika,Agarwal,Niharika Agarwal,niharika.agarwal852@gmail.com,+91-764823993,Prefer Not to Say,18-24,Festival Occasional,43372,2023-01-25,TS,Hyderabad
830,CUST-IND-000830,Ananya,Mishra,Ananya Mishra,ananya.mishra933@gmail.com,+91-902588374,Male,65+,Regular Shopper,14391,2021-06-10,HR,Gurugram
831,CUST-IND-000831,Vikram,Gupta,Vikram Gupta,vikram.gupta345@gmail.com,+91-891076312,Prefer Not to Say,35-44,Regular Shopper,12355,2021-12-13,UP,Lucknow
832,CUST-IND-000832,Rahul,Nanda,Rahul Nanda,rahul.nanda74@gmail.com,+91-793735359,Female,65+,Festival Occasional,7524,2023-11-01,KL,Kochi
833,CUST-IND-000833,Ritu,Bhat,Ritu Bhat,ritu.bhat854@gmail.com,+91-931655151,Female,25-34,Gold Privilege,19199,2022-01-08,DL,Delhi
834,CUST-IND-000834,Tarun,Bhat,Tarun Bhat,tarun.bhat119@gmail.com,+91-758928154,Prefer Not to Say,25-34,Regular Shopper,7497,2023-11-29,HR,Gurugram
835,CUST-IND-000835,Shweta,Verma,Shweta Verma,shweta.verma35@gmail.com,+91-762937078,Female,18-24,Regular Shopper,26692,2021-11-15,KL,Kochi
836,CUST-IND-000836,Alok,Desai,Alok Desai,alok.desai395@gmail.com,+91-761821745,Prefer Not to Say,35-44,Regular Shopper,28676,2023-06-07,AS,Guwahati
837,CUST-IND-000837,Shweta,Patel,Shweta Patel,shweta.patel376@gmail.com,+91-737238496,Male,18-24,Festival Occasional,23432,2021-10-21,KA,Bengaluru
838,CUST-IND-000838,Deepak,Deshmukh,Deepak Deshmukh,deepak.deshmukh804@gmail.com,+91-829443599,Female,55-64,VIP Club Premier,9918,2021-07-15,AS,Guwahati
839,CUST-IND-000839,Priya,Mishra,Priya Mishra,priya.mishra779@gmail.com,+91-848650369,Female,18-24,Regular Shopper,36756,2023-05-29,GJ,Surat
840,CUST-IND-000840,Preeti,Sen,Preeti Sen,preeti.sen414@gmail.com,+91-812383371,Prefer Not to Say,35-44,Gold Privilege,42041,2024-05-23,TR,Agartala
841,CUST-IND-000841,Vikram,Dutta,Vikram Dutta,vikram.dutta480@gmail.com,+91-845414101,Female,45-54,Festival Occasional,38976,2022-02-14,UP,Lucknow
842,CUST-IND-000842,Meera,Chaudhary,Meera Chaudhary,meera.chaudhary637@gmail.com,+91-829939256,Prefer Not to Say,35-44,Festival Occasional,20726,2023-04-13,BR,Patna
843,CUST-IND-000843,Niharika,Mishra,Niharika Mishra,niharika.mishra840@gmail.com,+91-888712448,Male,18-24,Regular Shopper,26166,2024-03-24,MN,Imphal
844,CUST-IND-000844,Deepak,Agarwal,Deepak Agarwal,deepak.agarwal993@gmail.com,+91-977040140,Female,35-44,Gold Privilege,2237,2021-07-20,MN,Imphal
845,CUST-IND-000845,Swati,Das,Swati Das,swati.das739@gmail.com,+91-994288693,Prefer Not to Say,25-34,Gold Privilege,42573,2021-06-07,WB,Kolkata
846,CUST-IND-000846,Karthik,Shetty,Karthik Shetty,karthik.shetty11@gmail.com,+91-995657615,Male,18-24,Regular Shopper,37114,2023-04-19,BR,Patna
847,CUST-IND-000847,Ananya,Gupta,Ananya Gupta,ananya.gupta806@gmail.com,+91-995733168,Female,25-34,Regular Shopper,44774,2024-05-07,MP,Indore
848,CUST-IND-000848,Karthik,Reddy,Karthik Reddy,karthik.reddy195@gmail.com,+91-938150535,Prefer Not to Say,55-64,Regular Shopper,11551,2022-04-30,TS,Hyderabad
849,CUST-IND-000849,Anjali,Bhat,Anjali Bhat,anjali.bhat761@gmail.com,+91-941182187,Prefer Not to Say,35-44,Gold Privilege,11842,2021-09-26,PB,Chandigarh
850,CUST-IND-000850,Aarav,Verma,Aarav Verma,aarav.verma63@gmail.com,+91-929310881,Prefer Not to Say,18-24,Regular Shopper,43951,2022-08-03,OD,Bhubaneswar
851,CUST-IND-000851,Suresh,Nair,Suresh Nair,suresh.nair227@gmail.com,+91-903233539,Male,25-34,Gold Privilege,15973,2021-01-10,TR,Agartala
852,CUST-IND-000852,Pooja,Chatterjee,Pooja Chatterjee,pooja.chatterjee975@gmail.com,+91-904237161,Male,65+,Regular Shopper,41753,2023-07-20,GJ,Surat
853,CUST-IND-000853,Sunita,Shetty,Sunita Shetty,sunita.shetty294@gmail.com,+91-973507314,Male,18-24,Gold Privilege,12169,2024-01-22,OD,Bhubaneswar
854,CUST-IND-000854,Priya,Reddy,Priya Reddy,priya.reddy870@gmail.com,+91-934756830,Male,18-24,Regular Shopper,35197,2022-09-04,MH,Pune
855,CUST-IND-000855,Amit,Nanda,Amit Nanda,amit.nanda400@gmail.com,+91-894733814,Prefer Not to Say,35-44,Regular Shopper,24670,2024-03-14,ML,Shillong
856,CUST-IND-000856,Aditya,Iyer,Aditya Iyer,aditya.iyer487@gmail.com,+91-941184152,Prefer Not to Say,55-64,VIP Club Premier,29982,2021-10-02,RJ,Jaipur
857,CUST-IND-000857,Manoj,Dutta,Manoj Dutta,manoj.dutta896@gmail.com,+91-709720799,Prefer Not to Say,65+,Regular Shopper,25755,2021-03-12,TR,Agartala
858,CUST-IND-000858,Neha,Bansal,Neha Bansal,neha.bansal806@gmail.com,+91-776453273,Prefer Not to Say,65+,Gold Privilege,38425,2023-07-18,BR,Patna
859,CUST-IND-000859,Pooja,Kumar,Pooja Kumar,pooja.kumar216@gmail.com,+91-845877302,Female,18-24,VIP Club Premier,38851,2024-01-30,ML,Shillong
860,CUST-IND-000860,Neha,Kumar,Neha Kumar,neha.kumar8@gmail.com,+91-861603230,Prefer Not to Say,45-54,Gold Privilege,3494,2022-08-28,TN,Chennai
861,CUST-IND-000861,Lakshmi,Iyer,Lakshmi Iyer,lakshmi.iyer522@gmail.com,+91-928542462,Male,25-34,Festival Occasional,10056,2021-11-22,PB,Chandigarh
862,CUST-IND-000862,Preeti,Pillai,Preeti Pillai,preeti.pillai20@gmail.com,+91-931122537,Prefer Not to Say,45-54,Festival Occasional,16921,2024-06-24,GJ,Surat
863,CUST-IND-000863,Preeti,Singh,Preeti Singh,preeti.singh871@gmail.com,+91-783227285,Prefer Not to Say,18-24,Regular Shopper,33046,2021-09-05,MN,Imphal
864,CUST-IND-000864,Sanjay,Chatterjee,Sanjay Chatterjee,sanjay.chatterjee2@gmail.com,+91-747258400,Prefer Not to Say,55-64,Festival Occasional,8088,2023-03-25,ML,Shillong
865,CUST-IND-000865,Aditya,Pillai,Aditya Pillai,aditya.pillai52@gmail.com,+91-793796332,Prefer Not to Say,65+,Festival Occasional,33523,2022-07-04,AP,Visakhapatnam
866,CUST-IND-000866,Neha,Nair,Neha Nair,neha.nair992@gmail.com,+91-712620021,Female,35-44,Festival Occasional,26999,2023-07-26,BR,Patna
867,CUST-IND-000867,Dev,Nanda,Dev Nanda,dev.nanda172@gmail.com,+91-759952206,Female,55-64,Festival Occasional,4818,2022-04-25,AS,Guwahati
868,CUST-IND-000868,Bhavna,Desai,Bhavna Desai,bhavna.desai510@gmail.com,+91-999984841,Male,25-34,Gold Privilege,31768,2022-06-22,DL,Delhi
869,CUST-IND-000869,Swati,Iyer,Swati Iyer,swati.iyer223@gmail.com,+91-771194197,Male,18-24,Regular Shopper,14946,2021-02-04,MH,Mumbai
870,CUST-IND-000870,Anjali,Mehta,Anjali Mehta,anjali.mehta346@gmail.com,+91-948880865,Prefer Not to Say,25-34,Gold Privilege,35736,2024-05-08,DL,Delhi
871,CUST-IND-000871,Kavita,Bhat,Kavita Bhat,kavita.bhat840@gmail.com,+91-919564332,Female,45-54,Gold Privilege,1581,2021-06-05,UP,Noida
872,CUST-IND-000872,Priya,Gupta,Priya Gupta,priya.gupta151@gmail.com,+91-802842926,Female,65+,Regular Shopper,14004,2021-12-11,UP,Lucknow
873,CUST-IND-000873,Tarun,Pillai,Tarun Pillai,tarun.pillai652@gmail.com,+91-768711978,Female,25-34,VIP Club Premier,33075,2021-05-29,WB,Kolkata
874,CUST-IND-000874,Alok,Nair,Alok Nair,alok.nair526@gmail.com,+91-776612581,Prefer Not to Say,35-44,Gold Privilege,12348,2022-01-25,KA,Bengaluru
875,CUST-IND-000875,Neha,Shetty,Neha Shetty,neha.shetty12@gmail.com,+91-937574008,Prefer Not to Say,55-64,Gold Privilege,36226,2021-10-14,WB,Kolkata
876,CUST-IND-000876,Swati,Das,Swati Das,swati.das225@gmail.com,+91-873483136,Female,55-64,Gold Privilege,8122,2022-02-13,GJ,Surat
877,CUST-IND-000877,Tarun,Das,Tarun Das,tarun.das775@gmail.com,+91-877381037,Prefer Not to Say,25-34,Gold Privilege,42341,2023-07-31,UP,Noida
878,CUST-IND-000878,Karthik,Nanda,Karthik Nanda,karthik.nanda108@gmail.com,+91-866584372,Prefer Not to Say,25-34,Festival Occasional,28055,2022-06-23,MH,Nagpur
879,CUST-IND-000879,Deepika,Patel,Deepika Patel,deepika.patel578@gmail.com,+91-888664731,Female,25-34,Regular Shopper,21769,2024-06-23,MN,Imphal
880,CUST-IND-000880,Manoj,Desai,Manoj Desai,manoj.desai713@gmail.com,+91-836442715,Male,25-34,Gold Privilege,6985,2023-09-11,MH,Pune
881,CUST-IND-000881,Alok,Iyer,Alok Iyer,alok.iyer48@gmail.com,+91-883275782,Prefer Not to Say,25-34,Regular Shopper,40875,2022-10-20,AS,Guwahati
882,CUST-IND-000882,Swati,Sharma,Swati Sharma,swati.sharma178@gmail.com,+91-799748137,Prefer Not to Say,45-54,Regular Shopper,14973,2024-06-02,TN,Chennai
883,CUST-IND-000883,Lakshmi,Malhotra,Lakshmi Malhotra,lakshmi.malhotra468@gmail.com,+91-778216274,Male,55-64,Festival Occasional,13152,2022-10-27,TN,Chennai
884,CUST-IND-000884,Alok,Gupta,Alok Gupta,alok.gupta109@gmail.com,+91-792579545,Male,25-34,Festival Occasional,9935,2024-01-27,DL,Delhi
885,CUST-IND-000885,Niharika,Verma,Niharika Verma,niharika.verma982@gmail.com,+91-731565761,Female,55-64,Regular Shopper,34898,2022-11-09,AP,Visakhapatnam
886,CUST-IND-000886,Anita,Das,Anita Das,anita.das376@gmail.com,+91-984647607,Female,18-24,VIP Club Premier,21105,2023-11-12,PB,Chandigarh
887,CUST-IND-000887,Bhavna,Reddy,Bhavna Reddy,bhavna.reddy996@gmail.com,+91-856173892,Male,45-54,Gold Privilege,16581,2024-04-26,MP,Indore
888,CUST-IND-000888,Kavita,Bansal,Kavita Bansal,kavita.bansal280@gmail.com,+91-764353615,Prefer Not to Say,55-64,Regular Shopper,13356,2021-10-21,MH,Mumbai
889,CUST-IND-000889,Aditya,Mukherjee,Aditya Mukherjee,aditya.mukherjee502@gmail.com,+91-712989291,Male,55-64,Regular Shopper,6848,2022-05-20,JH,Ranchi
890,CUST-IND-000890,Anita,Mishra,Anita Mishra,anita.mishra370@gmail.com,+91-997975535,Prefer Not to Say,35-44,VIP Club Premier,8005,2022-01-06,MN,Imphal
891,CUST-IND-000891,Rahul,Chaudhary,Rahul Chaudhary,rahul.chaudhary702@gmail.com,+91-835663789,Female,65+,Gold Privilege,9545,2021-04-08,TR,Agartala
892,CUST-IND-000892,Rahul,Mukherjee,Rahul Mukherjee,rahul.mukherjee34@gmail.com,+91-777739768,Male,18-24,Regular Shopper,12015,2024-03-17,GJ,Surat
893,CUST-IND-000893,Lakshmi,Iyer,Lakshmi Iyer,lakshmi.iyer143@gmail.com,+91-799817662,Prefer Not to Say,18-24,Regular Shopper,5452,2024-01-22,AS,Guwahati
894,CUST-IND-000894,Alok,Agarwal,Alok Agarwal,alok.agarwal506@gmail.com,+91-803229276,Male,18-24,Gold Privilege,10424,2021-05-11,OD,Bhubaneswar
895,CUST-IND-000895,Sunita,Nanda,Sunita Nanda,sunita.nanda335@gmail.com,+91-964625232,Male,35-44,Gold Privilege,10764,2023-04-06,WB,Kolkata
896,CUST-IND-000896,Divya,Desai,Divya Desai,divya.desai441@gmail.com,+91-716132471,Female,18-24,VIP Club Premier,14666,2021-01-18,ML,Shillong
897,CUST-IND-000897,Suresh,Iyer,Suresh Iyer,suresh.iyer908@gmail.com,+91-847370763,Male,25-34,Regular Shopper,34026,2021-12-17,KL,Kochi
898,CUST-IND-000898,Sanjay,Nair,Sanjay Nair,sanjay.nair498@gmail.com,+91-826957854,Prefer Not to Say,45-54,Regular Shopper,26155,2021-05-06,MN,Imphal
899,CUST-IND-000899,Ritu,Deshmukh,Ritu Deshmukh,ritu.deshmukh3@gmail.com,+91-992446656,Prefer Not to Say,65+,Festival Occasional,30595,2021-12-17,MH,Pune
900,CUST-IND-000900,Rahul,Nair,Rahul Nair,rahul.nair881@gmail.com,+91-919618300,Prefer Not to Say,25-34,Gold Privilege,21408,2022-05-02,GJ,Surat
901,CUST-IND-000901,Vikram,Singh,Vikram Singh,vikram.singh99@gmail.com,+91-798795317,Prefer Not to Say,55-64,VIP Club Premier,27589,2023-12-01,GJ,Surat
902,CUST-IND-000902,Rahul,Reddy,Rahul Reddy,rahul.reddy651@gmail.com,+91-997319407,Prefer Not to Say,55-64,Gold Privilege,35342,2024-01-31,MN,Imphal
903,CUST-IND-000903,Rajesh,Mukherjee,Rajesh Mukherjee,rajesh.mukherjee1@gmail.com,+91-797977239,Male,55-64,Regular Shopper,14909,2021-08-13,UP,Lucknow
904,CUST-IND-000904,Dev,Joshi,Dev Joshi,unregistered@retail.com,+91-778125528,Prefer Not to Say,45-54,Festival Occasional,31437,2021-03-30,OD,Bhubaneswar
905,CUST-IND-000905,Niharika,Bhat,Niharika Bhat,niharika.bhat407@gmail.com,+91-973771676,Female,65+,Regular Shopper,21772,2021-02-14,MH,Mumbai
906,CUST-IND-000906,Kavita,Dutta,Kavita Dutta,kavita.dutta784@gmail.com,+91-803895399,Male,55-64,Gold Privilege,16839,2022-07-13,OD,Bhubaneswar
907,CUST-IND-000907,Rajesh,Das,Rajesh Das,rajesh.das154@gmail.com,+91-728349050,Female,55-64,Regular Shopper,41955,2022-12-27,DL,Delhi
908,CUST-IND-000908,Suresh,Desai,Suresh Desai,suresh.desai305@gmail.com,+91-886534405,Female,25-34,Gold Privilege,17838,2023-02-04,HR,Gurugram
909,CUST-IND-000909,Shweta,Pillai,Shweta Pillai,shweta.pillai249@gmail.com,+91-803140116,Prefer Not to Say,18-24,Gold Privilege,28547,2023-02-05,AP,Visakhapatnam
910,CUST-IND-000910,Pooja,Chaudhary,Pooja Chaudhary,pooja.chaudhary688@gmail.com,+91-901218075,Prefer Not to Say,65+,Regular Shopper,33506,2021-05-21,OD,Bhubaneswar
911,CUST-IND-000911,Tarun,Jha,Tarun Jha,tarun.jha511@gmail.com,+91-915753270,Prefer Not to Say,55-64,Gold Privilege,25534,2024-01-12,TS,Hyderabad
912,CUST-IND-000912,Rohan,Kumar,Rohan Kumar,rohan.kumar121@gmail.com,+91-868884234,Prefer Not to Say,18-24,Regular Shopper,21868,2023-08-05,MP,Indore
913,CUST-IND-000913,Bhavna,Kumar,Bhavna Kumar,bhavna.kumar496@gmail.com,+91-987472839,Prefer Not to Say,18-24,Gold Privilege,2554,2024-01-23,MH,Nagpur
914,CUST-IND-000914,Dev,Shetty,Dev Shetty,dev.shetty375@gmail.com,+91-715533813,Male,18-24,Regular Shopper,44646,2022-11-26,BR,Patna
915,CUST-IND-000915,Bhavna,Mehta,Bhavna Mehta,bhavna.mehta421@gmail.com,+91-942695970,Male,65+,Regular Shopper,11289,2024-05-06,WB,Kolkata
916,CUST-IND-000916,Karthik,Bhat,Karthik Bhat,karthik.bhat871@gmail.com,+91-778536738,Female,18-24,Festival Occasional,17273,2022-10-21,ML,Shillong
917,CUST-IND-000917,Kavita,Chaudhary,Kavita Chaudhary,kavita.chaudhary583@gmail.com,+91-804713717,Prefer Not to Say,45-54,Festival Occasional,43105,2021-08-08,RJ,Jaipur
918,CUST-IND-000918,Pooja,Chatterjee,Pooja Chatterjee,pooja.chatterjee744@gmail.com,+91-928172613,Female,55-64,Regular Shopper,13580,2022-06-24,KL,Kochi
919,CUST-IND-000919,Suresh,Trivedi,Suresh Trivedi,suresh.trivedi413@gmail.com,+91-722245573,Female,18-24,Gold Privilege,16481,2024-06-08,GJ,Surat
920,CUST-IND-000920,Dev,Hegde,Dev Hegde,dev.hegde534@gmail.com,+91-855422913,Female,25-34,Gold Privilege,14106,2021-04-16,ML,Shillong
921,CUST-IND-000921,Niharika,Dutta,Niharika Dutta,niharika.dutta209@gmail.com,+91-702716195,Female,18-24,VIP Club Premier,5438,2022-12-30,MH,Pune
922,CUST-IND-000922,Bhavna,Das,Bhavna Das,bhavna.das712@gmail.com,+91-882491299,Female,35-44,Regular Shopper,3471,2021-04-05,GJ,Surat
923,CUST-IND-000923,Anjali,Jha,Anjali Jha,anjali.jha256@gmail.com,+91-966313937,Male,65+,Regular Shopper,34660,2021-03-21,KL,Kochi
924,CUST-IND-000924,Rajesh,Pillai,Rajesh Pillai,rajesh.pillai139@gmail.com,+91-845209725,Male,65+,Regular Shopper,7018,2023-09-07,BR,Patna
925,CUST-IND-000925,Suresh,Jha,Suresh Jha,suresh.jha445@gmail.com,+91-856534662,Prefer Not to Say,35-44,Regular Shopper,319,2022-03-05,PB,Chandigarh
926,CUST-IND-000926,Ritu,Iyer,Ritu Iyer,ritu.iyer327@gmail.com,+91-804389639,Female,55-64,Gold Privilege,38967,2023-07-16,UP,Noida
927,CUST-IND-000927,Alok,Chatterjee,Alok Chatterjee,alok.chatterjee191@gmail.com,+91-806614130,Female,65+,Regular Shopper,14304,2024-04-01,MH,Pune
928,CUST-IND-000928,Manoj,Chaudhary,Manoj Chaudhary,manoj.chaudhary326@gmail.com,+91-758956288,Male,25-34,Gold Privilege,3237,2024-01-06,ML,Shillong
929,CUST-IND-000929,Sanjay,Rao,Sanjay Rao,sanjay.rao206@gmail.com,+91-809502413,Prefer Not to Say,25-34,Gold Privilege,4825,2023-03-19,UP,Lucknow
930,CUST-IND-000930,Neha,Bhat,Neha Bhat,neha.bhat669@gmail.com,+91-851112098,Female,18-24,Gold Privilege,2410,2023-03-31,ML,Shillong
931,CUST-IND-000931,Deepak,Sen,Deepak Sen,deepak.sen712@gmail.com,+91-983654350,Female,65+,Regular Shopper,10262,2024-02-09,AS,Guwahati
932,CUST-IND-000932,Lakshmi,Chaudhary,Lakshmi Chaudhary,lakshmi.chaudhary162@gmail.com,+91-991395984,Female,18-24,VIP Club Premier,422,2023-08-17,KA,Bengaluru
933,CUST-IND-000933,Rahul,Trivedi,Rahul Trivedi,rahul.trivedi566@gmail.com,+91-967044634,Prefer Not to Say,65+,Gold Privilege,40768,2024-03-22,RJ,Jaipur
934,CUST-IND-000934,Karthik,Trivedi,Karthik Trivedi,karthik.trivedi1@gmail.com,+91-856183160,Male,45-54,Gold Privilege,17757,2022-03-08,KL,Kochi
935,CUST-IND-000935,Bhavna,Chaudhary,Bhavna Chaudhary,bhavna.chaudhary875@gmail.com,+91-762308450,Prefer Not to Say,18-24,Regular Shopper,9721,2023-01-07,DL,Delhi
936,CUST-IND-000936,Sunita,Das,Sunita Das,sunita.das203@gmail.com,+91-872986458,Prefer Not to Say,55-64,Regular Shopper,16097,2024-04-03,MH,Pune
937,CUST-IND-000937,Priya,Singh,Priya Singh,priya.singh241@gmail.com,+91-722551561,Female,65+,VIP Club Premier,23769,2024-04-20,GJ,Surat
938,CUST-IND-000938,Dev,Reddy,Dev Reddy,dev.reddy459@gmail.com,+91-905763896,Male,45-54,Regular Shopper,15171,2022-03-27,UP,Lucknow
939,CUST-IND-000939,Karthik,Chatterjee,Karthik Chatterjee,karthik.chatterjee877@gmail.com,+91-825488093,Female,45-54,Regular Shopper,15948,2022-06-30,JH,Ranchi
940,CUST-IND-000940,Meera,Iyer,Meera Iyer,meera.iyer65@gmail.com,+91-811425744,Prefer Not to Say,25-34,Regular Shopper,18990,2022-06-20,MH,Mumbai
941,CUST-IND-000941,Vikram,Patel,Vikram Patel,vikram.patel72@gmail.com,+91-872392495,Prefer Not to Say,35-44,Regular Shopper,36065,2023-11-20,GJ,Surat
942,CUST-IND-000942,Ananya,Kulkarni,Ananya Kulkarni,ananya.kulkarni166@gmail.com,+91-718930196,Prefer Not to Say,55-64,Festival Occasional,39984,2023-01-11,JH,Ranchi
943,CUST-IND-000943,Anita,Sen,Anita Sen,anita.sen897@gmail.com,+91-865656011,Male,35-44,Regular Shopper,6559,2022-10-27,KL,Kochi
944,CUST-IND-000944,Sunita,Joshi,Sunita Joshi,sunita.joshi493@gmail.com,+91-771534583,Prefer Not to Say,45-54,Regular Shopper,41213,2024-01-25,KA,Bengaluru
945,CUST-IND-000945,Divya,Hegde,Divya Hegde,divya.hegde506@gmail.com,+91-995585876,Prefer Not to Say,65+,Regular Shopper,8377,2021-12-01,BR,Patna
946,CUST-IND-000946,Pooja,Iyer,Pooja Iyer,pooja.iyer301@gmail.com,+91-805250273,Male,25-34,Regular Shopper,15902,2022-02-22,GJ,Surat
947,CUST-IND-000947,Priya,Verma,Priya Verma,priya.verma202@gmail.com,+91-869655563,Female,45-54,Gold Privilege,11596,2021-03-02,AS,Guwahati
948,CUST-IND-000948,Aditya,Chatterjee,Aditya Chatterjee,aditya.chatterjee957@gmail.com,+91-904767497,Male,65+,VIP Club Premier,38639,2022-12-20,MN,Imphal
949,CUST-IND-000949,Deepika,Malhotra,Deepika Malhotra,deepika.malhotra945@gmail.com,+91-856631343,Female,25-34,Festival Occasional,16671,2022-01-03,MH,Nagpur
950,CUST-IND-000950,Pooja,Malhotra,Pooja Malhotra,pooja.malhotra190@gmail.com,+91-763860860,Male,18-24,Gold Privilege,35241,2022-03-11,OD,Bhubaneswar
951,CUST-IND-000951,Sanjay,Kapoor,Sanjay Kapoor,sanjay.kapoor766@gmail.com,+91-987347239,Prefer Not to Say,25-34,Festival Occasional,23607,2022-04-25,MP,Indore
952,CUST-IND-000952,Vikram,Mukherjee,Vikram Mukherjee,vikram.mukherjee261@gmail.com,+91-974143774,Female,65+,Festival Occasional,20391,2022-08-26,PB,Chandigarh
953,CUST-IND-000953,Aditya,Das,Aditya Das,aditya.das861@gmail.com,+91-868464749,Male,18-24,Regular Shopper,22087,2023-10-06,MH,Pune
954,CUST-IND-000954,Aditya,Hegde,Aditya Hegde,aditya.hegde985@gmail.com,+91-899424093,Prefer Not to Say,18-24,Regular Shopper,43219,2023-08-16,OD,Bhubaneswar
955,CUST-IND-000955,Divya,Deshmukh,Divya Deshmukh,divya.deshmukh765@gmail.com,+91-715698351,Prefer Not to Say,65+,Gold Privilege,41769,2022-05-21,RJ,Jaipur
956,CUST-IND-000956,Suresh,Saxena,Suresh Saxena,suresh.saxena965@gmail.com,+91-713558369,Female,65+,Regular Shopper,31657,2023-11-08,KA,Bengaluru
957,CUST-IND-000957,Vishal,Singh,Vishal Singh,vishal.singh9@gmail.com,+91-836591278,Male,45-54,Regular Shopper,7289,2023-10-03,KL,Kochi
958,CUST-IND-000958,Anjali,Patel,Anjali Patel,anjali.patel186@gmail.com,+91-721986052,Male,45-54,Festival Occasional,11649,2023-02-24,AS,Guwahati
959,CUST-IND-000959,Swati,Patel,Swati Patel,swati.patel559@gmail.com,+91-958346963,Prefer Not to Say,35-44,Festival Occasional,7557,2023-04-15,AP,Visakhapatnam
960,CUST-IND-000960,Deepika,Malhotra,Deepika Malhotra,deepika.malhotra554@gmail.com,+91-867802265,Prefer Not to Say,55-64,Regular Shopper,22812,2024-05-23,KA,Bengaluru
961,CUST-IND-000961,Neha,Das,Neha Das,neha.das519@gmail.com,+91-862069934,Female,65+,Festival Occasional,40597,2022-07-07,WB,Kolkata
962,CUST-IND-000962,Kavita,Kumar,Kavita Kumar,kavita.kumar164@gmail.com,+91-773275196,Male,55-64,Gold Privilege,37534,2021-10-20,KA,Bengaluru
963,CUST-IND-000963,Ritu,Singh,Ritu Singh,ritu.singh311@gmail.com,+91-977317865,Male,55-64,Gold Privilege,36354,2021-01-04,AS,Guwahati
964,CUST-IND-000964,Divya,Dutta,Divya Dutta,divya.dutta543@gmail.com,+91-764713251,Prefer Not to Say,45-54,Festival Occasional,42941,2023-10-20,ML,Shillong
965,CUST-IND-000965,Tarun,Desai,Tarun Desai,tarun.desai825@gmail.com,+91-726354533,Female,18-24,Regular Shopper,38191,2022-01-07,AS,Guwahati
966,CUST-IND-000966,Niharika,Saxena,Niharika Saxena,niharika.saxena294@gmail.com,+91-952470449,Female,65+,VIP Club Premier,29717,2021-05-15,HR,Gurugram
967,CUST-IND-000967,Anita,Chatterjee,Anita Chatterjee,anita.chatterjee587@gmail.com,+91-861881571,Female,18-24,Gold Privilege,28912,2024-06-01,TR,Agartala
968,CUST-IND-000968,Aditya,Bhat,Aditya Bhat,unregistered@retail.com,+91-851258677,Prefer Not to Say,45-54,Regular Shopper,28712,2021-05-15,WB,Kolkata
969,CUST-IND-000969,Deepak,Bhat,Deepak Bhat,deepak.bhat330@gmail.com,+91-888827055,Prefer Not to Say,65+,Festival Occasional,2244,2021-01-09,MH,Pune
970,CUST-IND-000970,Dev,Shetty,Dev Shetty,dev.shetty664@gmail.com,+91-847184067,Female,25-34,VIP Club Premier,15595,2023-12-20,BR,Patna
971,CUST-IND-000971,Suresh,Bhat,Suresh Bhat,suresh.bhat930@gmail.com,+91-937462905,Female,55-64,Regular Shopper,22769,2023-09-22,AS,Guwahati
972,CUST-IND-000972,Anita,Desai,Anita Desai,anita.desai547@gmail.com,+91-907502716,Male,55-64,Regular Shopper,15975,2022-11-14,BR,Patna
973,CUST-IND-000973,Rahul,Saxena,Rahul Saxena,rahul.saxena8@gmail.com,+91-987019050,Male,65+,Festival Occasional,10547,2023-08-19,AS,Guwahati
974,CUST-IND-000974,Bhavna,Singh,Bhavna Singh,bhavna.singh392@gmail.com,+91-763159332,Female,65+,Gold Privilege,30389,2022-03-20,MH,Pune
975,CUST-IND-000975,Niharika,Gupta,Niharika Gupta,niharika.gupta224@gmail.com,+91-832955831,Male,25-34,Regular Shopper,11802,2023-05-13,ML,Shillong
976,CUST-IND-000976,Pooja,Hegde,Pooja Hegde,pooja.hegde644@gmail.com,+91-721346953,Female,55-64,Gold Privilege,12138,2023-08-19,MH,Mumbai
977,CUST-IND-000977,Bhavna,Sharma,Bhavna Sharma,bhavna.sharma918@gmail.com,+91-891279774,Prefer Not to Say,45-54,Regular Shopper,31786,2024-02-23,WB,Kolkata
978,CUST-IND-000978,Anjali,Mishra,Anjali Mishra,anjali.mishra122@gmail.com,+91-772017083,Prefer Not to Say,65+,Gold Privilege,31718,2021-06-17,MH,Mumbai
979,CUST-IND-000979,Deepak,Hegde,Deepak Hegde,deepak.hegde513@gmail.com,+91-978603335,Female,18-24,Regular Shopper,16970,2021-09-08,GJ,Surat
980,CUST-IND-000980,Manoj,Pillai,Manoj Pillai,manoj.pillai520@gmail.com,+91-771589556,Prefer Not to Say,55-64,VIP Club Premier,22091,2023-09-07,BR,Patna
981,CUST-IND-000981,Suresh,Malhotra,Suresh Malhotra,suresh.malhotra490@gmail.com,+91-872384608,Female,65+,Regular Shopper,33774,2021-09-03,HR,Gurugram
982,CUST-IND-000982,Karthik,Shetty,Karthik Shetty,karthik.shetty686@gmail.com,+91-708539003,Female,55-64,Regular Shopper,11611,2022-08-21,OD,Bhubaneswar
983,CUST-IND-000983,Alok,Kulkarni,Alok Kulkarni,alok.kulkarni516@gmail.com,+91-832107749,Female,65+,Gold Privilege,31218,2023-12-20,TS,Hyderabad
984,CUST-IND-000984,Bhavna,Mishra,Bhavna Mishra,bhavna.mishra976@gmail.com,+91-958759659,Male,65+,Gold Privilege,25899,2021-06-21,DL,Delhi
985,CUST-IND-000985,Sanjay,Singh,Sanjay Singh,sanjay.singh98@gmail.com,+91-966220260,Prefer Not to Say,55-64,Regular Shopper,1881,2021-06-08,MH,Pune
986,CUST-IND-000986,Deepika,Kumar,Deepika Kumar,deepika.kumar676@gmail.com,+91-856206502,Male,45-54,VIP Club Premier,27534,2021-01-12,MH,Nagpur
987,CUST-IND-000987,Arjun,Jha,Arjun Jha,arjun.jha737@gmail.com,+91-753222886,Male,45-54,Regular Shopper,23435,2021-04-16,GJ,Surat
988,CUST-IND-000988,Suresh,Gupta,Suresh Gupta,suresh.gupta704@gmail.com,+91-799765352,Female,35-44,Regular Shopper,43737,2021-03-09,MH,Mumbai
989,CUST-IND-000989,Bhavna,Mishra,Bhavna Mishra,bhavna.mishra106@gmail.com,+91-904620823,Male,18-24,Regular Shopper,270,2023-09-27,AS,Guwahati
990,CUST-IND-000990,Ananya,Reddy,Ananya Reddy,ananya.reddy9@gmail.com,+91-823464758,Prefer Not to Say,65+,Regular Shopper,15833,2021-08-25,HR,Gurugram
991,CUST-IND-000991,Ritu,Malhotra,Ritu Malhotra,ritu.malhotra815@gmail.com,+91-948766754,Male,18-24,Regular Shopper,9859,2022-08-18,KA,Bengaluru
992,CUST-IND-000992,Meera,Agarwal,Meera Agarwal,meera.agarwal390@gmail.com,+91-902247982,Female,55-64,Festival Occasional,42073,2023-10-30,TN,Chennai
993,CUST-IND-000993,Meera,Bansal,Meera Bansal,meera.bansal687@gmail.com,+91-777906505,Male,65+,Regular Shopper,39133,2021-06-25,MH,Nagpur
994,CUST-IND-000994,Priya,Saxena,Priya Saxena,priya.saxena761@gmail.com,+91-965136562,Male,25-34,Regular Shopper,18890,2024-03-09,GJ,Surat
995,CUST-IND-000995,Karthik,Kumar,Karthik Kumar,karthik.kumar921@gmail.com,+91-913507760,Prefer Not to Say,65+,Gold Privilege,17495,2022-04-20,JH,Ranchi
996,CUST-IND-000996,Karthik,Reddy,Karthik Reddy,karthik.reddy642@gmail.com,+91-988932313,Male,65+,VIP Club Premier,969,2021-07-25,ML,Shillong
997,CUST-IND-000997,Dev,Kapoor,Dev Kapoor,dev.kapoor501@gmail.com,+91-994327529,Prefer Not to Say,18-24,Festival Occasional,38466,2021-10-02,PB,Chandigarh
998,CUST-IND-000998,Anita,Singh,Anita Singh,anita.singh280@gmail.com,+91-946586063,Female,65+,Gold Privilege,34201,2021-03-14,MH,Nagpur
999,CUST-IND-000999,Tarun,Mehta,Tarun Mehta,tarun.mehta36@gmail.com,+91-801804441,Male,18-24,Regular Shopper,38754,2021-12-06,ML,Shillong
1000,CUST-IND-001000,Deepak,Mehta,Deepak Mehta,deepak.mehta343@gmail.com,+91-972354180,Male,55-64,Regular Shopper,647,2021-08-18,TN,Chennai
1001,CUST-IND-001001,Dev,Mukherjee,Dev Mukherjee,dev.mukherjee531@gmail.com,+91-781549462,Prefer Not to Say,25-34,Regular Shopper,18985,2024-03-21,MH,Pune
1002,CUST-IND-001002,Karthik,Chaudhary,Karthik Chaudhary,karthik.chaudhary441@gmail.com,+91-917277129,Prefer Not to Say,18-24,Festival Occasional,22176,2024-04-21,RJ,Jaipur
1003,CUST-IND-001003,Anjali,Singh,Anjali Singh,anjali.singh207@gmail.com,+91-972897401,Prefer Not to Say,65+,Festival Occasional,26971,2023-07-25,UP,Lucknow
1004,CUST-IND-001004,Niharika,Joshi,Niharika Joshi,niharika.joshi828@gmail.com,+91-941872662,Prefer Not to Say,65+,Regular Shopper,26539,2022-07-14,HR,Gurugram
1005,CUST-IND-001005,Sanjay,Chaudhary,Sanjay Chaudhary,sanjay.chaudhary80@gmail.com,+91-731419481,Prefer Not to Say,25-34,Gold Privilege,39850,2022-05-10,GJ,Ahmedabad
1006,CUST-IND-001006,Aarav,Saxena,Aarav Saxena,aarav.saxena63@gmail.com,+91-801102257,Male,45-54,Gold Privilege,4023,2021-02-20,GJ,Surat
1007,CUST-IND-001007,Ritu,Kulkarni,Ritu Kulkarni,ritu.kulkarni492@gmail.com,+91-927678484,Male,65+,Gold Privilege,4078,2022-08-05,UP,Noida
1008,CUST-IND-001008,Neha,Desai,Neha Desai,neha.desai433@gmail.com,+91-756912260,Prefer Not to Say,25-34,Regular Shopper,19817,2024-03-31,BR,Patna
1009,CUST-IND-001009,Aarav,Chatterjee,Aarav Chatterjee,aarav.chatterjee613@gmail.com,+91-809077057,Prefer Not to Say,65+,Gold Privilege,2573,2023-07-24,WB,Kolkata
1010,CUST-IND-001010,Pooja,Malhotra,Pooja Malhotra,pooja.malhotra957@gmail.com,+91-728054666,Female,18-24,Gold Privilege,7559,2024-05-21,AS,Guwahati
1011,CUST-IND-001011,Deepak,Chatterjee,Deepak Chatterjee,deepak.chatterjee864@gmail.com,+91-959632565,Prefer Not to Say,18-24,Regular Shopper,40360,2021-12-23,MH,Pune
1012,CUST-IND-001012,Sanjay,Mehta,Sanjay Mehta,sanjay.mehta865@gmail.com,+91-886368176,Prefer Not to Say,18-24,Regular Shopper,26421,2021-08-29,ML,Shillong
1013,CUST-IND-001013,Manoj,Kumar,Manoj Kumar,unregistered@retail.com,+91-706200456,Male,18-24,Regular Shopper,26050,2022-08-26,MH,Nagpur
1014,CUST-IND-001014,Aditya,Joshi,Aditya Joshi,aditya.joshi933@gmail.com,+91-965827988,Male,45-54,Festival Occasional,11681,2022-05-28,ML,Shillong
1015,CUST-IND-001015,Priya,Mukherjee,Priya Mukherjee,priya.mukherjee164@gmail.com,+91-808232798,Female,45-54,Regular Shopper,3565,2021-08-14,JH,Ranchi
1016,CUST-IND-001016,Preeti,Iyer,Preeti Iyer,preeti.iyer320@gmail.com,+91-709704157,Prefer Not to Say,18-24,Regular Shopper,42894,2021-09-01,MP,Indore
1017,CUST-IND-001017,Anjali,Shetty,Anjali Shetty,anjali.shetty990@gmail.com,+91-902942425,Prefer Not to Say,25-34,Regular Shopper,18357,2024-03-02,UP,Lucknow
1018,CUST-IND-001018,Sanjay,Chaudhary,Sanjay Chaudhary,sanjay.chaudhary585@gmail.com,+91-904323050,Female,18-24,VIP Club Premier,8304,2021-11-07,TN,Chennai
1019,CUST-IND-001019,Arjun,Desai,Arjun Desai,arjun.desai142@gmail.com,+91-778697009,Male,25-34,Gold Privilege,11803,2022-08-22,AP,Visakhapatnam
1020,CUST-IND-001020,Karthik,Iyer,Karthik Iyer,karthik.iyer151@gmail.com,+91-739784860,Female,65+,VIP Club Premier,33354,2021-01-25,DL,Delhi
1021,CUST-IND-001021,Manoj,Dutta,Manoj Dutta,manoj.dutta887@gmail.com,+91-817104218,Female,65+,Regular Shopper,4437,2024-04-08,MH,Pune
1022,CUST-IND-001022,Rahul,Verma,Rahul Verma,rahul.verma381@gmail.com,+91-869939537,Female,55-64,Regular Shopper,7357,2023-05-17,TR,Agartala
1023,CUST-IND-001023,Lakshmi,Dutta,Lakshmi Dutta,lakshmi.dutta605@gmail.com,+91-807745185,Female,25-34,Regular Shopper,20462,2022-03-30,TR,Agartala
1024,CUST-IND-001024,Priya,Jha,Priya Jha,priya.jha526@gmail.com,+91-929842429,Female,25-34,Regular Shopper,1117,2023-07-10,GJ,Ahmedabad
1025,CUST-IND-001025,Pooja,Sharma,Pooja Sharma,pooja.sharma263@gmail.com,+91-754741538,Male,55-64,Regular Shopper,2353,2024-01-29,MN,Imphal
1026,CUST-IND-001026,Sunita,Nair,Sunita Nair,sunita.nair557@gmail.com,+91-961924382,Female,18-24,Gold Privilege,20021,2022-05-25,MH,Nagpur
1027,CUST-IND-001027,Karthik,Kulkarni,Karthik Kulkarni,karthik.kulkarni475@gmail.com,+91-904198192,Prefer Not to Say,25-34,VIP Club Premier,20557,2021-08-28,GJ,Ahmedabad
1028,CUST-IND-001028,Amit,Saxena,Amit Saxena,amit.saxena317@gmail.com,+91-748561808,Female,65+,Regular Shopper,32246,2021-06-14,HR,Gurugram
1029,CUST-IND-001029,Pooja,Patel,Pooja Patel,pooja.patel274@gmail.com,+91-934654806,Male,55-64,Regular Shopper,27362,2023-08-02,PB,Chandigarh
1030,CUST-IND-001030,Sanjay,Chatterjee,Sanjay Chatterjee,sanjay.chatterjee395@gmail.com,+91-988580890,Prefer Not to Say,35-44,Regular Shopper,13518,2022-09-10,MH,Mumbai
1031,CUST-IND-001031,Rahul,Pillai,Rahul Pillai,rahul.pillai682@gmail.com,+91-955159603,Male,45-54,Regular Shopper,6448,2023-04-01,RJ,Jaipur
1032,CUST-IND-001032,Suresh,Sen,Suresh Sen,suresh.sen781@gmail.com,+91-726910075,Male,35-44,Gold Privilege,30215,2021-06-14,AS,Guwahati
1033,CUST-IND-001033,Ritu,Nanda,Ritu Nanda,ritu.nanda756@gmail.com,+91-819471622,Male,55-64,Regular Shopper,19171,2023-04-11,AS,Guwahati
1034,CUST-IND-001034,Preeti,Bhat,Preeti Bhat,preeti.bhat142@gmail.com,+91-712682317,Male,35-44,Regular Shopper,1117,2022-01-19,TR,Agartala
1035,CUST-IND-001035,Alok,Mehta,Alok Mehta,alok.mehta312@gmail.com,+91-821800167,Male,65+,Regular Shopper,15312,2023-04-24,MP,Indore
1036,CUST-IND-001036,Ritu,Rao,Ritu Rao,ritu.rao266@gmail.com,+91-824644194,Male,65+,Regular Shopper,9782,2023-03-10,KA,Bengaluru
1037,CUST-IND-001037,Aarav,Mukherjee,Aarav Mukherjee,aarav.mukherjee205@gmail.com,+91-952381819,Female,65+,VIP Club Premier,24149,2021-03-28,TS,Hyderabad
1038,CUST-IND-001038,Amit,Singh,Amit Singh,amit.singh989@gmail.com,+91-877716632,Male,65+,Gold Privilege,5655,2021-06-22,OD,Bhubaneswar
1039,CUST-IND-001039,Dev,Pillai,Dev Pillai,dev.pillai813@gmail.com,+91-852820600,Prefer Not to Say,45-54,Regular Shopper,27289,2023-11-27,MH,Mumbai
1040,CUST-IND-001040,Arjun,Chatterjee,Arjun Chatterjee,arjun.chatterjee564@gmail.com,+91-775109439,Female,55-64,Gold Privilege,5740,2023-09-17,MP,Indore
1041,CUST-IND-001041,Priya,Chatterjee,Priya Chatterjee,priya.chatterjee219@gmail.com,+91-984273038,Female,55-64,VIP Club Premier,11201,2024-05-06,MP,Indore
1042,CUST-IND-001042,Priya,Singh,Priya Singh,priya.singh163@gmail.com,+91-715934342,Prefer Not to Say,55-64,Festival Occasional,19012,2024-05-12,MH,Mumbai
1043,CUST-IND-001043,Ananya,Bansal,Ananya Bansal,ananya.bansal713@gmail.com,+91-781050300,Female,65+,Regular Shopper,42577,2021-03-16,DL,Delhi
1044,CUST-IND-001044,Rajesh,Kumar,Rajesh Kumar,rajesh.kumar694@gmail.com,+91-924385762,Prefer Not to Say,65+,Gold Privilege,37140,2023-11-21,AS,Guwahati
1045,CUST-IND-001045,Vishal,Reddy,Vishal Reddy,vishal.reddy634@gmail.com,+91-806494370,Male,18-24,Gold Privilege,38062,2021-06-10,MH,Nagpur
1046,CUST-IND-001046,Amit,Bhat,Amit Bhat,amit.bhat911@gmail.com,+91-909232507,Prefer Not to Say,45-54,Regular Shopper,2280,2022-01-09,HR,Gurugram
1047,CUST-IND-001047,Deepika,Nair,Deepika Nair,deepika.nair634@gmail.com,+91-899650356,Male,35-44,Regular Shopper,34390,2023-07-16,KA,Bengaluru
1048,CUST-IND-001048,Arjun,Chatterjee,Arjun Chatterjee,arjun.chatterjee541@gmail.com,+91-744291050,Female,25-34,Regular Shopper,14118,2021-01-12,UP,Lucknow
1049,CUST-IND-001049,Manoj,Kumar,Manoj Kumar,manoj.kumar740@gmail.com,+91-908786600,Male,55-64,Regular Shopper,23393,2023-11-22,MN,Imphal
1050,CUST-IND-001050,Pooja,Chaudhary,Pooja Chaudhary,pooja.chaudhary433@gmail.com,+91-811736009,Prefer Not to Say,55-64,Gold Privilege,15655,2023-09-13,WB,Kolkata
1051,CUST-IND-001051,Vishal,Desai,Vishal Desai,vishal.desai420@gmail.com,+91-723360887,Female,25-34,Regular Shopper,16798,2022-11-17,UP,Lucknow
1052,CUST-IND-001052,Manoj,Patel,Manoj Patel,unregistered@retail.com,+91-806667701,Male,65+,Festival Occasional,22487,2021-07-20,RJ,Jaipur
1053,CUST-IND-001053,Pooja,Nanda,Pooja Nanda,pooja.nanda659@gmail.com,+91-856281431,Prefer Not to Say,18-24,Regular Shopper,33857,2021-06-24,GJ,Surat
1054,CUST-IND-001054,Niharika,Chatterjee,Niharika Chatterjee,unregistered@retail.com,+91-709335927,Male,25-34,Regular Shopper,31886,2023-02-01,KL,Kochi
1055,CUST-IND-001055,Neha,Rao,Neha Rao,neha.rao492@gmail.com,+91-788905168,Female,18-24,Gold Privilege,21209,2022-02-07,PB,Chandigarh
1056,CUST-IND-001056,Neha,Das,Neha Das,neha.das493@gmail.com,+91-861868013,Prefer Not to Say,18-24,Regular Shopper,31341,2021-09-22,OD,Bhubaneswar
1057,CUST-IND-001057,Ritu,Trivedi,Ritu Trivedi,ritu.trivedi668@gmail.com,+91-717266326,Prefer Not to Say,18-24,Gold Privilege,17296,2022-12-31,JH,Ranchi
1058,CUST-IND-001058,Anita,Kapoor,Anita Kapoor,anita.kapoor857@gmail.com,+91-738700260,Prefer Not to Say,45-54,Regular Shopper,13958,2023-11-27,KA,Bengaluru
1059,CUST-IND-001059,Aditya,Malhotra,Aditya Malhotra,aditya.malhotra989@gmail.com,+91-719294272,Female,35-44,Gold Privilege,41782,2023-12-03,RJ,Jaipur
1060,CUST-IND-001060,Bhavna,Deshmukh,Bhavna Deshmukh,bhavna.deshmukh673@gmail.com,+91-881591487,Female,45-54,Festival Occasional,25340,2023-05-12,UP,Lucknow
1061,CUST-IND-001061,Pooja,Mishra,Pooja Mishra,pooja.mishra736@gmail.com,+91-792363627,Female,25-34,Festival Occasional,20635,2023-07-11,UP,Noida
1062,CUST-IND-001062,Tarun,Mishra,Tarun Mishra,tarun.mishra502@gmail.com,+91-904480541,Female,25-34,Gold Privilege,34268,2023-03-22,JH,Ranchi
1063,CUST-IND-001063,Suresh,Singh,Suresh Singh,suresh.singh447@gmail.com,+91-824738893,Prefer Not to Say,45-54,Regular Shopper,28573,2022-04-11,MP,Indore
1064,CUST-IND-001064,Alok,Nair,Alok Nair,alok.nair172@gmail.com,+91-873744801,Prefer Not to Say,25-34,Regular Shopper,14420,2022-06-02,WB,Kolkata
1065,CUST-IND-001065,Ananya,Singh,Ananya Singh,ananya.singh565@gmail.com,+91-982296097,Prefer Not to Say,25-34,Gold Privilege,31457,2023-04-08,WB,Kolkata
1066,CUST-IND-001066,Arjun,Pillai,Arjun Pillai,arjun.pillai896@gmail.com,+91-924758855,Prefer Not to Say,35-44,VIP Club Premier,14088,2021-08-09,BR,Patna
1067,CUST-IND-001067,Neha,Deshmukh,Neha Deshmukh,neha.deshmukh700@gmail.com,+91-842162801,Prefer Not to Say,65+,Gold Privilege,42914,2023-05-14,WB,Kolkata
1068,CUST-IND-001068,Arjun,Trivedi,Arjun Trivedi,arjun.trivedi896@gmail.com,+91-927509676,Prefer Not to Say,18-24,Gold Privilege,41105,2021-10-02,TS,Hyderabad
1069,CUST-IND-001069,Deepika,Hegde,Deepika Hegde,deepika.hegde184@gmail.com,+91-955823711,Prefer Not to Say,55-64,Gold Privilege,25816,2022-12-24,UP,Noida
1070,CUST-IND-001070,Preeti,Mishra,Preeti Mishra,preeti.mishra67@gmail.com,+91-879593134,Female,45-54,Gold Privilege,18847,2022-09-16,UP,Lucknow
1071,CUST-IND-001071,Rajesh,Kumar,Rajesh Kumar,rajesh.kumar919@gmail.com,+91-879334814,Male,55-64,Gold Privilege,200,2022-08-19,BR,Patna
1072,CUST-IND-001072,Ananya,Mishra,Ananya Mishra,ananya.mishra426@gmail.com,+91-724027432,Prefer Not to Say,65+,Festival Occasional,26527,2023-09-06,MH,Mumbai
1073,CUST-IND-001073,Rahul,Kapoor,Rahul Kapoor,rahul.kapoor58@gmail.com,+91-939950164,Prefer Not to Say,65+,Regular Shopper,23397,2021-07-01,JH,Ranchi
1074,CUST-IND-001074,Ritu,Singh,Ritu Singh,ritu.singh625@gmail.com,+91-908157698,Prefer Not to Say,45-54,Regular Shopper,24457,2022-10-05,BR,Patna
1075,CUST-IND-001075,Bhavna,Malhotra,Bhavna Malhotra,bhavna.malhotra480@gmail.com,+91-703052401,Female,35-44,Regular Shopper,19911,2021-03-24,GJ,Surat
1076,CUST-IND-001076,Priya,Malhotra,Priya Malhotra,unregistered@retail.com,+91-733728833,Female,55-64,Regular Shopper,25547,2023-03-19,TN,Chennai
1077,CUST-IND-001077,Amit,Chaudhary,Amit Chaudhary,amit.chaudhary342@gmail.com,+91-768242810,Female,55-64,Regular Shopper,14376,2023-06-25,KL,Kochi
1078,CUST-IND-001078,Niharika,Kapoor,Niharika Kapoor,niharika.kapoor810@gmail.com,+91-807541291,Prefer Not to Say,18-24,Regular Shopper,4595,2021-01-26,MP,Indore
1079,CUST-IND-001079,Shweta,Bhat,Shweta Bhat,shweta.bhat866@gmail.com,+91-805196962,Prefer Not to Say,65+,Regular Shopper,19990,2021-03-04,AS,Guwahati
1080,CUST-IND-001080,Divya,Kumar,Divya Kumar,divya.kumar301@gmail.com,+91-808518877,Female,25-34,Gold Privilege,4865,2022-01-25,TS,Hyderabad
1081,CUST-IND-001081,Tarun,Bhat,Tarun Bhat,tarun.bhat455@gmail.com,+91-845222348,Male,35-44,Gold Privilege,24866,2023-07-07,GJ,Surat
1082,CUST-IND-001082,Deepak,Shetty,Deepak Shetty,deepak.shetty278@gmail.com,+91-731440705,Male,55-64,Regular Shopper,31637,2023-06-20,MH,Pune
1083,CUST-IND-001083,Amit,Kapoor,Amit Kapoor,amit.kapoor773@gmail.com,+91-738028326,Prefer Not to Say,18-24,VIP Club Premier,16545,2021-06-30,GJ,Ahmedabad
1084,CUST-IND-001084,Suresh,Patel,Suresh Patel,suresh.patel701@gmail.com,+91-713570015,Prefer Not to Say,55-64,Regular Shopper,11275,2023-02-13,TS,Hyderabad
1085,CUST-IND-001085,Sanjay,Mishra,Sanjay Mishra,sanjay.mishra66@gmail.com,+91-914492950,Prefer Not to Say,45-54,Gold Privilege,3780,2022-10-25,KA,Bengaluru
1086,CUST-IND-001086,Ritu,Nanda,Ritu Nanda,ritu.nanda701@gmail.com,+91-934486526,Female,25-34,Festival Occasional,3722,2023-10-21,TN,Chennai
1087,CUST-IND-001087,Arjun,Deshmukh,Arjun Deshmukh,arjun.deshmukh449@gmail.com,+91-839468393,Male,45-54,Regular Shopper,31889,2023-12-13,BR,Patna
1088,CUST-IND-001088,Priya,Mishra,Priya Mishra,priya.mishra222@gmail.com,+91-842758354,Prefer Not to Say,55-64,VIP Club Premier,10337,2022-03-27,WB,Kolkata
1089,CUST-IND-001089,Niharika,Mehta,Niharika Mehta,niharika.mehta830@gmail.com,+91-894991198,Male,25-34,Gold Privilege,39171,2023-12-26,WB,Kolkata
1090,CUST-IND-001090,Karthik,Agarwal,Karthik Agarwal,karthik.agarwal933@gmail.com,+91-847242817,Prefer Not to Say,18-24,Gold Privilege,43536,2021-01-29,KA,Bengaluru
1091,CUST-IND-001091,Meera,Kapoor,Meera Kapoor,meera.kapoor724@gmail.com,+91-889695915,Male,45-54,Regular Shopper,13781,2022-11-01,TR,Agartala
1092,CUST-IND-001092,Sanjay,Singh,Sanjay Singh,sanjay.singh953@gmail.com,+91-725038589,Female,45-54,Gold Privilege,34292,2023-11-07,TS,Hyderabad
1093,CUST-IND-001093,Kavita,Trivedi,Kavita Trivedi,unregistered@retail.com,+91-806755892,Male,18-24,Regular Shopper,32564,2021-08-17,HR,Gurugram
1094,CUST-IND-001094,Swati,Bansal,Swati Bansal,swati.bansal363@gmail.com,+91-794849049,Male,25-34,Festival Occasional,22001,2022-07-30,MN,Imphal
1095,CUST-IND-001095,Rohan,Jha,Rohan Jha,unregistered@retail.com,+91-795828982,Prefer Not to Say,55-64,Regular Shopper,11391,2022-12-11,ML,Shillong
1096,CUST-IND-001096,Deepak,Singh,Deepak Singh,deepak.singh906@gmail.com,+91-823486528,Female,35-44,Regular Shopper,43214,2023-05-15,GJ,Ahmedabad
1097,CUST-IND-001097,Sunita,Iyer,Sunita Iyer,sunita.iyer217@gmail.com,+91-714238709,Female,45-54,Festival Occasional,10506,2021-02-08,WB,Kolkata
1098,CUST-IND-001098,Vishal,Iyer,Vishal Iyer,vishal.iyer207@gmail.com,+91-754667441,Female,55-64,Regular Shopper,8482,2023-06-08,MH,Mumbai
1099,CUST-IND-001099,Deepika,Mukherjee,Deepika Mukherjee,deepika.mukherjee771@gmail.com,+91-896804543,Female,55-64,Gold Privilege,25991,2022-04-26,MH,Pune
1100,CUST-IND-001100,Alok,Bansal,Alok Bansal,alok.bansal782@gmail.com,+91-943244386,Male,65+,Festival Occasional,16379,2022-11-05,GJ,Ahmedabad
1101,CUST-IND-001101,Lakshmi,Kumar,Lakshmi Kumar,lakshmi.kumar95@gmail.com,+91-901642540,Female,45-54,Regular Shopper,29005,2024-01-04,TS,Hyderabad
1102,CUST-IND-001102,Sunita,Mishra,Sunita Mishra,sunita.mishra517@gmail.com,+91-718925602,Female,18-24,Regular Shopper,19697,2021-02-03,HR,Gurugram
1103,CUST-IND-001103,Aditya,Rao,Aditya Rao,aditya.rao718@gmail.com,+91-846138688,Male,35-44,Festival Occasional,29252,2024-03-10,MN,Imphal
1104,CUST-IND-001104,Vikram,Singh,Vikram Singh,vikram.singh633@gmail.com,+91-991690349,Female,18-24,Gold Privilege,25675,2022-07-18,UP,Noida
1105,CUST-IND-001105,Ritu,Singh,Ritu Singh,ritu.singh851@gmail.com,+91-822755065,Prefer Not to Say,25-34,Festival Occasional,36756,2022-02-25,HR,Gurugram
1106,CUST-IND-001106,Deepika,Agarwal,Deepika Agarwal,deepika.agarwal951@gmail.com,+91-975096087,Female,65+,Festival Occasional,31197,2022-11-30,KL,Kochi
1107,CUST-IND-001107,Amit,Bhat,Amit Bhat,amit.bhat659@gmail.com,+91-757224504,Female,65+,Regular Shopper,44287,2022-12-27,BR,Patna
1108,CUST-IND-001108,Meera,Shetty,Meera Shetty,meera.shetty123@gmail.com,+91-919922523,Female,35-44,Gold Privilege,6512,2023-06-10,MP,Indore
1109,CUST-IND-001109,Pooja,Das,Pooja Das,pooja.das886@gmail.com,+91-935135847,Prefer Not to Say,18-24,Festival Occasional,7899,2022-10-09,KA,Bengaluru
1110,CUST-IND-001110,Bhavna,Sen,Bhavna Sen,bhavna.sen952@gmail.com,+91-916714752,Female,18-24,Festival Occasional,14273,2022-11-27,MH,Mumbai
1111,CUST-IND-001111,Preeti,Mehta,Preeti Mehta,preeti.mehta164@gmail.com,+91-731917023,Female,35-44,Gold Privilege,24154,2021-06-24,JH,Ranchi
1112,CUST-IND-001112,Meera,Nair,Meera Nair,meera.nair774@gmail.com,+91-821803292,Male,65+,Gold Privilege,19771,2022-09-17,AP,Visakhapatnam
1113,CUST-IND-001113,Arjun,Kumar,Arjun Kumar,arjun.kumar52@gmail.com,+91-903202260,Male,45-54,Festival Occasional,20445,2023-08-19,MH,Nagpur
1114,CUST-IND-001114,Aditya,Sen,Aditya Sen,aditya.sen682@gmail.com,+91-958423821,Prefer Not to Say,65+,Regular Shopper,23172,2023-03-04,MN,Imphal
1115,CUST-IND-001115,Preeti,Verma,Preeti Verma,unregistered@retail.com,+91-789120429,Female,45-54,Gold Privilege,23903,2021-12-01,KA,Bengaluru
1116,CUST-IND-001116,Divya,Das,Divya Das,divya.das2@gmail.com,+91-845126499,Male,18-24,Regular Shopper,37417,2022-11-16,TN,Chennai
1117,CUST-IND-001117,Aarav,Reddy,Aarav Reddy,aarav.reddy155@gmail.com,+91-921987927,Prefer Not to Say,45-54,Festival Occasional,40931,2021-03-09,AS,Guwahati
1118,CUST-IND-001118,Ritu,Reddy,Ritu Reddy,ritu.reddy572@gmail.com,+91-947508055,Male,35-44,Festival Occasional,1869,2022-03-15,JH,Ranchi
1119,CUST-IND-001119,Suresh,Trivedi,Suresh Trivedi,suresh.trivedi877@gmail.com,+91-915693336,Male,65+,Regular Shopper,29935,2024-02-25,UP,Lucknow
1120,CUST-IND-001120,Tarun,Singh,Tarun Singh,tarun.singh896@gmail.com,+91-783294715,Male,25-34,Regular Shopper,9053,2023-07-21,MH,Pune
1121,CUST-IND-001121,Anita,Rao,Anita Rao,anita.rao112@gmail.com,+91-791688072,Male,25-34,Regular Shopper,16246,2023-06-09,PB,Chandigarh
1122,CUST-IND-001122,Ananya,Kulkarni,Ananya Kulkarni,ananya.kulkarni226@gmail.com,+91-742849507,Male,65+,Festival Occasional,6331,2022-07-15,WB,Kolkata
1123,CUST-IND-001123,Amit,Malhotra,Amit Malhotra,amit.malhotra986@gmail.com,+91-748551849,Prefer Not to Say,18-24,Regular Shopper,17421,2023-06-22,MH,Mumbai
1124,CUST-IND-001124,Ananya,Dutta,Ananya Dutta,ananya.dutta530@gmail.com,+91-976227360,Male,65+,Regular Shopper,30353,2022-03-21,HR,Gurugram
1125,CUST-IND-001125,Deepika,Nair,Deepika Nair,deepika.nair739@gmail.com,+91-837924892,Male,65+,Festival Occasional,32350,2024-02-09,UP,Noida
1126,CUST-IND-001126,Karthik,Mukherjee,Karthik Mukherjee,karthik.mukherjee423@gmail.com,+91-856691081,Female,18-24,Regular Shopper,24426,2022-04-22,MN,Imphal
1127,CUST-IND-001127,Shweta,Singh,Shweta Singh,shweta.singh904@gmail.com,+91-928688357,Prefer Not to Say,45-54,VIP Club Premier,41629,2023-11-27,KL,Kochi
1128,CUST-IND-001128,Karthik,Saxena,Karthik Saxena,karthik.saxena605@gmail.com,+91-859588383,Prefer Not to Say,65+,Festival Occasional,38328,2022-10-08,RJ,Jaipur
1129,CUST-IND-001129,Manoj,Rao,Manoj Rao,manoj.rao756@gmail.com,+91-738251725,Prefer Not to Say,65+,Gold Privilege,41229,2021-09-14,RJ,Jaipur
1130,CUST-IND-001130,Anita,Singh,Anita Singh,anita.singh980@gmail.com,+91-902505814,Female,45-54,Regular Shopper,8133,2024-03-31,KA,Bengaluru
1131,CUST-IND-001131,Bhavna,Pillai,Bhavna Pillai,bhavna.pillai416@gmail.com,+91-955637147,Prefer Not to Say,35-44,Regular Shopper,21195,2021-05-28,TS,Hyderabad
1132,CUST-IND-001132,Vikram,Shetty,Vikram Shetty,unregistered@retail.com,+91-964026144,Female,45-54,Regular Shopper,37359,2023-12-18,GJ,Surat
1133,CUST-IND-001133,Preeti,Trivedi,Preeti Trivedi,preeti.trivedi856@gmail.com,+91-899776983,Female,25-34,Gold Privilege,1614,2022-12-30,KA,Bengaluru
1134,CUST-IND-001134,Manoj,Joshi,Manoj Joshi,manoj.joshi277@gmail.com,+91-902501481,Female,65+,Festival Occasional,26056,2024-05-31,MH,Mumbai
1135,CUST-IND-001135,Manoj,Nair,Manoj Nair,manoj.nair71@gmail.com,+91-971317559,Male,65+,VIP Club Premier,44478,2022-12-02,AS,Guwahati
1136,CUST-IND-001136,Rohan,Rao,Rohan Rao,rohan.rao345@gmail.com,+91-875246440,Prefer Not to Say,45-54,Regular Shopper,43981,2023-08-24,ML,Shillong
1137,CUST-IND-001137,Deepika,Verma,Deepika Verma,unregistered@retail.com,+91-861729889,Female,25-34,Gold Privilege,9674,2023-07-01,MH,Pune
1138,CUST-IND-001138,Suresh,Shetty,Suresh Shetty,suresh.shetty562@gmail.com,+91-992129675,Male,25-34,Gold Privilege,7751,2022-09-05,UP,Noida
1139,CUST-IND-001139,Dev,Shetty,Dev Shetty,dev.shetty698@gmail.com,+91-981134826,Prefer Not to Say,45-54,VIP Club Premier,33065,2021-11-04,PB,Chandigarh
1140,CUST-IND-001140,Kavita,Gupta,Kavita Gupta,kavita.gupta631@gmail.com,+91-936065773,Prefer Not to Say,18-24,Regular Shopper,23118,2022-07-06,DL,Delhi
1141,CUST-IND-001141,Aarav,Trivedi,Aarav Trivedi,aarav.trivedi335@gmail.com,+91-926439879,Female,45-54,Festival Occasional,22639,2021-05-28,GJ,Surat
1142,CUST-IND-001142,Dev,Nair,Dev Nair,dev.nair556@gmail.com,+91-959640258,Female,25-34,Regular Shopper,27544,2021-06-10,ML,Shillong
1143,CUST-IND-001143,Sanjay,Kumar,Sanjay Kumar,sanjay.kumar561@gmail.com,+91-806122555,Female,65+,Regular Shopper,33920,2023-03-08,BR,Patna
1144,CUST-IND-001144,Ritu,Desai,Ritu Desai,ritu.desai980@gmail.com,+91-996575654,Male,55-64,Festival Occasional,36808,2022-05-24,TR,Agartala
1145,CUST-IND-001145,Ritu,Dutta,Ritu Dutta,ritu.dutta370@gmail.com,+91-887883138,Male,55-64,Regular Shopper,31270,2023-10-23,MH,Nagpur
1146,CUST-IND-001146,Manoj,Saxena,Manoj Saxena,manoj.saxena815@gmail.com,+91-814469203,Prefer Not to Say,65+,Regular Shopper,11862,2021-05-21,TR,Agartala
1147,CUST-IND-001147,Swati,Nanda,Swati Nanda,swati.nanda667@gmail.com,+91-859997653,Prefer Not to Say,25-34,Festival Occasional,15290,2021-12-05,MH,Mumbai
1148,CUST-IND-001148,Priya,Gupta,Priya Gupta,priya.gupta474@gmail.com,+91-756095513,Female,55-64,Festival Occasional,7861,2022-09-03,TR,Agartala
1149,CUST-IND-001149,Deepika,Singh,Deepika Singh,deepika.singh122@gmail.com,+91-742046284,Female,65+,Regular Shopper,4448,2024-01-30,ML,Shillong
1150,CUST-IND-001150,Manoj,Hegde,Manoj Hegde,manoj.hegde680@gmail.com,+91-708277624,Prefer Not to Say,35-44,Regular Shopper,22092,2024-01-20,ML,Shillong
1151,CUST-IND-001151,Vishal,Kumar,Vishal Kumar,vishal.kumar778@gmail.com,+91-987487195,Prefer Not to Say,18-24,Gold Privilege,38932,2021-07-20,AP,Visakhapatnam
1152,CUST-IND-001152,Priya,Rao,Priya Rao,priya.rao815@gmail.com,+91-858072780,Male,25-34,Gold Privilege,9067,2021-11-18,WB,Kolkata
1153,CUST-IND-001153,Rohan,Mukherjee,Rohan Mukherjee,rohan.mukherjee52@gmail.com,+91-848659973,Male,18-24,Festival Occasional,39947,2021-08-10,MH,Pune
1154,CUST-IND-001154,Rohan,Iyer,Rohan Iyer,rohan.iyer497@gmail.com,+91-856306004,Male,25-34,Gold Privilege,34258,2021-05-13,MH,Nagpur
1155,CUST-IND-001155,Anita,Jha,Anita Jha,anita.jha135@gmail.com,+91-899360625,Prefer Not to Say,25-34,Festival Occasional,42472,2021-11-02,MP,Indore
1156,CUST-IND-001156,Swati,Mishra,Swati Mishra,swati.mishra716@gmail.com,+91-952101615,Female,35-44,Festival Occasional,27060,2021-12-02,RJ,Jaipur
1157,CUST-IND-001157,Swati,Mehta,Swati Mehta,swati.mehta50@gmail.com,+91-814544890,Female,45-54,Regular Shopper,38254,2023-09-03,MH,Pune
1158,CUST-IND-001158,Rohan,Sharma,Rohan Sharma,rohan.sharma516@gmail.com,+91-781819711,Prefer Not to Say,55-64,Regular Shopper,4461,2021-06-26,TR,Agartala
1159,CUST-IND-001159,Niharika,Hegde,Niharika Hegde,niharika.hegde419@gmail.com,+91-912198976,Female,45-54,Festival Occasional,17542,2023-01-29,MH,Mumbai
1160,CUST-IND-001160,Swati,Mishra,Swati Mishra,swati.mishra704@gmail.com,+91-898181661,Female,35-44,Regular Shopper,22939,2024-01-31,BR,Patna
1161,CUST-IND-001161,Neha,Patel,Neha Patel,neha.patel807@gmail.com,+91-878664061,Prefer Not to Say,65+,Festival Occasional,11421,2023-11-22,DL,Delhi
1162,CUST-IND-001162,Bhavna,Gupta,Bhavna Gupta,bhavna.gupta414@gmail.com,+91-711754216,Female,25-34,Gold Privilege,17258,2022-12-11,JH,Ranchi
1163,CUST-IND-001163,Rajesh,Shetty,Rajesh Shetty,rajesh.shetty33@gmail.com,+91-999176449,Prefer Not to Say,45-54,Gold Privilege,14950,2023-12-22,DL,Delhi
1164,CUST-IND-001164,Meera,Singh,Meera Singh,meera.singh652@gmail.com,+91-749683854,Prefer Not to Say,45-54,Gold Privilege,12743,2022-01-17,TN,Chennai
1165,CUST-IND-001165,Karthik,Nair,Karthik Nair,karthik.nair996@gmail.com,+91-915808984,Male,35-44,Gold Privilege,3928,2023-12-15,BR,Patna
1166,CUST-IND-001166,Preeti,Mukherjee,Preeti Mukherjee,preeti.mukherjee80@gmail.com,+91-778263571,Female,45-54,Regular Shopper,23518,2023-08-02,AS,Guwahati
1167,CUST-IND-001167,Niharika,Desai,Niharika Desai,niharika.desai259@gmail.com,+91-788646084,Prefer Not to Say,35-44,Gold Privilege,243,2022-06-21,DL,Delhi
1168,CUST-IND-001168,Vikram,Sen,Vikram Sen,vikram.sen197@gmail.com,+91-705839663,Female,65+,Regular Shopper,31315,2023-08-22,DL,Delhi
1169,CUST-IND-001169,Tarun,Malhotra,Tarun Malhotra,tarun.malhotra759@gmail.com,+91-993497171,Female,25-34,Regular Shopper,13060,2024-04-11,MH,Nagpur
1170,CUST-IND-001170,Meera,Agarwal,Meera Agarwal,meera.agarwal123@gmail.com,+91-896345490,Female,45-54,VIP Club Premier,22947,2024-04-09,PB,Chandigarh
1171,CUST-IND-001171,Karthik,Joshi,Karthik Joshi,karthik.joshi940@gmail.com,+91-755196558,Male,55-64,Gold Privilege,19705,2023-02-22,WB,Kolkata
1172,CUST-IND-001172,Preeti,Bansal,Preeti Bansal,preeti.bansal660@gmail.com,+91-904313789,Prefer Not to Say,55-64,Regular Shopper,3742,2023-01-09,WB,Kolkata
1173,CUST-IND-001173,Sunita,Hegde,Sunita Hegde,sunita.hegde390@gmail.com,+91-781469256,Prefer Not to Say,35-44,VIP Club Premier,42832,2022-09-01,UP,Lucknow
1174,CUST-IND-001174,Sunita,Patel,Sunita Patel,sunita.patel441@gmail.com,+91-787361066,Male,45-54,Regular Shopper,35191,2021-03-26,MH,Nagpur
1175,CUST-IND-001175,Deepak,Gupta,Deepak Gupta,deepak.gupta446@gmail.com,+91-767524539,Female,45-54,Festival Occasional,31299,2021-12-28,OD,Bhubaneswar
1176,CUST-IND-001176,Niharika,Sen,Niharika Sen,niharika.sen215@gmail.com,+91-883639456,Male,35-44,Gold Privilege,26504,2021-02-28,KL,Kochi
1177,CUST-IND-001177,Deepika,Deshmukh,Deepika Deshmukh,deepika.deshmukh967@gmail.com,+91-722032239,Prefer Not to Say,55-64,Gold Privilege,9979,2024-03-12,GJ,Ahmedabad
1178,CUST-IND-001178,Arjun,Malhotra,Arjun Malhotra,arjun.malhotra375@gmail.com,+91-742682738,Male,25-34,Regular Shopper,27601,2021-11-09,AS,Guwahati
1179,CUST-IND-001179,Priya,Das,Priya Das,priya.das718@gmail.com,+91-824478131,Female,35-44,Regular Shopper,26984,2022-10-29,MP,Indore
1180,CUST-IND-001180,Kavita,Gupta,Kavita Gupta,kavita.gupta771@gmail.com,+91-977421863,Female,45-54,VIP Club Premier,10338,2021-09-09,GJ,Ahmedabad
1181,CUST-IND-001181,Tarun,Jha,Tarun Jha,tarun.jha186@gmail.com,+91-915286953,Prefer Not to Say,25-34,Gold Privilege,814,2022-12-12,UP,Noida
1182,CUST-IND-001182,Suresh,Mukherjee,Suresh Mukherjee,suresh.mukherjee704@gmail.com,+91-889198628,Male,45-54,Regular Shopper,41520,2021-06-05,MP,Indore
1183,CUST-IND-001183,Deepika,Mehta,Deepika Mehta,deepika.mehta203@gmail.com,+91-828796534,Female,65+,Regular Shopper,19810,2022-07-03,MP,Indore
1184,CUST-IND-001184,Kavita,Deshmukh,Kavita Deshmukh,kavita.deshmukh355@gmail.com,+91-985644604,Male,35-44,Festival Occasional,2104,2022-03-16,ML,Shillong
1185,CUST-IND-001185,Pooja,Trivedi,Pooja Trivedi,pooja.trivedi772@gmail.com,+91-804631248,Female,18-24,Festival Occasional,25626,2022-02-26,MN,Imphal
1186,CUST-IND-001186,Lakshmi,Nair,Lakshmi Nair,lakshmi.nair389@gmail.com,+91-774415693,Female,35-44,Regular Shopper,24437,2022-02-26,TS,Hyderabad
1187,CUST-IND-001187,Sanjay,Jha,Sanjay Jha,sanjay.jha711@gmail.com,+91-877508317,Prefer Not to Say,55-64,Gold Privilege,40380,2022-04-03,MH,Nagpur
1188,CUST-IND-001188,Rohan,Deshmukh,Rohan Deshmukh,rohan.deshmukh328@gmail.com,+91-711106839,Male,55-64,Gold Privilege,25509,2021-11-16,TN,Chennai
1189,CUST-IND-001189,Karthik,Mukherjee,Karthik Mukherjee,karthik.mukherjee958@gmail.com,+91-917347399,Female,65+,Gold Privilege,5792,2022-06-05,KL,Kochi
1190,CUST-IND-001190,Deepika,Nanda,Deepika Nanda,deepika.nanda326@gmail.com,+91-926839985,Prefer Not to Say,18-24,Regular Shopper,12520,2021-12-07,UP,Lucknow
1191,CUST-IND-001191,Vishal,Bansal,Vishal Bansal,vishal.bansal411@gmail.com,+91-913480324,Male,35-44,Gold Privilege,3387,2021-06-22,TN,Chennai
1192,CUST-IND-001192,Amit,Nanda,Amit Nanda,amit.nanda319@gmail.com,+91-727649750,Female,45-54,Regular Shopper,10865,2021-08-01,OD,Bhubaneswar
1193,CUST-IND-001193,Dev,Chaudhary,Dev Chaudhary,dev.chaudhary850@gmail.com,+91-759523276,Prefer Not to Say,35-44,Festival Occasional,31265,2021-04-10,MP,Indore
1194,CUST-IND-001194,Ananya,Joshi,Ananya Joshi,ananya.joshi754@gmail.com,+91-768192209,Prefer Not to Say,65+,Festival Occasional,31191,2021-10-31,TR,Agartala
1195,CUST-IND-001195,Manoj,Sharma,Manoj Sharma,manoj.sharma263@gmail.com,+91-849534077,Prefer Not to Say,65+,VIP Club Premier,2970,2022-02-17,AS,Guwahati
1196,CUST-IND-001196,Anita,Kumar,Anita Kumar,anita.kumar263@gmail.com,+91-982482080,Female,25-34,Regular Shopper,5178,2021-06-19,DL,Delhi
1197,CUST-IND-001197,Karthik,Iyer,Karthik Iyer,karthik.iyer731@gmail.com,+91-824615434,Female,65+,Regular Shopper,11479,2024-03-14,TS,Hyderabad
1198,CUST-IND-001198,Niharika,Saxena,Niharika Saxena,niharika.saxena25@gmail.com,+91-823319129,Male,18-24,Regular Shopper,21910,2021-11-30,RJ,Jaipur
1199,CUST-IND-001199,Aarav,Kapoor,Aarav Kapoor,aarav.kapoor460@gmail.com,+91-934251990,Prefer Not to Say,65+,Regular Shopper,39130,2024-03-12,WB,Kolkata
1200,CUST-IND-001200,Aditya,Iyer,Aditya Iyer,aditya.iyer909@gmail.com,+91-966539226,Female,45-54,Festival Occasional,9997,2021-11-30,AP,Visakhapatnam
1201,CUST-IND-001201,Dev,Nair,Dev Nair,dev.nair265@gmail.com,+91-923370406,Female,65+,Festival Occasional,30408,2021-02-02,AS,Guwahati
1202,CUST-IND-001202,Karthik,Dutta,Karthik Dutta,karthik.dutta95@gmail.com,+91-808285305,Female,25-34,Festival Occasional,15069,2024-04-14,RJ,Jaipur
1203,CUST-IND-001203,Aarav,Saxena,Aarav Saxena,aarav.saxena821@gmail.com,+91-806024875,Female,25-34,Regular Shopper,13124,2021-06-07,PB,Chandigarh
1204,CUST-IND-001204,Niharika,Patel,Niharika Patel,unregistered@retail.com,+91-998377519,Female,55-64,Gold Privilege,18088,2023-01-01,AS,Guwahati
1205,CUST-IND-001205,Amit,Iyer,Amit Iyer,amit.iyer178@gmail.com,+91-804074790,Female,18-24,Festival Occasional,39011,2022-08-19,TR,Agartala
1206,CUST-IND-001206,Swati,Mukherjee,Swati Mukherjee,swati.mukherjee950@gmail.com,+91-993604927,Male,55-64,Regular Shopper,37556,2023-09-08,KA,Bengaluru
1207,CUST-IND-001207,Vishal,Patel,Vishal Patel,vishal.patel282@gmail.com,+91-923634580,Female,18-24,Festival Occasional,18551,2024-04-03,AS,Guwahati
1208,CUST-IND-001208,Kavita,Kumar,Kavita Kumar,kavita.kumar129@gmail.com,+91-733476790,Male,35-44,VIP Club Premier,9034,2022-07-13,GJ,Surat
1209,CUST-IND-001209,Neha,Saxena,Neha Saxena,neha.saxena550@gmail.com,+91-873316346,Prefer Not to Say,45-54,Regular Shopper,10754,2022-08-20,TN,Chennai
1210,CUST-IND-001210,Priya,Shetty,Priya Shetty,priya.shetty883@gmail.com,+91-801109608,Prefer Not to Say,65+,Regular Shopper,7617,2024-01-30,UP,Noida
1211,CUST-IND-001211,Ananya,Pillai,Ananya Pillai,ananya.pillai123@gmail.com,+91-807254931,Female,55-64,Regular Shopper,33584,2022-09-05,HR,Gurugram
1212,CUST-IND-001212,Ritu,Kulkarni,Ritu Kulkarni,ritu.kulkarni134@gmail.com,+91-874850377,Male,35-44,Gold Privilege,7731,2021-06-18,AP,Visakhapatnam
1213,CUST-IND-001213,Alok,Mukherjee,Alok Mukherjee,alok.mukherjee331@gmail.com,+91-769273811,Male,18-24,Gold Privilege,17880,2022-06-21,TS,Hyderabad
1214,CUST-IND-001214,Aditya,Trivedi,Aditya Trivedi,aditya.trivedi69@gmail.com,+91-845730303,Prefer Not to Say,18-24,Gold Privilege,10057,2024-04-18,KL,Kochi
1215,CUST-IND-001215,Karthik,Dutta,Karthik Dutta,karthik.dutta553@gmail.com,+91-884669849,Prefer Not to Say,18-24,Regular Shopper,35436,2023-01-11,KL,Kochi
1216,CUST-IND-001216,Aarav,Gupta,Aarav Gupta,aarav.gupta763@gmail.com,+91-923607595,Prefer Not to Say,18-24,VIP Club Premier,824,2024-05-12,AS,Guwahati
1217,CUST-IND-001217,Tarun,Mehta,Tarun Mehta,tarun.mehta203@gmail.com,+91-702934562,Female,25-34,Festival Occasional,25654,2021-01-20,OD,Bhubaneswar
1218,CUST-IND-001218,Meera,Hegde,Meera Hegde,meera.hegde601@gmail.com,+91-721824302,Male,35-44,Gold Privilege,43844,2022-03-02,JH,Ranchi
1219,CUST-IND-001219,Ritu,Verma,Ritu Verma,ritu.verma694@gmail.com,+91-708985194,Male,65+,Festival Occasional,43596,2022-07-02,MH,Pune
1220,CUST-IND-001220,Vishal,Shetty,Vishal Shetty,vishal.shetty355@gmail.com,+91-781505928,Male,65+,Regular Shopper,17705,2022-08-17,WB,Kolkata
1221,CUST-IND-001221,Meera,Hegde,Meera Hegde,meera.hegde563@gmail.com,+91-793183517,Female,45-54,Festival Occasional,7612,2021-12-02,JH,Ranchi
1222,CUST-IND-001222,Bhavna,Sharma,Bhavna Sharma,bhavna.sharma177@gmail.com,+91-754078127,Male,65+,Regular Shopper,4569,2023-05-23,JH,Ranchi
1223,CUST-IND-001223,Swati,Das,Swati Das,swati.das161@gmail.com,+91-862518119,Male,55-64,VIP Club Premier,32519,2022-03-01,JH,Ranchi
1224,CUST-IND-001224,Sunita,Reddy,Sunita Reddy,sunita.reddy288@gmail.com,+91-983935985,Male,18-24,VIP Club Premier,28072,2021-08-15,UP,Lucknow
1225,CUST-IND-001225,Suresh,Joshi,Suresh Joshi,suresh.joshi616@gmail.com,+91-943160403,Female,65+,Regular Shopper,9632,2022-05-22,JH,Ranchi
1226,CUST-IND-001226,Priya,Rao,Priya Rao,priya.rao338@gmail.com,+91-881110695,Male,18-24,Festival Occasional,10355,2023-03-16,HR,Gurugram
1227,CUST-IND-001227,Aditya,Hegde,Aditya Hegde,aditya.hegde532@gmail.com,+91-856283562,Female,45-54,Gold Privilege,247,2021-09-03,MP,Indore
1228,CUST-IND-001228,Ritu,Trivedi,Ritu Trivedi,ritu.trivedi146@gmail.com,+91-849900618,Prefer Not to Say,65+,Gold Privilege,13695,2023-04-30,AS,Guwahati
1229,CUST-IND-001229,Manoj,Verma,Manoj Verma,manoj.verma299@gmail.com,+91-974661799,Prefer Not to Say,55-64,Gold Privilege,13389,2021-12-13,GJ,Ahmedabad
1230,CUST-IND-001230,Sanjay,Das,Sanjay Das,sanjay.das311@gmail.com,+91-898099653,Male,55-64,Festival Occasional,41868,2023-01-08,MH,Nagpur
1231,CUST-IND-001231,Amit,Mukherjee,Amit Mukherjee,amit.mukherjee762@gmail.com,+91-958522157,Male,45-54,Festival Occasional,23024,2023-12-23,ML,Shillong
1232,CUST-IND-001232,Alok,Deshmukh,Alok Deshmukh,alok.deshmukh884@gmail.com,+91-883828681,Prefer Not to Say,45-54,Gold Privilege,5939,2023-03-09,MP,Indore
1233,CUST-IND-001233,Divya,Mishra,Divya Mishra,divya.mishra653@gmail.com,+91-849222990,Male,18-24,VIP Club Premier,3742,2021-07-26,GJ,Surat
1234,CUST-IND-001234,Ananya,Saxena,Ananya Saxena,ananya.saxena568@gmail.com,+91-751878262,Female,25-34,VIP Club Premier,22743,2023-02-01,ML,Shillong
1235,CUST-IND-001235,Sanjay,Verma,Sanjay Verma,sanjay.verma961@gmail.com,+91-779015153,Male,35-44,Regular Shopper,36243,2024-02-14,MN,Imphal
1236,CUST-IND-001236,Aditya,Desai,Aditya Desai,aditya.desai959@gmail.com,+91-892736753,Male,25-34,Regular Shopper,29143,2023-02-03,TR,Agartala
1237,CUST-IND-001237,Neha,Singh,Neha Singh,neha.singh109@gmail.com,+91-944617630,Male,45-54,Regular Shopper,6562,2021-09-20,MN,Imphal
1238,CUST-IND-001238,Shweta,Kumar,Shweta Kumar,shweta.kumar303@gmail.com,+91-923068816,Female,35-44,VIP Club Premier,10262,2021-02-13,KL,Kochi
1239,CUST-IND-001239,Shweta,Malhotra,Shweta Malhotra,shweta.malhotra439@gmail.com,+91-972344761,Prefer Not to Say,45-54,Regular Shopper,14532,2021-09-03,AP,Visakhapatnam
1240,CUST-IND-001240,Manoj,Bansal,Manoj Bansal,manoj.bansal145@gmail.com,+91-736787811,Male,25-34,Gold Privilege,33260,2022-03-05,UP,Lucknow
1241,CUST-IND-001241,Deepak,Chatterjee,Deepak Chatterjee,deepak.chatterjee925@gmail.com,+91-976922856,Prefer Not to Say,18-24,Regular Shopper,15804,2024-01-25,MN,Imphal
1242,CUST-IND-001242,Preeti,Sharma,Preeti Sharma,preeti.sharma402@gmail.com,+91-989696022,Female,35-44,Gold Privilege,27541,2022-10-01,TN,Chennai
1243,CUST-IND-001243,Arjun,Kapoor,Arjun Kapoor,arjun.kapoor378@gmail.com,+91-934037914,Female,65+,Festival Occasional,17765,2022-08-16,UP,Noida
1244,CUST-IND-001244,Lakshmi,Das,Lakshmi Das,unregistered@retail.com,+91-835859442,Prefer Not to Say,45-54,Festival Occasional,43346,2023-08-08,OD,Bhubaneswar
1245,CUST-IND-001245,Shweta,Deshmukh,Shweta Deshmukh,shweta.deshmukh957@gmail.com,+91-879355248,Male,35-44,VIP Club Premier,8954,2022-10-10,GJ,Ahmedabad
1246,CUST-IND-001246,Aarav,Bansal,Aarav Bansal,aarav.bansal206@gmail.com,+91-847455870,Male,25-34,VIP Club Premier,23284,2024-04-08,GJ,Ahmedabad
1247,CUST-IND-001247,Vishal,Patel,Vishal Patel,vishal.patel45@gmail.com,+91-854816302,Male,35-44,Gold Privilege,11609,2021-06-23,TR,Agartala
1248,CUST-IND-001248,Swati,Jha,Swati Jha,swati.jha483@gmail.com,+91-993943410,Male,45-54,Gold Privilege,39626,2021-09-19,HR,Gurugram
1249,CUST-IND-001249,Dev,Malhotra,Dev Malhotra,dev.malhotra916@gmail.com,+91-935600943,Male,65+,Regular Shopper,2526,2023-10-25,JH,Ranchi
1250,CUST-IND-001250,Manoj,Verma,Manoj Verma,manoj.verma767@gmail.com,+91-818167622,Male,55-64,Gold Privilege,42873,2021-06-27,WB,Kolkata
1251,CUST-IND-001251,Sunita,Chaudhary,Sunita Chaudhary,sunita.chaudhary607@gmail.com,+91-835361032,Female,25-34,Gold Privilege,19298,2021-07-17,KA,Bengaluru
1252,CUST-IND-001252,Vishal,Singh,Vishal Singh,vishal.singh827@gmail.com,+91-933177467,Female,35-44,Gold Privilege,35939,2023-10-18,WB,Kolkata
1253,CUST-IND-001253,Manoj,Dutta,Manoj Dutta,manoj.dutta830@gmail.com,+91-831349282,Female,25-34,Regular Shopper,11912,2023-08-02,TR,Agartala
1254,CUST-IND-001254,Lakshmi,Chatterjee,Lakshmi Chatterjee,lakshmi.chatterjee322@gmail.com,+91-904650948,Male,55-64,Regular Shopper,21608,2022-06-29,PB,Chandigarh
1255,CUST-IND-001255,Anjali,Bhat,Anjali Bhat,anjali.bhat360@gmail.com,+91-875985917,Female,65+,Regular Shopper,23739,2023-03-06,MP,Indore
1256,CUST-IND-001256,Divya,Kapoor,Divya Kapoor,divya.kapoor430@gmail.com,+91-891017421,Male,18-24,VIP Club Premier,37770,2021-02-02,MH,Nagpur
1257,CUST-IND-001257,Ananya,Chaudhary,Ananya Chaudhary,ananya.chaudhary837@gmail.com,+91-937049340,Female,65+,Gold Privilege,8867,2024-03-28,RJ,Jaipur
1258,CUST-IND-001258,Ananya,Malhotra,Ananya Malhotra,ananya.malhotra110@gmail.com,+91-702125482,Female,45-54,Regular Shopper,18939,2022-08-08,AP,Visakhapatnam
1259,CUST-IND-001259,Alok,Nanda,Alok Nanda,alok.nanda495@gmail.com,+91-895744425,Prefer Not to Say,35-44,Regular Shopper,41156,2021-11-03,GJ,Surat
1260,CUST-IND-001260,Deepak,Patel,Deepak Patel,deepak.patel546@gmail.com,+91-975010122,Female,45-54,VIP Club Premier,11550,2022-11-10,OD,Bhubaneswar
1261,CUST-IND-001261,Ritu,Rao,Ritu Rao,ritu.rao637@gmail.com,+91-872269220,Female,35-44,Gold Privilege,24290,2021-06-06,PB,Chandigarh
1262,CUST-IND-001262,Deepak,Kumar,Deepak Kumar,deepak.kumar296@gmail.com,+91-925308624,Prefer Not to Say,65+,VIP Club Premier,42727,2024-02-25,AS,Guwahati
1263,CUST-IND-001263,Swati,Iyer,Swati Iyer,swati.iyer342@gmail.com,+91-882506257,Female,55-64,Gold Privilege,30598,2021-09-10,OD,Bhubaneswar
1264,CUST-IND-001264,Deepika,Saxena,Deepika Saxena,deepika.saxena124@gmail.com,+91-941315381,Prefer Not to Say,35-44,Regular Shopper,13090,2023-07-18,MH,Mumbai
1265,CUST-IND-001265,Dev,Malhotra,Dev Malhotra,dev.malhotra85@gmail.com,+91-792434197,Female,35-44,Regular Shopper,27324,2021-06-12,TN,Chennai
1266,CUST-IND-001266,Dev,Joshi,Dev Joshi,dev.joshi256@gmail.com,+91-933711399,Prefer Not to Say,65+,Regular Shopper,2660,2022-07-04,DL,Delhi
1267,CUST-IND-001267,Deepak,Nair,Deepak Nair,deepak.nair972@gmail.com,+91-878890822,Female,18-24,Festival Occasional,22159,2022-05-24,MP,Indore
1268,CUST-IND-001268,Priya,Iyer,Priya Iyer,priya.iyer219@gmail.com,+91-715301108,Male,55-64,Regular Shopper,25128,2021-10-14,ML,Shillong
1269,CUST-IND-001269,Deepika,Deshmukh,Deepika Deshmukh,unregistered@retail.com,+91-875378242,Male,65+,Gold Privilege,15333,2022-09-15,JH,Ranchi
1270,CUST-IND-001270,Rohan,Agarwal,Rohan Agarwal,rohan.agarwal782@gmail.com,+91-798431819,Male,55-64,Gold Privilege,14394,2021-05-29,KA,Bengaluru
1271,CUST-IND-001271,Niharika,Desai,Niharika Desai,niharika.desai821@gmail.com,+91-784163651,Female,25-34,VIP Club Premier,29648,2021-06-17,MH,Mumbai
1272,CUST-IND-001272,Ananya,Saxena,Ananya Saxena,ananya.saxena821@gmail.com,+91-787047667,Female,18-24,Regular Shopper,37528,2021-12-07,AS,Guwahati
1273,CUST-IND-001273,Suresh,Bhat,Suresh Bhat,suresh.bhat437@gmail.com,+91-818975555,Prefer Not to Say,35-44,Regular Shopper,31499,2024-02-26,RJ,Jaipur
1274,CUST-IND-001274,Sanjay,Malhotra,Sanjay Malhotra,sanjay.malhotra733@gmail.com,+91-711531412,Female,55-64,Regular Shopper,40760,2023-03-26,TN,Chennai
1275,CUST-IND-001275,Aarav,Das,Aarav Das,aarav.das522@gmail.com,+91-933653595,Male,55-64,Festival Occasional,31622,2023-07-05,TN,Chennai
1276,CUST-IND-001276,Anjali,Deshmukh,Anjali Deshmukh,anjali.deshmukh39@gmail.com,+91-716186592,Female,35-44,Gold Privilege,16512,2024-05-23,MH,Nagpur
1277,CUST-IND-001277,Ananya,Pillai,Ananya Pillai,ananya.pillai860@gmail.com,+91-942561197,Female,45-54,Regular Shopper,31740,2022-03-26,MH,Mumbai
1278,CUST-IND-001278,Divya,Bhat,Divya Bhat,divya.bhat769@gmail.com,+91-779349753,Male,25-34,Festival Occasional,9901,2022-10-10,MH,Nagpur
1279,CUST-IND-001279,Rahul,Joshi,Rahul Joshi,rahul.joshi74@gmail.com,+91-709644136,Male,25-34,Regular Shopper,26948,2022-01-03,KA,Bengaluru
1280,CUST-IND-001280,Vikram,Trivedi,Vikram Trivedi,vikram.trivedi236@gmail.com,+91-736520137,Prefer Not to Say,35-44,Regular Shopper,35133,2022-02-02,DL,Delhi
1281,CUST-IND-001281,Vikram,Chaudhary,Vikram Chaudhary,vikram.chaudhary349@gmail.com,+91-902314283,Female,35-44,Gold Privilege,38239,2021-09-13,BR,Patna
1282,CUST-IND-001282,Deepak,Mishra,Deepak Mishra,deepak.mishra722@gmail.com,+91-722446419,Female,55-64,VIP Club Premier,40180,2022-05-29,PB,Chandigarh
1283,CUST-IND-001283,Divya,Singh,Divya Singh,divya.singh296@gmail.com,+91-885919336,Female,65+,VIP Club Premier,28121,2023-12-26,MH,Mumbai
1284,CUST-IND-001284,Manoj,Deshmukh,Manoj Deshmukh,manoj.deshmukh377@gmail.com,+91-847006600,Female,25-34,Regular Shopper,25039,2023-11-07,DL,Delhi
1285,CUST-IND-001285,Priya,Sen,Priya Sen,priya.sen255@gmail.com,+91-998544733,Male,35-44,Regular Shopper,30031,2023-10-10,WB,Kolkata
1286,CUST-IND-001286,Ananya,Trivedi,Ananya Trivedi,ananya.trivedi866@gmail.com,+91-878371331,Prefer Not to Say,35-44,Regular Shopper,44482,2023-10-08,TS,Hyderabad
1287,CUST-IND-001287,Vishal,Jha,Vishal Jha,vishal.jha823@gmail.com,+91-934314925,Female,45-54,Regular Shopper,6911,2023-01-29,MN,Imphal
1288,CUST-IND-001288,Suresh,Kulkarni,Suresh Kulkarni,suresh.kulkarni771@gmail.com,+91-873350437,Male,18-24,Regular Shopper,25029,2023-11-05,WB,Kolkata
1289,CUST-IND-001289,Pooja,Kapoor,Pooja Kapoor,pooja.kapoor142@gmail.com,+91-746886372,Female,65+,Regular Shopper,22400,2022-04-21,ML,Shillong
1290,CUST-IND-001290,Deepak,Chaudhary,Deepak Chaudhary,deepak.chaudhary961@gmail.com,+91-959136901,Male,35-44,VIP Club Premier,20137,2023-03-09,TR,Agartala
1291,CUST-IND-001291,Anita,Agarwal,Anita Agarwal,anita.agarwal46@gmail.com,+91-858367372,Prefer Not to Say,45-54,Regular Shopper,22252,2022-06-28,WB,Kolkata
1292,CUST-IND-001292,Sanjay,Jha,Sanjay Jha,sanjay.jha56@gmail.com,+91-738965646,Prefer Not to Say,25-34,Regular Shopper,21350,2024-02-15,ML,Shillong
1293,CUST-IND-001293,Arjun,Chatterjee,Arjun Chatterjee,arjun.chatterjee319@gmail.com,+91-954389062,Male,18-24,Regular Shopper,31755,2021-01-23,WB,Kolkata
1294,CUST-IND-001294,Ananya,Das,Ananya Das,ananya.das74@gmail.com,+91-967315044,Female,25-34,Gold Privilege,24120,2021-09-25,BR,Patna
1295,CUST-IND-001295,Suresh,Dutta,Suresh Dutta,suresh.dutta492@gmail.com,+91-761761482,Prefer Not to Say,25-34,Festival Occasional,34000,2022-06-20,AP,Visakhapatnam
1296,CUST-IND-001296,Kavita,Desai,Kavita Desai,kavita.desai887@gmail.com,+91-713602255,Male,25-34,Gold Privilege,6076,2024-03-11,KA,Bengaluru
1297,CUST-IND-001297,Deepak,Rao,Deepak Rao,deepak.rao147@gmail.com,+91-981890077,Prefer Not to Say,35-44,Regular Shopper,12137,2024-04-29,AS,Guwahati
1298,CUST-IND-001298,Rohan,Nanda,Rohan Nanda,rohan.nanda796@gmail.com,+91-883290206,Male,45-54,VIP Club Premier,26496,2022-08-08,AP,Visakhapatnam
1299,CUST-IND-001299,Rajesh,Das,Rajesh Das,rajesh.das575@gmail.com,+91-719232984,Female,35-44,Regular Shopper,32280,2023-11-14,KA,Bengaluru
1300,CUST-IND-001300,Meera,Das,Meera Das,meera.das720@gmail.com,+91-855928766,Male,18-24,Regular Shopper,35631,2023-01-06,OD,Bhubaneswar
1301,CUST-IND-001301,Suresh,Trivedi,Suresh Trivedi,suresh.trivedi737@gmail.com,+91-959506310,Male,35-44,Festival Occasional,11956,2022-03-22,GJ,Surat
1302,CUST-IND-001302,Swati,Bansal,Swati Bansal,swati.bansal667@gmail.com,+91-966984027,Female,35-44,Regular Shopper,15389,2021-09-01,ML,Shillong
1303,CUST-IND-001303,Kavita,Gupta,Kavita Gupta,kavita.gupta598@gmail.com,+91-833097862,Female,45-54,Regular Shopper,3048,2024-03-31,MN,Imphal
1304,CUST-IND-001304,Pooja,Chatterjee,Pooja Chatterjee,pooja.chatterjee423@gmail.com,+91-918587863,Female,18-24,Festival Occasional,8003,2022-05-15,MN,Imphal
1305,CUST-IND-001305,Meera,Kapoor,Meera Kapoor,meera.kapoor378@gmail.com,+91-714633945,Female,18-24,Regular Shopper,10695,2023-11-22,TS,Hyderabad
1306,CUST-IND-001306,Rajesh,Chaudhary,Rajesh Chaudhary,rajesh.chaudhary964@gmail.com,+91-837435141,Prefer Not to Say,45-54,Regular Shopper,7699,2021-10-19,UP,Noida
1307,CUST-IND-001307,Dev,Joshi,Dev Joshi,dev.joshi210@gmail.com,+91-977274329,Male,55-64,Regular Shopper,17366,2023-09-03,GJ,Ahmedabad
1308,CUST-IND-001308,Ananya,Kulkarni,Ananya Kulkarni,ananya.kulkarni756@gmail.com,+91-724234699,Female,25-34,Regular Shopper,13792,2024-03-11,UP,Noida
1309,CUST-IND-001309,Anjali,Trivedi,Anjali Trivedi,anjali.trivedi75@gmail.com,+91-812013809,Prefer Not to Say,55-64,VIP Club Premier,4428,2023-04-17,MN,Imphal
1310,CUST-IND-001310,Kavita,Kapoor,Kavita Kapoor,kavita.kapoor195@gmail.com,+91-752173352,Prefer Not to Say,45-54,Regular Shopper,15486,2022-09-26,HR,Gurugram
1311,CUST-IND-001311,Vishal,Pillai,Vishal Pillai,vishal.pillai578@gmail.com,+91-789692571,Male,55-64,Gold Privilege,14528,2022-09-30,MH,Mumbai
1312,CUST-IND-001312,Manoj,Das,Manoj Das,manoj.das901@gmail.com,+91-776878789,Prefer Not to Say,25-34,Regular Shopper,33004,2024-04-04,MH,Mumbai
1313,CUST-IND-001313,Niharika,Singh,Niharika Singh,niharika.singh700@gmail.com,+91-814629443,Female,55-64,Gold Privilege,36014,2021-11-15,AP,Visakhapatnam
1314,CUST-IND-001314,Sunita,Shetty,Sunita Shetty,sunita.shetty384@gmail.com,+91-789329468,Female,18-24,Gold Privilege,32591,2021-08-21,TS,Hyderabad
1315,CUST-IND-001315,Manoj,Desai,Manoj Desai,manoj.desai121@gmail.com,+91-868859404,Prefer Not to Say,65+,Gold Privilege,24329,2024-03-16,DL,Delhi
1316,CUST-IND-001316,Rahul,Verma,Rahul Verma,rahul.verma775@gmail.com,+91-735083566,Male,18-24,Regular Shopper,37146,2022-01-09,PB,Chandigarh
1317,CUST-IND-001317,Shweta,Kulkarni,Shweta Kulkarni,shweta.kulkarni19@gmail.com,+91-987391582,Prefer Not to Say,45-54,Festival Occasional,12781,2024-02-16,ML,Shillong
1318,CUST-IND-001318,Rajesh,Nanda,Rajesh Nanda,rajesh.nanda512@gmail.com,+91-991119469,Prefer Not to Say,55-64,Regular Shopper,19607,2023-11-17,MN,Imphal
1319,CUST-IND-001319,Meera,Saxena,Meera Saxena,meera.saxena443@gmail.com,+91-779941106,Male,55-64,VIP Club Premier,17570,2023-04-11,UP,Lucknow
1320,CUST-IND-001320,Rohan,Kumar,Rohan Kumar,rohan.kumar817@gmail.com,+91-878456971,Prefer Not to Say,45-54,Gold Privilege,27943,2021-07-16,PB,Chandigarh
1321,CUST-IND-001321,Divya,Desai,Divya Desai,divya.desai108@gmail.com,+91-933140900,Female,65+,Gold Privilege,26683,2024-01-11,RJ,Jaipur
1322,CUST-IND-001322,Priya,Rao,Priya Rao,priya.rao150@gmail.com,+91-874135477,Male,35-44,Festival Occasional,20774,2021-08-21,AP,Visakhapatnam
1323,CUST-IND-001323,Kavita,Bhat,Kavita Bhat,kavita.bhat524@gmail.com,+91-926519810,Prefer Not to Say,65+,Regular Shopper,19048,2021-05-27,UP,Noida
1324,CUST-IND-001324,Deepak,Bansal,Deepak Bansal,deepak.bansal984@gmail.com,+91-929196830,Male,18-24,Regular Shopper,14415,2023-03-02,MH,Nagpur
1325,CUST-IND-001325,Aditya,Kumar,Aditya Kumar,aditya.kumar475@gmail.com,+91-992517617,Prefer Not to Say,25-34,Regular Shopper,30826,2023-09-05,AP,Visakhapatnam
1326,CUST-IND-001326,Deepika,Kulkarni,Deepika Kulkarni,deepika.kulkarni464@gmail.com,+91-758955275,Male,35-44,VIP Club Premier,37891,2021-02-22,TR,Agartala
1327,CUST-IND-001327,Swati,Kapoor,Swati Kapoor,swati.kapoor47@gmail.com,+91-898683820,Prefer Not to Say,25-34,Regular Shopper,21813,2023-05-08,OD,Bhubaneswar
1328,CUST-IND-001328,Rajesh,Nanda,Rajesh Nanda,rajesh.nanda97@gmail.com,+91-782929521,Male,35-44,Regular Shopper,33741,2021-05-04,ML,Shillong
1329,CUST-IND-001329,Arjun,Iyer,Arjun Iyer,arjun.iyer653@gmail.com,+91-842047787,Prefer Not to Say,55-64,Gold Privilege,11564,2023-05-20,AP,Visakhapatnam
1330,CUST-IND-001330,Preeti,Agarwal,Preeti Agarwal,preeti.agarwal938@gmail.com,+91-722498648,Male,35-44,VIP Club Premier,24993,2021-10-17,KL,Kochi
1331,CUST-IND-001331,Anjali,Deshmukh,Anjali Deshmukh,unregistered@retail.com,+91-863250551,Female,25-34,Regular Shopper,23607,2024-06-20,MN,Imphal
1332,CUST-IND-001332,Anita,Reddy,Anita Reddy,anita.reddy359@gmail.com,+91-751537957,Prefer Not to Say,35-44,Regular Shopper,35614,2023-01-02,ML,Shillong
1333,CUST-IND-001333,Sanjay,Verma,Sanjay Verma,sanjay.verma327@gmail.com,+91-764090290,Male,65+,Regular Shopper,18843,2023-11-18,TN,Chennai
1334,CUST-IND-001334,Vishal,Hegde,Vishal Hegde,vishal.hegde688@gmail.com,+91-991683668,Female,25-34,Regular Shopper,21107,2022-05-16,TN,Chennai
1335,CUST-IND-001335,Vishal,Mukherjee,Vishal Mukherjee,vishal.mukherjee44@gmail.com,+91-959052360,Male,45-54,Festival Occasional,12567,2022-09-13,GJ,Surat
1336,CUST-IND-001336,Ritu,Bansal,Ritu Bansal,ritu.bansal927@gmail.com,+91-948659942,Female,45-54,Regular Shopper,39376,2023-03-21,PB,Chandigarh
1337,CUST-IND-001337,Manoj,Gupta,Manoj Gupta,manoj.gupta588@gmail.com,+91-868696426,Female,65+,VIP Club Premier,20164,2023-02-27,GJ,Surat
1338,CUST-IND-001338,Sunita,Sen,Sunita Sen,sunita.sen986@gmail.com,+91-791416323,Prefer Not to Say,18-24,Regular Shopper,750,2021-06-29,AS,Guwahati
1339,CUST-IND-001339,Kavita,Malhotra,Kavita Malhotra,kavita.malhotra625@gmail.com,+91-799201722,Male,18-24,Festival Occasional,1617,2022-04-07,MH,Mumbai
1340,CUST-IND-001340,Arjun,Deshmukh,Arjun Deshmukh,arjun.deshmukh832@gmail.com,+91-701625381,Female,35-44,Gold Privilege,2356,2024-01-13,TN,Chennai
1341,CUST-IND-001341,Swati,Malhotra,Swati Malhotra,swati.malhotra614@gmail.com,+91-808628839,Prefer Not to Say,55-64,Gold Privilege,30914,2021-06-16,GJ,Ahmedabad
1342,CUST-IND-001342,Anita,Reddy,Anita Reddy,anita.reddy826@gmail.com,+91-759937690,Prefer Not to Say,25-34,Festival Occasional,43137,2024-01-23,TR,Agartala
1343,CUST-IND-001343,Aditya,Gupta,Aditya Gupta,aditya.gupta657@gmail.com,+91-914329801,Female,55-64,Festival Occasional,20238,2021-05-29,KL,Kochi
1344,CUST-IND-001344,Sunita,Gupta,Sunita Gupta,sunita.gupta7@gmail.com,+91-875596584,Male,35-44,Festival Occasional,6541,2021-12-13,ML,Shillong
1345,CUST-IND-001345,Rahul,Nair,Rahul Nair,rahul.nair108@gmail.com,+91-892332886,Prefer Not to Say,18-24,Gold Privilege,10893,2022-06-27,PB,Chandigarh
1346,CUST-IND-001346,Deepika,Das,Deepika Das,deepika.das726@gmail.com,+91-892614144,Prefer Not to Say,18-24,Gold Privilege,1522,2022-03-22,MH,Mumbai
1347,CUST-IND-001347,Arjun,Singh,Arjun Singh,arjun.singh959@gmail.com,+91-886042019,Prefer Not to Say,18-24,Gold Privilege,23214,2022-10-06,AP,Visakhapatnam
1348,CUST-IND-001348,Suresh,Verma,Suresh Verma,suresh.verma565@gmail.com,+91-723603901,Male,18-24,Regular Shopper,10009,2021-12-06,UP,Noida
1349,CUST-IND-001349,Sunita,Shetty,Sunita Shetty,sunita.shetty442@gmail.com,+91-769492847,Female,18-24,VIP Club Premier,13296,2022-10-13,TR,Agartala
1350,CUST-IND-001350,Shweta,Kulkarni,Shweta Kulkarni,shweta.kulkarni236@gmail.com,+91-886936187,Prefer Not to Say,55-64,Regular Shopper,19781,2022-03-29,UP,Noida
1351,CUST-IND-001351,Karthik,Bhat,Karthik Bhat,karthik.bhat229@gmail.com,+91-713884753,Prefer Not to Say,18-24,Regular Shopper,31514,2022-09-24,MN,Imphal
1352,CUST-IND-001352,Niharika,Bhat,Niharika Bhat,niharika.bhat265@gmail.com,+91-942948363,Male,65+,Regular Shopper,1094,2023-08-12,KL,Kochi
1353,CUST-IND-001353,Dev,Mishra,Dev Mishra,dev.mishra9@gmail.com,+91-983528228,Prefer Not to Say,35-44,VIP Club Premier,9914,2021-09-27,MH,Nagpur
1354,CUST-IND-001354,Divya,Verma,Divya Verma,divya.verma353@gmail.com,+91-905974914,Male,35-44,Regular Shopper,18182,2024-05-29,KA,Bengaluru
1355,CUST-IND-001355,Anita,Reddy,Anita Reddy,anita.reddy514@gmail.com,+91-745092773,Prefer Not to Say,35-44,Regular Shopper,313,2024-06-15,HR,Gurugram
1356,CUST-IND-001356,Niharika,Hegde,Niharika Hegde,niharika.hegde149@gmail.com,+91-745529961,Male,25-34,Gold Privilege,5441,2022-07-17,PB,Chandigarh
1357,CUST-IND-001357,Amit,Kumar,Amit Kumar,amit.kumar438@gmail.com,+91-727808185,Female,65+,Festival Occasional,1692,2021-06-18,KL,Kochi
1358,CUST-IND-001358,Rajesh,Deshmukh,Rajesh Deshmukh,rajesh.deshmukh572@gmail.com,+91-911874141,Female,55-64,Regular Shopper,25503,2023-05-27,HR,Gurugram
1359,CUST-IND-001359,Deepika,Kulkarni,Deepika Kulkarni,deepika.kulkarni655@gmail.com,+91-761432799,Prefer Not to Say,18-24,Gold Privilege,18419,2024-06-07,JH,Ranchi
1360,CUST-IND-001360,Ananya,Reddy,Ananya Reddy,ananya.reddy688@gmail.com,+91-774936715,Male,18-24,Regular Shopper,7018,2022-12-07,MH,Mumbai
1361,CUST-IND-001361,Swati,Sharma,Swati Sharma,swati.sharma545@gmail.com,+91-773062374,Female,35-44,Regular Shopper,34167,2021-05-21,HR,Gurugram
1362,CUST-IND-001362,Swati,Chatterjee,Swati Chatterjee,swati.chatterjee7@gmail.com,+91-973927361,Prefer Not to Say,25-34,Regular Shopper,27695,2023-10-14,WB,Kolkata
1363,CUST-IND-001363,Preeti,Desai,Preeti Desai,preeti.desai784@gmail.com,+91-961320043,Female,18-24,Gold Privilege,22029,2023-10-21,MN,Imphal
1364,CUST-IND-001364,Aarav,Desai,Aarav Desai,aarav.desai452@gmail.com,+91-857385316,Male,18-24,VIP Club Premier,4569,2023-05-02,MH,Mumbai
1365,CUST-IND-001365,Aarav,Mukherjee,Aarav Mukherjee,aarav.mukherjee712@gmail.com,+91-983397055,Male,35-44,VIP Club Premier,37814,2021-09-07,JH,Ranchi
1366,CUST-IND-001366,Amit,Bhat,Amit Bhat,amit.bhat484@gmail.com,+91-833138860,Prefer Not to Say,55-64,Gold Privilege,26931,2023-12-18,ML,Shillong
1367,CUST-IND-001367,Rajesh,Shetty,Rajesh Shetty,rajesh.shetty854@gmail.com,+91-715060624,Male,25-34,Festival Occasional,19320,2022-01-13,TN,Chennai
1368,CUST-IND-001368,Tarun,Malhotra,Tarun Malhotra,tarun.malhotra629@gmail.com,+91-924176782,Male,45-54,Regular Shopper,1263,2024-03-19,AS,Guwahati
1369,CUST-IND-001369,Rahul,Jha,Rahul Jha,rahul.jha135@gmail.com,+91-917160670,Male,18-24,Gold Privilege,16050,2022-08-22,KA,Bengaluru
1370,CUST-IND-001370,Manoj,Sharma,Manoj Sharma,manoj.sharma414@gmail.com,+91-876337327,Male,25-34,VIP Club Premier,21779,2023-01-30,HR,Gurugram
1371,CUST-IND-001371,Neha,Kulkarni,Neha Kulkarni,neha.kulkarni623@gmail.com,+91-987969108,Male,18-24,VIP Club Premier,33913,2022-09-22,WB,Kolkata
1372,CUST-IND-001372,Sunita,Gupta,Sunita Gupta,sunita.gupta542@gmail.com,+91-979814244,Female,55-64,Festival Occasional,19341,2022-06-03,MN,Imphal
1373,CUST-IND-001373,Swati,Mehta,Swati Mehta,swati.mehta322@gmail.com,+91-942283520,Prefer Not to Say,65+,VIP Club Premier,17446,2022-07-30,TS,Hyderabad
1374,CUST-IND-001374,Preeti,Jha,Preeti Jha,preeti.jha805@gmail.com,+91-822088149,Male,65+,Regular Shopper,3142,2021-09-21,MH,Pune
1375,CUST-IND-001375,Priya,Trivedi,Priya Trivedi,priya.trivedi433@gmail.com,+91-877507183,Prefer Not to Say,45-54,VIP Club Premier,18725,2021-04-10,MH,Mumbai
1376,CUST-IND-001376,Deepak,Reddy,Deepak Reddy,deepak.reddy949@gmail.com,+91-827850846,Prefer Not to Say,45-54,VIP Club Premier,31713,2024-04-09,RJ,Jaipur
1377,CUST-IND-001377,Ritu,Malhotra,Ritu Malhotra,ritu.malhotra711@gmail.com,+91-941707148,Female,18-24,Gold Privilege,29997,2023-07-04,AS,Guwahati
1378,CUST-IND-001378,Divya,Kulkarni,Divya Kulkarni,divya.kulkarni744@gmail.com,+91-773070132,Male,45-54,Gold Privilege,3808,2022-06-16,AS,Guwahati
1379,CUST-IND-001379,Sanjay,Kapoor,Sanjay Kapoor,sanjay.kapoor12@gmail.com,+91-755022844,Prefer Not to Say,35-44,Festival Occasional,24537,2021-03-23,MH,Pune
1380,CUST-IND-001380,Dev,Dutta,Dev Dutta,dev.dutta52@gmail.com,+91-734286398,Female,35-44,Regular Shopper,7175,2022-12-23,PB,Chandigarh
1381,CUST-IND-001381,Shweta,Nanda,Shweta Nanda,shweta.nanda28@gmail.com,+91-745207078,Female,25-34,VIP Club Premier,4115,2021-05-04,AS,Guwahati
1382,CUST-IND-001382,Rohan,Joshi,Rohan Joshi,rohan.joshi814@gmail.com,+91-868249015,Prefer Not to Say,65+,Gold Privilege,36301,2021-03-04,JH,Ranchi
1383,CUST-IND-001383,Ritu,Das,Ritu Das,ritu.das654@gmail.com,+91-739528503,Prefer Not to Say,65+,Regular Shopper,1710,2022-01-01,MH,Mumbai
1384,CUST-IND-001384,Tarun,Nair,Tarun Nair,tarun.nair159@gmail.com,+91-715907309,Female,45-54,Festival Occasional,41915,2021-03-13,MH,Mumbai
1385,CUST-IND-001385,Lakshmi,Gupta,Lakshmi Gupta,lakshmi.gupta726@gmail.com,+91-724282319,Male,45-54,Gold Privilege,25428,2024-03-16,MH,Pune
1386,CUST-IND-001386,Kavita,Saxena,Kavita Saxena,kavita.saxena512@gmail.com,+91-995510215,Male,45-54,Gold Privilege,6367,2024-01-09,MN,Imphal
1387,CUST-IND-001387,Dev,Verma,Dev Verma,dev.verma916@gmail.com,+91-731562681,Female,18-24,Festival Occasional,11143,2023-10-15,ML,Shillong
1388,CUST-IND-001388,Alok,Patel,Alok Patel,alok.patel522@gmail.com,+91-807557222,Male,45-54,Gold Privilege,7868,2021-05-22,MH,Nagpur
1389,CUST-IND-001389,Sunita,Desai,Sunita Desai,sunita.desai212@gmail.com,+91-805203916,Prefer Not to Say,55-64,VIP Club Premier,13613,2022-03-16,JH,Ranchi
1390,CUST-IND-001390,Divya,Jha,Divya Jha,divya.jha270@gmail.com,+91-884704321,Female,55-64,Regular Shopper,41049,2021-08-14,MH,Nagpur
1391,CUST-IND-001391,Rahul,Mehta,Rahul Mehta,rahul.mehta521@gmail.com,+91-772331816,Male,55-64,Regular Shopper,2316,2022-11-01,UP,Lucknow
1392,CUST-IND-001392,Niharika,Nair,Niharika Nair,niharika.nair853@gmail.com,+91-856146754,Prefer Not to Say,35-44,Regular Shopper,29998,2023-10-10,AP,Visakhapatnam
1393,CUST-IND-001393,Rahul,Saxena,Rahul Saxena,rahul.saxena774@gmail.com,+91-746937189,Male,55-64,Regular Shopper,15211,2021-04-15,KL,Kochi
1394,CUST-IND-001394,Neha,Sen,Neha Sen,neha.sen688@gmail.com,+91-952712830,Prefer Not to Say,65+,Regular Shopper,17734,2021-12-04,UP,Noida
1395,CUST-IND-001395,Manoj,Iyer,Manoj Iyer,manoj.iyer626@gmail.com,+91-886442137,Male,35-44,VIP Club Premier,33611,2021-02-12,UP,Noida
1396,CUST-IND-001396,Neha,Gupta,Neha Gupta,neha.gupta397@gmail.com,+91-853939265,Prefer Not to Say,25-34,Gold Privilege,7594,2022-02-27,ML,Shillong
1397,CUST-IND-001397,Anita,Kulkarni,Anita Kulkarni,anita.kulkarni4@gmail.com,+91-818549827,Male,45-54,Regular Shopper,43220,2022-06-16,MP,Indore
1398,CUST-IND-001398,Pooja,Kumar,Pooja Kumar,pooja.kumar773@gmail.com,+91-966211724,Prefer Not to Say,65+,Gold Privilege,35823,2023-01-24,TS,Hyderabad
1399,CUST-IND-001399,Kavita,Shetty,Kavita Shetty,kavita.shetty289@gmail.com,+91-983155839,Female,45-54,Festival Occasional,20924,2022-05-28,MH,Mumbai
1400,CUST-IND-001400,Vikram,Chatterjee,Vikram Chatterjee,vikram.chatterjee701@gmail.com,+91-887987090,Prefer Not to Say,45-54,Gold Privilege,33553,2021-04-08,HR,Gurugram
1401,CUST-IND-001401,Bhavna,Kapoor,Bhavna Kapoor,bhavna.kapoor449@gmail.com,+91-712651625,Prefer Not to Say,35-44,Festival Occasional,7930,2022-01-09,AP,Visakhapatnam
1402,CUST-IND-001402,Divya,Sharma,Divya Sharma,divya.sharma171@gmail.com,+91-911111130,Female,25-34,Festival Occasional,26085,2024-04-27,JH,Ranchi
1403,CUST-IND-001403,Suresh,Shetty,Suresh Shetty,suresh.shetty215@gmail.com,+91-935741430,Prefer Not to Say,65+,Regular Shopper,18651,2022-08-10,MP,Indore
1404,CUST-IND-001404,Suresh,Joshi,Suresh Joshi,suresh.joshi102@gmail.com,+91-957467268,Prefer Not to Say,45-54,Regular Shopper,30580,2022-02-13,GJ,Ahmedabad
1405,CUST-IND-001405,Alok,Deshmukh,Alok Deshmukh,alok.deshmukh135@gmail.com,+91-719773459,Male,65+,Festival Occasional,15588,2022-12-24,UP,Lucknow
1406,CUST-IND-001406,Manoj,Trivedi,Manoj Trivedi,manoj.trivedi525@gmail.com,+91-979400976,Prefer Not to Say,65+,VIP Club Premier,39673,2022-08-03,OD,Bhubaneswar
1407,CUST-IND-001407,Anita,Nair,Anita Nair,anita.nair548@gmail.com,+91-714236184,Female,45-54,Gold Privilege,36729,2023-07-24,KL,Kochi
1408,CUST-IND-001408,Preeti,Kumar,Preeti Kumar,preeti.kumar277@gmail.com,+91-907575790,Prefer Not to Say,25-34,Regular Shopper,9700,2024-01-27,TR,Agartala
1409,CUST-IND-001409,Dev,Deshmukh,Dev Deshmukh,dev.deshmukh20@gmail.com,+91-807837607,Female,45-54,Regular Shopper,26666,2021-03-15,KA,Bengaluru
1410,CUST-IND-001410,Anita,Joshi,Anita Joshi,anita.joshi839@gmail.com,+91-873614981,Male,25-34,Regular Shopper,37139,2021-07-29,MH,Pune
1411,CUST-IND-001411,Anjali,Sharma,Anjali Sharma,anjali.sharma762@gmail.com,+91-763411380,Male,55-64,VIP Club Premier,38711,2022-06-23,DL,Delhi
1412,CUST-IND-001412,Kavita,Chaudhary,Kavita Chaudhary,kavita.chaudhary889@gmail.com,+91-709991222,Female,45-54,VIP Club Premier,3063,2021-02-19,MN,Imphal
1413,CUST-IND-001413,Divya,Mishra,Divya Mishra,divya.mishra551@gmail.com,+91-918270473,Male,55-64,Regular Shopper,27288,2022-05-30,ML,Shillong
1414,CUST-IND-001414,Deepika,Jha,Deepika Jha,deepika.jha699@gmail.com,+91-757575916,Female,18-24,Regular Shopper,44649,2024-01-23,MN,Imphal
1415,CUST-IND-001415,Deepak,Patel,Deepak Patel,deepak.patel569@gmail.com,+91-905939717,Male,45-54,Regular Shopper,27775,2022-07-23,WB,Kolkata
1416,CUST-IND-001416,Bhavna,Shetty,Bhavna Shetty,bhavna.shetty370@gmail.com,+91-803316349,Male,25-34,Festival Occasional,15348,2021-08-01,TR,Agartala
1417,CUST-IND-001417,Kavita,Saxena,Kavita Saxena,kavita.saxena255@gmail.com,+91-783644643,Female,25-34,Festival Occasional,42184,2021-06-12,UP,Noida
1418,CUST-IND-001418,Ritu,Kulkarni,Ritu Kulkarni,ritu.kulkarni613@gmail.com,+91-872324208,Prefer Not to Say,35-44,Festival Occasional,38832,2022-02-28,DL,Delhi
1419,CUST-IND-001419,Sanjay,Trivedi,Sanjay Trivedi,sanjay.trivedi405@gmail.com,+91-898906259,Male,45-54,Festival Occasional,27791,2023-07-02,WB,Kolkata
1420,CUST-IND-001420,Swati,Chatterjee,Swati Chatterjee,swati.chatterjee999@gmail.com,+91-731740696,Male,65+,Festival Occasional,38157,2022-09-15,HR,Gurugram
1421,CUST-IND-001421,Suresh,Shetty,Suresh Shetty,unregistered@retail.com,+91-874576286,Female,25-34,Regular Shopper,34533,2022-04-08,JH,Ranchi
1422,CUST-IND-001422,Bhavna,Malhotra,Bhavna Malhotra,bhavna.malhotra9@gmail.com,+91-966454796,Female,65+,Gold Privilege,28626,2021-01-31,GJ,Surat
1423,CUST-IND-001423,Manoj,Shetty,Manoj Shetty,manoj.shetty703@gmail.com,+91-716058789,Prefer Not to Say,65+,VIP Club Premier,28228,2023-07-21,MH,Nagpur
1424,CUST-IND-001424,Kavita,Gupta,Kavita Gupta,kavita.gupta393@gmail.com,+91-932132379,Female,65+,Regular Shopper,32468,2021-05-02,GJ,Ahmedabad
1425,CUST-IND-001425,Meera,Nair,Meera Nair,meera.nair80@gmail.com,+91-891333552,Prefer Not to Say,35-44,Regular Shopper,9151,2022-10-21,MP,Indore
1426,CUST-IND-001426,Rohan,Mishra,Rohan Mishra,rohan.mishra690@gmail.com,+91-828310505,Female,45-54,Regular Shopper,10343,2021-07-21,MH,Nagpur
1427,CUST-IND-001427,Ritu,Joshi,Ritu Joshi,ritu.joshi77@gmail.com,+91-977264059,Prefer Not to Say,45-54,Regular Shopper,3331,2021-04-21,UP,Noida
1428,CUST-IND-001428,Vikram,Verma,Vikram Verma,vikram.verma159@gmail.com,+91-705026910,Prefer Not to Say,45-54,VIP Club Premier,5111,2024-06-21,MN,Imphal
1429,CUST-IND-001429,Deepika,Patel,Deepika Patel,deepika.patel300@gmail.com,+91-768078701,Female,65+,Regular Shopper,2041,2023-04-22,TN,Chennai
1430,CUST-IND-001430,Deepika,Sen,Deepika Sen,deepika.sen8@gmail.com,+91-833981563,Female,55-64,Regular Shopper,25518,2021-07-16,MN,Imphal
1431,CUST-IND-001431,Preeti,Chaudhary,Preeti Chaudhary,preeti.chaudhary867@gmail.com,+91-973172886,Prefer Not to Say,65+,Regular Shopper,31122,2023-07-19,UP,Noida
1432,CUST-IND-001432,Sanjay,Bhat,Sanjay Bhat,sanjay.bhat690@gmail.com,+91-999616368,Male,18-24,Regular Shopper,27511,2021-05-08,TR,Agartala
1433,CUST-IND-001433,Niharika,Malhotra,Niharika Malhotra,niharika.malhotra747@gmail.com,+91-905995473,Male,45-54,Regular Shopper,19112,2023-02-18,MH,Nagpur
1434,CUST-IND-001434,Ritu,Saxena,Ritu Saxena,unregistered@retail.com,+91-946226694,Male,25-34,Regular Shopper,18993,2021-06-06,GJ,Surat
1435,CUST-IND-001435,Suresh,Joshi,Suresh Joshi,suresh.joshi99@gmail.com,+91-871168808,Prefer Not to Say,45-54,Gold Privilege,12504,2024-01-23,WB,Kolkata
1436,CUST-IND-001436,Deepak,Chaudhary,Deepak Chaudhary,deepak.chaudhary157@gmail.com,+91-858709759,Male,55-64,VIP Club Premier,28874,2023-12-11,TN,Chennai
1437,CUST-IND-001437,Dev,Rao,Dev Rao,dev.rao525@gmail.com,+91-776296390,Male,18-24,Gold Privilege,38470,2024-03-27,GJ,Ahmedabad
1438,CUST-IND-001438,Priya,Malhotra,Priya Malhotra,priya.malhotra886@gmail.com,+91-734515745,Female,18-24,Regular Shopper,20574,2024-01-29,MH,Nagpur
1439,CUST-IND-001439,Bhavna,Reddy,Bhavna Reddy,bhavna.reddy965@gmail.com,+91-749858944,Prefer Not to Say,35-44,Gold Privilege,23148,2023-12-21,MH,Pune
1440,CUST-IND-001440,Pooja,Desai,Pooja Desai,pooja.desai38@gmail.com,+91-875095827,Male,18-24,Regular Shopper,33981,2021-03-10,KA,Bengaluru
1441,CUST-IND-001441,Niharika,Verma,Niharika Verma,niharika.verma379@gmail.com,+91-842057338,Prefer Not to Say,18-24,Festival Occasional,44913,2023-09-25,HR,Gurugram
1442,CUST-IND-001442,Swati,Gupta,Swati Gupta,swati.gupta240@gmail.com,+91-931502347,Prefer Not to Say,35-44,Gold Privilege,3093,2022-01-30,KA,Bengaluru
1443,CUST-IND-001443,Tarun,Rao,Tarun Rao,tarun.rao887@gmail.com,+91-917134439,Prefer Not to Say,18-24,Regular Shopper,43170,2023-12-13,UP,Noida
1444,CUST-IND-001444,Aarav,Gupta,Aarav Gupta,aarav.gupta141@gmail.com,+91-903372786,Female,18-24,Regular Shopper,18946,2024-03-27,BR,Patna
1445,CUST-IND-001445,Pooja,Patel,Pooja Patel,pooja.patel596@gmail.com,+91-911417793,Female,18-24,Regular Shopper,31407,2021-07-26,MH,Pune
1446,CUST-IND-001446,Priya,Reddy,Priya Reddy,priya.reddy934@gmail.com,+91-868007479,Prefer Not to Say,25-34,Regular Shopper,15890,2021-02-01,GJ,Ahmedabad
1447,CUST-IND-001447,Priya,Mukherjee,Priya Mukherjee,priya.mukherjee567@gmail.com,+91-996579275,Male,25-34,Festival Occasional,39737,2023-02-20,HR,Gurugram
1448,CUST-IND-001448,Vikram,Pillai,Vikram Pillai,vikram.pillai455@gmail.com,+91-804562949,Male,25-34,Regular Shopper,25589,2023-10-02,TR,Agartala
1449,CUST-IND-001449,Aarav,Kulkarni,Aarav Kulkarni,aarav.kulkarni33@gmail.com,+91-867047111,Prefer Not to Say,45-54,Regular Shopper,40398,2022-05-10,OD,Bhubaneswar
1450,CUST-IND-001450,Ritu,Kumar,Ritu Kumar,ritu.kumar489@gmail.com,+91-718101834,Male,45-54,Regular Shopper,25252,2022-08-22,UP,Lucknow
1451,CUST-IND-001451,Preeti,Mukherjee,Preeti Mukherjee,preeti.mukherjee286@gmail.com,+91-935592467,Male,25-34,Festival Occasional,42554,2023-10-07,AP,Visakhapatnam
1452,CUST-IND-001452,Divya,Agarwal,Divya Agarwal,divya.agarwal690@gmail.com,+91-879872605,Prefer Not to Say,65+,Regular Shopper,23114,2021-02-18,WB,Kolkata
1453,CUST-IND-001453,Sunita,Dutta,Sunita Dutta,sunita.dutta943@gmail.com,+91-893409351,Female,35-44,Gold Privilege,23253,2022-03-24,MH,Mumbai
1454,CUST-IND-001454,Sanjay,Desai,Sanjay Desai,sanjay.desai279@gmail.com,+91-716865016,Male,65+,Regular Shopper,20630,2021-02-15,MN,Imphal
1455,CUST-IND-001455,Anjali,Malhotra,Anjali Malhotra,anjali.malhotra810@gmail.com,+91-755996602,Prefer Not to Say,65+,Gold Privilege,7785,2022-01-22,GJ,Ahmedabad
1456,CUST-IND-001456,Meera,Bansal,Meera Bansal,meera.bansal484@gmail.com,+91-742170199,Female,65+,Regular Shopper,29048,2022-12-25,ML,Shillong
1457,CUST-IND-001457,Rohan,Bansal,Rohan Bansal,rohan.bansal415@gmail.com,+91-821035804,Male,55-64,Regular Shopper,7489,2022-09-24,GJ,Surat
1458,CUST-IND-001458,Ritu,Kulkarni,Ritu Kulkarni,ritu.kulkarni304@gmail.com,+91-813230624,Prefer Not to Say,55-64,Regular Shopper,44363,2023-07-09,BR,Patna
1459,CUST-IND-001459,Rajesh,Sharma,Rajesh Sharma,rajesh.sharma732@gmail.com,+91-733638676,Female,65+,Regular Shopper,35151,2023-06-02,AS,Guwahati
1460,CUST-IND-001460,Divya,Dutta,Divya Dutta,divya.dutta395@gmail.com,+91-856887398,Male,18-24,Festival Occasional,35456,2021-03-20,HR,Gurugram
1461,CUST-IND-001461,Alok,Das,Alok Das,alok.das424@gmail.com,+91-958900018,Female,18-24,Gold Privilege,42342,2023-08-23,KA,Bengaluru
1462,CUST-IND-001462,Amit,Saxena,Amit Saxena,amit.saxena22@gmail.com,+91-946407647,Female,55-64,Regular Shopper,23450,2021-05-16,KL,Kochi
1463,CUST-IND-001463,Anjali,Patel,Anjali Patel,anjali.patel401@gmail.com,+91-781144210,Female,55-64,Gold Privilege,30221,2021-09-23,BR,Patna
1464,CUST-IND-001464,Aditya,Gupta,Aditya Gupta,aditya.gupta457@gmail.com,+91-835413726,Female,65+,Regular Shopper,4252,2023-10-18,TS,Hyderabad
1465,CUST-IND-001465,Niharika,Sharma,Niharika Sharma,niharika.sharma708@gmail.com,+91-757205470,Prefer Not to Say,65+,Regular Shopper,23358,2024-02-03,AS,Guwahati
1466,CUST-IND-001466,Kavita,Chatterjee,Kavita Chatterjee,unregistered@retail.com,+91-893781116,Female,25-34,Gold Privilege,38880,2021-05-21,WB,Kolkata
1467,CUST-IND-001467,Ritu,Sen,Ritu Sen,ritu.sen529@gmail.com,+91-788701258,Prefer Not to Say,25-34,Festival Occasional,15367,2023-08-18,DL,Delhi
1468,CUST-IND-001468,Niharika,Verma,Niharika Verma,niharika.verma816@gmail.com,+91-716997737,Male,25-34,Festival Occasional,8740,2023-05-19,MH,Pune
1469,CUST-IND-001469,Karthik,Jha,Karthik Jha,karthik.jha576@gmail.com,+91-807461800,Male,35-44,Regular Shopper,2054,2021-03-28,TN,Chennai
1470,CUST-IND-001470,Divya,Rao,Divya Rao,divya.rao265@gmail.com,+91-855956791,Female,45-54,Regular Shopper,4986,2023-05-12,TR,Agartala
1471,CUST-IND-001471,Kavita,Saxena,Kavita Saxena,kavita.saxena26@gmail.com,+91-868483354,Prefer Not to Say,45-54,Regular Shopper,41802,2024-01-27,OD,Bhubaneswar
1472,CUST-IND-001472,Kavita,Deshmukh,Kavita Deshmukh,kavita.deshmukh390@gmail.com,+91-967415380,Male,45-54,Festival Occasional,32727,2022-05-14,MP,Indore
1473,CUST-IND-001473,Vikram,Chaudhary,Vikram Chaudhary,vikram.chaudhary145@gmail.com,+91-934977981,Male,55-64,Regular Shopper,16875,2022-03-03,TR,Agartala
1474,CUST-IND-001474,Shweta,Desai,Shweta Desai,shweta.desai872@gmail.com,+91-885691155,Prefer Not to Say,45-54,Regular Shopper,9717,2024-05-06,MH,Mumbai
1475,CUST-IND-001475,Manoj,Dutta,Manoj Dutta,manoj.dutta300@gmail.com,+91-993167319,Prefer Not to Say,45-54,Regular Shopper,29005,2024-03-10,AS,Guwahati
1476,CUST-IND-001476,Lakshmi,Verma,Lakshmi Verma,lakshmi.verma482@gmail.com,+91-946193701,Female,18-24,Festival Occasional,7070,2022-10-22,KA,Bengaluru
1477,CUST-IND-001477,Ananya,Verma,Ananya Verma,unregistered@retail.com,+91-936592203,Prefer Not to Say,25-34,Gold Privilege,6476,2023-05-09,AS,Guwahati
1478,CUST-IND-001478,Alok,Rao,Alok Rao,alok.rao906@gmail.com,+91-944141294,Prefer Not to Say,55-64,VIP Club Premier,9571,2023-11-01,ML,Shillong
1479,CUST-IND-001479,Bhavna,Mukherjee,Bhavna Mukherjee,bhavna.mukherjee503@gmail.com,+91-746754977,Prefer Not to Say,25-34,Gold Privilege,38517,2022-11-14,DL,Delhi
1480,CUST-IND-001480,Divya,Agarwal,Divya Agarwal,divya.agarwal124@gmail.com,+91-964979782,Male,18-24,Festival Occasional,4585,2021-05-30,KL,Kochi
1481,CUST-IND-001481,Manoj,Chatterjee,Manoj Chatterjee,manoj.chatterjee187@gmail.com,+91-791465555,Prefer Not to Say,18-24,VIP Club Premier,11942,2023-04-24,BR,Patna
1482,CUST-IND-001482,Pooja,Sharma,Pooja Sharma,pooja.sharma122@gmail.com,+91-741876960,Female,45-54,Gold Privilege,34574,2024-02-07,MH,Pune
1483,CUST-IND-001483,Divya,Nair,Divya Nair,divya.nair941@gmail.com,+91-851931301,Prefer Not to Say,25-34,Festival Occasional,35217,2021-10-13,GJ,Ahmedabad
1484,CUST-IND-001484,Lakshmi,Malhotra,Lakshmi Malhotra,lakshmi.malhotra252@gmail.com,+91-837456779,Female,55-64,VIP Club Premier,27078,2021-06-14,UP,Lucknow
1485,CUST-IND-001485,Deepak,Bhat,Deepak Bhat,deepak.bhat562@gmail.com,+91-859576529,Male,45-54,Festival Occasional,12037,2023-03-02,PB,Chandigarh
1486,CUST-IND-001486,Bhavna,Patel,Bhavna Patel,bhavna.patel608@gmail.com,+91-759024483,Female,65+,Regular Shopper,27248,2021-11-26,MN,Imphal
1487,CUST-IND-001487,Rahul,Shetty,Rahul Shetty,rahul.shetty63@gmail.com,+91-932277030,Male,35-44,Regular Shopper,42000,2021-12-01,KL,Kochi
1488,CUST-IND-001488,Aditya,Chaudhary,Aditya Chaudhary,aditya.chaudhary630@gmail.com,+91-954448338,Female,35-44,Regular Shopper,44082,2022-07-15,ML,Shillong
1489,CUST-IND-001489,Dev,Nanda,Dev Nanda,dev.nanda4@gmail.com,+91-949433914,Prefer Not to Say,55-64,Gold Privilege,5022,2021-08-29,MN,Imphal
1490,CUST-IND-001490,Shweta,Bhat,Shweta Bhat,shweta.bhat780@gmail.com,+91-744890104,Prefer Not to Say,65+,Regular Shopper,43284,2023-05-17,MH,Mumbai
1491,CUST-IND-001491,Amit,Bansal,Amit Bansal,amit.bansal623@gmail.com,+91-979973488,Female,35-44,Regular Shopper,26055,2021-03-03,MH,Mumbai
1492,CUST-IND-001492,Divya,Deshmukh,Divya Deshmukh,divya.deshmukh479@gmail.com,+91-973895850,Female,18-24,VIP Club Premier,4365,2022-03-06,OD,Bhubaneswar
1493,CUST-IND-001493,Kavita,Nair,Kavita Nair,kavita.nair167@gmail.com,+91-719574420,Female,25-34,Regular Shopper,31514,2022-02-20,OD,Bhubaneswar
1494,CUST-IND-001494,Dev,Bansal,Dev Bansal,dev.bansal542@gmail.com,+91-749648695,Female,35-44,Gold Privilege,18612,2023-08-26,DL,Delhi
1495,CUST-IND-001495,Arjun,Reddy,Arjun Reddy,arjun.reddy302@gmail.com,+91-908215823,Female,35-44,Festival Occasional,1359,2023-11-27,ML,Shillong
1496,CUST-IND-001496,Rajesh,Jha,Rajesh Jha,rajesh.jha254@gmail.com,+91-989915009,Female,55-64,Regular Shopper,20391,2024-04-27,MP,Indore
1497,CUST-IND-001497,Ananya,Reddy,Ananya Reddy,ananya.reddy506@gmail.com,+91-704182526,Prefer Not to Say,65+,Gold Privilege,19780,2022-02-13,DL,Delhi
1498,CUST-IND-001498,Sanjay,Reddy,Sanjay Reddy,sanjay.reddy103@gmail.com,+91-967060489,Prefer Not to Say,25-34,Regular Shopper,36585,2022-03-22,MH,Nagpur
1499,CUST-IND-001499,Anjali,Iyer,Anjali Iyer,anjali.iyer238@gmail.com,+91-864889697,Male,18-24,Gold Privilege,22308,2023-08-28,HR,Gurugram
1500,CUST-IND-001500,Divya,Deshmukh,Divya Deshmukh,divya.deshmukh958@gmail.com,+91-809555858,Male,45-54,Gold Privilege,34234,2023-06-13,KA,Bengaluru
1501,CUST-IND-001501,Vikram,Nanda,Vikram Nanda,vikram.nanda483@gmail.com,+91-839883015,Female,25-34,Regular Shopper,6950,2024-02-28,TS,Hyderabad
1502,CUST-IND-001502,Sunita,Singh,Sunita Singh,sunita.singh558@gmail.com,+91-769362948,Male,45-54,Regular Shopper,11343,2023-04-13,MH,Mumbai
1503,CUST-IND-001503,Neha,Malhotra,Neha Malhotra,neha.malhotra359@gmail.com,+91-807359251,Male,35-44,Gold Privilege,1603,2023-11-29,BR,Patna
1504,CUST-IND-001504,Ananya,Mehta,Ananya Mehta,ananya.mehta476@gmail.com,+91-722617534,Female,65+,Regular Shopper,207,2022-04-15,TS,Hyderabad
1505,CUST-IND-001505,Dev,Kumar,Dev Kumar,dev.kumar58@gmail.com,+91-723359481,Female,35-44,Regular Shopper,28298,2022-07-23,RJ,Jaipur
1506,CUST-IND-001506,Amit,Verma,Amit Verma,amit.verma523@gmail.com,+91-726532618,Prefer Not to Say,65+,Regular Shopper,31251,2021-12-24,ML,Shillong
1507,CUST-IND-001507,Shweta,Sharma,Shweta Sharma,shweta.sharma362@gmail.com,+91-995156552,Prefer Not to Say,45-54,Regular Shopper,4982,2023-11-13,GJ,Ahmedabad
1508,CUST-IND-001508,Karthik,Rao,Karthik Rao,karthik.rao801@gmail.com,+91-982524926,Female,35-44,Regular Shopper,43822,2022-10-18,HR,Gurugram
1509,CUST-IND-001509,Bhavna,Reddy,Bhavna Reddy,bhavna.reddy127@gmail.com,+91-975436425,Prefer Not to Say,35-44,Festival Occasional,31697,2023-12-23,KA,Bengaluru
1510,CUST-IND-001510,Amit,Bhat,Amit Bhat,amit.bhat939@gmail.com,+91-867729206,Male,35-44,Regular Shopper,28343,2021-07-01,TS,Hyderabad
1511,CUST-IND-001511,Vishal,Saxena,Vishal Saxena,vishal.saxena785@gmail.com,+91-757305948,Prefer Not to Say,25-34,Regular Shopper,43496,2023-03-06,TS,Hyderabad
1512,CUST-IND-001512,Swati,Desai,Swati Desai,swati.desai650@gmail.com,+91-943509855,Male,55-64,Regular Shopper,24863,2023-09-06,MH,Mumbai
1513,CUST-IND-001513,Alok,Bhat,Alok Bhat,alok.bhat628@gmail.com,+91-755991068,Prefer Not to Say,25-34,Regular Shopper,19334,2024-01-22,ML,Shillong
1514,CUST-IND-001514,Vishal,Reddy,Vishal Reddy,vishal.reddy862@gmail.com,+91-847903876,Female,55-64,Festival Occasional,11190,2022-07-07,KA,Bengaluru
1515,CUST-IND-001515,Anjali,Kulkarni,Anjali Kulkarni,anjali.kulkarni676@gmail.com,+91-901738165,Female,25-34,Regular Shopper,36169,2024-04-08,TS,Hyderabad
1516,CUST-IND-001516,Manoj,Dutta,Manoj Dutta,manoj.dutta899@gmail.com,+91-831545606,Male,18-24,Festival Occasional,21841,2023-05-24,MH,Nagpur
1517,CUST-IND-001517,Manoj,Chaudhary,Manoj Chaudhary,manoj.chaudhary636@gmail.com,+91-941670088,Male,35-44,Regular Shopper,35249,2021-09-11,AS,Guwahati
1518,CUST-IND-001518,Neha,Patel,Neha Patel,unregistered@retail.com,+91-999313996,Prefer Not to Say,55-64,Gold Privilege,40997,2023-01-02,MP,Indore
1519,CUST-IND-001519,Amit,Bhat,Amit Bhat,unregistered@retail.com,+91-878081090,Prefer Not to Say,25-34,Regular Shopper,19945,2024-06-16,ML,Shillong
1520,CUST-IND-001520,Ritu,Malhotra,Ritu Malhotra,ritu.malhotra47@gmail.com,+91-753496560,Male,25-34,Festival Occasional,10184,2022-07-20,AP,Visakhapatnam
1521,CUST-IND-001521,Amit,Desai,Amit Desai,amit.desai537@gmail.com,+91-936618300,Female,35-44,Gold Privilege,39685,2023-03-12,GJ,Ahmedabad
1522,CUST-IND-001522,Bhavna,Nair,Bhavna Nair,bhavna.nair198@gmail.com,+91-798645145,Prefer Not to Say,55-64,Regular Shopper,3038,2022-02-04,RJ,Jaipur
1523,CUST-IND-001523,Alok,Mehta,Alok Mehta,alok.mehta302@gmail.com,+91-928220815,Male,25-34,Regular Shopper,30167,2023-03-24,UP,Lucknow
1524,CUST-IND-001524,Anjali,Nanda,Anjali Nanda,anjali.nanda866@gmail.com,+91-778424341,Prefer Not to Say,35-44,Regular Shopper,40054,2021-09-02,TN,Chennai
1525,CUST-IND-001525,Divya,Gupta,Divya Gupta,divya.gupta799@gmail.com,+91-815474238,Male,18-24,VIP Club Premier,21233,2022-05-07,PB,Chandigarh
1526,CUST-IND-001526,Aditya,Reddy,Aditya Reddy,aditya.reddy779@gmail.com,+91-989590529,Prefer Not to Say,65+,Regular Shopper,40395,2022-08-28,AS,Guwahati
1527,CUST-IND-001527,Dev,Reddy,Dev Reddy,dev.reddy427@gmail.com,+91-951671559,Male,65+,Regular Shopper,20540,2024-04-15,MH,Mumbai
1528,CUST-IND-001528,Anita,Bansal,Anita Bansal,anita.bansal865@gmail.com,+91-901659832,Male,65+,Regular Shopper,9778,2022-08-17,KL,Kochi
1529,CUST-IND-001529,Aarav,Iyer,Aarav Iyer,unregistered@retail.com,+91-977713621,Prefer Not to Say,18-24,Gold Privilege,33252,2021-03-13,MH,Mumbai
1530,CUST-IND-001530,Dev,Joshi,Dev Joshi,dev.joshi764@gmail.com,+91-985009946,Male,65+,Regular Shopper,32441,2021-08-09,KL,Kochi
1531,CUST-IND-001531,Shweta,Sen,Shweta Sen,shweta.sen619@gmail.com,+91-885928956,Female,45-54,Gold Privilege,3213,2022-03-01,GJ,Ahmedabad
1532,CUST-IND-001532,Deepika,Nanda,Deepika Nanda,deepika.nanda195@gmail.com,+91-702285953,Female,35-44,Gold Privilege,20625,2022-05-26,GJ,Surat
1533,CUST-IND-001533,Lakshmi,Dutta,Lakshmi Dutta,lakshmi.dutta218@gmail.com,+91-859190282,Prefer Not to Say,55-64,Gold Privilege,31941,2024-03-08,MP,Indore
1534,CUST-IND-001534,Divya,Chatterjee,Divya Chatterjee,divya.chatterjee915@gmail.com,+91-991605402,Female,65+,Gold Privilege,6567,2023-02-06,HR,Gurugram
1535,CUST-IND-001535,Amit,Joshi,Amit Joshi,unregistered@retail.com,+91-786373115,Male,25-34,Regular Shopper,5454,2022-05-08,UP,Lucknow
1536,CUST-IND-001536,Bhavna,Malhotra,Bhavna Malhotra,bhavna.malhotra176@gmail.com,+91-956209546,Female,35-44,Regular Shopper,38910,2023-08-26,DL,Delhi
1537,CUST-IND-001537,Niharika,Kumar,Niharika Kumar,niharika.kumar987@gmail.com,+91-861396355,Prefer Not to Say,45-54,Regular Shopper,34363,2023-02-26,KA,Bengaluru
1538,CUST-IND-001538,Aarav,Agarwal,Aarav Agarwal,aarav.agarwal176@gmail.com,+91-713490910,Prefer Not to Say,45-54,Gold Privilege,5187,2023-12-07,MH,Nagpur
1539,CUST-IND-001539,Rajesh,Kumar,Rajesh Kumar,rajesh.kumar766@gmail.com,+91-795478792,Prefer Not to Say,65+,Regular Shopper,30104,2021-05-27,ML,Shillong
1540,CUST-IND-001540,Manoj,Das,Manoj Das,manoj.das775@gmail.com,+91-994740727,Female,25-34,Festival Occasional,35935,2024-03-16,JH,Ranchi
1541,CUST-IND-001541,Rohan,Trivedi,Rohan Trivedi,rohan.trivedi179@gmail.com,+91-736214640,Prefer Not to Say,65+,Gold Privilege,1710,2022-10-17,MH,Nagpur
1542,CUST-IND-001542,Deepak,Jha,Deepak Jha,deepak.jha357@gmail.com,+91-759901924,Male,25-34,Regular Shopper,26997,2021-08-17,BR,Patna
1543,CUST-IND-001543,Lakshmi,Nair,Lakshmi Nair,lakshmi.nair331@gmail.com,+91-894793989,Female,18-24,Gold Privilege,10423,2021-09-03,MP,Indore
1544,CUST-IND-001544,Aarav,Bansal,Aarav Bansal,aarav.bansal402@gmail.com,+91-963473976,Female,35-44,Gold Privilege,23425,2022-09-07,MP,Indore
1545,CUST-IND-001545,Alok,Rao,Alok Rao,alok.rao520@gmail.com,+91-833556562,Prefer Not to Say,65+,Regular Shopper,21897,2024-02-03,AS,Guwahati
1546,CUST-IND-001546,Divya,Malhotra,Divya Malhotra,divya.malhotra63@gmail.com,+91-979436515,Male,65+,Gold Privilege,25020,2023-02-01,TS,Hyderabad
1547,CUST-IND-001547,Sunita,Bhat,Sunita Bhat,sunita.bhat878@gmail.com,+91-917990030,Male,35-44,Gold Privilege,38408,2021-11-01,RJ,Jaipur
1548,CUST-IND-001548,Aarav,Nanda,Aarav Nanda,aarav.nanda726@gmail.com,+91-791410645,Prefer Not to Say,65+,Regular Shopper,37458,2022-01-15,KL,Kochi
1549,CUST-IND-001549,Vishal,Hegde,Vishal Hegde,vishal.hegde67@gmail.com,+91-722934013,Male,45-54,Festival Occasional,26258,2023-11-08,AP,Visakhapatnam
1550,CUST-IND-001550,Aarav,Nanda,Aarav Nanda,aarav.nanda475@gmail.com,+91-932503187,Male,25-34,Regular Shopper,6343,2021-01-21,AS,Guwahati
1551,CUST-IND-001551,Anita,Iyer,Anita Iyer,anita.iyer372@gmail.com,+91-984703053,Male,35-44,Gold Privilege,31565,2023-10-10,MH,Nagpur
1552,CUST-IND-001552,Shweta,Chaudhary,Shweta Chaudhary,shweta.chaudhary260@gmail.com,+91-935425463,Prefer Not to Say,55-64,Regular Shopper,36512,2024-01-31,BR,Patna
1553,CUST-IND-001553,Vikram,Agarwal,Vikram Agarwal,vikram.agarwal718@gmail.com,+91-794233065,Prefer Not to Say,18-24,Regular Shopper,15103,2023-08-21,ML,Shillong
1554,CUST-IND-001554,Pooja,Malhotra,Pooja Malhotra,pooja.malhotra149@gmail.com,+91-893886886,Prefer Not to Say,45-54,Gold Privilege,18646,2021-03-10,BR,Patna
1555,CUST-IND-001555,Sanjay,Shetty,Sanjay Shetty,sanjay.shetty238@gmail.com,+91-722975206,Male,25-34,Regular Shopper,11177,2023-08-30,JH,Ranchi
1556,CUST-IND-001556,Preeti,Das,Preeti Das,unregistered@retail.com,+91-924450557,Prefer Not to Say,45-54,Gold Privilege,11445,2021-02-01,TR,Agartala
1557,CUST-IND-001557,Vishal,Kumar,Vishal Kumar,vishal.kumar651@gmail.com,+91-981608589,Prefer Not to Say,35-44,Regular Shopper,8089,2021-02-22,MH,Mumbai
1558,CUST-IND-001558,Priya,Patel,Priya Patel,priya.patel411@gmail.com,+91-712048712,Male,25-34,Gold Privilege,16979,2023-06-11,WB,Kolkata
1559,CUST-IND-001559,Aarav,Joshi,Aarav Joshi,aarav.joshi356@gmail.com,+91-864832636,Prefer Not to Say,25-34,Gold Privilege,40361,2023-05-04,WB,Kolkata
1560,CUST-IND-001560,Sanjay,Sharma,Sanjay Sharma,sanjay.sharma31@gmail.com,+91-912160056,Male,35-44,VIP Club Premier,41332,2023-09-28,OD,Bhubaneswar
1561,CUST-IND-001561,Sunita,Desai,Sunita Desai,sunita.desai540@gmail.com,+91-788096092,Prefer Not to Say,45-54,Regular Shopper,7952,2023-02-13,MH,Mumbai
1562,CUST-IND-001562,Aditya,Hegde,Aditya Hegde,aditya.hegde66@gmail.com,+91-912178029,Female,65+,Regular Shopper,31366,2021-04-06,KL,Kochi
1563,CUST-IND-001563,Vishal,Agarwal,Vishal Agarwal,vishal.agarwal512@gmail.com,+91-892001824,Male,45-54,Regular Shopper,31904,2023-06-04,AS,Guwahati
1564,CUST-IND-001564,Rajesh,Patel,Rajesh Patel,rajesh.patel559@gmail.com,+91-723554885,Female,45-54,Festival Occasional,38232,2023-02-19,MN,Imphal
1565,CUST-IND-001565,Sanjay,Joshi,Sanjay Joshi,sanjay.joshi329@gmail.com,+91-742856252,Male,25-34,Gold Privilege,11010,2021-11-27,MP,Indore
1566,CUST-IND-001566,Manoj,Chatterjee,Manoj Chatterjee,manoj.chatterjee383@gmail.com,+91-739199360,Female,65+,Regular Shopper,25642,2024-06-10,GJ,Ahmedabad
1567,CUST-IND-001567,Shweta,Malhotra,Shweta Malhotra,shweta.malhotra353@gmail.com,+91-918030155,Female,25-34,Festival Occasional,36113,2022-10-11,TR,Agartala
1568,CUST-IND-001568,Sanjay,Verma,Sanjay Verma,sanjay.verma255@gmail.com,+91-728789021,Male,55-64,Gold Privilege,15114,2022-02-24,KA,Bengaluru
1569,CUST-IND-001569,Rahul,Kapoor,Rahul Kapoor,rahul.kapoor316@gmail.com,+91-904969969,Female,35-44,Gold Privilege,30413,2022-02-15,WB,Kolkata
1570,CUST-IND-001570,Niharika,Iyer,Niharika Iyer,niharika.iyer388@gmail.com,+91-777361922,Female,35-44,VIP Club Premier,18156,2023-03-30,GJ,Ahmedabad
1571,CUST-IND-001571,Kavita,Gupta,Kavita Gupta,kavita.gupta319@gmail.com,+91-923660425,Female,45-54,Regular Shopper,38498,2021-04-27,DL,Delhi
1572,CUST-IND-001572,Anita,Kulkarni,Anita Kulkarni,anita.kulkarni856@gmail.com,+91-722030272,Prefer Not to Say,25-34,Festival Occasional,29880,2021-12-18,DL,Delhi
1573,CUST-IND-001573,Ritu,Das,Ritu Das,ritu.das790@gmail.com,+91-914398646,Male,55-64,Regular Shopper,2217,2023-05-05,RJ,Jaipur
1574,CUST-IND-001574,Kavita,Kulkarni,Kavita Kulkarni,kavita.kulkarni772@gmail.com,+91-957688927,Prefer Not to Say,45-54,Regular Shopper,21895,2023-06-01,RJ,Jaipur
1575,CUST-IND-001575,Rohan,Gupta,Rohan Gupta,rohan.gupta196@gmail.com,+91-881244544,Male,18-24,Festival Occasional,22851,2022-10-18,TN,Chennai
1576,CUST-IND-001576,Aarav,Verma,Aarav Verma,aarav.verma201@gmail.com,+91-872998353,Female,55-64,Gold Privilege,44900,2022-08-02,MN,Imphal
1577,CUST-IND-001577,Anita,Sharma,Anita Sharma,anita.sharma76@gmail.com,+91-862038950,Female,55-64,Regular Shopper,12673,2023-10-08,RJ,Jaipur
1578,CUST-IND-001578,Aditya,Sharma,Aditya Sharma,aditya.sharma328@gmail.com,+91-877057400,Male,18-24,Festival Occasional,20949,2023-05-13,MN,Imphal
1579,CUST-IND-001579,Karthik,Iyer,Karthik Iyer,karthik.iyer616@gmail.com,+91-824796428,Prefer Not to Say,65+,Gold Privilege,12514,2023-10-04,UP,Noida
1580,CUST-IND-001580,Deepika,Mukherjee,Deepika Mukherjee,deepika.mukherjee361@gmail.com,+91-969789064,Female,35-44,Regular Shopper,32929,2022-04-01,AS,Guwahati
1581,CUST-IND-001581,Neha,Bansal,Neha Bansal,neha.bansal972@gmail.com,+91-881704531,Male,25-34,VIP Club Premier,28663,2022-09-15,BR,Patna
1582,CUST-IND-001582,Rajesh,Chatterjee,Rajesh Chatterjee,rajesh.chatterjee950@gmail.com,+91-787437589,Female,25-34,Regular Shopper,6774,2024-03-21,KA,Bengaluru
1583,CUST-IND-001583,Priya,Verma,Priya Verma,priya.verma356@gmail.com,+91-822978669,Male,45-54,Gold Privilege,1067,2024-04-25,AP,Visakhapatnam
1584,CUST-IND-001584,Shweta,Nair,Shweta Nair,shweta.nair671@gmail.com,+91-712688973,Prefer Not to Say,65+,Regular Shopper,19024,2021-12-28,ML,Shillong
1585,CUST-IND-001585,Bhavna,Bansal,Bhavna Bansal,bhavna.bansal538@gmail.com,+91-758664521,Prefer Not to Say,55-64,Gold Privilege,27089,2021-01-02,MP,Indore
1586,CUST-IND-001586,Vikram,Desai,Vikram Desai,vikram.desai913@gmail.com,+91-824806769,Male,35-44,Festival Occasional,42783,2022-05-28,GJ,Ahmedabad
1587,CUST-IND-001587,Manoj,Dutta,Manoj Dutta,manoj.dutta662@gmail.com,+91-872897997,Male,25-34,Gold Privilege,43748,2022-04-25,BR,Patna
1588,CUST-IND-001588,Vikram,Pillai,Vikram Pillai,vikram.pillai858@gmail.com,+91-873231672,Prefer Not to Say,55-64,Regular Shopper,10572,2022-06-30,OD,Bhubaneswar
1589,CUST-IND-001589,Anjali,Iyer,Anjali Iyer,anjali.iyer650@gmail.com,+91-708351672,Prefer Not to Say,25-34,Regular Shopper,23680,2021-07-13,OD,Bhubaneswar
1590,CUST-IND-001590,Bhavna,Saxena,Bhavna Saxena,bhavna.saxena151@gmail.com,+91-873606536,Female,18-24,Gold Privilege,22708,2023-01-04,MH,Nagpur
1591,CUST-IND-001591,Alok,Kapoor,Alok Kapoor,alok.kapoor489@gmail.com,+91-844271669,Male,25-34,Festival Occasional,40439,2022-08-22,TN,Chennai
1592,CUST-IND-001592,Manoj,Trivedi,Manoj Trivedi,manoj.trivedi619@gmail.com,+91-805156166,Male,65+,Regular Shopper,31408,2024-06-25,MH,Pune
1593,CUST-IND-001593,Sunita,Kumar,Sunita Kumar,sunita.kumar721@gmail.com,+91-803226326,Prefer Not to Say,45-54,Gold Privilege,23397,2022-09-18,BR,Patna
1594,CUST-IND-001594,Vikram,Joshi,Vikram Joshi,vikram.joshi433@gmail.com,+91-773142486,Male,65+,Festival Occasional,40705,2021-10-02,UP,Noida
1595,CUST-IND-001595,Niharika,Bhat,Niharika Bhat,niharika.bhat654@gmail.com,+91-823015368,Prefer Not to Say,65+,Regular Shopper,26547,2021-02-13,RJ,Jaipur
1596,CUST-IND-001596,Deepika,Hegde,Deepika Hegde,deepika.hegde780@gmail.com,+91-974668372,Female,55-64,Regular Shopper,40729,2024-04-01,MH,Mumbai
1597,CUST-IND-001597,Rahul,Mukherjee,Rahul Mukherjee,rahul.mukherjee715@gmail.com,+91-984688332,Female,25-34,Festival Occasional,26905,2022-05-28,WB,Kolkata
1598,CUST-IND-001598,Sanjay,Sen,Sanjay Sen,sanjay.sen488@gmail.com,+91-973209152,Male,65+,Gold Privilege,40788,2023-06-12,KL,Kochi
1599,CUST-IND-001599,Deepika,Chatterjee,Deepika Chatterjee,deepika.chatterjee310@gmail.com,+91-761015567,Female,55-64,Regular Shopper,37768,2022-01-09,WB,Kolkata
1600,CUST-IND-001600,Swati,Das,Swati Das,swati.das315@gmail.com,+91-742567558,Prefer Not to Say,35-44,Regular Shopper,34194,2022-01-09,OD,Bhubaneswar
1601,CUST-IND-001601,Aditya,Pillai,Aditya Pillai,aditya.pillai128@gmail.com,+91-999250628,Prefer Not to Say,45-54,Regular Shopper,6472,2021-02-05,TR,Agartala
1602,CUST-IND-001602,Deepak,Sharma,Deepak Sharma,deepak.sharma394@gmail.com,+91-924675708,Male,55-64,Regular Shopper,25807,2022-02-01,RJ,Jaipur
1603,CUST-IND-001603,Divya,Dutta,Divya Dutta,divya.dutta629@gmail.com,+91-722183768,Prefer Not to Say,65+,Gold Privilege,17165,2022-10-30,TR,Agartala
1604,CUST-IND-001604,Bhavna,Bansal,Bhavna Bansal,bhavna.bansal886@gmail.com,+91-911055717,Prefer Not to Say,35-44,Regular Shopper,27241,2021-12-01,MH,Mumbai
1605,CUST-IND-001605,Niharika,Dutta,Niharika Dutta,niharika.dutta705@gmail.com,+91-864372880,Female,25-34,Gold Privilege,40810,2023-03-14,AS,Guwahati
1606,CUST-IND-001606,Sanjay,Agarwal,Sanjay Agarwal,sanjay.agarwal91@gmail.com,+91-803030578,Male,25-34,Gold Privilege,40566,2022-04-14,TS,Hyderabad
1607,CUST-IND-001607,Kavita,Deshmukh,Kavita Deshmukh,kavita.deshmukh625@gmail.com,+91-821792259,Female,25-34,Festival Occasional,9855,2022-10-11,ML,Shillong
1608,CUST-IND-001608,Aarav,Malhotra,Aarav Malhotra,aarav.malhotra448@gmail.com,+91-722666997,Prefer Not to Say,25-34,Regular Shopper,9802,2021-11-14,AP,Visakhapatnam
1609,CUST-IND-001609,Meera,Patel,Meera Patel,meera.patel441@gmail.com,+91-907809270,Female,55-64,Gold Privilege,6407,2021-06-07,PB,Chandigarh
1610,CUST-IND-001610,Rajesh,Iyer,Rajesh Iyer,rajesh.iyer234@gmail.com,+91-821670397,Male,45-54,Regular Shopper,41032,2021-11-01,GJ,Ahmedabad
1611,CUST-IND-001611,Pooja,Sharma,Pooja Sharma,pooja.sharma829@gmail.com,+91-753527548,Prefer Not to Say,65+,Gold Privilege,4415,2023-01-11,MH,Mumbai
1612,CUST-IND-001612,Arjun,Dutta,Arjun Dutta,arjun.dutta324@gmail.com,+91-933992785,Female,35-44,Regular Shopper,41041,2024-05-26,MH,Mumbai
1613,CUST-IND-001613,Preeti,Iyer,Preeti Iyer,preeti.iyer199@gmail.com,+91-897833351,Female,18-24,Festival Occasional,27676,2023-09-14,UP,Lucknow
1614,CUST-IND-001614,Vikram,Rao,Vikram Rao,vikram.rao336@gmail.com,+91-739900004,Prefer Not to Say,65+,Regular Shopper,21085,2024-06-19,MH,Mumbai
1615,CUST-IND-001615,Pooja,Pillai,Pooja Pillai,pooja.pillai675@gmail.com,+91-889498864,Female,35-44,Festival Occasional,1516,2024-02-22,HR,Gurugram
1616,CUST-IND-001616,Alok,Sen,Alok Sen,alok.sen294@gmail.com,+91-863041205,Prefer Not to Say,18-24,VIP Club Premier,32130,2022-10-17,MH,Nagpur
1617,CUST-IND-001617,Shweta,Kapoor,Shweta Kapoor,shweta.kapoor422@gmail.com,+91-857627311,Prefer Not to Say,45-54,Gold Privilege,30627,2021-04-28,AP,Visakhapatnam
1618,CUST-IND-001618,Ritu,Rao,Ritu Rao,ritu.rao364@gmail.com,+91-781392685,Female,55-64,VIP Club Premier,375,2024-02-01,TN,Chennai
1619,CUST-IND-001619,Anjali,Rao,Anjali Rao,anjali.rao873@gmail.com,+91-732330287,Male,55-64,VIP Club Premier,4966,2023-11-20,JH,Ranchi
1620,CUST-IND-001620,Tarun,Agarwal,Tarun Agarwal,tarun.agarwal657@gmail.com,+91-799248074,Prefer Not to Say,25-34,Festival Occasional,30084,2022-11-28,GJ,Surat
1621,CUST-IND-001621,Deepika,Chatterjee,Deepika Chatterjee,deepika.chatterjee492@gmail.com,+91-974730992,Prefer Not to Say,45-54,Gold Privilege,36563,2022-07-07,WB,Kolkata
1622,CUST-IND-001622,Ritu,Bhat,Ritu Bhat,ritu.bhat849@gmail.com,+91-995723210,Prefer Not to Say,55-64,Gold Privilege,42465,2023-11-04,MP,Indore
1623,CUST-IND-001623,Anita,Nair,Anita Nair,anita.nair482@gmail.com,+91-983887668,Female,65+,Gold Privilege,24892,2023-07-29,MH,Pune
1624,CUST-IND-001624,Aarav,Sharma,Aarav Sharma,aarav.sharma555@gmail.com,+91-943210320,Prefer Not to Say,18-24,Regular Shopper,42737,2023-01-20,WB,Kolkata
1625,CUST-IND-001625,Tarun,Singh,Tarun Singh,tarun.singh781@gmail.com,+91-724811603,Female,45-54,VIP Club Premier,12813,2022-03-01,ML,Shillong
1626,CUST-IND-001626,Aditya,Sen,Aditya Sen,aditya.sen737@gmail.com,+91-745987071,Prefer Not to Say,65+,Regular Shopper,16701,2024-04-17,BR,Patna
1627,CUST-IND-001627,Amit,Das,Amit Das,amit.das487@gmail.com,+91-933907933,Female,45-54,Gold Privilege,37590,2024-02-03,TN,Chennai
1628,CUST-IND-001628,Amit,Kulkarni,Amit Kulkarni,amit.kulkarni153@gmail.com,+91-779681283,Female,55-64,Gold Privilege,5419,2024-02-17,MN,Imphal
1629,CUST-IND-001629,Anjali,Kumar,Anjali Kumar,anjali.kumar708@gmail.com,+91-745176348,Male,45-54,Festival Occasional,35545,2024-02-02,AS,Guwahati
1630,CUST-IND-001630,Rahul,Mukherjee,Rahul Mukherjee,rahul.mukherjee117@gmail.com,+91-751060176,Female,35-44,Regular Shopper,32547,2021-10-24,MP,Indore
1631,CUST-IND-001631,Swati,Jha,Swati Jha,swati.jha885@gmail.com,+91-953128415,Prefer Not to Say,45-54,Festival Occasional,10649,2023-04-26,TN,Chennai
1632,CUST-IND-001632,Priya,Joshi,Priya Joshi,priya.joshi665@gmail.com,+91-906622867,Male,65+,Gold Privilege,43635,2023-05-02,MP,Indore
1633,CUST-IND-001633,Karthik,Bhat,Karthik Bhat,karthik.bhat934@gmail.com,+91-962999101,Male,25-34,Gold Privilege,30461,2024-06-16,RJ,Jaipur
1634,CUST-IND-001634,Anita,Trivedi,Anita Trivedi,anita.trivedi10@gmail.com,+91-925223572,Male,35-44,Gold Privilege,33053,2023-02-07,TR,Agartala
1635,CUST-IND-001635,Aarav,Das,Aarav Das,aarav.das411@gmail.com,+91-783338731,Prefer Not to Say,65+,Regular Shopper,40375,2022-01-17,GJ,Ahmedabad
1636,CUST-IND-001636,Suresh,Trivedi,Suresh Trivedi,suresh.trivedi947@gmail.com,+91-705949620,Prefer Not to Say,35-44,VIP Club Premier,10125,2021-05-18,RJ,Jaipur
1637,CUST-IND-001637,Sunita,Chatterjee,Sunita Chatterjee,sunita.chatterjee861@gmail.com,+91-844236465,Female,35-44,Gold Privilege,33797,2022-05-03,GJ,Surat
1638,CUST-IND-001638,Rajesh,Shetty,Rajesh Shetty,rajesh.shetty660@gmail.com,+91-808611288,Male,65+,Gold Privilege,5560,2021-11-28,ML,Shillong
1639,CUST-IND-001639,Dev,Kulkarni,Dev Kulkarni,dev.kulkarni880@gmail.com,+91-872534676,Female,55-64,Festival Occasional,37752,2023-02-02,TN,Chennai
1640,CUST-IND-001640,Deepika,Das,Deepika Das,deepika.das121@gmail.com,+91-949734827,Female,35-44,Regular Shopper,27044,2022-09-30,TR,Agartala
1641,CUST-IND-001641,Ananya,Desai,Ananya Desai,ananya.desai868@gmail.com,+91-857354990,Female,35-44,VIP Club Premier,2433,2021-12-01,DL,Delhi
1642,CUST-IND-001642,Meera,Kulkarni,Meera Kulkarni,meera.kulkarni598@gmail.com,+91-834751085,Prefer Not to Say,18-24,Regular Shopper,17469,2023-08-14,AP,Visakhapatnam
1643,CUST-IND-001643,Rajesh,Mishra,Rajesh Mishra,rajesh.mishra656@gmail.com,+91-869665638,Male,35-44,Festival Occasional,41439,2021-03-23,KL,Kochi
1644,CUST-IND-001644,Shweta,Nair,Shweta Nair,shweta.nair108@gmail.com,+91-746972130,Female,55-64,Festival Occasional,2919,2022-09-22,TR,Agartala
1645,CUST-IND-001645,Kavita,Jha,Kavita Jha,kavita.jha380@gmail.com,+91-749033655,Female,65+,VIP Club Premier,32751,2022-07-27,ML,Shillong
1646,CUST-IND-001646,Preeti,Sharma,Preeti Sharma,preeti.sharma146@gmail.com,+91-967193993,Prefer Not to Say,45-54,Gold Privilege,37537,2023-08-09,MN,Imphal
1647,CUST-IND-001647,Deepika,Malhotra,Deepika Malhotra,deepika.malhotra628@gmail.com,+91-735998955,Prefer Not to Say,18-24,Gold Privilege,37203,2022-01-05,RJ,Jaipur
1648,CUST-IND-001648,Manoj,Kapoor,Manoj Kapoor,manoj.kapoor110@gmail.com,+91-867646904,Female,65+,Gold Privilege,8735,2022-01-05,MH,Pune
1649,CUST-IND-001649,Amit,Iyer,Amit Iyer,amit.iyer321@gmail.com,+91-916609648,Female,65+,Festival Occasional,41408,2024-06-02,GJ,Ahmedabad
1650,CUST-IND-001650,Arjun,Patel,Arjun Patel,arjun.patel997@gmail.com,+91-881625694,Prefer Not to Say,45-54,Gold Privilege,41194,2021-01-09,RJ,Jaipur
1651,CUST-IND-001651,Preeti,Nair,Preeti Nair,preeti.nair458@gmail.com,+91-729590124,Prefer Not to Say,35-44,Regular Shopper,37511,2022-07-24,MH,Pune
1652,CUST-IND-001652,Sanjay,Shetty,Sanjay Shetty,sanjay.shetty211@gmail.com,+91-922139085,Prefer Not to Say,55-64,Festival Occasional,11371,2024-02-24,DL,Delhi
1653,CUST-IND-001653,Priya,Bansal,Priya Bansal,priya.bansal90@gmail.com,+91-899007276,Male,45-54,Regular Shopper,34454,2021-04-30,AP,Visakhapatnam
1654,CUST-IND-001654,Tarun,Kapoor,Tarun Kapoor,tarun.kapoor974@gmail.com,+91-791045561,Female,35-44,Gold Privilege,27012,2023-06-28,JH,Ranchi
1655,CUST-IND-001655,Vishal,Sharma,Vishal Sharma,vishal.sharma133@gmail.com,+91-703393677,Female,65+,Regular Shopper,28675,2021-03-03,WB,Kolkata
1656,CUST-IND-001656,Sanjay,Patel,Sanjay Patel,sanjay.patel631@gmail.com,+91-848548229,Prefer Not to Say,55-64,Gold Privilege,6624,2022-11-03,UP,Noida
1657,CUST-IND-001657,Shweta,Kumar,Shweta Kumar,shweta.kumar882@gmail.com,+91-913118509,Female,65+,Regular Shopper,44049,2021-06-18,AS,Guwahati
1658,CUST-IND-001658,Sunita,Chatterjee,Sunita Chatterjee,sunita.chatterjee357@gmail.com,+91-734575791,Male,35-44,Regular Shopper,26598,2022-12-07,MN,Imphal
1659,CUST-IND-001659,Preeti,Jha,Preeti Jha,preeti.jha821@gmail.com,+91-849450430,Male,45-54,Gold Privilege,8997,2021-12-21,MH,Mumbai
1660,CUST-IND-001660,Priya,Kulkarni,Priya Kulkarni,priya.kulkarni540@gmail.com,+91-819916579,Prefer Not to Say,18-24,Festival Occasional,12963,2024-06-23,KA,Bengaluru
1661,CUST-IND-001661,Vikram,Mehta,Vikram Mehta,vikram.mehta313@gmail.com,+91-831889202,Female,18-24,Festival Occasional,15365,2023-03-15,HR,Gurugram
1662,CUST-IND-001662,Aarav,Kapoor,Aarav Kapoor,aarav.kapoor566@gmail.com,+91-757239196,Female,65+,Regular Shopper,30082,2022-01-03,AS,Guwahati
1663,CUST-IND-001663,Neha,Dutta,Neha Dutta,neha.dutta741@gmail.com,+91-751560058,Prefer Not to Say,45-54,Regular Shopper,29080,2023-03-10,KL,Kochi
1664,CUST-IND-001664,Preeti,Patel,Preeti Patel,preeti.patel533@gmail.com,+91-831690630,Female,35-44,Regular Shopper,38642,2023-11-28,HR,Gurugram
1665,CUST-IND-001665,Rahul,Bansal,Rahul Bansal,rahul.bansal230@gmail.com,+91-714506447,Prefer Not to Say,65+,Regular Shopper,14114,2023-05-25,UP,Noida
1666,CUST-IND-001666,Karthik,Malhotra,Karthik Malhotra,karthik.malhotra432@gmail.com,+91-957916443,Female,55-64,Gold Privilege,2111,2021-06-08,HR,Gurugram
1667,CUST-IND-001667,Anjali,Dutta,Anjali Dutta,unregistered@retail.com,+91-806402436,Male,35-44,Regular Shopper,2277,2022-03-16,GJ,Ahmedabad
1668,CUST-IND-001668,Tarun,Chatterjee,Tarun Chatterjee,tarun.chatterjee987@gmail.com,+91-888612898,Male,55-64,Regular Shopper,20080,2022-07-15,TS,Hyderabad
1669,CUST-IND-001669,Ananya,Iyer,Ananya Iyer,ananya.iyer105@gmail.com,+91-774435473,Prefer Not to Say,25-34,Regular Shopper,44601,2023-03-24,KA,Bengaluru
1670,CUST-IND-001670,Divya,Singh,Divya Singh,divya.singh774@gmail.com,+91-727204191,Male,18-24,Gold Privilege,27581,2024-01-01,BR,Patna
1671,CUST-IND-001671,Ananya,Nanda,Ananya Nanda,ananya.nanda658@gmail.com,+91-842626111,Female,55-64,Gold Privilege,4331,2022-02-07,AS,Guwahati
1672,CUST-IND-001672,Meera,Kumar,Meera Kumar,meera.kumar764@gmail.com,+91-959637992,Female,45-54,VIP Club Premier,12220,2022-03-10,BR,Patna
1673,CUST-IND-001673,Lakshmi,Chaudhary,Lakshmi Chaudhary,lakshmi.chaudhary726@gmail.com,+91-718109865,Female,55-64,Regular Shopper,44662,2021-05-20,AP,Visakhapatnam
1674,CUST-IND-001674,Bhavna,Trivedi,Bhavna Trivedi,bhavna.trivedi879@gmail.com,+91-865783379,Female,55-64,Regular Shopper,41693,2023-11-14,DL,Delhi
1675,CUST-IND-001675,Preeti,Patel,Preeti Patel,preeti.patel450@gmail.com,+91-807639996,Prefer Not to Say,55-64,Festival Occasional,29470,2023-04-20,ML,Shillong
1676,CUST-IND-001676,Sanjay,Pillai,Sanjay Pillai,sanjay.pillai904@gmail.com,+91-838284928,Female,25-34,Festival Occasional,44111,2024-01-22,PB,Chandigarh
1677,CUST-IND-001677,Aarav,Kumar,Aarav Kumar,aarav.kumar484@gmail.com,+91-857995339,Prefer Not to Say,25-34,Gold Privilege,42160,2021-11-24,DL,Delhi
1678,CUST-IND-001678,Bhavna,Rao,Bhavna Rao,bhavna.rao836@gmail.com,+91-805740955,Male,55-64,VIP Club Premier,15148,2021-07-25,TN,Chennai
1679,CUST-IND-001679,Tarun,Trivedi,Tarun Trivedi,tarun.trivedi727@gmail.com,+91-756704085,Female,65+,VIP Club Premier,3870,2022-07-09,WB,Kolkata
1680,CUST-IND-001680,Ritu,Trivedi,Ritu Trivedi,ritu.trivedi185@gmail.com,+91-822209486,Prefer Not to Say,65+,Regular Shopper,34150,2023-12-07,JH,Ranchi
1681,CUST-IND-001681,Kavita,Agarwal,Kavita Agarwal,kavita.agarwal220@gmail.com,+91-855852202,Female,45-54,Gold Privilege,23735,2021-09-15,KA,Bengaluru
1682,CUST-IND-001682,Sunita,Mukherjee,Sunita Mukherjee,sunita.mukherjee885@gmail.com,+91-805792313,Prefer Not to Say,18-24,Regular Shopper,22584,2022-09-16,AS,Guwahati
1683,CUST-IND-001683,Preeti,Agarwal,Preeti Agarwal,preeti.agarwal899@gmail.com,+91-873955894,Prefer Not to Say,25-34,Gold Privilege,14403,2022-04-12,AS,Guwahati
1684,CUST-IND-001684,Preeti,Malhotra,Preeti Malhotra,preeti.malhotra875@gmail.com,+91-913680507,Female,35-44,VIP Club Premier,42864,2022-07-18,TN,Chennai
1685,CUST-IND-001685,Arjun,Mishra,Arjun Mishra,arjun.mishra779@gmail.com,+91-901392448,Male,45-54,Gold Privilege,4973,2022-06-11,UP,Noida
1686,CUST-IND-001686,Niharika,Nair,Niharika Nair,niharika.nair71@gmail.com,+91-786539058,Male,65+,Gold Privilege,26094,2022-09-21,MP,Indore
1687,CUST-IND-001687,Sunita,Kulkarni,Sunita Kulkarni,sunita.kulkarni652@gmail.com,+91-998853649,Male,25-34,VIP Club Premier,7412,2024-05-29,DL,Delhi
1688,CUST-IND-001688,Kavita,Deshmukh,Kavita Deshmukh,kavita.deshmukh503@gmail.com,+91-877084425,Male,35-44,Regular Shopper,23150,2022-05-13,UP,Lucknow
1689,CUST-IND-001689,Rohan,Das,Rohan Das,rohan.das95@gmail.com,+91-841322384,Prefer Not to Say,35-44,Regular Shopper,36605,2021-04-09,OD,Bhubaneswar
1690,CUST-IND-001690,Lakshmi,Kapoor,Lakshmi Kapoor,lakshmi.kapoor363@gmail.com,+91-797738206,Prefer Not to Say,25-34,Regular Shopper,11312,2021-08-06,DL,Delhi
1691,CUST-IND-001691,Aarav,Pillai,Aarav Pillai,aarav.pillai786@gmail.com,+91-708957183,Prefer Not to Say,45-54,Regular Shopper,5473,2021-02-02,OD,Bhubaneswar
1692,CUST-IND-001692,Ritu,Shetty,Ritu Shetty,ritu.shetty5@gmail.com,+91-942036539,Male,55-64,VIP Club Premier,41413,2023-04-01,GJ,Surat
1693,CUST-IND-001693,Vikram,Hegde,Vikram Hegde,unregistered@retail.com,+91-797222621,Male,25-34,Gold Privilege,15819,2022-05-29,BR,Patna
1694,CUST-IND-001694,Amit,Malhotra,Amit Malhotra,amit.malhotra738@gmail.com,+91-992117972,Male,65+,Regular Shopper,2824,2022-01-27,MH,Nagpur
1695,CUST-IND-001695,Ritu,Iyer,Ritu Iyer,ritu.iyer6@gmail.com,+91-826741790,Male,25-34,Regular Shopper,35404,2022-07-03,RJ,Jaipur
1696,CUST-IND-001696,Karthik,Sharma,Karthik Sharma,karthik.sharma624@gmail.com,+91-889733306,Female,25-34,Festival Occasional,24330,2024-02-11,DL,Delhi
1697,CUST-IND-001697,Sanjay,Dutta,Sanjay Dutta,sanjay.dutta493@gmail.com,+91-845308907,Female,45-54,Regular Shopper,33698,2022-11-10,OD,Bhubaneswar
1698,CUST-IND-001698,Manoj,Bhat,Manoj Bhat,manoj.bhat563@gmail.com,+91-891893219,Prefer Not to Say,65+,Regular Shopper,22376,2023-10-08,TR,Agartala
1699,CUST-IND-001699,Tarun,Saxena,Tarun Saxena,tarun.saxena505@gmail.com,+91-822969329,Female,25-34,Festival Occasional,27414,2023-12-13,AS,Guwahati
1700,CUST-IND-001700,Amit,Pillai,Amit Pillai,amit.pillai157@gmail.com,+91-738796919,Prefer Not to Say,45-54,Regular Shopper,40636,2022-08-02,MN,Imphal
1701,CUST-IND-001701,Niharika,Jha,Niharika Jha,niharika.jha549@gmail.com,+91-896353867,Prefer Not to Say,18-24,Festival Occasional,15626,2022-10-20,KL,Kochi
1702,CUST-IND-001702,Amit,Kumar,Amit Kumar,amit.kumar779@gmail.com,+91-962999384,Female,65+,Regular Shopper,21148,2022-01-14,AP,Visakhapatnam
1703,CUST-IND-001703,Deepika,Desai,Deepika Desai,deepika.desai864@gmail.com,+91-922355900,Female,18-24,Gold Privilege,24433,2021-01-18,BR,Patna
1704,CUST-IND-001704,Pooja,Rao,Pooja Rao,pooja.rao24@gmail.com,+91-989925105,Prefer Not to Say,35-44,Regular Shopper,5177,2023-08-29,RJ,Jaipur
1705,CUST-IND-001705,Alok,Pillai,Alok Pillai,alok.pillai311@gmail.com,+91-869747089,Prefer Not to Say,65+,Gold Privilege,40765,2022-02-06,GJ,Ahmedabad
1706,CUST-IND-001706,Meera,Agarwal,Meera Agarwal,meera.agarwal964@gmail.com,+91-715962409,Female,55-64,Festival Occasional,20393,2023-02-15,JH,Ranchi
1707,CUST-IND-001707,Priya,Nair,Priya Nair,unregistered@retail.com,+91-951744166,Prefer Not to Say,18-24,Regular Shopper,42180,2022-09-13,MH,Mumbai
1708,CUST-IND-001708,Rohan,Patel,Rohan Patel,rohan.patel82@gmail.com,+91-925727649,Female,55-64,Regular Shopper,35200,2022-09-14,PB,Chandigarh
1709,CUST-IND-001709,Neha,Nanda,Neha Nanda,neha.nanda495@gmail.com,+91-981222236,Prefer Not to Say,45-54,Gold Privilege,7649,2022-05-31,OD,Bhubaneswar
1710,CUST-IND-001710,Sunita,Deshmukh,Sunita Deshmukh,sunita.deshmukh767@gmail.com,+91-745719620,Prefer Not to Say,65+,VIP Club Premier,18336,2021-04-22,MH,Mumbai
1711,CUST-IND-001711,Kavita,Rao,Kavita Rao,unregistered@retail.com,+91-824929977,Prefer Not to Say,45-54,Regular Shopper,22317,2023-05-10,AP,Visakhapatnam
1712,CUST-IND-001712,Amit,Saxena,Amit Saxena,amit.saxena120@gmail.com,+91-777013312,Male,25-34,Gold Privilege,20440,2021-05-06,RJ,Jaipur
1713,CUST-IND-001713,Vikram,Singh,Vikram Singh,vikram.singh135@gmail.com,+91-794745081,Female,45-54,Festival Occasional,15154,2022-05-23,TS,Hyderabad
1714,CUST-IND-001714,Divya,Jha,Divya Jha,divya.jha17@gmail.com,+91-879352198,Prefer Not to Say,25-34,Gold Privilege,25465,2021-05-04,AP,Visakhapatnam
1715,CUST-IND-001715,Aarav,Malhotra,Aarav Malhotra,aarav.malhotra806@gmail.com,+91-758617155,Female,45-54,Gold Privilege,42881,2021-09-23,AS,Guwahati
1716,CUST-IND-001716,Deepika,Mukherjee,Deepika Mukherjee,deepika.mukherjee18@gmail.com,+91-753052818,Female,25-34,VIP Club Premier,16670,2021-09-21,JH,Ranchi
1717,CUST-IND-001717,Rahul,Joshi,Rahul Joshi,rahul.joshi928@gmail.com,+91-951703578,Female,25-34,Regular Shopper,44856,2023-02-10,TR,Agartala
1718,CUST-IND-001718,Ritu,Bhat,Ritu Bhat,ritu.bhat366@gmail.com,+91-974113504,Male,55-64,Gold Privilege,42324,2021-11-01,MH,Mumbai
1719,CUST-IND-001719,Swati,Desai,Swati Desai,swati.desai570@gmail.com,+91-862797813,Female,65+,Festival Occasional,8446,2022-12-19,TS,Hyderabad
1720,CUST-IND-001720,Tarun,Mehta,Tarun Mehta,tarun.mehta59@gmail.com,+91-926389029,Male,65+,Gold Privilege,13802,2023-03-08,TR,Agartala
1721,CUST-IND-001721,Rahul,Deshmukh,Rahul Deshmukh,rahul.deshmukh393@gmail.com,+91-925896455,Female,35-44,VIP Club Premier,4714,2023-01-13,KA,Bengaluru
1722,CUST-IND-001722,Kavita,Kumar,Kavita Kumar,kavita.kumar460@gmail.com,+91-954669833,Male,55-64,VIP Club Premier,39592,2022-04-14,KL,Kochi
1723,CUST-IND-001723,Dev,Verma,Dev Verma,dev.verma223@gmail.com,+91-713413413,Female,55-64,Festival Occasional,42080,2021-01-16,KA,Bengaluru
1724,CUST-IND-001724,Sanjay,Hegde,Sanjay Hegde,sanjay.hegde866@gmail.com,+91-941014929,Prefer Not to Say,18-24,Regular Shopper,6194,2021-02-06,DL,Delhi
1725,CUST-IND-001725,Ananya,Das,Ananya Das,ananya.das535@gmail.com,+91-921441749,Male,35-44,Gold Privilege,29876,2021-09-25,MH,Nagpur
1726,CUST-IND-001726,Shweta,Jha,Shweta Jha,shweta.jha820@gmail.com,+91-886371915,Prefer Not to Say,65+,Regular Shopper,27996,2021-02-28,TS,Hyderabad
1727,CUST-IND-001727,Arjun,Iyer,Arjun Iyer,arjun.iyer788@gmail.com,+91-817189909,Male,45-54,Gold Privilege,30344,2021-01-11,KA,Bengaluru
1728,CUST-IND-001728,Niharika,Shetty,Niharika Shetty,unregistered@retail.com,+91-723584695,Female,65+,Regular Shopper,26373,2021-12-02,GJ,Surat
1729,CUST-IND-001729,Tarun,Kumar,Tarun Kumar,tarun.kumar48@gmail.com,+91-927231527,Prefer Not to Say,25-34,VIP Club Premier,36205,2024-03-21,AS,Guwahati
1730,CUST-IND-001730,Aditya,Bansal,Aditya Bansal,aditya.bansal186@gmail.com,+91-739208300,Prefer Not to Say,65+,Gold Privilege,26822,2024-03-13,ML,Shillong
1731,CUST-IND-001731,Alok,Nanda,Alok Nanda,unregistered@retail.com,+91-728106194,Male,35-44,Regular Shopper,21774,2023-09-02,MP,Indore
1732,CUST-IND-001732,Vishal,Pillai,Vishal Pillai,vishal.pillai283@gmail.com,+91-774368692,Female,18-24,Gold Privilege,34602,2022-02-07,PB,Chandigarh
1733,CUST-IND-001733,Manoj,Reddy,Manoj Reddy,manoj.reddy95@gmail.com,+91-739196177,Female,55-64,Regular Shopper,25521,2024-04-25,TS,Hyderabad
1734,CUST-IND-001734,Divya,Bansal,Divya Bansal,divya.bansal691@gmail.com,+91-907794184,Female,18-24,VIP Club Premier,23167,2021-06-23,AS,Guwahati
1735,CUST-IND-001735,Deepak,Patel,Deepak Patel,deepak.patel111@gmail.com,+91-872836274,Male,65+,VIP Club Premier,20583,2023-09-04,RJ,Jaipur
1736,CUST-IND-001736,Niharika,Sen,Niharika Sen,niharika.sen630@gmail.com,+91-728020415,Prefer Not to Say,55-64,Festival Occasional,20422,2021-01-08,MH,Mumbai
1737,CUST-IND-001737,Vishal,Das,Vishal Das,vishal.das970@gmail.com,+91-918162226,Female,35-44,Festival Occasional,2177,2021-01-08,KL,Kochi
1738,CUST-IND-001738,Rohan,Sharma,Rohan Sharma,rohan.sharma985@gmail.com,+91-992678772,Prefer Not to Say,25-34,Regular Shopper,34812,2024-02-28,GJ,Surat
1739,CUST-IND-001739,Anita,Trivedi,Anita Trivedi,anita.trivedi60@gmail.com,+91-913062867,Female,25-34,Regular Shopper,18307,2021-07-09,GJ,Ahmedabad
1740,CUST-IND-001740,Aarav,Gupta,Aarav Gupta,aarav.gupta441@gmail.com,+91-719620662,Prefer Not to Say,65+,VIP Club Premier,38217,2023-06-25,OD,Bhubaneswar
1741,CUST-IND-001741,Alok,Patel,Alok Patel,alok.patel149@gmail.com,+91-744075353,Male,45-54,VIP Club Premier,3912,2023-07-03,PB,Chandigarh
1742,CUST-IND-001742,Kavita,Kumar,Kavita Kumar,kavita.kumar461@gmail.com,+91-973183048,Female,18-24,Gold Privilege,19283,2024-06-29,GJ,Ahmedabad
1743,CUST-IND-001743,Meera,Patel,Meera Patel,meera.patel514@gmail.com,+91-904909418,Female,55-64,Gold Privilege,37638,2021-06-17,HR,Gurugram
1744,CUST-IND-001744,Suresh,Chatterjee,Suresh Chatterjee,suresh.chatterjee586@gmail.com,+91-787437110,Prefer Not to Say,25-34,Gold Privilege,34214,2021-07-24,MH,Pune
1745,CUST-IND-001745,Preeti,Bansal,Preeti Bansal,preeti.bansal131@gmail.com,+91-851780564,Prefer Not to Say,35-44,VIP Club Premier,4609,2022-08-11,BR,Patna
1746,CUST-IND-001746,Preeti,Nair,Preeti Nair,preeti.nair813@gmail.com,+91-923313116,Male,65+,Regular Shopper,44835,2023-01-28,TS,Hyderabad
1747,CUST-IND-001747,Priya,Sharma,Priya Sharma,priya.sharma982@gmail.com,+91-916685003,Male,45-54,Regular Shopper,30325,2023-11-02,HR,Gurugram
1748,CUST-IND-001748,Karthik,Mishra,Karthik Mishra,karthik.mishra231@gmail.com,+91-942188945,Male,35-44,Festival Occasional,18112,2023-07-09,OD,Bhubaneswar
1749,CUST-IND-001749,Anita,Reddy,Anita Reddy,anita.reddy971@gmail.com,+91-929599518,Prefer Not to Say,35-44,Festival Occasional,6578,2021-07-21,GJ,Surat
1750,CUST-IND-001750,Sunita,Reddy,Sunita Reddy,sunita.reddy604@gmail.com,+91-896809453,Female,55-64,Gold Privilege,13116,2021-04-07,MH,Mumbai
1751,CUST-IND-001751,Alok,Gupta,Alok Gupta,alok.gupta11@gmail.com,+91-791668231,Prefer Not to Say,65+,Festival Occasional,32868,2023-08-15,TN,Chennai
1752,CUST-IND-001752,Anita,Das,Anita Das,anita.das294@gmail.com,+91-848721633,Female,65+,VIP Club Premier,21109,2024-05-26,TR,Agartala
1753,CUST-IND-001753,Suresh,Hegde,Suresh Hegde,unregistered@retail.com,+91-739298705,Prefer Not to Say,45-54,Gold Privilege,20537,2024-04-14,ML,Shillong
1754,CUST-IND-001754,Arjun,Jha,Arjun Jha,arjun.jha370@gmail.com,+91-946955758,Female,25-34,Regular Shopper,28541,2023-02-07,RJ,Jaipur
1755,CUST-IND-001755,Rohan,Patel,Rohan Patel,rohan.patel140@gmail.com,+91-808372283,Prefer Not to Say,18-24,VIP Club Premier,40255,2023-12-24,AP,Visakhapatnam
1756,CUST-IND-001756,Anita,Nanda,Anita Nanda,unregistered@retail.com,+91-795851578,Male,18-24,Regular Shopper,28404,2022-08-02,DL,Delhi
1757,CUST-IND-001757,Kavita,Shetty,Kavita Shetty,kavita.shetty471@gmail.com,+91-994713183,Male,35-44,VIP Club Premier,5660,2023-11-24,MH,Nagpur
1758,CUST-IND-001758,Amit,Patel,Amit Patel,amit.patel324@gmail.com,+91-962129844,Male,55-64,Gold Privilege,43780,2022-04-26,UP,Lucknow
1759,CUST-IND-001759,Aarav,Mukherjee,Aarav Mukherjee,aarav.mukherjee100@gmail.com,+91-892179316,Male,55-64,Regular Shopper,34543,2023-07-20,UP,Noida
1760,CUST-IND-001760,Rajesh,Rao,Rajesh Rao,rajesh.rao360@gmail.com,+91-752429330,Male,55-64,VIP Club Premier,40018,2024-02-07,TR,Agartala
1761,CUST-IND-001761,Ananya,Deshmukh,Ananya Deshmukh,ananya.deshmukh489@gmail.com,+91-858719125,Female,35-44,Gold Privilege,14266,2024-03-10,UP,Lucknow
1762,CUST-IND-001762,Anita,Mukherjee,Anita Mukherjee,unregistered@retail.com,+91-799556040,Male,55-64,Regular Shopper,17343,2022-12-18,TR,Agartala
1763,CUST-IND-001763,Divya,Verma,Divya Verma,divya.verma710@gmail.com,+91-988226341,Female,25-34,Regular Shopper,6552,2023-10-14,JH,Ranchi
1764,CUST-IND-001764,Bhavna,Patel,Bhavna Patel,bhavna.patel918@gmail.com,+91-789667616,Male,55-64,Regular Shopper,14847,2023-04-10,KL,Kochi
1765,CUST-IND-001765,Ritu,Verma,Ritu Verma,ritu.verma490@gmail.com,+91-709866775,Prefer Not to Say,45-54,Regular Shopper,3961,2021-12-17,MH,Nagpur
1766,CUST-IND-001766,Anita,Kulkarni,Anita Kulkarni,anita.kulkarni601@gmail.com,+91-921583074,Prefer Not to Say,65+,Gold Privilege,27969,2022-12-11,AP,Visakhapatnam
1767,CUST-IND-001767,Deepika,Jha,Deepika Jha,deepika.jha816@gmail.com,+91-854029450,Prefer Not to Say,65+,Regular Shopper,20892,2021-03-04,AS,Guwahati
1768,CUST-IND-001768,Alok,Kumar,Alok Kumar,alok.kumar459@gmail.com,+91-942233449,Female,45-54,Festival Occasional,27326,2023-05-28,UP,Noida
1769,CUST-IND-001769,Rajesh,Kapoor,Rajesh Kapoor,rajesh.kapoor175@gmail.com,+91-967271949,Prefer Not to Say,18-24,Festival Occasional,2047,2022-11-30,AS,Guwahati
1770,CUST-IND-001770,Aarav,Bansal,Aarav Bansal,aarav.bansal737@gmail.com,+91-956063387,Female,65+,Regular Shopper,21092,2023-09-09,JH,Ranchi
1771,CUST-IND-001771,Arjun,Das,Arjun Das,arjun.das205@gmail.com,+91-772821363,Female,18-24,Regular Shopper,36221,2023-10-10,TR,Agartala
1772,CUST-IND-001772,Anita,Gupta,Anita Gupta,anita.gupta31@gmail.com,+91-961340253,Male,55-64,Regular Shopper,44821,2022-06-29,TN,Chennai
1773,CUST-IND-001773,Arjun,Mehta,Arjun Mehta,arjun.mehta1@gmail.com,+91-803367706,Prefer Not to Say,55-64,Regular Shopper,32118,2021-02-22,HR,Gurugram
1774,CUST-IND-001774,Aarav,Hegde,Aarav Hegde,aarav.hegde147@gmail.com,+91-716303634,Female,45-54,Regular Shopper,13743,2021-02-07,OD,Bhubaneswar
1775,CUST-IND-001775,Deepak,Chaudhary,Deepak Chaudhary,deepak.chaudhary901@gmail.com,+91-848476629,Prefer Not to Say,55-64,Festival Occasional,27496,2023-11-06,TR,Agartala
1776,CUST-IND-001776,Meera,Desai,Meera Desai,meera.desai984@gmail.com,+91-928688376,Prefer Not to Say,65+,Festival Occasional,18626,2023-05-19,UP,Lucknow
1777,CUST-IND-001777,Bhavna,Mukherjee,Bhavna Mukherjee,bhavna.mukherjee878@gmail.com,+91-823232813,Male,25-34,Gold Privilege,1576,2022-06-23,GJ,Ahmedabad
1778,CUST-IND-001778,Aarav,Sen,Aarav Sen,aarav.sen484@gmail.com,+91-987934176,Prefer Not to Say,65+,Gold Privilege,16263,2022-05-14,KA,Bengaluru
1779,CUST-IND-001779,Arjun,Saxena,Arjun Saxena,arjun.saxena191@gmail.com,+91-843283761,Prefer Not to Say,65+,Gold Privilege,40824,2023-07-17,KL,Kochi
1780,CUST-IND-001780,Arjun,Nanda,Arjun Nanda,arjun.nanda704@gmail.com,+91-775556297,Female,35-44,Regular Shopper,38801,2023-07-27,TN,Chennai
1781,CUST-IND-001781,Sunita,Malhotra,Sunita Malhotra,sunita.malhotra564@gmail.com,+91-865953651,Prefer Not to Say,18-24,Gold Privilege,33861,2021-05-18,UP,Lucknow
1782,CUST-IND-001782,Deepika,Rao,Deepika Rao,deepika.rao808@gmail.com,+91-865529983,Male,25-34,Regular Shopper,2371,2023-12-19,GJ,Ahmedabad
1783,CUST-IND-001783,Divya,Rao,Divya Rao,divya.rao413@gmail.com,+91-898149824,Prefer Not to Say,65+,Regular Shopper,39255,2022-02-21,AS,Guwahati
1784,CUST-IND-001784,Arjun,Shetty,Arjun Shetty,arjun.shetty32@gmail.com,+91-865996939,Male,45-54,Gold Privilege,28427,2023-01-03,WB,Kolkata
1785,CUST-IND-001785,Shweta,Hegde,Shweta Hegde,shweta.hegde966@gmail.com,+91-905768164,Prefer Not to Say,65+,Regular Shopper,10530,2021-01-14,KA,Bengaluru
1786,CUST-IND-001786,Sanjay,Mukherjee,Sanjay Mukherjee,sanjay.mukherjee809@gmail.com,+91-796873793,Female,45-54,Gold Privilege,38274,2024-06-03,ML,Shillong
1787,CUST-IND-001787,Tarun,Desai,Tarun Desai,tarun.desai998@gmail.com,+91-755710139,Male,55-64,Festival Occasional,18702,2024-05-24,ML,Shillong
1788,CUST-IND-001788,Meera,Verma,Meera Verma,meera.verma920@gmail.com,+91-903783581,Female,18-24,Festival Occasional,1115,2023-02-18,TR,Agartala
1789,CUST-IND-001789,Neha,Shetty,Neha Shetty,neha.shetty887@gmail.com,+91-753232703,Male,65+,Gold Privilege,44197,2022-06-18,KA,Bengaluru
1790,CUST-IND-001790,Vishal,Kapoor,Vishal Kapoor,vishal.kapoor602@gmail.com,+91-757954839,Male,18-24,Gold Privilege,38958,2021-11-03,MH,Nagpur
1791,CUST-IND-001791,Anjali,Nair,Anjali Nair,anjali.nair925@gmail.com,+91-897122088,Female,55-64,Festival Occasional,16557,2023-08-22,OD,Bhubaneswar
1792,CUST-IND-001792,Neha,Joshi,Neha Joshi,neha.joshi115@gmail.com,+91-817088993,Male,55-64,Regular Shopper,16778,2024-05-29,WB,Kolkata
1793,CUST-IND-001793,Deepika,Malhotra,Deepika Malhotra,deepika.malhotra227@gmail.com,+91-828844356,Prefer Not to Say,45-54,Gold Privilege,1267,2022-10-15,OD,Bhubaneswar
1794,CUST-IND-001794,Niharika,Kulkarni,Niharika Kulkarni,niharika.kulkarni578@gmail.com,+91-751955996,Female,25-34,Gold Privilege,41908,2023-10-26,TN,Chennai
1795,CUST-IND-001795,Ananya,Joshi,Ananya Joshi,ananya.joshi970@gmail.com,+91-987218512,Male,65+,VIP Club Premier,12149,2023-12-15,BR,Patna
1796,CUST-IND-001796,Arjun,Chaudhary,Arjun Chaudhary,arjun.chaudhary180@gmail.com,+91-999039520,Female,35-44,Regular Shopper,43926,2021-12-08,UP,Lucknow
1797,CUST-IND-001797,Ritu,Pillai,Ritu Pillai,ritu.pillai486@gmail.com,+91-792987909,Female,25-34,Gold Privilege,8340,2022-04-11,KL,Kochi
1798,CUST-IND-001798,Vikram,Jha,Vikram Jha,vikram.jha342@gmail.com,+91-792472775,Male,35-44,Gold Privilege,28558,2024-06-02,RJ,Jaipur
1799,CUST-IND-001799,Rajesh,Bansal,Rajesh Bansal,rajesh.bansal265@gmail.com,+91-735123695,Male,45-54,Festival Occasional,21323,2021-05-11,GJ,Ahmedabad
1800,CUST-IND-001800,Rahul,Bhat,Rahul Bhat,rahul.bhat135@gmail.com,+91-921527765,Male,35-44,VIP Club Premier,16730,2024-04-28,TR,Agartala
1801,CUST-IND-001801,Meera,Singh,Meera Singh,meera.singh982@gmail.com,+91-785374470,Prefer Not to Say,18-24,Regular Shopper,34623,2023-04-06,MH,Nagpur
1802,CUST-IND-001802,Rohan,Mehta,Rohan Mehta,rohan.mehta471@gmail.com,+91-702453305,Male,65+,Festival Occasional,3895,2024-03-17,MH,Nagpur
1803,CUST-IND-001803,Dev,Patel,Dev Patel,dev.patel52@gmail.com,+91-836695396,Female,25-34,Regular Shopper,17637,2021-08-12,MH,Nagpur
1804,CUST-IND-001804,Tarun,Mehta,Tarun Mehta,tarun.mehta652@gmail.com,+91-842745865,Female,25-34,Gold Privilege,35931,2022-01-30,ML,Shillong
1805,CUST-IND-001805,Preeti,Iyer,Preeti Iyer,preeti.iyer70@gmail.com,+91-753169414,Female,55-64,VIP Club Premier,16577,2023-09-03,TN,Chennai
1806,CUST-IND-001806,Swati,Iyer,Swati Iyer,swati.iyer136@gmail.com,+91-938271651,Female,18-24,Regular Shopper,7738,2022-07-26,GJ,Surat
1807,CUST-IND-001807,Meera,Desai,Meera Desai,meera.desai153@gmail.com,+91-739703323,Male,65+,Festival Occasional,24522,2022-12-25,MH,Pune
1808,CUST-IND-001808,Deepak,Saxena,Deepak Saxena,deepak.saxena591@gmail.com,+91-772720078,Female,25-34,Gold Privilege,40532,2024-05-23,TN,Chennai
1809,CUST-IND-001809,Shweta,Hegde,Shweta Hegde,shweta.hegde257@gmail.com,+91-893429344,Prefer Not to Say,18-24,Festival Occasional,36133,2022-03-24,WB,Kolkata
1810,CUST-IND-001810,Deepika,Kumar,Deepika Kumar,deepika.kumar235@gmail.com,+91-857447585,Female,45-54,Gold Privilege,42209,2023-12-15,OD,Bhubaneswar
1811,CUST-IND-001811,Rahul,Jha,Rahul Jha,rahul.jha779@gmail.com,+91-761346245,Male,35-44,Regular Shopper,6769,2024-06-29,TR,Agartala
1812,CUST-IND-001812,Divya,Shetty,Divya Shetty,divya.shetty746@gmail.com,+91-817879693,Prefer Not to Say,65+,Gold Privilege,6771,2021-04-28,TR,Agartala
1813,CUST-IND-001813,Sunita,Bansal,Sunita Bansal,sunita.bansal284@gmail.com,+91-922289508,Female,65+,Gold Privilege,2002,2021-11-02,GJ,Ahmedabad
1814,CUST-IND-001814,Tarun,Hegde,Tarun Hegde,tarun.hegde186@gmail.com,+91-911399535,Male,65+,Regular Shopper,19934,2021-05-08,OD,Bhubaneswar
1815,CUST-IND-001815,Anita,Mukherjee,Anita Mukherjee,anita.mukherjee158@gmail.com,+91-993467196,Prefer Not to Say,25-34,Gold Privilege,36794,2021-11-25,OD,Bhubaneswar
1816,CUST-IND-001816,Neha,Trivedi,Neha Trivedi,neha.trivedi533@gmail.com,+91-753560187,Male,45-54,Gold Privilege,13937,2022-12-30,TS,Hyderabad
1817,CUST-IND-001817,Aarav,Bhat,Aarav Bhat,aarav.bhat650@gmail.com,+91-867738195,Male,45-54,Gold Privilege,34294,2023-02-09,GJ,Ahmedabad
1818,CUST-IND-001818,Lakshmi,Agarwal,Lakshmi Agarwal,lakshmi.agarwal279@gmail.com,+91-803207724,Male,25-34,Gold Privilege,23541,2024-04-18,GJ,Ahmedabad
1819,CUST-IND-001819,Kavita,Malhotra,Kavita Malhotra,kavita.malhotra114@gmail.com,+91-963141160,Prefer Not to Say,65+,Regular Shopper,41068,2021-11-02,TS,Hyderabad
1820,CUST-IND-001820,Kavita,Hegde,Kavita Hegde,kavita.hegde687@gmail.com,+91-709722993,Male,55-64,Regular Shopper,13175,2023-04-26,TS,Hyderabad
1821,CUST-IND-001821,Anita,Trivedi,Anita Trivedi,anita.trivedi529@gmail.com,+91-845813216,Prefer Not to Say,55-64,Regular Shopper,43966,2022-02-11,MN,Imphal
1822,CUST-IND-001822,Kavita,Joshi,Kavita Joshi,kavita.joshi851@gmail.com,+91-779120325,Female,55-64,Gold Privilege,40717,2021-07-20,MH,Nagpur
1823,CUST-IND-001823,Dev,Mehta,Dev Mehta,dev.mehta284@gmail.com,+91-778697863,Female,18-24,Regular Shopper,432,2024-02-04,MH,Nagpur
1824,CUST-IND-001824,Niharika,Nanda,Niharika Nanda,niharika.nanda719@gmail.com,+91-955834968,Female,45-54,Regular Shopper,26392,2021-05-09,GJ,Surat
1825,CUST-IND-001825,Neha,Desai,Neha Desai,neha.desai473@gmail.com,+91-885215378,Female,65+,Festival Occasional,12792,2023-04-04,KA,Bengaluru
1826,CUST-IND-001826,Deepika,Pillai,Deepika Pillai,deepika.pillai995@gmail.com,+91-966708810,Male,25-34,Gold Privilege,35786,2021-12-06,OD,Bhubaneswar
1827,CUST-IND-001827,Meera,Pillai,Meera Pillai,meera.pillai848@gmail.com,+91-787313036,Male,25-34,Regular Shopper,1841,2024-05-24,TR,Agartala
1828,CUST-IND-001828,Neha,Kulkarni,Neha Kulkarni,neha.kulkarni620@gmail.com,+91-799600523,Male,65+,Regular Shopper,18415,2021-05-13,UP,Lucknow
1829,CUST-IND-001829,Arjun,Hegde,Arjun Hegde,arjun.hegde991@gmail.com,+91-895575525,Prefer Not to Say,18-24,Regular Shopper,6087,2022-12-22,ML,Shillong
1830,CUST-IND-001830,Shweta,Agarwal,Shweta Agarwal,shweta.agarwal21@gmail.com,+91-907350052,Prefer Not to Say,25-34,Festival Occasional,30422,2022-12-30,MH,Pune
1831,CUST-IND-001831,Priya,Trivedi,Priya Trivedi,priya.trivedi58@gmail.com,+91-908164536,Male,35-44,Gold Privilege,44917,2022-12-10,ML,Shillong
1832,CUST-IND-001832,Deepak,Patel,Deepak Patel,deepak.patel632@gmail.com,+91-924467744,Male,18-24,Festival Occasional,39033,2021-03-29,MH,Pune
1833,CUST-IND-001833,Sunita,Malhotra,Sunita Malhotra,sunita.malhotra100@gmail.com,+91-834273727,Female,18-24,Regular Shopper,22911,2022-02-17,KL,Kochi
1834,CUST-IND-001834,Alok,Mukherjee,Alok Mukherjee,alok.mukherjee411@gmail.com,+91-849355056,Male,55-64,Regular Shopper,40602,2022-06-30,KA,Bengaluru
1835,CUST-IND-001835,Manoj,Patel,Manoj Patel,manoj.patel880@gmail.com,+91-821818536,Prefer Not to Say,18-24,Regular Shopper,34744,2023-09-16,MH,Mumbai
1836,CUST-IND-001836,Swati,Bansal,Swati Bansal,swati.bansal235@gmail.com,+91-717322467,Female,55-64,Regular Shopper,12472,2021-03-19,MH,Nagpur
1837,CUST-IND-001837,Manoj,Nanda,Manoj Nanda,manoj.nanda758@gmail.com,+91-863443144,Prefer Not to Say,18-24,Gold Privilege,12707,2024-06-25,MN,Imphal
1838,CUST-IND-001838,Ritu,Verma,Ritu Verma,ritu.verma258@gmail.com,+91-883524929,Male,55-64,Gold Privilege,2353,2021-05-21,UP,Noida
1839,CUST-IND-001839,Suresh,Reddy,Suresh Reddy,suresh.reddy187@gmail.com,+91-766279299,Male,25-34,Regular Shopper,3207,2024-05-18,MN,Imphal
1840,CUST-IND-001840,Arjun,Bhat,Arjun Bhat,arjun.bhat59@gmail.com,+91-913321077,Female,55-64,Regular Shopper,28042,2024-04-06,MH,Pune
1841,CUST-IND-001841,Preeti,Mishra,Preeti Mishra,preeti.mishra432@gmail.com,+91-922147797,Male,25-34,Regular Shopper,26007,2023-05-27,TR,Agartala
1842,CUST-IND-001842,Ananya,Deshmukh,Ananya Deshmukh,ananya.deshmukh74@gmail.com,+91-951637777,Prefer Not to Say,45-54,VIP Club Premier,41368,2021-10-11,WB,Kolkata
1843,CUST-IND-001843,Amit,Das,Amit Das,amit.das348@gmail.com,+91-829707487,Female,18-24,Festival Occasional,32217,2024-01-21,TS,Hyderabad
1844,CUST-IND-001844,Bhavna,Das,Bhavna Das,bhavna.das178@gmail.com,+91-839774532,Male,55-64,Regular Shopper,12451,2022-03-13,BR,Patna
1845,CUST-IND-001845,Rahul,Pillai,Rahul Pillai,rahul.pillai553@gmail.com,+91-942989168,Female,25-34,Regular Shopper,13554,2021-03-25,MH,Nagpur
1846,CUST-IND-001846,Arjun,Hegde,Arjun Hegde,arjun.hegde941@gmail.com,+91-865312817,Female,65+,VIP Club Premier,2845,2022-11-08,AP,Visakhapatnam
1847,CUST-IND-001847,Karthik,Saxena,Karthik Saxena,karthik.saxena163@gmail.com,+91-983460262,Female,35-44,Regular Shopper,108,2021-04-24,GJ,Ahmedabad
1848,CUST-IND-001848,Sunita,Sen,Sunita Sen,sunita.sen555@gmail.com,+91-947893836,Female,55-64,Regular Shopper,2768,2021-09-22,PB,Chandigarh
1849,CUST-IND-001849,Aditya,Shetty,Aditya Shetty,aditya.shetty877@gmail.com,+91-838386580,Female,25-34,Festival Occasional,5757,2022-01-19,DL,Delhi
1850,CUST-IND-001850,Ritu,Dutta,Ritu Dutta,ritu.dutta43@gmail.com,+91-707449323,Female,18-24,Regular Shopper,2107,2021-05-08,TR,Agartala
1851,CUST-IND-001851,Arjun,Das,Arjun Das,arjun.das242@gmail.com,+91-874540475,Female,55-64,Regular Shopper,30903,2021-04-10,MN,Imphal
1852,CUST-IND-001852,Preeti,Malhotra,Preeti Malhotra,preeti.malhotra696@gmail.com,+91-732958944,Male,25-34,Gold Privilege,9013,2021-10-30,AS,Guwahati
1853,CUST-IND-001853,Vishal,Iyer,Vishal Iyer,vishal.iyer881@gmail.com,+91-831418519,Prefer Not to Say,55-64,Regular Shopper,41634,2022-02-01,MH,Nagpur
1854,CUST-IND-001854,Aarav,Joshi,Aarav Joshi,aarav.joshi928@gmail.com,+91-798502048,Male,18-24,Festival Occasional,26894,2023-01-08,DL,Delhi
1855,CUST-IND-001855,Neha,Malhotra,Neha Malhotra,neha.malhotra556@gmail.com,+91-924567564,Prefer Not to Say,55-64,Regular Shopper,17302,2021-09-16,MH,Mumbai
1856,CUST-IND-001856,Suresh,Mishra,Suresh Mishra,suresh.mishra944@gmail.com,+91-838669036,Male,55-64,Regular Shopper,7207,2022-01-10,HR,Gurugram
1857,CUST-IND-001857,Amit,Hegde,Amit Hegde,amit.hegde243@gmail.com,+91-869584747,Prefer Not to Say,18-24,Regular Shopper,26246,2021-06-04,MN,Imphal
1858,CUST-IND-001858,Pooja,Iyer,Pooja Iyer,pooja.iyer79@gmail.com,+91-906877427,Prefer Not to Say,18-24,VIP Club Premier,5842,2024-04-03,AP,Visakhapatnam
1859,CUST-IND-001859,Aditya,Deshmukh,Aditya Deshmukh,aditya.deshmukh463@gmail.com,+91-803503282,Prefer Not to Say,65+,Gold Privilege,35090,2023-11-18,TN,Chennai
1860,CUST-IND-001860,Rajesh,Mehta,Rajesh Mehta,rajesh.mehta711@gmail.com,+91-863728579,Female,25-34,VIP Club Premier,34711,2021-12-14,HR,Gurugram
1861,CUST-IND-001861,Neha,Nair,Neha Nair,neha.nair349@gmail.com,+91-975249459,Female,55-64,Gold Privilege,40071,2024-02-25,BR,Patna
1862,CUST-IND-001862,Deepika,Pillai,Deepika Pillai,deepika.pillai51@gmail.com,+91-707190715,Male,18-24,VIP Club Premier,32437,2023-07-13,TN,Chennai
1863,CUST-IND-001863,Ritu,Jha,Ritu Jha,ritu.jha953@gmail.com,+91-929586146,Female,18-24,Regular Shopper,13914,2022-02-06,MH,Mumbai
1864,CUST-IND-001864,Rahul,Malhotra,Rahul Malhotra,rahul.malhotra548@gmail.com,+91-757670370,Prefer Not to Say,25-34,Regular Shopper,25079,2024-05-04,ML,Shillong
1865,CUST-IND-001865,Tarun,Sharma,Tarun Sharma,tarun.sharma6@gmail.com,+91-714170188,Female,25-34,Festival Occasional,3983,2022-12-05,AS,Guwahati
1866,CUST-IND-001866,Sunita,Desai,Sunita Desai,sunita.desai149@gmail.com,+91-948458964,Male,55-64,Gold Privilege,12182,2023-01-11,WB,Kolkata
1867,CUST-IND-001867,Swati,Verma,Swati Verma,swati.verma757@gmail.com,+91-873710557,Prefer Not to Say,45-54,Gold Privilege,4580,2022-06-08,MH,Mumbai
1868,CUST-IND-001868,Deepak,Iyer,Deepak Iyer,deepak.iyer391@gmail.com,+91-768466353,Male,55-64,Regular Shopper,23879,2023-11-30,MN,Imphal
1869,CUST-IND-001869,Meera,Singh,Meera Singh,meera.singh622@gmail.com,+91-815549982,Male,25-34,Regular Shopper,11278,2023-10-02,MH,Pune
1870,CUST-IND-001870,Kavita,Deshmukh,Kavita Deshmukh,kavita.deshmukh999@gmail.com,+91-775307104,Female,35-44,Gold Privilege,21272,2021-01-12,HR,Gurugram
1871,CUST-IND-001871,Anita,Saxena,Anita Saxena,anita.saxena151@gmail.com,+91-947615200,Prefer Not to Say,25-34,Festival Occasional,11794,2024-04-23,AP,Visakhapatnam
1872,CUST-IND-001872,Swati,Kapoor,Swati Kapoor,swati.kapoor791@gmail.com,+91-946931593,Male,45-54,Festival Occasional,12488,2021-12-05,GJ,Ahmedabad
1873,CUST-IND-001873,Ritu,Mukherjee,Ritu Mukherjee,ritu.mukherjee31@gmail.com,+91-858895936,Prefer Not to Say,18-24,VIP Club Premier,43370,2022-02-18,ML,Shillong
1874,CUST-IND-001874,Neha,Iyer,Neha Iyer,neha.iyer398@gmail.com,+91-957666122,Female,55-64,Regular Shopper,4751,2021-03-07,ML,Shillong
1875,CUST-IND-001875,Manoj,Gupta,Manoj Gupta,manoj.gupta895@gmail.com,+91-944167921,Male,65+,Gold Privilege,41883,2021-08-10,MH,Nagpur
1876,CUST-IND-001876,Rohan,Nair,Rohan Nair,rohan.nair631@gmail.com,+91-843270108,Female,55-64,Regular Shopper,43441,2021-03-03,KA,Bengaluru
1877,CUST-IND-001877,Sanjay,Dutta,Sanjay Dutta,sanjay.dutta57@gmail.com,+91-708342991,Male,18-24,Regular Shopper,17279,2023-10-02,GJ,Ahmedabad
1878,CUST-IND-001878,Tarun,Nair,Tarun Nair,tarun.nair496@gmail.com,+91-943349707,Male,55-64,Gold Privilege,21509,2023-02-23,JH,Ranchi
1879,CUST-IND-001879,Manoj,Pillai,Manoj Pillai,manoj.pillai372@gmail.com,+91-795697591,Male,65+,Gold Privilege,29066,2022-10-19,MP,Indore
1880,CUST-IND-001880,Sanjay,Iyer,Sanjay Iyer,sanjay.iyer208@gmail.com,+91-705410852,Male,45-54,Regular Shopper,42244,2021-12-16,AP,Visakhapatnam
1881,CUST-IND-001881,Kavita,Deshmukh,Kavita Deshmukh,kavita.deshmukh109@gmail.com,+91-745489959,Male,25-34,Regular Shopper,43696,2022-12-12,AP,Visakhapatnam
1882,CUST-IND-001882,Divya,Rao,Divya Rao,divya.rao293@gmail.com,+91-899670156,Prefer Not to Say,45-54,Gold Privilege,30213,2024-06-29,UP,Noida
1883,CUST-IND-001883,Preeti,Kumar,Preeti Kumar,preeti.kumar80@gmail.com,+91-817484682,Prefer Not to Say,35-44,Festival Occasional,39150,2021-02-20,BR,Patna
1884,CUST-IND-001884,Alok,Mishra,Alok Mishra,alok.mishra312@gmail.com,+91-877235684,Prefer Not to Say,18-24,Regular Shopper,6028,2023-05-09,ML,Shillong
1885,CUST-IND-001885,Anjali,Jha,Anjali Jha,anjali.jha15@gmail.com,+91-947949815,Female,65+,Festival Occasional,25892,2021-05-06,ML,Shillong
1886,CUST-IND-001886,Deepak,Trivedi,Deepak Trivedi,deepak.trivedi877@gmail.com,+91-717655582,Female,55-64,Festival Occasional,17919,2023-08-07,TR,Agartala
1887,CUST-IND-001887,Pooja,Kapoor,Pooja Kapoor,pooja.kapoor18@gmail.com,+91-988076188,Male,25-34,Regular Shopper,36044,2022-06-18,BR,Patna
1888,CUST-IND-001888,Suresh,Bhat,Suresh Bhat,suresh.bhat294@gmail.com,+91-713654504,Male,45-54,VIP Club Premier,3797,2023-09-26,RJ,Jaipur
1889,CUST-IND-001889,Deepika,Nanda,Deepika Nanda,deepika.nanda524@gmail.com,+91-811928109,Female,45-54,Regular Shopper,44652,2024-04-01,RJ,Jaipur
1890,CUST-IND-001890,Kavita,Patel,Kavita Patel,kavita.patel309@gmail.com,+91-902238360,Male,45-54,VIP Club Premier,23894,2022-09-24,GJ,Surat
1891,CUST-IND-001891,Kavita,Kapoor,Kavita Kapoor,kavita.kapoor547@gmail.com,+91-995260852,Female,65+,Regular Shopper,39896,2022-05-05,DL,Delhi
1892,CUST-IND-001892,Niharika,Singh,Niharika Singh,niharika.singh213@gmail.com,+91-944820249,Female,25-34,Regular Shopper,9215,2023-12-21,GJ,Ahmedabad
1893,CUST-IND-001893,Lakshmi,Joshi,Lakshmi Joshi,lakshmi.joshi410@gmail.com,+91-971650576,Male,18-24,VIP Club Premier,34915,2024-06-01,HR,Gurugram
1894,CUST-IND-001894,Manoj,Saxena,Manoj Saxena,manoj.saxena628@gmail.com,+91-911332565,Prefer Not to Say,45-54,Gold Privilege,3645,2022-02-05,OD,Bhubaneswar
1895,CUST-IND-001895,Neha,Pillai,Neha Pillai,neha.pillai460@gmail.com,+91-919688166,Female,55-64,Gold Privilege,27050,2022-11-17,UP,Lucknow
1896,CUST-IND-001896,Anita,Desai,Anita Desai,anita.desai776@gmail.com,+91-946270904,Female,18-24,Regular Shopper,21709,2024-05-06,UP,Noida
1897,CUST-IND-001897,Ritu,Desai,Ritu Desai,ritu.desai70@gmail.com,+91-916620636,Prefer Not to Say,45-54,Gold Privilege,3371,2022-07-02,GJ,Surat
1898,CUST-IND-001898,Aarav,Verma,Aarav Verma,aarav.verma735@gmail.com,+91-999789183,Female,25-34,Gold Privilege,26481,2024-04-12,GJ,Surat
1899,CUST-IND-001899,Manoj,Kapoor,Manoj Kapoor,manoj.kapoor661@gmail.com,+91-871728338,Female,45-54,Regular Shopper,3327,2023-03-25,JH,Ranchi
1900,CUST-IND-001900,Neha,Iyer,Neha Iyer,neha.iyer433@gmail.com,+91-706709872,Prefer Not to Say,25-34,VIP Club Premier,13375,2024-06-22,KL,Kochi
1901,CUST-IND-001901,Divya,Pillai,Divya Pillai,divya.pillai552@gmail.com,+91-939227281,Male,65+,Festival Occasional,2959,2022-10-26,UP,Lucknow
1902,CUST-IND-001902,Lakshmi,Joshi,Lakshmi Joshi,lakshmi.joshi718@gmail.com,+91-759863281,Prefer Not to Say,25-34,Gold Privilege,21398,2022-07-11,OD,Bhubaneswar
1903,CUST-IND-001903,Suresh,Sen,Suresh Sen,suresh.sen798@gmail.com,+91-835653873,Prefer Not to Say,25-34,Gold Privilege,15601,2021-11-22,KL,Kochi
1904,CUST-IND-001904,Ananya,Desai,Ananya Desai,ananya.desai393@gmail.com,+91-853870856,Prefer Not to Say,65+,Gold Privilege,3092,2022-03-23,MH,Mumbai
1905,CUST-IND-001905,Anjali,Chaudhary,Anjali Chaudhary,anjali.chaudhary905@gmail.com,+91-717189110,Prefer Not to Say,55-64,Regular Shopper,4797,2021-03-01,MP,Indore
1906,CUST-IND-001906,Tarun,Dutta,Tarun Dutta,tarun.dutta76@gmail.com,+91-894197399,Prefer Not to Say,25-34,Gold Privilege,2689,2021-11-05,WB,Kolkata
1907,CUST-IND-001907,Rahul,Pillai,Rahul Pillai,rahul.pillai521@gmail.com,+91-833193309,Prefer Not to Say,25-34,Regular Shopper,10978,2022-05-22,AP,Visakhapatnam
1908,CUST-IND-001908,Swati,Nair,Swati Nair,swati.nair158@gmail.com,+91-923539742,Prefer Not to Say,18-24,VIP Club Premier,17663,2021-05-29,UP,Noida
1909,CUST-IND-001909,Alok,Pillai,Alok Pillai,alok.pillai267@gmail.com,+91-891917723,Prefer Not to Say,45-54,Regular Shopper,35153,2024-04-10,TR,Agartala
1910,CUST-IND-001910,Bhavna,Trivedi,Bhavna Trivedi,bhavna.trivedi270@gmail.com,+91-903779681,Prefer Not to Say,45-54,Festival Occasional,3431,2022-07-04,OD,Bhubaneswar
1911,CUST-IND-001911,Vikram,Mehta,Vikram Mehta,vikram.mehta58@gmail.com,+91-963686745,Male,45-54,Regular Shopper,33969,2023-01-08,MN,Imphal
1912,CUST-IND-001912,Deepika,Kumar,Deepika Kumar,deepika.kumar333@gmail.com,+91-811666478,Prefer Not to Say,35-44,VIP Club Premier,874,2023-11-01,AP,Visakhapatnam
1913,CUST-IND-001913,Divya,Deshmukh,Divya Deshmukh,divya.deshmukh827@gmail.com,+91-793169847,Male,45-54,VIP Club Premier,8482,2022-04-10,UP,Noida
1914,CUST-IND-001914,Rajesh,Deshmukh,Rajesh Deshmukh,rajesh.deshmukh675@gmail.com,+91-964445419,Male,35-44,Gold Privilege,5234,2023-05-09,PB,Chandigarh
1915,CUST-IND-001915,Shweta,Jha,Shweta Jha,unregistered@retail.com,+91-979649241,Male,25-34,Gold Privilege,29585,2021-12-25,RJ,Jaipur
1916,CUST-IND-001916,Niharika,Mishra,Niharika Mishra,niharika.mishra897@gmail.com,+91-878996393,Female,18-24,Festival Occasional,10209,2022-06-24,MH,Pune
1917,CUST-IND-001917,Ritu,Rao,Ritu Rao,ritu.rao838@gmail.com,+91-754337063,Prefer Not to Say,45-54,Regular Shopper,12052,2023-10-20,JH,Ranchi
1918,CUST-IND-001918,Amit,Nanda,Amit Nanda,amit.nanda424@gmail.com,+91-873165166,Prefer Not to Say,25-34,Gold Privilege,27073,2021-12-03,KL,Kochi
1919,CUST-IND-001919,Vikram,Mehta,Vikram Mehta,vikram.mehta147@gmail.com,+91-929578467,Prefer Not to Say,55-64,VIP Club Premier,7822,2022-04-22,OD,Bhubaneswar
1920,CUST-IND-001920,Ananya,Desai,Ananya Desai,ananya.desai20@gmail.com,+91-851118126,Prefer Not to Say,45-54,Gold Privilege,2513,2022-02-20,MH,Nagpur
1921,CUST-IND-001921,Deepika,Kapoor,Deepika Kapoor,deepika.kapoor624@gmail.com,+91-941950181,Prefer Not to Say,45-54,Gold Privilege,11730,2023-03-17,MN,Imphal
1922,CUST-IND-001922,Rohan,Trivedi,Rohan Trivedi,rohan.trivedi756@gmail.com,+91-764082391,Male,45-54,Festival Occasional,4277,2023-03-27,MH,Pune
1923,CUST-IND-001923,Vikram,Bansal,Vikram Bansal,vikram.bansal142@gmail.com,+91-862964703,Prefer Not to Say,35-44,Gold Privilege,22491,2023-10-03,DL,Delhi
1924,CUST-IND-001924,Manoj,Mukherjee,Manoj Mukherjee,manoj.mukherjee560@gmail.com,+91-968878129,Prefer Not to Say,55-64,Regular Shopper,28929,2022-11-08,MP,Indore
1925,CUST-IND-001925,Ritu,Kapoor,Ritu Kapoor,ritu.kapoor60@gmail.com,+91-813690277,Female,35-44,Regular Shopper,8571,2021-04-26,WB,Kolkata
1926,CUST-IND-001926,Deepika,Hegde,Deepika Hegde,deepika.hegde734@gmail.com,+91-848904056,Female,25-34,Regular Shopper,826,2023-06-27,GJ,Ahmedabad
1927,CUST-IND-001927,Vikram,Nanda,Vikram Nanda,vikram.nanda930@gmail.com,+91-865165533,Prefer Not to Say,18-24,Regular Shopper,44538,2021-09-23,MP,Indore
1928,CUST-IND-001928,Swati,Deshmukh,Swati Deshmukh,swati.deshmukh591@gmail.com,+91-969596041,Male,35-44,Festival Occasional,3316,2023-11-11,MH,Nagpur
1929,CUST-IND-001929,Sanjay,Agarwal,Sanjay Agarwal,sanjay.agarwal434@gmail.com,+91-879361940,Prefer Not to Say,18-24,VIP Club Premier,5383,2021-04-16,TS,Hyderabad
1930,CUST-IND-001930,Vishal,Pillai,Vishal Pillai,vishal.pillai740@gmail.com,+91-762497001,Female,18-24,Gold Privilege,5922,2024-02-28,PB,Chandigarh
1931,CUST-IND-001931,Deepak,Bansal,Deepak Bansal,deepak.bansal837@gmail.com,+91-879209686,Female,65+,Regular Shopper,44737,2022-04-02,UP,Lucknow
1932,CUST-IND-001932,Manoj,Chatterjee,Manoj Chatterjee,manoj.chatterjee545@gmail.com,+91-932855396,Prefer Not to Say,45-54,Festival Occasional,21748,2021-11-27,WB,Kolkata
1933,CUST-IND-001933,Dev,Desai,Dev Desai,dev.desai915@gmail.com,+91-984213238,Female,45-54,Gold Privilege,4904,2021-02-06,TN,Chennai
1934,CUST-IND-001934,Arjun,Shetty,Arjun Shetty,arjun.shetty374@gmail.com,+91-997973653,Male,55-64,VIP Club Premier,21047,2021-01-27,ML,Shillong
1935,CUST-IND-001935,Rohan,Gupta,Rohan Gupta,rohan.gupta199@gmail.com,+91-897316159,Prefer Not to Say,18-24,Gold Privilege,17598,2021-07-21,TS,Hyderabad
1936,CUST-IND-001936,Anita,Nanda,Anita Nanda,anita.nanda302@gmail.com,+91-975617368,Male,65+,Regular Shopper,24186,2021-01-03,ML,Shillong
1937,CUST-IND-001937,Aarav,Agarwal,Aarav Agarwal,aarav.agarwal98@gmail.com,+91-767984779,Male,25-34,Regular Shopper,25601,2022-04-15,JH,Ranchi
1938,CUST-IND-001938,Divya,Singh,Divya Singh,divya.singh688@gmail.com,+91-985357503,Female,25-34,Festival Occasional,822,2024-06-14,BR,Patna
1939,CUST-IND-001939,Sanjay,Kumar,Sanjay Kumar,sanjay.kumar486@gmail.com,+91-864491970,Prefer Not to Say,55-64,Gold Privilege,32666,2021-08-24,AS,Guwahati
1940,CUST-IND-001940,Meera,Kumar,Meera Kumar,meera.kumar539@gmail.com,+91-979254512,Male,55-64,Festival Occasional,1833,2021-07-13,GJ,Ahmedabad
1941,CUST-IND-001941,Bhavna,Gupta,Bhavna Gupta,bhavna.gupta450@gmail.com,+91-959442768,Male,65+,Festival Occasional,44017,2021-01-29,MP,Indore
1942,CUST-IND-001942,Vikram,Chaudhary,Vikram Chaudhary,vikram.chaudhary326@gmail.com,+91-711825643,Prefer Not to Say,35-44,Regular Shopper,4094,2022-04-15,AS,Guwahati
1943,CUST-IND-001943,Dev,Sharma,Dev Sharma,dev.sharma546@gmail.com,+91-921486247,Male,25-34,Festival Occasional,9932,2024-06-24,KL,Kochi
1944,CUST-IND-001944,Preeti,Jha,Preeti Jha,preeti.jha27@gmail.com,+91-804969472,Male,25-34,Regular Shopper,44680,2022-12-14,TN,Chennai
1945,CUST-IND-001945,Deepika,Nair,Deepika Nair,deepika.nair420@gmail.com,+91-896483904,Female,25-34,Gold Privilege,16386,2022-11-10,OD,Bhubaneswar
1946,CUST-IND-001946,Priya,Gupta,Priya Gupta,priya.gupta779@gmail.com,+91-725683270,Male,18-24,Regular Shopper,13199,2023-11-25,WB,Kolkata
1947,CUST-IND-001947,Vikram,Iyer,Vikram Iyer,vikram.iyer917@gmail.com,+91-764334821,Male,55-64,Regular Shopper,43853,2023-06-10,MH,Mumbai
1948,CUST-IND-001948,Amit,Mehta,Amit Mehta,amit.mehta444@gmail.com,+91-804526119,Male,65+,Regular Shopper,25552,2021-11-17,JH,Ranchi
1949,CUST-IND-001949,Deepak,Sharma,Deepak Sharma,deepak.sharma933@gmail.com,+91-988659310,Female,55-64,Regular Shopper,6632,2022-05-09,UP,Noida
1950,CUST-IND-001950,Niharika,Dutta,Niharika Dutta,niharika.dutta13@gmail.com,+91-923306212,Prefer Not to Say,18-24,Gold Privilege,13254,2023-12-06,TN,Chennai
1951,CUST-IND-001951,Pooja,Mukherjee,Pooja Mukherjee,pooja.mukherjee12@gmail.com,+91-756684100,Male,55-64,Regular Shopper,6603,2023-11-12,GJ,Ahmedabad
1952,CUST-IND-001952,Pooja,Pillai,Pooja Pillai,pooja.pillai699@gmail.com,+91-894248635,Male,25-34,Regular Shopper,19766,2023-04-01,MH,Pune
1953,CUST-IND-001953,Manoj,Patel,Manoj Patel,manoj.patel403@gmail.com,+91-744676008,Male,55-64,VIP Club Premier,9996,2022-10-30,HR,Gurugram
1954,CUST-IND-001954,Aditya,Kulkarni,Aditya Kulkarni,aditya.kulkarni139@gmail.com,+91-711808154,Female,25-34,VIP Club Premier,22385,2023-05-23,RJ,Jaipur
1955,CUST-IND-001955,Karthik,Kulkarni,Karthik Kulkarni,karthik.kulkarni919@gmail.com,+91-836462218,Prefer Not to Say,25-34,Regular Shopper,33352,2023-12-18,MH,Mumbai
1956,CUST-IND-001956,Anita,Sen,Anita Sen,anita.sen957@gmail.com,+91-997771963,Female,65+,Regular Shopper,33113,2024-05-25,MH,Pune
1957,CUST-IND-001957,Kavita,Iyer,Kavita Iyer,kavita.iyer498@gmail.com,+91-713812916,Prefer Not to Say,65+,Regular Shopper,23241,2024-06-08,AS,Guwahati
1958,CUST-IND-001958,Aarav,Bhat,Aarav Bhat,aarav.bhat568@gmail.com,+91-822994937,Male,35-44,Festival Occasional,17345,2024-06-30,JH,Ranchi
1959,CUST-IND-001959,Anjali,Hegde,Anjali Hegde,anjali.hegde513@gmail.com,+91-856215984,Female,35-44,Gold Privilege,11351,2022-11-29,UP,Lucknow
1960,CUST-IND-001960,Karthik,Saxena,Karthik Saxena,karthik.saxena753@gmail.com,+91-841425217,Female,35-44,Regular Shopper,32085,2022-09-13,TN,Chennai
1961,CUST-IND-001961,Anjali,Bhat,Anjali Bhat,anjali.bhat376@gmail.com,+91-711020223,Male,35-44,Gold Privilege,22856,2021-08-14,MH,Nagpur
1962,CUST-IND-001962,Niharika,Jha,Niharika Jha,niharika.jha871@gmail.com,+91-824595719,Male,45-54,Gold Privilege,11512,2021-08-27,MP,Indore
1963,CUST-IND-001963,Anita,Verma,Anita Verma,anita.verma943@gmail.com,+91-789324212,Male,65+,Regular Shopper,30920,2023-04-06,UP,Noida
1964,CUST-IND-001964,Arjun,Malhotra,Arjun Malhotra,unregistered@retail.com,+91-913802895,Male,25-34,Regular Shopper,5632,2024-06-25,KL,Kochi
1965,CUST-IND-001965,Rahul,Joshi,Rahul Joshi,rahul.joshi649@gmail.com,+91-707327772,Male,55-64,Regular Shopper,35844,2022-07-22,TN,Chennai
1966,CUST-IND-001966,Alok,Das,Alok Das,alok.das683@gmail.com,+91-791931687,Prefer Not to Say,65+,Regular Shopper,5644,2021-07-14,TR,Agartala
1967,CUST-IND-001967,Niharika,Mehta,Niharika Mehta,niharika.mehta166@gmail.com,+91-996618209,Prefer Not to Say,55-64,Regular Shopper,19506,2021-08-29,MN,Imphal
1968,CUST-IND-001968,Karthik,Sharma,Karthik Sharma,karthik.sharma588@gmail.com,+91-896848386,Male,35-44,Regular Shopper,29432,2022-02-21,BR,Patna
1969,CUST-IND-001969,Anita,Kulkarni,Anita Kulkarni,anita.kulkarni64@gmail.com,+91-846024363,Male,55-64,Festival Occasional,9178,2023-03-12,KA,Bengaluru
1970,CUST-IND-001970,Tarun,Bhat,Tarun Bhat,tarun.bhat731@gmail.com,+91-871869051,Prefer Not to Say,35-44,Regular Shopper,297,2022-07-27,MP,Indore
1971,CUST-IND-001971,Rajesh,Mehta,Rajesh Mehta,rajesh.mehta391@gmail.com,+91-738105476,Male,18-24,Gold Privilege,10679,2023-12-26,AP,Visakhapatnam
1972,CUST-IND-001972,Deepika,Dutta,Deepika Dutta,deepika.dutta970@gmail.com,+91-727516000,Female,55-64,Regular Shopper,20624,2021-08-15,JH,Ranchi
1973,CUST-IND-001973,Rahul,Kumar,Rahul Kumar,rahul.kumar259@gmail.com,+91-981525385,Female,45-54,Regular Shopper,22318,2021-05-27,MN,Imphal
1974,CUST-IND-001974,Preeti,Trivedi,Preeti Trivedi,preeti.trivedi402@gmail.com,+91-807766614,Female,35-44,Gold Privilege,18460,2021-08-26,AS,Guwahati
1975,CUST-IND-001975,Pooja,Agarwal,Pooja Agarwal,pooja.agarwal620@gmail.com,+91-921446131,Prefer Not to Say,18-24,Festival Occasional,12061,2022-03-02,HR,Gurugram
1976,CUST-IND-001976,Lakshmi,Bhat,Lakshmi Bhat,lakshmi.bhat745@gmail.com,+91-891687346,Prefer Not to Say,18-24,VIP Club Premier,25117,2023-03-31,TS,Hyderabad
1977,CUST-IND-001977,Pooja,Hegde,Pooja Hegde,pooja.hegde768@gmail.com,+91-776938718,Female,25-34,Festival Occasional,10938,2024-04-25,GJ,Surat
1978,CUST-IND-001978,Dev,Jha,Dev Jha,dev.jha208@gmail.com,+91-958469241,Prefer Not to Say,25-34,Regular Shopper,37060,2022-07-02,HR,Gurugram
1979,CUST-IND-001979,Ananya,Bhat,Ananya Bhat,ananya.bhat943@gmail.com,+91-726037914,Female,55-64,Festival Occasional,15418,2021-07-13,GJ,Surat
1980,CUST-IND-001980,Sanjay,Patel,Sanjay Patel,sanjay.patel451@gmail.com,+91-834942825,Male,18-24,Regular Shopper,12600,2022-10-23,DL,Delhi
1981,CUST-IND-001981,Manoj,Rao,Manoj Rao,manoj.rao659@gmail.com,+91-959452975,Male,55-64,Regular Shopper,37192,2023-04-26,MN,Imphal
1982,CUST-IND-001982,Sunita,Kulkarni,Sunita Kulkarni,sunita.kulkarni432@gmail.com,+91-853158098,Male,55-64,Festival Occasional,13933,2022-12-13,ML,Shillong
1983,CUST-IND-001983,Deepika,Rao,Deepika Rao,deepika.rao53@gmail.com,+91-809731474,Prefer Not to Say,25-34,Regular Shopper,12641,2023-07-23,WB,Kolkata
1984,CUST-IND-001984,Lakshmi,Kulkarni,Lakshmi Kulkarni,lakshmi.kulkarni23@gmail.com,+91-766380778,Prefer Not to Say,55-64,Gold Privilege,12274,2023-11-19,PB,Chandigarh
1985,CUST-IND-001985,Ritu,Saxena,Ritu Saxena,ritu.saxena751@gmail.com,+91-811756221,Female,18-24,VIP Club Premier,15886,2022-11-04,JH,Ranchi
1986,CUST-IND-001986,Aditya,Agarwal,Aditya Agarwal,aditya.agarwal712@gmail.com,+91-974905728,Male,25-34,VIP Club Premier,23075,2023-10-20,JH,Ranchi
1987,CUST-IND-001987,Priya,Nanda,Priya Nanda,priya.nanda703@gmail.com,+91-869539141,Prefer Not to Say,65+,Festival Occasional,8292,2023-10-25,TR,Agartala
1988,CUST-IND-001988,Anjali,Chatterjee,Anjali Chatterjee,unregistered@retail.com,+91-931951707,Prefer Not to Say,35-44,Gold Privilege,13322,2023-01-21,RJ,Jaipur
1989,CUST-IND-001989,Karthik,Shetty,Karthik Shetty,karthik.shetty765@gmail.com,+91-728745487,Male,55-64,Regular Shopper,2576,2022-11-13,MH,Pune
1990,CUST-IND-001990,Alok,Trivedi,Alok Trivedi,alok.trivedi964@gmail.com,+91-824000401,Prefer Not to Say,25-34,Festival Occasional,7664,2021-11-16,JH,Ranchi
1991,CUST-IND-001991,Priya,Nair,Priya Nair,priya.nair482@gmail.com,+91-871495711,Prefer Not to Say,25-34,Festival Occasional,26818,2022-02-27,TN,Chennai
1992,CUST-IND-001992,Ananya,Nair,Ananya Nair,ananya.nair843@gmail.com,+91-857826316,Prefer Not to Say,65+,Festival Occasional,38816,2021-10-29,UP,Lucknow
1993,CUST-IND-001993,Anita,Reddy,Anita Reddy,anita.reddy758@gmail.com,+91-895154194,Prefer Not to Say,18-24,Gold Privilege,34060,2023-03-21,BR,Patna
1994,CUST-IND-001994,Arjun,Sharma,Arjun Sharma,arjun.sharma4@gmail.com,+91-844927968,Male,18-24,VIP Club Premier,30660,2022-11-02,ML,Shillong
1995,CUST-IND-001995,Manoj,Bansal,Manoj Bansal,manoj.bansal397@gmail.com,+91-811197792,Prefer Not to Say,35-44,Regular Shopper,29080,2024-04-21,WB,Kolkata
1996,CUST-IND-001996,Aarav,Trivedi,Aarav Trivedi,aarav.trivedi393@gmail.com,+91-755825900,Male,35-44,Gold Privilege,4391,2024-04-11,GJ,Ahmedabad
1997,CUST-IND-001997,Neha,Reddy,Neha Reddy,neha.reddy296@gmail.com,+91-756863784,Male,18-24,Gold Privilege,31562,2021-06-08,MH,Nagpur
1998,CUST-IND-001998,Rahul,Bhat,Rahul Bhat,rahul.bhat80@gmail.com,+91-989546594,Male,65+,Regular Shopper,35925,2022-04-13,JH,Ranchi
1999,CUST-IND-001999,Alok,Desai,Alok Desai,alok.desai479@gmail.com,+91-777538893,Prefer Not to Say,18-24,Gold Privilege,37664,2021-04-15,MN,Imphal
2000,CUST-IND-002000,Suresh,Saxena,Suresh Saxena,suresh.saxena154@gmail.com,+91-827164390,Prefer Not to Say,18-24,Regular Shopper,24502,2023-04-06,BR,Patna
2001,CUST-IND-002001,Divya,Pillai,Divya Pillai,divya.pillai81@gmail.com,+91-711060271,Prefer Not to Say,65+,Regular Shopper,26006,2022-06-01,MH,Nagpur
2002,CUST-IND-002002,Ritu,Joshi,Ritu Joshi,ritu.joshi384@gmail.com,+91-905274657,Male,55-64,Festival Occasional,16937,2022-05-13,UP,Noida
2003,CUST-IND-002003,Pooja,Sharma,Pooja Sharma,pooja.sharma562@gmail.com,+91-707832441,Male,25-34,Regular Shopper,41077,2022-10-08,MH,Mumbai
2004,CUST-IND-002004,Ananya,Das,Ananya Das,ananya.das395@gmail.com,+91-723229694,Male,65+,VIP Club Premier,34625,2024-05-18,MH,Pune
2005,CUST-IND-002005,Meera,Das,Meera Das,meera.das552@gmail.com,+91-926444078,Prefer Not to Say,25-34,Festival Occasional,22452,2024-02-12,MP,Indore
2006,CUST-IND-002006,Tarun,Malhotra,Tarun Malhotra,tarun.malhotra784@gmail.com,+91-799528879,Prefer Not to Say,25-34,Regular Shopper,27644,2024-02-18,BR,Patna
2007,CUST-IND-002007,Kavita,Mehta,Kavita Mehta,kavita.mehta141@gmail.com,+91-821333293,Prefer Not to Say,35-44,Festival Occasional,282,2021-05-30,MP,Indore
2008,CUST-IND-002008,Kavita,Agarwal,Kavita Agarwal,kavita.agarwal454@gmail.com,+91-908047827,Male,25-34,Regular Shopper,11418,2022-06-01,PB,Chandigarh
2009,CUST-IND-002009,Priya,Mukherjee,Priya Mukherjee,priya.mukherjee777@gmail.com,+91-761703248,Female,45-54,Regular Shopper,22025,2023-03-26,MP,Indore
2010,CUST-IND-002010,Anita,Pillai,Anita Pillai,anita.pillai686@gmail.com,+91-712584239,Female,65+,VIP Club Premier,30695,2024-01-16,KA,Bengaluru
2011,CUST-IND-002011,Vikram,Reddy,Vikram Reddy,vikram.reddy299@gmail.com,+91-845152723,Prefer Not to Say,25-34,Regular Shopper,24890,2023-08-24,AP,Visakhapatnam
2012,CUST-IND-002012,Anita,Jha,Anita Jha,anita.jha723@gmail.com,+91-882125182,Male,55-64,Gold Privilege,18012,2022-04-24,MN,Imphal
2013,CUST-IND-002013,Preeti,Bhat,Preeti Bhat,preeti.bhat513@gmail.com,+91-989646657,Prefer Not to Say,65+,Regular Shopper,7664,2021-10-30,WB,Kolkata
2014,CUST-IND-002014,Neha,Bhat,Neha Bhat,neha.bhat976@gmail.com,+91-774112328,Male,45-54,Regular Shopper,24061,2023-10-22,ML,Shillong
2015,CUST-IND-002015,Ritu,Mukherjee,Ritu Mukherjee,ritu.mukherjee317@gmail.com,+91-986783373,Prefer Not to Say,25-34,Gold Privilege,17494,2021-03-19,TS,Hyderabad
2016,CUST-IND-002016,Deepika,Joshi,Deepika Joshi,deepika.joshi934@gmail.com,+91-733932718,Female,45-54,Gold Privilege,33106,2023-04-07,KL,Kochi
2017,CUST-IND-002017,Niharika,Bansal,Niharika Bansal,niharika.bansal723@gmail.com,+91-807322761,Prefer Not to Say,35-44,Festival Occasional,28944,2023-01-27,WB,Kolkata
2018,CUST-IND-002018,Amit,Chaudhary,Amit Chaudhary,amit.chaudhary596@gmail.com,+91-715218590,Male,55-64,Regular Shopper,23042,2022-04-04,WB,Kolkata
2019,CUST-IND-002019,Karthik,Chaudhary,Karthik Chaudhary,karthik.chaudhary664@gmail.com,+91-984216104,Female,35-44,Regular Shopper,4466,2024-01-14,GJ,Ahmedabad
2020,CUST-IND-002020,Deepika,Shetty,Deepika Shetty,deepika.shetty731@gmail.com,+91-712182133,Prefer Not to Say,35-44,Regular Shopper,39612,2024-03-15,MN,Imphal
2021,CUST-IND-002021,Arjun,Reddy,Arjun Reddy,arjun.reddy806@gmail.com,+91-806311453,Prefer Not to Say,25-34,Regular Shopper,38446,2023-07-21,MH,Pune
2022,CUST-IND-002022,Bhavna,Hegde,Bhavna Hegde,bhavna.hegde918@gmail.com,+91-759698068,Male,55-64,Gold Privilege,22616,2021-05-29,PB,Chandigarh
2023,CUST-IND-002023,Anita,Sharma,Anita Sharma,anita.sharma821@gmail.com,+91-862031523,Prefer Not to Say,55-64,Gold Privilege,33175,2023-01-29,UP,Lucknow
2024,CUST-IND-002024,Anjali,Pillai,Anjali Pillai,anjali.pillai952@gmail.com,+91-961864560,Male,65+,Regular Shopper,38410,2021-09-30,PB,Chandigarh
2025,CUST-IND-002025,Amit,Mukherjee,Amit Mukherjee,amit.mukherjee385@gmail.com,+91-903096209,Prefer Not to Say,45-54,Regular Shopper,12171,2021-03-15,MH,Pune
2026,CUST-IND-002026,Priya,Bhat,Priya Bhat,priya.bhat840@gmail.com,+91-995196075,Prefer Not to Say,35-44,Festival Occasional,16400,2023-02-25,RJ,Jaipur
2027,CUST-IND-002027,Divya,Chatterjee,Divya Chatterjee,divya.chatterjee623@gmail.com,+91-869304544,Prefer Not to Say,45-54,Regular Shopper,4719,2022-04-17,TR,Agartala
2028,CUST-IND-002028,Swati,Gupta,Swati Gupta,swati.gupta191@gmail.com,+91-851892865,Female,65+,VIP Club Premier,37636,2021-08-08,GJ,Surat
2029,CUST-IND-002029,Tarun,Joshi,Tarun Joshi,tarun.joshi661@gmail.com,+91-966343673,Prefer Not to Say,35-44,Regular Shopper,42928,2024-01-23,DL,Delhi
2030,CUST-IND-002030,Sunita,Mehta,Sunita Mehta,sunita.mehta821@gmail.com,+91-819194885,Male,18-24,Gold Privilege,23208,2022-02-07,ML,Shillong
2031,CUST-IND-002031,Anjali,Verma,Anjali Verma,anjali.verma286@gmail.com,+91-945017577,Prefer Not to Say,18-24,Regular Shopper,41632,2023-03-01,AS,Guwahati
2032,CUST-IND-002032,Lakshmi,Kulkarni,Lakshmi Kulkarni,lakshmi.kulkarni100@gmail.com,+91-773556841,Female,25-34,Gold Privilege,40282,2023-08-11,WB,Kolkata
2033,CUST-IND-002033,Divya,Saxena,Divya Saxena,divya.saxena58@gmail.com,+91-721407817,Male,55-64,Gold Privilege,7954,2022-11-04,MP,Indore
2034,CUST-IND-002034,Vikram,Gupta,Vikram Gupta,vikram.gupta769@gmail.com,+91-881183156,Prefer Not to Say,25-34,Regular Shopper,28378,2023-05-15,OD,Bhubaneswar
2035,CUST-IND-002035,Manoj,Rao,Manoj Rao,manoj.rao612@gmail.com,+91-939573602,Prefer Not to Say,45-54,Regular Shopper,25000,2022-07-22,TR,Agartala
2036,CUST-IND-002036,Neha,Joshi,Neha Joshi,neha.joshi334@gmail.com,+91-918140462,Prefer Not to Say,55-64,Regular Shopper,32307,2021-03-19,AP,Visakhapatnam
2037,CUST-IND-002037,Bhavna,Mukherjee,Bhavna Mukherjee,bhavna.mukherjee352@gmail.com,+91-947986526,Prefer Not to Say,45-54,Festival Occasional,8784,2022-12-15,ML,Shillong
2038,CUST-IND-002038,Manoj,Iyer,Manoj Iyer,manoj.iyer610@gmail.com,+91-813277509,Female,25-34,Regular Shopper,27828,2023-09-12,DL,Delhi
2039,CUST-IND-002039,Divya,Desai,Divya Desai,divya.desai341@gmail.com,+91-888550472,Male,25-34,Gold Privilege,8087,2023-03-25,RJ,Jaipur
2040,CUST-IND-002040,Bhavna,Rao,Bhavna Rao,bhavna.rao572@gmail.com,+91-919603815,Male,35-44,Festival Occasional,43228,2024-05-08,UP,Lucknow
2041,CUST-IND-002041,Alok,Kumar,Alok Kumar,alok.kumar974@gmail.com,+91-855578889,Female,25-34,Festival Occasional,44818,2023-06-02,MN,Imphal
2042,CUST-IND-002042,Rohan,Saxena,Rohan Saxena,rohan.saxena962@gmail.com,+91-975267206,Prefer Not to Say,65+,Festival Occasional,19511,2024-05-08,JH,Ranchi
2043,CUST-IND-002043,Deepika,Agarwal,Deepika Agarwal,deepika.agarwal576@gmail.com,+91-851105434,Female,35-44,Gold Privilege,41809,2022-11-02,DL,Delhi
2044,CUST-IND-002044,Amit,Desai,Amit Desai,amit.desai357@gmail.com,+91-928496133,Prefer Not to Say,25-34,Gold Privilege,43130,2022-05-18,MN,Imphal
2045,CUST-IND-002045,Sunita,Kulkarni,Sunita Kulkarni,sunita.kulkarni68@gmail.com,+91-842944445,Female,45-54,Regular Shopper,20196,2021-10-08,TN,Chennai
2046,CUST-IND-002046,Anita,Rao,Anita Rao,anita.rao337@gmail.com,+91-799871891,Male,55-64,Gold Privilege,33198,2021-09-22,MP,Indore
2047,CUST-IND-002047,Niharika,Trivedi,Niharika Trivedi,niharika.trivedi231@gmail.com,+91-855029202,Prefer Not to Say,18-24,Gold Privilege,17536,2021-06-19,GJ,Ahmedabad
2048,CUST-IND-002048,Sunita,Nanda,Sunita Nanda,sunita.nanda229@gmail.com,+91-839418285,Prefer Not to Say,35-44,Festival Occasional,7347,2022-09-30,AS,Guwahati
2049,CUST-IND-002049,Priya,Reddy,Priya Reddy,priya.reddy493@gmail.com,+91-804853331,Female,45-54,Regular Shopper,33923,2022-01-05,AP,Visakhapatnam
2050,CUST-IND-002050,Shweta,Kumar,Shweta Kumar,shweta.kumar994@gmail.com,+91-875832247,Prefer Not to Say,55-64,Gold Privilege,20093,2021-01-07,KA,Bengaluru
2051,CUST-IND-002051,Ritu,Desai,Ritu Desai,ritu.desai212@gmail.com,+91-814218913,Male,65+,Festival Occasional,41310,2023-06-23,MN,Imphal
2052,CUST-IND-002052,Anita,Shetty,Anita Shetty,anita.shetty670@gmail.com,+91-768465130,Female,35-44,Regular Shopper,28383,2023-07-05,AP,Visakhapatnam
2053,CUST-IND-002053,Rahul,Dutta,Rahul Dutta,rahul.dutta867@gmail.com,+91-993646398,Female,55-64,Festival Occasional,21891,2023-08-07,GJ,Surat
2054,CUST-IND-002054,Lakshmi,Jha,Lakshmi Jha,unregistered@retail.com,+91-996688186,Male,45-54,Gold Privilege,25217,2024-03-07,BR,Patna
2055,CUST-IND-002055,Deepak,Mukherjee,Deepak Mukherjee,deepak.mukherjee822@gmail.com,+91-721120056,Female,65+,VIP Club Premier,13494,2022-07-22,TS,Hyderabad
2056,CUST-IND-002056,Aditya,Verma,Aditya Verma,aditya.verma636@gmail.com,+91-813683644,Female,35-44,Regular Shopper,41686,2023-11-08,MP,Indore
2057,CUST-IND-002057,Pooja,Dutta,Pooja Dutta,pooja.dutta930@gmail.com,+91-807221056,Prefer Not to Say,65+,Gold Privilege,30320,2024-02-24,MH,Pune
2058,CUST-IND-002058,Manoj,Trivedi,Manoj Trivedi,unregistered@retail.com,+91-903328401,Female,45-54,Gold Privilege,17513,2023-06-12,BR,Patna
2059,CUST-IND-002059,Rajesh,Bansal,Rajesh Bansal,rajesh.bansal981@gmail.com,+91-872773501,Male,65+,Gold Privilege,41723,2024-06-15,RJ,Jaipur
2060,CUST-IND-002060,Alok,Dutta,Alok Dutta,alok.dutta929@gmail.com,+91-934514644,Prefer Not to Say,45-54,Festival Occasional,1863,2024-04-05,MH,Nagpur
2061,CUST-IND-002061,Niharika,Deshmukh,Niharika Deshmukh,niharika.deshmukh436@gmail.com,+91-802713052,Prefer Not to Say,25-34,Gold Privilege,5132,2022-10-02,PB,Chandigarh
2062,CUST-IND-002062,Deepak,Nanda,Deepak Nanda,deepak.nanda158@gmail.com,+91-842406213,Prefer Not to Say,45-54,Festival Occasional,5585,2021-03-12,AS,Guwahati
2063,CUST-IND-002063,Shweta,Kapoor,Shweta Kapoor,shweta.kapoor343@gmail.com,+91-995693148,Prefer Not to Say,25-34,Regular Shopper,17967,2021-04-11,WB,Kolkata
2064,CUST-IND-002064,Anjali,Reddy,Anjali Reddy,anjali.reddy654@gmail.com,+91-816335839,Female,45-54,Regular Shopper,32119,2022-03-27,MH,Pune
2065,CUST-IND-002065,Niharika,Hegde,Niharika Hegde,niharika.hegde479@gmail.com,+91-899755888,Male,65+,Regular Shopper,27648,2023-10-12,WB,Kolkata
2066,CUST-IND-002066,Shweta,Agarwal,Shweta Agarwal,shweta.agarwal750@gmail.com,+91-771354949,Female,65+,VIP Club Premier,4589,2023-01-15,GJ,Surat
2067,CUST-IND-002067,Arjun,Trivedi,Arjun Trivedi,arjun.trivedi6@gmail.com,+91-978560230,Male,45-54,Gold Privilege,22719,2022-03-04,GJ,Ahmedabad
2068,CUST-IND-002068,Niharika,Chaudhary,Niharika Chaudhary,niharika.chaudhary61@gmail.com,+91-809575993,Female,25-34,Regular Shopper,19665,2024-02-21,UP,Noida
2069,CUST-IND-002069,Tarun,Reddy,Tarun Reddy,tarun.reddy611@gmail.com,+91-806647136,Female,65+,Regular Shopper,26617,2023-06-02,RJ,Jaipur
2070,CUST-IND-002070,Ritu,Agarwal,Ritu Agarwal,ritu.agarwal11@gmail.com,+91-702725715,Prefer Not to Say,25-34,Regular Shopper,21219,2021-10-27,MN,Imphal
2071,CUST-IND-002071,Kavita,Mishra,Kavita Mishra,kavita.mishra398@gmail.com,+91-852026406,Male,25-34,Festival Occasional,26641,2021-01-26,JH,Ranchi
2072,CUST-IND-002072,Kavita,Shetty,Kavita Shetty,kavita.shetty508@gmail.com,+91-954168692,Male,18-24,Gold Privilege,29870,2024-01-16,MN,Imphal
2073,CUST-IND-002073,Vikram,Trivedi,Vikram Trivedi,vikram.trivedi750@gmail.com,+91-747301074,Female,25-34,Gold Privilege,16622,2023-10-29,RJ,Jaipur
2074,CUST-IND-002074,Vishal,Das,Vishal Das,vishal.das53@gmail.com,+91-992878367,Female,35-44,Festival Occasional,20089,2024-05-20,TS,Hyderabad
2075,CUST-IND-002075,Anjali,Trivedi,Anjali Trivedi,anjali.trivedi171@gmail.com,+91-908461772,Male,65+,Gold Privilege,16251,2022-04-21,DL,Delhi
2076,CUST-IND-002076,Dev,Hegde,Dev Hegde,dev.hegde37@gmail.com,+91-956142211,Male,45-54,Regular Shopper,40774,2023-05-18,BR,Patna
2077,CUST-IND-002077,Anjali,Shetty,Anjali Shetty,anjali.shetty617@gmail.com,+91-995530199,Prefer Not to Say,35-44,Festival Occasional,26525,2024-06-05,WB,Kolkata
2078,CUST-IND-002078,Rahul,Hegde,Rahul Hegde,rahul.hegde428@gmail.com,+91-879183565,Prefer Not to Say,65+,Regular Shopper,2530,2022-09-17,JH,Ranchi
2079,CUST-IND-002079,Rahul,Sen,Rahul Sen,rahul.sen240@gmail.com,+91-909155712,Male,35-44,Regular Shopper,10550,2021-04-04,UP,Noida
2080,CUST-IND-002080,Pooja,Deshmukh,Pooja Deshmukh,pooja.deshmukh546@gmail.com,+91-723634292,Female,25-34,Gold Privilege,2364,2022-11-20,JH,Ranchi
2081,CUST-IND-002081,Lakshmi,Joshi,Lakshmi Joshi,lakshmi.joshi999@gmail.com,+91-837505836,Female,45-54,Regular Shopper,7065,2024-05-07,RJ,Jaipur
2082,CUST-IND-002082,Sanjay,Verma,Sanjay Verma,sanjay.verma30@gmail.com,+91-966221976,Female,45-54,Regular Shopper,42383,2023-05-31,TR,Agartala
2083,CUST-IND-002083,Anjali,Agarwal,Anjali Agarwal,anjali.agarwal794@gmail.com,+91-916031598,Male,65+,Regular Shopper,11738,2022-07-23,GJ,Ahmedabad
2084,CUST-IND-002084,Bhavna,Shetty,Bhavna Shetty,bhavna.shetty58@gmail.com,+91-947963622,Prefer Not to Say,35-44,VIP Club Premier,43736,2023-02-11,MN,Imphal
2085,CUST-IND-002085,Anita,Das,Anita Das,anita.das863@gmail.com,+91-794750057,Male,25-34,Regular Shopper,38633,2022-07-20,WB,Kolkata
2086,CUST-IND-002086,Vikram,Nanda,Vikram Nanda,vikram.nanda362@gmail.com,+91-708906167,Female,25-34,Gold Privilege,237,2022-12-15,WB,Kolkata
2087,CUST-IND-002087,Alok,Deshmukh,Alok Deshmukh,alok.deshmukh216@gmail.com,+91-712280170,Male,18-24,Regular Shopper,36258,2021-08-21,MP,Indore
2088,CUST-IND-002088,Aditya,Deshmukh,Aditya Deshmukh,aditya.deshmukh361@gmail.com,+91-808809460,Prefer Not to Say,55-64,Regular Shopper,6419,2022-09-11,GJ,Ahmedabad
2089,CUST-IND-002089,Shweta,Patel,Shweta Patel,shweta.patel249@gmail.com,+91-839833987,Female,25-34,Festival Occasional,40526,2023-09-13,RJ,Jaipur
2090,CUST-IND-002090,Vishal,Bansal,Vishal Bansal,vishal.bansal858@gmail.com,+91-811930892,Prefer Not to Say,25-34,Regular Shopper,19383,2023-05-26,ML,Shillong
2091,CUST-IND-002091,Lakshmi,Kulkarni,Lakshmi Kulkarni,lakshmi.kulkarni121@gmail.com,+91-944849669,Male,18-24,VIP Club Premier,10645,2023-04-22,UP,Noida
2092,CUST-IND-002092,Preeti,Kumar,Preeti Kumar,preeti.kumar648@gmail.com,+91-719026691,Prefer Not to Say,65+,Regular Shopper,9112,2023-09-24,MH,Nagpur
2093,CUST-IND-002093,Niharika,Reddy,Niharika Reddy,niharika.reddy7@gmail.com,+91-763804313,Female,65+,Regular Shopper,26396,2023-06-30,MH,Nagpur
2094,CUST-IND-002094,Alok,Bansal,Alok Bansal,alok.bansal973@gmail.com,+91-711763180,Prefer Not to Say,18-24,Gold Privilege,18022,2023-02-17,UP,Lucknow
2095,CUST-IND-002095,Pooja,Hegde,Pooja Hegde,pooja.hegde597@gmail.com,+91-909127444,Female,55-64,Festival Occasional,2917,2022-12-10,MH,Nagpur
2096,CUST-IND-002096,Preeti,Joshi,Preeti Joshi,preeti.joshi61@gmail.com,+91-763263362,Prefer Not to Say,18-24,VIP Club Premier,6760,2022-08-13,TS,Hyderabad
2097,CUST-IND-002097,Deepak,Singh,Deepak Singh,deepak.singh146@gmail.com,+91-833124481,Female,18-24,Regular Shopper,17896,2023-12-08,DL,Delhi
2098,CUST-IND-002098,Anjali,Dutta,Anjali Dutta,anjali.dutta270@gmail.com,+91-869133223,Female,45-54,Festival Occasional,43887,2023-01-29,TR,Agartala
2099,CUST-IND-002099,Priya,Kapoor,Priya Kapoor,priya.kapoor20@gmail.com,+91-751995753,Male,25-34,Gold Privilege,3856,2023-01-11,GJ,Ahmedabad
2100,CUST-IND-002100,Rohan,Dutta,Rohan Dutta,rohan.dutta403@gmail.com,+91-854881090,Prefer Not to Say,45-54,Gold Privilege,31109,2023-05-24,HR,Gurugram
2101,CUST-IND-002101,Sanjay,Chatterjee,Sanjay Chatterjee,sanjay.chatterjee928@gmail.com,+91-819383029,Male,55-64,Gold Privilege,8452,2021-12-20,MH,Nagpur
2102,CUST-IND-002102,Pooja,Rao,Pooja Rao,pooja.rao495@gmail.com,+91-894733976,Female,65+,Regular Shopper,20793,2023-07-06,RJ,Jaipur
2103,CUST-IND-002103,Tarun,Pillai,Tarun Pillai,tarun.pillai292@gmail.com,+91-777286464,Prefer Not to Say,25-34,Regular Shopper,19887,2021-03-13,ML,Shillong
2104,CUST-IND-002104,Divya,Dutta,Divya Dutta,divya.dutta496@gmail.com,+91-911906807,Prefer Not to Say,45-54,Gold Privilege,34172,2021-03-11,BR,Patna
2105,CUST-IND-002105,Deepika,Chatterjee,Deepika Chatterjee,deepika.chatterjee881@gmail.com,+91-955803707,Prefer Not to Say,25-34,Gold Privilege,6712,2021-07-09,OD,Bhubaneswar
2106,CUST-IND-002106,Neha,Mishra,Neha Mishra,unregistered@retail.com,+91-704956056,Male,25-34,VIP Club Premier,20597,2022-09-08,PB,Chandigarh
2107,CUST-IND-002107,Rohan,Sharma,Rohan Sharma,rohan.sharma674@gmail.com,+91-781825462,Male,45-54,Regular Shopper,44251,2023-10-19,MH,Pune
2108,CUST-IND-002108,Niharika,Saxena,Niharika Saxena,niharika.saxena217@gmail.com,+91-791865230,Male,35-44,Festival Occasional,37973,2023-08-28,MH,Pune
2109,CUST-IND-002109,Vishal,Desai,Vishal Desai,vishal.desai384@gmail.com,+91-713964236,Prefer Not to Say,35-44,Gold Privilege,29945,2023-08-01,GJ,Ahmedabad
2110,CUST-IND-002110,Rohan,Pillai,Rohan Pillai,rohan.pillai111@gmail.com,+91-765823965,Female,55-64,Festival Occasional,3034,2021-10-09,AS,Guwahati
2111,CUST-IND-002111,Deepika,Sen,Deepika Sen,unregistered@retail.com,+91-883422285,Female,25-34,Regular Shopper,40156,2023-05-11,WB,Kolkata
2112,CUST-IND-002112,Neha,Mishra,Neha Mishra,neha.mishra356@gmail.com,+91-854205107,Male,25-34,Regular Shopper,30346,2023-04-28,UP,Lucknow
2113,CUST-IND-002113,Anita,Deshmukh,Anita Deshmukh,anita.deshmukh210@gmail.com,+91-985036390,Female,18-24,VIP Club Premier,650,2023-05-09,KL,Kochi
2114,CUST-IND-002114,Suresh,Verma,Suresh Verma,suresh.verma319@gmail.com,+91-933747016,Male,65+,Gold Privilege,38712,2021-11-24,KA,Bengaluru
2115,CUST-IND-002115,Ananya,Desai,Ananya Desai,ananya.desai119@gmail.com,+91-736799146,Prefer Not to Say,45-54,Regular Shopper,34381,2022-11-21,MH,Pune
2116,CUST-IND-002116,Divya,Kapoor,Divya Kapoor,divya.kapoor12@gmail.com,+91-795560551,Male,65+,VIP Club Premier,5358,2024-01-01,PB,Chandigarh
2117,CUST-IND-002117,Deepak,Sharma,Deepak Sharma,deepak.sharma928@gmail.com,+91-775348866,Male,35-44,Regular Shopper,39290,2022-02-25,KL,Kochi
2118,CUST-IND-002118,Deepika,Pillai,Deepika Pillai,deepika.pillai479@gmail.com,+91-963865131,Prefer Not to Say,25-34,Regular Shopper,32464,2023-09-24,MH,Mumbai
2119,CUST-IND-002119,Deepika,Kulkarni,Deepika Kulkarni,deepika.kulkarni181@gmail.com,+91-808746512,Prefer Not to Say,35-44,Regular Shopper,28884,2022-08-03,DL,Delhi
2120,CUST-IND-002120,Dev,Mukherjee,Dev Mukherjee,dev.mukherjee25@gmail.com,+91-723727654,Male,45-54,Regular Shopper,36597,2024-02-02,TN,Chennai
2121,CUST-IND-002121,Lakshmi,Saxena,Lakshmi Saxena,lakshmi.saxena938@gmail.com,+91-769525329,Prefer Not to Say,65+,Gold Privilege,21150,2024-04-25,DL,Delhi
2122,CUST-IND-002122,Neha,Jha,Neha Jha,neha.jha355@gmail.com,+91-838622698,Prefer Not to Say,18-24,Festival Occasional,42625,2023-10-19,ML,Shillong
2123,CUST-IND-002123,Suresh,Jha,Suresh Jha,suresh.jha91@gmail.com,+91-969769956,Female,35-44,Gold Privilege,2145,2022-11-06,OD,Bhubaneswar
2124,CUST-IND-002124,Rajesh,Dutta,Rajesh Dutta,rajesh.dutta697@gmail.com,+91-872444325,Prefer Not to Say,35-44,Regular Shopper,11040,2022-03-02,MH,Mumbai
2125,CUST-IND-002125,Rahul,Mishra,Rahul Mishra,rahul.mishra413@gmail.com,+91-778145666,Prefer Not to Say,65+,Regular Shopper,41525,2022-11-01,KA,Bengaluru
2126,CUST-IND-002126,Tarun,Desai,Tarun Desai,tarun.desai295@gmail.com,+91-739883182,Male,35-44,VIP Club Premier,35846,2023-04-06,KL,Kochi
2127,CUST-IND-002127,Karthik,Nair,Karthik Nair,karthik.nair64@gmail.com,+91-797088891,Female,45-54,Gold Privilege,17653,2023-07-07,MP,Indore
2128,CUST-IND-002128,Rohan,Hegde,Rohan Hegde,rohan.hegde132@gmail.com,+91-715095825,Prefer Not to Say,45-54,Gold Privilege,38311,2021-03-14,TR,Agartala
2129,CUST-IND-002129,Manoj,Nair,Manoj Nair,manoj.nair123@gmail.com,+91-775897737,Prefer Not to Say,65+,Gold Privilege,15993,2023-06-05,UP,Lucknow
2130,CUST-IND-002130,Vikram,Chatterjee,Vikram Chatterjee,vikram.chatterjee349@gmail.com,+91-731655636,Prefer Not to Say,18-24,Festival Occasional,596,2021-06-28,OD,Bhubaneswar
2131,CUST-IND-002131,Shweta,Mishra,Shweta Mishra,unregistered@retail.com,+91-826043437,Prefer Not to Say,45-54,Festival Occasional,17964,2021-09-18,TR,Agartala
2132,CUST-IND-002132,Meera,Kumar,Meera Kumar,meera.kumar582@gmail.com,+91-999797224,Male,35-44,Regular Shopper,35951,2021-03-25,BR,Patna
2133,CUST-IND-002133,Sanjay,Gupta,Sanjay Gupta,sanjay.gupta134@gmail.com,+91-847135746,Female,25-34,Regular Shopper,37057,2023-10-21,TR,Agartala
2134,CUST-IND-002134,Arjun,Nair,Arjun Nair,arjun.nair161@gmail.com,+91-887392495,Male,18-24,Gold Privilege,14784,2022-04-30,BR,Patna
2135,CUST-IND-002135,Tarun,Mukherjee,Tarun Mukherjee,tarun.mukherjee457@gmail.com,+91-864075104,Prefer Not to Say,35-44,Gold Privilege,30377,2022-10-04,TS,Hyderabad
2136,CUST-IND-002136,Suresh,Chaudhary,Suresh Chaudhary,suresh.chaudhary665@gmail.com,+91-906116759,Prefer Not to Say,18-24,Regular Shopper,43290,2022-03-16,AS,Guwahati
2137,CUST-IND-002137,Pooja,Chatterjee,Pooja Chatterjee,pooja.chatterjee942@gmail.com,+91-869139551,Male,35-44,Festival Occasional,8594,2024-03-01,BR,Patna
2138,CUST-IND-002138,Neha,Mukherjee,Neha Mukherjee,neha.mukherjee831@gmail.com,+91-709454628,Female,45-54,Regular Shopper,34158,2021-02-21,OD,Bhubaneswar
2139,CUST-IND-002139,Deepika,Rao,Deepika Rao,deepika.rao411@gmail.com,+91-826418862,Prefer Not to Say,25-34,Gold Privilege,436,2023-02-24,GJ,Surat
2140,CUST-IND-002140,Deepika,Bansal,Deepika Bansal,deepika.bansal456@gmail.com,+91-768445600,Male,45-54,Regular Shopper,5013,2022-04-10,HR,Gurugram
2141,CUST-IND-002141,Deepak,Kulkarni,Deepak Kulkarni,deepak.kulkarni472@gmail.com,+91-745037944,Female,18-24,Regular Shopper,3980,2021-07-22,ML,Shillong
2142,CUST-IND-002142,Dev,Pillai,Dev Pillai,dev.pillai929@gmail.com,+91-982807629,Prefer Not to Say,25-34,Regular Shopper,23650,2023-10-06,OD,Bhubaneswar
2143,CUST-IND-002143,Sunita,Chatterjee,Sunita Chatterjee,sunita.chatterjee942@gmail.com,+91-745281360,Female,35-44,Regular Shopper,42105,2023-01-09,GJ,Ahmedabad
2144,CUST-IND-002144,Lakshmi,Bansal,Lakshmi Bansal,unregistered@retail.com,+91-839246518,Prefer Not to Say,55-64,Gold Privilege,12007,2022-09-22,MH,Pune
2145,CUST-IND-002145,Manoj,Singh,Manoj Singh,manoj.singh538@gmail.com,+91-713140868,Prefer Not to Say,55-64,Regular Shopper,28847,2023-03-28,RJ,Jaipur
2146,CUST-IND-002146,Priya,Kulkarni,Priya Kulkarni,priya.kulkarni496@gmail.com,+91-781318909,Prefer Not to Say,35-44,Gold Privilege,5958,2021-11-28,PB,Chandigarh
2147,CUST-IND-002147,Anita,Singh,Anita Singh,anita.singh697@gmail.com,+91-701309387,Male,18-24,Regular Shopper,42403,2022-09-24,KA,Bengaluru
2148,CUST-IND-002148,Dev,Mukherjee,Dev Mukherjee,dev.mukherjee266@gmail.com,+91-873768349,Prefer Not to Say,18-24,VIP Club Premier,9038,2023-02-14,HR,Gurugram
2149,CUST-IND-002149,Swati,Kumar,Swati Kumar,swati.kumar671@gmail.com,+91-966761467,Female,18-24,VIP Club Premier,38379,2021-08-02,WB,Kolkata
2150,CUST-IND-002150,Aarav,Dutta,Aarav Dutta,aarav.dutta370@gmail.com,+91-857456394,Male,35-44,VIP Club Premier,14656,2022-06-19,AP,Visakhapatnam
2151,CUST-IND-002151,Rahul,Bansal,Rahul Bansal,rahul.bansal549@gmail.com,+91-708327698,Female,35-44,Regular Shopper,39071,2021-10-25,RJ,Jaipur
2152,CUST-IND-002152,Priya,Mukherjee,Priya Mukherjee,priya.mukherjee932@gmail.com,+91-921593903,Prefer Not to Say,35-44,Regular Shopper,35697,2021-09-30,TS,Hyderabad
2153,CUST-IND-002153,Meera,Sharma,Meera Sharma,meera.sharma566@gmail.com,+91-943840519,Female,65+,Festival Occasional,25955,2022-05-18,WB,Kolkata
2154,CUST-IND-002154,Dev,Kumar,Dev Kumar,dev.kumar592@gmail.com,+91-872511657,Male,45-54,Regular Shopper,35321,2022-06-03,WB,Kolkata
2155,CUST-IND-002155,Alok,Verma,Alok Verma,alok.verma340@gmail.com,+91-894764695,Prefer Not to Say,45-54,Regular Shopper,41404,2022-11-01,MH,Mumbai
2156,CUST-IND-002156,Neha,Mishra,Neha Mishra,neha.mishra461@gmail.com,+91-935386573,Prefer Not to Say,45-54,Regular Shopper,23406,2024-04-30,GJ,Ahmedabad
2157,CUST-IND-002157,Priya,Gupta,Priya Gupta,priya.gupta570@gmail.com,+91-809450077,Male,45-54,Regular Shopper,32539,2022-01-23,MH,Mumbai
2158,CUST-IND-002158,Sanjay,Sen,Sanjay Sen,sanjay.sen276@gmail.com,+91-833072818,Female,25-34,Gold Privilege,585,2021-09-23,MH,Nagpur
2159,CUST-IND-002159,Manoj,Saxena,Manoj Saxena,manoj.saxena483@gmail.com,+91-746645376,Prefer Not to Say,45-54,Regular Shopper,7918,2021-06-02,AP,Visakhapatnam
2160,CUST-IND-002160,Neha,Nair,Neha Nair,neha.nair321@gmail.com,+91-712188851,Male,35-44,Festival Occasional,33474,2022-04-08,HR,Gurugram
2161,CUST-IND-002161,Lakshmi,Nair,Lakshmi Nair,lakshmi.nair914@gmail.com,+91-879024741,Male,35-44,Festival Occasional,32440,2021-11-30,TR,Agartala
2162,CUST-IND-002162,Ritu,Singh,Ritu Singh,ritu.singh113@gmail.com,+91-704837014,Prefer Not to Say,55-64,Regular Shopper,32761,2022-01-15,KL,Kochi
2163,CUST-IND-002163,Anjali,Singh,Anjali Singh,anjali.singh966@gmail.com,+91-816585412,Male,45-54,Regular Shopper,39813,2022-09-20,MH,Pune
2164,CUST-IND-002164,Deepika,Nanda,Deepika Nanda,deepika.nanda504@gmail.com,+91-849930081,Prefer Not to Say,65+,Festival Occasional,17471,2022-03-13,HR,Gurugram
2165,CUST-IND-002165,Karthik,Deshmukh,Karthik Deshmukh,karthik.deshmukh430@gmail.com,+91-832568528,Female,35-44,Regular Shopper,1131,2024-01-31,MH,Pune
2166,CUST-IND-002166,Manoj,Shetty,Manoj Shetty,manoj.shetty218@gmail.com,+91-903702229,Male,18-24,Regular Shopper,20389,2022-04-19,TS,Hyderabad
2167,CUST-IND-002167,Dev,Bansal,Dev Bansal,dev.bansal573@gmail.com,+91-827993986,Female,65+,Regular Shopper,12704,2022-05-16,MH,Mumbai
2168,CUST-IND-002168,Sunita,Pillai,Sunita Pillai,sunita.pillai288@gmail.com,+91-747576086,Female,45-54,Regular Shopper,16691,2024-03-12,MH,Mumbai
2169,CUST-IND-002169,Aditya,Trivedi,Aditya Trivedi,unregistered@retail.com,+91-986387680,Female,45-54,Gold Privilege,10926,2023-05-14,AP,Visakhapatnam
2170,CUST-IND-002170,Tarun,Hegde,Tarun Hegde,unregistered@retail.com,+91-997887574,Prefer Not to Say,25-34,Gold Privilege,42030,2021-06-07,OD,Bhubaneswar
2171,CUST-IND-002171,Ritu,Agarwal,Ritu Agarwal,ritu.agarwal351@gmail.com,+91-717972886,Female,65+,Regular Shopper,26262,2024-04-18,JH,Ranchi
2172,CUST-IND-002172,Deepika,Mishra,Deepika Mishra,deepika.mishra25@gmail.com,+91-772688453,Female,45-54,Regular Shopper,33465,2022-11-12,TN,Chennai
2173,CUST-IND-002173,Sanjay,Deshmukh,Sanjay Deshmukh,sanjay.deshmukh675@gmail.com,+91-779822926,Male,18-24,Gold Privilege,14616,2024-02-29,ML,Shillong
2174,CUST-IND-002174,Ananya,Bansal,Ananya Bansal,ananya.bansal980@gmail.com,+91-836078254,Female,25-34,Gold Privilege,25845,2023-02-18,AP,Visakhapatnam
2175,CUST-IND-002175,Divya,Agarwal,Divya Agarwal,divya.agarwal88@gmail.com,+91-948165956,Male,35-44,Gold Privilege,6632,2022-02-01,GJ,Surat
2176,CUST-IND-002176,Divya,Saxena,Divya Saxena,divya.saxena496@gmail.com,+91-943898932,Male,18-24,Gold Privilege,14575,2021-03-08,AP,Visakhapatnam
2177,CUST-IND-002177,Vishal,Mukherjee,Vishal Mukherjee,vishal.mukherjee234@gmail.com,+91-968387073,Female,25-34,Gold Privilege,34277,2021-12-28,OD,Bhubaneswar
2178,CUST-IND-002178,Karthik,Shetty,Karthik Shetty,karthik.shetty943@gmail.com,+91-774998021,Male,65+,Festival Occasional,28397,2022-05-31,WB,Kolkata
2179,CUST-IND-002179,Vikram,Dutta,Vikram Dutta,vikram.dutta110@gmail.com,+91-726812894,Male,35-44,VIP Club Premier,40761,2024-06-07,TR,Agartala
2180,CUST-IND-002180,Divya,Dutta,Divya Dutta,divya.dutta861@gmail.com,+91-959892312,Prefer Not to Say,18-24,Regular Shopper,22097,2023-03-19,WB,Kolkata
2181,CUST-IND-002181,Pooja,Agarwal,Pooja Agarwal,pooja.agarwal438@gmail.com,+91-709077893,Prefer Not to Say,55-64,Regular Shopper,42447,2023-09-18,BR,Patna
2182,CUST-IND-002182,Pooja,Sen,Pooja Sen,pooja.sen494@gmail.com,+91-703811485,Prefer Not to Say,25-34,VIP Club Premier,39501,2023-11-11,AS,Guwahati
2183,CUST-IND-002183,Manoj,Nair,Manoj Nair,manoj.nair693@gmail.com,+91-928187643,Female,35-44,Regular Shopper,5581,2021-06-29,UP,Lucknow
2184,CUST-IND-002184,Shweta,Shetty,Shweta Shetty,shweta.shetty989@gmail.com,+91-789252605,Prefer Not to Say,18-24,Regular Shopper,7440,2024-06-11,KA,Bengaluru
2185,CUST-IND-002185,Kavita,Chatterjee,Kavita Chatterjee,kavita.chatterjee220@gmail.com,+91-794713838,Prefer Not to Say,55-64,Regular Shopper,21487,2023-02-03,TS,Hyderabad
2186,CUST-IND-002186,Sanjay,Mehta,Sanjay Mehta,sanjay.mehta569@gmail.com,+91-703226945,Prefer Not to Say,45-54,Regular Shopper,2793,2023-12-27,MH,Pune
2187,CUST-IND-002187,Aarav,Chaudhary,Aarav Chaudhary,aarav.chaudhary710@gmail.com,+91-758476623,Female,18-24,Gold Privilege,5150,2021-01-31,ML,Shillong
2188,CUST-IND-002188,Suresh,Gupta,Suresh Gupta,suresh.gupta655@gmail.com,+91-987090366,Female,35-44,Gold Privilege,1033,2024-04-01,GJ,Ahmedabad
2189,CUST-IND-002189,Arjun,Desai,Arjun Desai,arjun.desai517@gmail.com,+91-928880010,Prefer Not to Say,45-54,Festival Occasional,24679,2022-07-04,MN,Imphal
2190,CUST-IND-002190,Ananya,Trivedi,Ananya Trivedi,ananya.trivedi561@gmail.com,+91-839439997,Female,18-24,Regular Shopper,42632,2023-06-15,KA,Bengaluru
2191,CUST-IND-002191,Priya,Hegde,Priya Hegde,unregistered@retail.com,+91-774680961,Female,55-64,Gold Privilege,29911,2021-09-15,TS,Hyderabad
2192,CUST-IND-002192,Sanjay,Bhat,Sanjay Bhat,sanjay.bhat818@gmail.com,+91-747202265,Female,25-34,VIP Club Premier,11406,2021-05-21,BR,Patna
2193,CUST-IND-002193,Ritu,Joshi,Ritu Joshi,ritu.joshi121@gmail.com,+91-936798449,Female,18-24,Regular Shopper,3500,2023-05-29,BR,Patna
2194,CUST-IND-002194,Amit,Das,Amit Das,amit.das891@gmail.com,+91-812179838,Female,25-34,Regular Shopper,26815,2023-03-02,AP,Visakhapatnam
2195,CUST-IND-002195,Rahul,Sharma,Rahul Sharma,rahul.sharma731@gmail.com,+91-844588965,Male,35-44,VIP Club Premier,23139,2022-03-23,MP,Indore
2196,CUST-IND-002196,Rahul,Desai,Rahul Desai,rahul.desai189@gmail.com,+91-782261878,Female,55-64,Regular Shopper,21742,2023-04-05,RJ,Jaipur
2197,CUST-IND-002197,Shweta,Dutta,Shweta Dutta,shweta.dutta385@gmail.com,+91-867850987,Male,18-24,Regular Shopper,38906,2024-01-22,MH,Nagpur
2198,CUST-IND-002198,Sanjay,Trivedi,Sanjay Trivedi,sanjay.trivedi721@gmail.com,+91-744907846,Female,65+,Regular Shopper,25810,2024-05-12,UP,Lucknow
2199,CUST-IND-002199,Aditya,Dutta,Aditya Dutta,aditya.dutta435@gmail.com,+91-899795553,Female,18-24,Gold Privilege,3937,2022-07-10,MH,Mumbai
2200,CUST-IND-002200,Tarun,Kumar,Tarun Kumar,tarun.kumar167@gmail.com,+91-844324150,Male,65+,Regular Shopper,37606,2022-03-23,KA,Bengaluru
2201,CUST-IND-002201,Divya,Nair,Divya Nair,divya.nair717@gmail.com,+91-766370076,Prefer Not to Say,55-64,Gold Privilege,23500,2022-07-27,WB,Kolkata
2202,CUST-IND-002202,Rahul,Das,Rahul Das,rahul.das487@gmail.com,+91-787397035,Male,45-54,VIP Club Premier,9506,2021-10-30,BR,Patna
2203,CUST-IND-002203,Arjun,Kulkarni,Arjun Kulkarni,arjun.kulkarni347@gmail.com,+91-906567884,Male,55-64,Gold Privilege,23253,2023-02-25,UP,Noida
2204,CUST-IND-002204,Neha,Nair,Neha Nair,neha.nair983@gmail.com,+91-864210089,Female,55-64,Gold Privilege,8788,2023-07-03,KA,Bengaluru
2205,CUST-IND-002205,Manoj,Rao,Manoj Rao,manoj.rao486@gmail.com,+91-919390855,Prefer Not to Say,45-54,Festival Occasional,32405,2024-04-21,GJ,Surat
2206,CUST-IND-002206,Rajesh,Reddy,Rajesh Reddy,rajesh.reddy668@gmail.com,+91-791503237,Prefer Not to Say,65+,VIP Club Premier,1517,2023-03-21,GJ,Surat
2207,CUST-IND-002207,Amit,Kumar,Amit Kumar,unregistered@retail.com,+91-783770969,Female,18-24,Regular Shopper,36273,2023-03-06,WB,Kolkata
2208,CUST-IND-002208,Ananya,Kumar,Ananya Kumar,ananya.kumar998@gmail.com,+91-741030451,Prefer Not to Say,55-64,Regular Shopper,6709,2024-06-07,TS,Hyderabad
2209,CUST-IND-002209,Vishal,Nanda,Vishal Nanda,vishal.nanda596@gmail.com,+91-772497998,Male,45-54,Gold Privilege,170,2024-04-26,MH,Mumbai
2210,CUST-IND-002210,Pooja,Mukherjee,Pooja Mukherjee,pooja.mukherjee585@gmail.com,+91-725848892,Prefer Not to Say,65+,Festival Occasional,2721,2022-07-18,JH,Ranchi
2211,CUST-IND-002211,Aarav,Pillai,Aarav Pillai,aarav.pillai113@gmail.com,+91-786732866,Female,55-64,Regular Shopper,2389,2021-10-06,MN,Imphal
2212,CUST-IND-002212,Suresh,Bhat,Suresh Bhat,suresh.bhat844@gmail.com,+91-941654791,Prefer Not to Say,45-54,Regular Shopper,11828,2022-06-24,AP,Visakhapatnam
2213,CUST-IND-002213,Dev,Shetty,Dev Shetty,dev.shetty101@gmail.com,+91-941436615,Prefer Not to Say,35-44,Regular Shopper,15851,2023-03-03,TN,Chennai
2214,CUST-IND-002214,Ritu,Sharma,Ritu Sharma,ritu.sharma252@gmail.com,+91-909947542,Male,55-64,Regular Shopper,36939,2023-10-25,AP,Visakhapatnam
2215,CUST-IND-002215,Anjali,Joshi,Anjali Joshi,anjali.joshi648@gmail.com,+91-734172617,Female,45-54,Regular Shopper,19137,2021-05-13,AP,Visakhapatnam
2216,CUST-IND-002216,Deepak,Mehta,Deepak Mehta,deepak.mehta560@gmail.com,+91-837036523,Male,18-24,Regular Shopper,10756,2023-03-17,BR,Patna
2217,CUST-IND-002217,Bhavna,Kumar,Bhavna Kumar,bhavna.kumar128@gmail.com,+91-861939367,Prefer Not to Say,65+,Festival Occasional,768,2021-01-02,WB,Kolkata
2218,CUST-IND-002218,Vishal,Jha,Vishal Jha,vishal.jha926@gmail.com,+91-863856548,Male,65+,Regular Shopper,15762,2023-10-10,HR,Gurugram
2219,CUST-IND-002219,Bhavna,Mehta,Bhavna Mehta,bhavna.mehta55@gmail.com,+91-773674645,Female,55-64,Festival Occasional,9700,2022-06-02,GJ,Surat
2220,CUST-IND-002220,Meera,Sen,Meera Sen,meera.sen128@gmail.com,+91-816779897,Male,65+,Gold Privilege,43972,2022-03-06,AP,Visakhapatnam
2221,CUST-IND-002221,Rahul,Shetty,Rahul Shetty,rahul.shetty894@gmail.com,+91-835990250,Prefer Not to Say,45-54,Gold Privilege,12485,2023-01-03,OD,Bhubaneswar
2222,CUST-IND-002222,Deepak,Bhat,Deepak Bhat,deepak.bhat502@gmail.com,+91-715727861,Prefer Not to Say,25-34,Regular Shopper,40756,2021-09-20,BR,Patna
2223,CUST-IND-002223,Neha,Jha,Neha Jha,neha.jha388@gmail.com,+91-916159071,Male,25-34,Gold Privilege,30704,2021-04-21,GJ,Surat
2224,CUST-IND-002224,Sanjay,Trivedi,Sanjay Trivedi,sanjay.trivedi543@gmail.com,+91-725959765,Male,25-34,VIP Club Premier,18089,2022-01-23,OD,Bhubaneswar
2225,CUST-IND-002225,Rajesh,Hegde,Rajesh Hegde,rajesh.hegde684@gmail.com,+91-823444830,Prefer Not to Say,55-64,VIP Club Premier,25719,2021-01-19,UP,Noida
2226,CUST-IND-002226,Alok,Chaudhary,Alok Chaudhary,alok.chaudhary356@gmail.com,+91-946089416,Male,65+,Gold Privilege,44534,2022-09-28,UP,Noida
2227,CUST-IND-002227,Shweta,Trivedi,Shweta Trivedi,shweta.trivedi932@gmail.com,+91-978905038,Male,35-44,Regular Shopper,20399,2021-02-14,AP,Visakhapatnam
2228,CUST-IND-002228,Niharika,Mishra,Niharika Mishra,niharika.mishra109@gmail.com,+91-918255328,Male,45-54,Festival Occasional,35220,2021-10-25,MH,Nagpur
2229,CUST-IND-002229,Ananya,Nanda,Ananya Nanda,ananya.nanda449@gmail.com,+91-775591764,Male,18-24,Regular Shopper,31835,2023-06-21,KL,Kochi
2230,CUST-IND-002230,Kavita,Kumar,Kavita Kumar,kavita.kumar419@gmail.com,+91-731248464,Prefer Not to Say,18-24,Festival Occasional,24949,2021-12-17,DL,Delhi
2231,CUST-IND-002231,Vikram,Dutta,Vikram Dutta,vikram.dutta802@gmail.com,+91-797161253,Male,18-24,Regular Shopper,36144,2022-03-20,MP,Indore
2232,CUST-IND-002232,Manoj,Agarwal,Manoj Agarwal,manoj.agarwal551@gmail.com,+91-952673408,Female,18-24,Regular Shopper,43978,2023-07-28,KL,Kochi
2233,CUST-IND-002233,Rajesh,Das,Rajesh Das,rajesh.das603@gmail.com,+91-889094261,Male,18-24,Regular Shopper,1426,2021-11-14,JH,Ranchi
2234,CUST-IND-002234,Divya,Rao,Divya Rao,divya.rao681@gmail.com,+91-945143819,Male,25-34,Gold Privilege,17277,2024-05-27,AP,Visakhapatnam
2235,CUST-IND-002235,Meera,Dutta,Meera Dutta,meera.dutta203@gmail.com,+91-774104346,Prefer Not to Say,45-54,Regular Shopper,1650,2021-04-30,DL,Delhi
2236,CUST-IND-002236,Divya,Kumar,Divya Kumar,divya.kumar163@gmail.com,+91-951215262,Prefer Not to Say,18-24,Regular Shopper,12446,2023-01-12,HR,Gurugram
2237,CUST-IND-002237,Amit,Chaudhary,Amit Chaudhary,amit.chaudhary215@gmail.com,+91-854607596,Female,65+,VIP Club Premier,34922,2022-01-20,GJ,Surat
2238,CUST-IND-002238,Niharika,Reddy,Niharika Reddy,niharika.reddy384@gmail.com,+91-899104853,Male,25-34,Gold Privilege,18973,2024-03-12,MN,Imphal
2239,CUST-IND-002239,Deepak,Patel,Deepak Patel,deepak.patel273@gmail.com,+91-807329787,Prefer Not to Say,25-34,Regular Shopper,8958,2022-07-11,MH,Mumbai
2240,CUST-IND-002240,Vishal,Kulkarni,Vishal Kulkarni,vishal.kulkarni366@gmail.com,+91-747127892,Prefer Not to Say,65+,Gold Privilege,15749,2022-02-14,BR,Patna
2241,CUST-IND-002241,Sunita,Sen,Sunita Sen,sunita.sen352@gmail.com,+91-932383646,Prefer Not to Say,18-24,Regular Shopper,33728,2023-12-29,KA,Bengaluru
2242,CUST-IND-002242,Pooja,Jha,Pooja Jha,pooja.jha854@gmail.com,+91-741130082,Female,45-54,Festival Occasional,14209,2024-05-28,MH,Mumbai
2243,CUST-IND-002243,Anita,Deshmukh,Anita Deshmukh,anita.deshmukh798@gmail.com,+91-809950728,Male,18-24,Festival Occasional,2969,2022-05-06,TR,Agartala
2244,CUST-IND-002244,Sanjay,Bansal,Sanjay Bansal,sanjay.bansal947@gmail.com,+91-831169611,Male,65+,Regular Shopper,16690,2023-09-03,TR,Agartala
2245,CUST-IND-002245,Alok,Sen,Alok Sen,alok.sen349@gmail.com,+91-844568716,Prefer Not to Say,45-54,Regular Shopper,9059,2022-12-25,JH,Ranchi
2246,CUST-IND-002246,Shweta,Agarwal,Shweta Agarwal,shweta.agarwal238@gmail.com,+91-804368674,Prefer Not to Say,35-44,Regular Shopper,2727,2022-07-22,HR,Gurugram
2247,CUST-IND-002247,Priya,Mukherjee,Priya Mukherjee,priya.mukherjee651@gmail.com,+91-954433475,Prefer Not to Say,25-34,Gold Privilege,43281,2022-03-07,MN,Imphal
2248,CUST-IND-002248,Priya,Mukherjee,Priya Mukherjee,priya.mukherjee935@gmail.com,+91-816176265,Female,45-54,Gold Privilege,43347,2021-11-15,TS,Hyderabad
2249,CUST-IND-002249,Tarun,Kumar,Tarun Kumar,tarun.kumar349@gmail.com,+91-818437800,Female,25-34,Festival Occasional,27816,2021-04-27,MN,Imphal
2250,CUST-IND-002250,Aarav,Kapoor,Aarav Kapoor,aarav.kapoor885@gmail.com,+91-947516038,Prefer Not to Say,35-44,Regular Shopper,27279,2021-03-08,WB,Kolkata
2251,CUST-IND-002251,Bhavna,Chatterjee,Bhavna Chatterjee,bhavna.chatterjee483@gmail.com,+91-962998775,Male,55-64,Regular Shopper,37355,2023-08-27,OD,Bhubaneswar
2252,CUST-IND-002252,Swati,Mishra,Swati Mishra,swati.mishra394@gmail.com,+91-723679486,Male,18-24,Festival Occasional,21350,2021-09-15,RJ,Jaipur
2253,CUST-IND-002253,Suresh,Reddy,Suresh Reddy,suresh.reddy733@gmail.com,+91-739537682,Prefer Not to Say,65+,Gold Privilege,24916,2022-09-17,HR,Gurugram
2254,CUST-IND-002254,Ritu,Desai,Ritu Desai,ritu.desai149@gmail.com,+91-868886168,Male,65+,Regular Shopper,36957,2022-02-13,ML,Shillong
2255,CUST-IND-002255,Lakshmi,Jha,Lakshmi Jha,lakshmi.jha363@gmail.com,+91-927376897,Female,45-54,Festival Occasional,30588,2024-04-09,AS,Guwahati
2256,CUST-IND-002256,Manoj,Jha,Manoj Jha,manoj.jha217@gmail.com,+91-991629655,Female,35-44,Gold Privilege,32739,2024-01-16,HR,Gurugram
2257,CUST-IND-002257,Dev,Rao,Dev Rao,dev.rao427@gmail.com,+91-866329715,Female,65+,Regular Shopper,16169,2022-01-13,ML,Shillong
2258,CUST-IND-002258,Shweta,Reddy,Shweta Reddy,shweta.reddy325@gmail.com,+91-816098765,Female,35-44,Regular Shopper,8402,2022-06-12,OD,Bhubaneswar
2259,CUST-IND-002259,Amit,Joshi,Amit Joshi,amit.joshi318@gmail.com,+91-737340502,Prefer Not to Say,65+,Regular Shopper,24382,2022-10-17,DL,Delhi
2260,CUST-IND-002260,Neha,Gupta,Neha Gupta,neha.gupta562@gmail.com,+91-916906638,Female,65+,Regular Shopper,7813,2024-01-01,AP,Visakhapatnam
2261,CUST-IND-002261,Tarun,Nair,Tarun Nair,tarun.nair756@gmail.com,+91-812444886,Male,35-44,Regular Shopper,5982,2021-08-17,MH,Pune
2262,CUST-IND-002262,Bhavna,Bhat,Bhavna Bhat,bhavna.bhat465@gmail.com,+91-918455485,Prefer Not to Say,25-34,Regular Shopper,19230,2023-02-17,GJ,Ahmedabad
2263,CUST-IND-002263,Anjali,Chatterjee,Anjali Chatterjee,anjali.chatterjee619@gmail.com,+91-804831825,Male,55-64,Gold Privilege,22346,2021-12-01,KA,Bengaluru
2264,CUST-IND-002264,Rahul,Sen,Rahul Sen,rahul.sen371@gmail.com,+91-934131470,Male,55-64,Regular Shopper,16060,2023-08-26,GJ,Surat
2265,CUST-IND-002265,Anita,Deshmukh,Anita Deshmukh,anita.deshmukh459@gmail.com,+91-779505777,Male,45-54,VIP Club Premier,21780,2024-05-04,TR,Agartala
2266,CUST-IND-002266,Aditya,Das,Aditya Das,aditya.das856@gmail.com,+91-754837652,Female,25-34,Regular Shopper,27564,2024-04-20,ML,Shillong
2267,CUST-IND-002267,Ananya,Shetty,Ananya Shetty,ananya.shetty481@gmail.com,+91-864949029,Prefer Not to Say,45-54,Regular Shopper,17203,2022-01-30,BR,Patna
2268,CUST-IND-002268,Rohan,Pillai,Rohan Pillai,rohan.pillai184@gmail.com,+91-972246078,Female,65+,Regular Shopper,10118,2021-01-04,ML,Shillong
2269,CUST-IND-002269,Karthik,Iyer,Karthik Iyer,karthik.iyer789@gmail.com,+91-708453528,Male,55-64,Regular Shopper,20303,2024-05-17,DL,Delhi
2270,CUST-IND-002270,Sunita,Mukherjee,Sunita Mukherjee,sunita.mukherjee508@gmail.com,+91-848993857,Prefer Not to Say,35-44,Regular Shopper,1003,2022-04-04,MH,Mumbai
2271,CUST-IND-002271,Ananya,Joshi,Ananya Joshi,ananya.joshi328@gmail.com,+91-831809732,Prefer Not to Say,55-64,Regular Shopper,39011,2022-02-08,BR,Patna
2272,CUST-IND-002272,Anjali,Chatterjee,Anjali Chatterjee,anjali.chatterjee947@gmail.com,+91-851230693,Prefer Not to Say,45-54,Festival Occasional,32379,2022-02-14,TS,Hyderabad
2273,CUST-IND-002273,Suresh,Chaudhary,Suresh Chaudhary,suresh.chaudhary679@gmail.com,+91-938081412,Prefer Not to Say,45-54,Regular Shopper,39715,2022-09-22,BR,Patna
2274,CUST-IND-002274,Aditya,Trivedi,Aditya Trivedi,aditya.trivedi891@gmail.com,+91-912631410,Prefer Not to Say,45-54,Gold Privilege,40230,2023-11-09,TS,Hyderabad
2275,CUST-IND-002275,Rahul,Kumar,Rahul Kumar,rahul.kumar712@gmail.com,+91-712252057,Prefer Not to Say,35-44,Regular Shopper,10142,2022-01-20,MH,Pune
2276,CUST-IND-002276,Sunita,Verma,Sunita Verma,sunita.verma145@gmail.com,+91-845373651,Female,35-44,Festival Occasional,37067,2022-02-22,GJ,Ahmedabad
2277,CUST-IND-002277,Sanjay,Saxena,Sanjay Saxena,sanjay.saxena444@gmail.com,+91-765506354,Female,35-44,Festival Occasional,20396,2023-12-28,TS,Hyderabad
2278,CUST-IND-002278,Tarun,Iyer,Tarun Iyer,tarun.iyer933@gmail.com,+91-974206631,Female,25-34,Regular Shopper,3182,2021-12-24,TN,Chennai
2279,CUST-IND-002279,Lakshmi,Dutta,Lakshmi Dutta,lakshmi.dutta481@gmail.com,+91-984544318,Prefer Not to Say,35-44,Festival Occasional,13621,2023-05-25,AP,Visakhapatnam
2280,CUST-IND-002280,Deepak,Rao,Deepak Rao,deepak.rao991@gmail.com,+91-703775475,Prefer Not to Say,35-44,Festival Occasional,31325,2024-06-27,BR,Patna
2281,CUST-IND-002281,Alok,Das,Alok Das,alok.das281@gmail.com,+91-841096159,Male,18-24,Gold Privilege,17610,2023-05-28,MH,Nagpur
2282,CUST-IND-002282,Pooja,Dutta,Pooja Dutta,pooja.dutta461@gmail.com,+91-786088359,Prefer Not to Say,25-34,Gold Privilege,21795,2022-06-29,AS,Guwahati
2283,CUST-IND-002283,Arjun,Saxena,Arjun Saxena,arjun.saxena959@gmail.com,+91-913134374,Prefer Not to Say,25-34,Regular Shopper,14128,2021-09-30,MH,Mumbai
2284,CUST-IND-002284,Sanjay,Patel,Sanjay Patel,sanjay.patel280@gmail.com,+91-931715111,Prefer Not to Say,45-54,Gold Privilege,42157,2023-02-27,UP,Lucknow
2285,CUST-IND-002285,Neha,Singh,Neha Singh,neha.singh594@gmail.com,+91-876429438,Male,25-34,Regular Shopper,5982,2023-08-15,MP,Indore
2286,CUST-IND-002286,Shweta,Shetty,Shweta Shetty,shweta.shetty418@gmail.com,+91-936008003,Prefer Not to Say,65+,Regular Shopper,19877,2024-04-27,TR,Agartala
2287,CUST-IND-002287,Vishal,Desai,Vishal Desai,vishal.desai153@gmail.com,+91-708610524,Female,65+,Regular Shopper,25033,2024-05-23,MH,Pune
2288,CUST-IND-002288,Suresh,Desai,Suresh Desai,suresh.desai945@gmail.com,+91-998406667,Female,18-24,Festival Occasional,42240,2022-08-05,MH,Pune
2289,CUST-IND-002289,Dev,Trivedi,Dev Trivedi,dev.trivedi280@gmail.com,+91-809468449,Male,65+,VIP Club Premier,34597,2021-04-09,MP,Indore
2290,CUST-IND-002290,Deepika,Chatterjee,Deepika Chatterjee,deepika.chatterjee497@gmail.com,+91-888586747,Prefer Not to Say,55-64,Gold Privilege,33291,2021-12-20,AP,Visakhapatnam
2291,CUST-IND-002291,Rahul,Saxena,Rahul Saxena,rahul.saxena601@gmail.com,+91-952762866,Female,18-24,Festival Occasional,1223,2023-02-04,MN,Imphal
2292,CUST-IND-002292,Vikram,Deshmukh,Vikram Deshmukh,vikram.deshmukh928@gmail.com,+91-759345963,Prefer Not to Say,55-64,Regular Shopper,32185,2021-07-27,HR,Gurugram
2293,CUST-IND-002293,Karthik,Kapoor,Karthik Kapoor,karthik.kapoor505@gmail.com,+91-884056435,Female,55-64,Gold Privilege,35455,2022-09-22,TR,Agartala
2294,CUST-IND-002294,Priya,Gupta,Priya Gupta,priya.gupta144@gmail.com,+91-902271374,Prefer Not to Say,18-24,Regular Shopper,39345,2024-01-10,JH,Ranchi
2295,CUST-IND-002295,Rahul,Gupta,Rahul Gupta,rahul.gupta205@gmail.com,+91-754295261,Prefer Not to Say,55-64,Regular Shopper,42394,2024-01-26,MN,Imphal
2296,CUST-IND-002296,Aarav,Desai,Aarav Desai,aarav.desai57@gmail.com,+91-881946332,Female,35-44,Festival Occasional,7336,2023-06-16,MN,Imphal
2297,CUST-IND-002297,Aarav,Sharma,Aarav Sharma,aarav.sharma345@gmail.com,+91-995388617,Female,65+,Regular Shopper,23596,2021-12-11,BR,Patna
2298,CUST-IND-002298,Anjali,Bhat,Anjali Bhat,anjali.bhat323@gmail.com,+91-818663072,Male,65+,Regular Shopper,37420,2021-05-14,KA,Bengaluru
2299,CUST-IND-002299,Kavita,Mukherjee,Kavita Mukherjee,kavita.mukherjee8@gmail.com,+91-868466170,Prefer Not to Say,65+,Gold Privilege,6259,2022-03-30,HR,Gurugram
2300,CUST-IND-002300,Neha,Bansal,Neha Bansal,neha.bansal82@gmail.com,+91-709796131,Prefer Not to Say,18-24,VIP Club Premier,12507,2022-10-14,TN,Chennai
2301,CUST-IND-002301,Preeti,Iyer,Preeti Iyer,preeti.iyer824@gmail.com,+91-818529809,Female,25-34,Regular Shopper,21589,2022-10-13,AP,Visakhapatnam
2302,CUST-IND-002302,Rahul,Nanda,Rahul Nanda,rahul.nanda139@gmail.com,+91-857541937,Prefer Not to Say,55-64,Gold Privilege,34795,2022-02-27,BR,Patna
2303,CUST-IND-002303,Divya,Joshi,Divya Joshi,divya.joshi939@gmail.com,+91-835953774,Male,25-34,Gold Privilege,27816,2021-05-02,TN,Chennai
2304,CUST-IND-002304,Manoj,Kulkarni,Manoj Kulkarni,manoj.kulkarni736@gmail.com,+91-959249467,Male,65+,Regular Shopper,22394,2022-10-12,RJ,Jaipur
2305,CUST-IND-002305,Karthik,Das,Karthik Das,karthik.das367@gmail.com,+91-706474223,Female,18-24,Gold Privilege,14404,2022-11-08,PB,Chandigarh
2306,CUST-IND-002306,Arjun,Hegde,Arjun Hegde,arjun.hegde686@gmail.com,+91-851087628,Male,45-54,Gold Privilege,8314,2023-04-02,BR,Patna
2307,CUST-IND-002307,Rahul,Jha,Rahul Jha,rahul.jha334@gmail.com,+91-844494225,Female,18-24,Regular Shopper,11391,2021-07-02,ML,Shillong
2308,CUST-IND-002308,Aarav,Patel,Aarav Patel,aarav.patel496@gmail.com,+91-911229612,Female,65+,Regular Shopper,10177,2022-05-31,GJ,Surat
2309,CUST-IND-002309,Arjun,Singh,Arjun Singh,arjun.singh686@gmail.com,+91-892392571,Male,55-64,Festival Occasional,19156,2022-08-21,TS,Hyderabad
2310,CUST-IND-002310,Kavita,Malhotra,Kavita Malhotra,kavita.malhotra862@gmail.com,+91-958813393,Female,25-34,Gold Privilege,9369,2022-08-30,KL,Kochi
2311,CUST-IND-002311,Vikram,Mehta,Vikram Mehta,vikram.mehta423@gmail.com,+91-749469581,Prefer Not to Say,45-54,Gold Privilege,44566,2024-01-05,ML,Shillong
2312,CUST-IND-002312,Priya,Chaudhary,Priya Chaudhary,priya.chaudhary463@gmail.com,+91-799208741,Prefer Not to Say,35-44,VIP Club Premier,7031,2023-07-22,MH,Nagpur
2313,CUST-IND-002313,Arjun,Das,Arjun Das,arjun.das91@gmail.com,+91-978255761,Prefer Not to Say,55-64,Regular Shopper,2800,2021-11-11,UP,Noida
2314,CUST-IND-002314,Deepak,Iyer,Deepak Iyer,deepak.iyer501@gmail.com,+91-991017846,Male,35-44,Regular Shopper,31037,2021-06-04,JH,Ranchi
2315,CUST-IND-002315,Anita,Bansal,Anita Bansal,anita.bansal472@gmail.com,+91-887742614,Female,45-54,Regular Shopper,4751,2021-12-05,MH,Mumbai
2316,CUST-IND-002316,Bhavna,Hegde,Bhavna Hegde,bhavna.hegde644@gmail.com,+91-994756324,Male,55-64,Gold Privilege,7144,2024-05-06,GJ,Surat
2317,CUST-IND-002317,Dev,Kumar,Dev Kumar,dev.kumar854@gmail.com,+91-943656110,Male,65+,Gold Privilege,22758,2021-09-15,OD,Bhubaneswar
2318,CUST-IND-002318,Dev,Bhat,Dev Bhat,dev.bhat153@gmail.com,+91-978728565,Male,25-34,Festival Occasional,22805,2024-02-26,TR,Agartala
2319,CUST-IND-002319,Anjali,Agarwal,Anjali Agarwal,anjali.agarwal407@gmail.com,+91-859421565,Female,25-34,Regular Shopper,9687,2022-03-22,MH,Mumbai
2320,CUST-IND-002320,Kavita,Patel,Kavita Patel,kavita.patel794@gmail.com,+91-896923046,Prefer Not to Say,45-54,Regular Shopper,32936,2024-03-17,TS,Hyderabad
2321,CUST-IND-002321,Aditya,Trivedi,Aditya Trivedi,aditya.trivedi114@gmail.com,+91-831088608,Male,55-64,Gold Privilege,36417,2024-04-21,BR,Patna
2322,CUST-IND-002322,Pooja,Mukherjee,Pooja Mukherjee,pooja.mukherjee740@gmail.com,+91-746022581,Prefer Not to Say,55-64,Regular Shopper,27463,2021-08-20,GJ,Surat
2323,CUST-IND-002323,Arjun,Sharma,Arjun Sharma,arjun.sharma747@gmail.com,+91-721134518,Prefer Not to Say,18-24,Regular Shopper,15482,2021-08-24,MN,Imphal
2324,CUST-IND-002324,Preeti,Nair,Preeti Nair,preeti.nair197@gmail.com,+91-768255145,Prefer Not to Say,55-64,Regular Shopper,20841,2022-05-04,OD,Bhubaneswar
2325,CUST-IND-002325,Bhavna,Mishra,Bhavna Mishra,bhavna.mishra487@gmail.com,+91-744017129,Male,35-44,Festival Occasional,30254,2023-05-22,ML,Shillong
2326,CUST-IND-002326,Vikram,Saxena,Vikram Saxena,vikram.saxena589@gmail.com,+91-895713501,Male,55-64,Festival Occasional,2226,2021-02-21,MH,Mumbai
2327,CUST-IND-002327,Lakshmi,Bhat,Lakshmi Bhat,lakshmi.bhat234@gmail.com,+91-921541459,Prefer Not to Say,18-24,Regular Shopper,23191,2022-03-20,GJ,Ahmedabad
2328,CUST-IND-002328,Manoj,Kumar,Manoj Kumar,manoj.kumar262@gmail.com,+91-905278527,Male,65+,Regular Shopper,22521,2021-06-14,JH,Ranchi
2329,CUST-IND-002329,Anita,Saxena,Anita Saxena,anita.saxena712@gmail.com,+91-937737908,Female,45-54,Regular Shopper,29138,2023-08-30,ML,Shillong
2330,CUST-IND-002330,Dev,Saxena,Dev Saxena,dev.saxena669@gmail.com,+91-705385245,Female,18-24,Regular Shopper,38622,2021-05-23,UP,Noida
2331,CUST-IND-002331,Anita,Das,Anita Das,anita.das110@gmail.com,+91-816719243,Female,45-54,Regular Shopper,38882,2021-09-21,AS,Guwahati
2332,CUST-IND-002332,Meera,Bansal,Meera Bansal,meera.bansal752@gmail.com,+91-898317387,Prefer Not to Say,45-54,VIP Club Premier,33802,2021-07-16,DL,Delhi
2333,CUST-IND-002333,Rahul,Nair,Rahul Nair,rahul.nair846@gmail.com,+91-858696209,Female,65+,Regular Shopper,35195,2021-08-21,UP,Lucknow
2334,CUST-IND-002334,Aarav,Kapoor,Aarav Kapoor,aarav.kapoor550@gmail.com,+91-704900469,Female,65+,Regular Shopper,36612,2023-10-29,RJ,Jaipur
2335,CUST-IND-002335,Divya,Mukherjee,Divya Mukherjee,divya.mukherjee724@gmail.com,+91-873592961,Male,18-24,Regular Shopper,23865,2024-03-25,MN,Imphal
2336,CUST-IND-002336,Anjali,Singh,Anjali Singh,anjali.singh120@gmail.com,+91-969951128,Prefer Not to Say,45-54,Gold Privilege,33994,2021-08-30,MH,Nagpur
2337,CUST-IND-002337,Swati,Shetty,Swati Shetty,swati.shetty331@gmail.com,+91-857979457,Female,18-24,Gold Privilege,43609,2022-04-24,MP,Indore
2338,CUST-IND-002338,Deepak,Chatterjee,Deepak Chatterjee,deepak.chatterjee235@gmail.com,+91-831637567,Prefer Not to Say,35-44,Regular Shopper,22835,2023-07-19,GJ,Ahmedabad
2339,CUST-IND-002339,Preeti,Iyer,Preeti Iyer,preeti.iyer753@gmail.com,+91-969837184,Prefer Not to Say,25-34,Festival Occasional,19547,2022-10-09,HR,Gurugram
2340,CUST-IND-002340,Shweta,Chatterjee,Shweta Chatterjee,shweta.chatterjee425@gmail.com,+91-742999095,Prefer Not to Say,18-24,Gold Privilege,43396,2022-08-09,TR,Agartala
2341,CUST-IND-002341,Suresh,Bansal,Suresh Bansal,suresh.bansal605@gmail.com,+91-952401484,Male,25-34,Regular Shopper,34191,2023-12-26,TR,Agartala
2342,CUST-IND-002342,Swati,Bhat,Swati Bhat,swati.bhat904@gmail.com,+91-897252958,Female,35-44,Gold Privilege,11919,2023-09-27,BR,Patna
2343,CUST-IND-002343,Deepak,Patel,Deepak Patel,deepak.patel613@gmail.com,+91-728415701,Male,18-24,Gold Privilege,403,2022-05-27,RJ,Jaipur
2344,CUST-IND-002344,Divya,Hegde,Divya Hegde,divya.hegde179@gmail.com,+91-842509722,Female,35-44,Regular Shopper,20179,2023-01-31,JH,Ranchi
2345,CUST-IND-002345,Meera,Pillai,Meera Pillai,meera.pillai863@gmail.com,+91-945611062,Male,18-24,Regular Shopper,42308,2022-05-20,TN,Chennai
2346,CUST-IND-002346,Aditya,Reddy,Aditya Reddy,aditya.reddy575@gmail.com,+91-834489234,Prefer Not to Say,35-44,Gold Privilege,16557,2021-09-23,MP,Indore
2347,CUST-IND-002347,Neha,Deshmukh,Neha Deshmukh,neha.deshmukh213@gmail.com,+91-972628390,Male,35-44,VIP Club Premier,17035,2023-11-08,KA,Bengaluru
2348,CUST-IND-002348,Aditya,Dutta,Aditya Dutta,aditya.dutta622@gmail.com,+91-922680893,Prefer Not to Say,55-64,Regular Shopper,42643,2022-10-23,AS,Guwahati
2349,CUST-IND-002349,Sunita,Nanda,Sunita Nanda,sunita.nanda864@gmail.com,+91-986738040,Prefer Not to Say,45-54,Regular Shopper,37097,2023-09-08,AP,Visakhapatnam
2350,CUST-IND-002350,Shweta,Chaudhary,Shweta Chaudhary,shweta.chaudhary181@gmail.com,+91-806383182,Male,45-54,VIP Club Premier,39100,2021-01-17,TN,Chennai
2351,CUST-IND-002351,Dev,Deshmukh,Dev Deshmukh,dev.deshmukh355@gmail.com,+91-891377004,Male,55-64,Regular Shopper,13231,2023-01-08,MH,Mumbai
2352,CUST-IND-002352,Aditya,Chaudhary,Aditya Chaudhary,aditya.chaudhary617@gmail.com,+91-812431232,Prefer Not to Say,55-64,Festival Occasional,18327,2021-01-26,GJ,Surat
2353,CUST-IND-002353,Vikram,Sharma,Vikram Sharma,vikram.sharma890@gmail.com,+91-779240287,Male,18-24,Regular Shopper,40017,2022-07-03,TS,Hyderabad
2354,CUST-IND-002354,Sunita,Nanda,Sunita Nanda,sunita.nanda580@gmail.com,+91-815236323,Female,35-44,Gold Privilege,20169,2021-01-11,HR,Gurugram
2355,CUST-IND-002355,Aarav,Chaudhary,Aarav Chaudhary,aarav.chaudhary848@gmail.com,+91-942184142,Prefer Not to Say,55-64,VIP Club Premier,33331,2022-10-15,MH,Nagpur
2356,CUST-IND-002356,Deepika,Chatterjee,Deepika Chatterjee,deepika.chatterjee67@gmail.com,+91-705988802,Prefer Not to Say,35-44,Regular Shopper,18005,2022-08-31,MH,Mumbai
2357,CUST-IND-002357,Anjali,Shetty,Anjali Shetty,anjali.shetty410@gmail.com,+91-773665054,Prefer Not to Say,18-24,Gold Privilege,19144,2021-01-22,GJ,Ahmedabad
2358,CUST-IND-002358,Rajesh,Agarwal,Rajesh Agarwal,rajesh.agarwal442@gmail.com,+91-827013601,Female,55-64,Festival Occasional,23183,2023-05-25,ML,Shillong
2359,CUST-IND-002359,Arjun,Patel,Arjun Patel,arjun.patel104@gmail.com,+91-756590505,Male,35-44,Gold Privilege,3333,2022-11-18,AS,Guwahati
2360,CUST-IND-002360,Tarun,Malhotra,Tarun Malhotra,tarun.malhotra986@gmail.com,+91-961467110,Prefer Not to Say,35-44,Festival Occasional,31698,2023-10-12,UP,Noida
2361,CUST-IND-002361,Sunita,Chaudhary,Sunita Chaudhary,sunita.chaudhary636@gmail.com,+91-782682662,Prefer Not to Say,55-64,Festival Occasional,23023,2022-11-21,GJ,Ahmedabad
2362,CUST-IND-002362,Aarav,Deshmukh,Aarav Deshmukh,aarav.deshmukh823@gmail.com,+91-809329604,Prefer Not to Say,65+,Regular Shopper,42486,2023-05-07,ML,Shillong
2363,CUST-IND-002363,Ritu,Malhotra,Ritu Malhotra,ritu.malhotra208@gmail.com,+91-946070583,Female,55-64,Regular Shopper,20719,2023-07-03,ML,Shillong
2364,CUST-IND-002364,Sanjay,Deshmukh,Sanjay Deshmukh,sanjay.deshmukh286@gmail.com,+91-754279984,Female,18-24,Festival Occasional,27614,2024-04-25,JH,Ranchi
2365,CUST-IND-002365,Sanjay,Shetty,Sanjay Shetty,sanjay.shetty537@gmail.com,+91-843814845,Prefer Not to Say,25-34,Gold Privilege,5229,2024-04-21,MH,Mumbai
2366,CUST-IND-002366,Ananya,Saxena,Ananya Saxena,ananya.saxena611@gmail.com,+91-889889711,Prefer Not to Say,55-64,Regular Shopper,24174,2022-08-07,PB,Chandigarh
2367,CUST-IND-002367,Dev,Rao,Dev Rao,dev.rao833@gmail.com,+91-994252810,Male,35-44,Regular Shopper,35002,2022-11-13,ML,Shillong
2368,CUST-IND-002368,Rohan,Desai,Rohan Desai,rohan.desai590@gmail.com,+91-896801960,Male,65+,Gold Privilege,36883,2024-02-05,WB,Kolkata
2369,CUST-IND-002369,Karthik,Kulkarni,Karthik Kulkarni,karthik.kulkarni97@gmail.com,+91-858334146,Prefer Not to Say,25-34,Regular Shopper,25913,2024-02-26,KA,Bengaluru
2370,CUST-IND-002370,Neha,Bhat,Neha Bhat,neha.bhat809@gmail.com,+91-817681641,Prefer Not to Say,35-44,Regular Shopper,18489,2023-02-03,UP,Noida
2371,CUST-IND-002371,Vikram,Jha,Vikram Jha,vikram.jha489@gmail.com,+91-865829937,Female,55-64,Gold Privilege,22494,2022-08-09,ML,Shillong
2372,CUST-IND-002372,Preeti,Iyer,Preeti Iyer,preeti.iyer124@gmail.com,+91-977014123,Male,25-34,Regular Shopper,41484,2021-04-10,AS,Guwahati
2373,CUST-IND-002373,Neha,Bhat,Neha Bhat,neha.bhat872@gmail.com,+91-763103939,Prefer Not to Say,45-54,Regular Shopper,26038,2021-08-31,ML,Shillong
2374,CUST-IND-002374,Rajesh,Sen,Rajesh Sen,rajesh.sen755@gmail.com,+91-875912298,Prefer Not to Say,55-64,VIP Club Premier,3838,2023-05-24,KL,Kochi
2375,CUST-IND-002375,Anjali,Malhotra,Anjali Malhotra,anjali.malhotra788@gmail.com,+91-936247729,Female,35-44,Regular Shopper,40362,2021-01-07,TS,Hyderabad
2376,CUST-IND-002376,Divya,Malhotra,Divya Malhotra,divya.malhotra737@gmail.com,+91-966615788,Prefer Not to Say,55-64,Regular Shopper,31948,2024-02-29,MH,Mumbai
2377,CUST-IND-002377,Pooja,Verma,Pooja Verma,pooja.verma881@gmail.com,+91-893082548,Female,25-34,Regular Shopper,1735,2024-05-03,RJ,Jaipur
2378,CUST-IND-002378,Vikram,Kulkarni,Vikram Kulkarni,vikram.kulkarni28@gmail.com,+91-823108470,Prefer Not to Say,45-54,VIP Club Premier,4252,2023-04-21,JH,Ranchi
2379,CUST-IND-002379,Lakshmi,Trivedi,Lakshmi Trivedi,lakshmi.trivedi621@gmail.com,+91-879962418,Female,65+,Gold Privilege,31382,2023-04-08,MN,Imphal
2380,CUST-IND-002380,Tarun,Kapoor,Tarun Kapoor,tarun.kapoor34@gmail.com,+91-789540446,Prefer Not to Say,25-34,Gold Privilege,38962,2024-04-30,OD,Bhubaneswar
2381,CUST-IND-002381,Meera,Mehta,Meera Mehta,meera.mehta851@gmail.com,+91-956816139,Male,35-44,Festival Occasional,1437,2022-05-13,ML,Shillong
2382,CUST-IND-002382,Tarun,Verma,Tarun Verma,tarun.verma139@gmail.com,+91-828816755,Prefer Not to Say,25-34,Regular Shopper,35476,2022-06-27,BR,Patna
2383,CUST-IND-002383,Neha,Mishra,Neha Mishra,neha.mishra624@gmail.com,+91-749709849,Prefer Not to Say,25-34,Regular Shopper,6039,2021-05-14,KL,Kochi
2384,CUST-IND-002384,Deepika,Trivedi,Deepika Trivedi,deepika.trivedi305@gmail.com,+91-804247724,Female,25-34,Regular Shopper,18548,2021-10-27,AS,Guwahati
2385,CUST-IND-002385,Deepak,Pillai,Deepak Pillai,deepak.pillai921@gmail.com,+91-905083343,Male,55-64,Gold Privilege,5312,2022-10-14,KA,Bengaluru
2386,CUST-IND-002386,Anjali,Dutta,Anjali Dutta,anjali.dutta179@gmail.com,+91-701345802,Female,18-24,VIP Club Premier,27223,2021-12-13,GJ,Surat
2387,CUST-IND-002387,Aarav,Nair,Aarav Nair,aarav.nair489@gmail.com,+91-929078314,Female,25-34,Festival Occasional,20801,2022-06-18,MH,Nagpur
2388,CUST-IND-002388,Suresh,Shetty,Suresh Shetty,suresh.shetty858@gmail.com,+91-879222946,Prefer Not to Say,65+,Regular Shopper,2713,2024-03-14,MH,Pune
2389,CUST-IND-002389,Aditya,Sharma,Aditya Sharma,aditya.sharma370@gmail.com,+91-776255976,Prefer Not to Say,55-64,Gold Privilege,17673,2024-02-10,AS,Guwahati
2390,CUST-IND-002390,Deepak,Mehta,Deepak Mehta,deepak.mehta133@gmail.com,+91-824957828,Male,35-44,Regular Shopper,12625,2024-02-17,OD,Bhubaneswar
2391,CUST-IND-002391,Ritu,Malhotra,Ritu Malhotra,ritu.malhotra631@gmail.com,+91-745567440,Prefer Not to Say,55-64,Regular Shopper,12986,2022-02-18,GJ,Surat
2392,CUST-IND-002392,Arjun,Chaudhary,Arjun Chaudhary,arjun.chaudhary721@gmail.com,+91-996294264,Prefer Not to Say,45-54,Festival Occasional,18340,2021-06-04,MH,Mumbai
2393,CUST-IND-002393,Amit,Pillai,Amit Pillai,amit.pillai260@gmail.com,+91-932712605,Prefer Not to Say,35-44,Festival Occasional,16712,2021-11-04,KL,Kochi
2394,CUST-IND-002394,Tarun,Mehta,Tarun Mehta,tarun.mehta268@gmail.com,+91-926697975,Female,25-34,Regular Shopper,14941,2022-11-20,MH,Pune
2395,CUST-IND-002395,Sunita,Nanda,Sunita Nanda,sunita.nanda407@gmail.com,+91-955145806,Male,18-24,Regular Shopper,3384,2022-03-05,KA,Bengaluru
2396,CUST-IND-002396,Alok,Gupta,Alok Gupta,alok.gupta149@gmail.com,+91-966072360,Female,55-64,Regular Shopper,27075,2022-04-06,RJ,Jaipur
2397,CUST-IND-002397,Sunita,Sen,Sunita Sen,sunita.sen44@gmail.com,+91-784143257,Male,25-34,Regular Shopper,19024,2022-06-01,BR,Patna
2398,CUST-IND-002398,Ritu,Sen,Ritu Sen,ritu.sen261@gmail.com,+91-719987287,Female,18-24,Regular Shopper,17106,2021-10-25,TR,Agartala
2399,CUST-IND-002399,Niharika,Gupta,Niharika Gupta,niharika.gupta663@gmail.com,+91-922993756,Female,45-54,Regular Shopper,17345,2022-10-18,KL,Kochi
2400,CUST-IND-002400,Rahul,Desai,Rahul Desai,rahul.desai320@gmail.com,+91-993729628,Male,55-64,Regular Shopper,37175,2024-04-15,KL,Kochi
2401,CUST-IND-002401,Karthik,Shetty,Karthik Shetty,karthik.shetty130@gmail.com,+91-945496211,Female,45-54,Festival Occasional,37464,2023-01-13,MH,Pune
2402,CUST-IND-002402,Shweta,Agarwal,Shweta Agarwal,shweta.agarwal616@gmail.com,+91-955922717,Prefer Not to Say,65+,Gold Privilege,20366,2022-05-21,TN,Chennai
2403,CUST-IND-002403,Sunita,Das,Sunita Das,sunita.das385@gmail.com,+91-947662835,Female,18-24,VIP Club Premier,5163,2022-03-21,TS,Hyderabad
2404,CUST-IND-002404,Rohan,Gupta,Rohan Gupta,rohan.gupta434@gmail.com,+91-777612646,Prefer Not to Say,25-34,Festival Occasional,27108,2021-08-16,PB,Chandigarh
2405,CUST-IND-002405,Deepika,Bhat,Deepika Bhat,deepika.bhat794@gmail.com,+91-755970375,Prefer Not to Say,25-34,Regular Shopper,38342,2022-06-06,ML,Shillong
2406,CUST-IND-002406,Bhavna,Singh,Bhavna Singh,bhavna.singh976@gmail.com,+91-895354934,Prefer Not to Say,18-24,Festival Occasional,22476,2023-01-22,ML,Shillong
2407,CUST-IND-002407,Suresh,Iyer,Suresh Iyer,suresh.iyer432@gmail.com,+91-902859455,Prefer Not to Say,18-24,Festival Occasional,21157,2023-06-24,MN,Imphal
2408,CUST-IND-002408,Shweta,Nair,Shweta Nair,shweta.nair267@gmail.com,+91-718432202,Female,18-24,Regular Shopper,23385,2021-03-22,UP,Noida
2409,CUST-IND-002409,Neha,Bhat,Neha Bhat,unregistered@retail.com,+91-759922706,Prefer Not to Say,35-44,Gold Privilege,13631,2021-08-29,DL,Delhi
2410,CUST-IND-002410,Arjun,Sen,Arjun Sen,unregistered@retail.com,+91-858063911,Female,45-54,Regular Shopper,33696,2021-12-12,TS,Hyderabad
2411,CUST-IND-002411,Sunita,Saxena,Sunita Saxena,sunita.saxena480@gmail.com,+91-892960443,Female,65+,Gold Privilege,24466,2022-07-17,GJ,Ahmedabad
2412,CUST-IND-002412,Vishal,Nair,Vishal Nair,vishal.nair121@gmail.com,+91-952176214,Female,55-64,Regular Shopper,31781,2022-05-09,OD,Bhubaneswar
2413,CUST-IND-002413,Shweta,Singh,Shweta Singh,shweta.singh746@gmail.com,+91-948741270,Male,18-24,Regular Shopper,3615,2021-04-03,AS,Guwahati
2414,CUST-IND-002414,Rajesh,Mukherjee,Rajesh Mukherjee,rajesh.mukherjee601@gmail.com,+91-934281160,Male,45-54,Regular Shopper,28167,2022-03-04,KL,Kochi
2415,CUST-IND-002415,Amit,Singh,Amit Singh,amit.singh143@gmail.com,+91-799587859,Male,35-44,VIP Club Premier,27197,2023-02-07,MN,Imphal
2416,CUST-IND-002416,Meera,Sen,Meera Sen,meera.sen580@gmail.com,+91-715468898,Prefer Not to Say,55-64,Regular Shopper,4520,2021-06-23,UP,Lucknow
2417,CUST-IND-002417,Niharika,Mehta,Niharika Mehta,niharika.mehta717@gmail.com,+91-862152024,Male,18-24,Festival Occasional,5902,2022-05-14,WB,Kolkata
2418,CUST-IND-002418,Lakshmi,Verma,Lakshmi Verma,lakshmi.verma10@gmail.com,+91-954807993,Female,45-54,Regular Shopper,15043,2021-07-15,AS,Guwahati
2419,CUST-IND-002419,Rajesh,Dutta,Rajesh Dutta,rajesh.dutta380@gmail.com,+91-858945403,Prefer Not to Say,65+,Regular Shopper,16988,2022-08-08,TS,Hyderabad
2420,CUST-IND-002420,Deepak,Sen,Deepak Sen,deepak.sen884@gmail.com,+91-879209702,Female,25-34,Gold Privilege,28676,2024-05-14,AS,Guwahati
2421,CUST-IND-002421,Sanjay,Malhotra,Sanjay Malhotra,sanjay.malhotra866@gmail.com,+91-775023098,Female,45-54,VIP Club Premier,33275,2022-06-02,KL,Kochi
2422,CUST-IND-002422,Deepika,Gupta,Deepika Gupta,deepika.gupta732@gmail.com,+91-797823413,Female,65+,Regular Shopper,33906,2023-09-23,MN,Imphal
2423,CUST-IND-002423,Sunita,Shetty,Sunita Shetty,sunita.shetty218@gmail.com,+91-752437087,Female,55-64,Regular Shopper,38065,2023-03-24,UP,Lucknow
2424,CUST-IND-002424,Vishal,Nair,Vishal Nair,vishal.nair534@gmail.com,+91-959554421,Prefer Not to Say,45-54,Regular Shopper,3123,2022-04-15,AP,Visakhapatnam
2425,CUST-IND-002425,Ananya,Kapoor,Ananya Kapoor,ananya.kapoor54@gmail.com,+91-815994688,Prefer Not to Say,25-34,Gold Privilege,39930,2023-05-09,MH,Pune
2426,CUST-IND-002426,Neha,Verma,Neha Verma,neha.verma305@gmail.com,+91-862226529,Prefer Not to Say,35-44,Regular Shopper,17070,2021-02-07,MP,Indore
2427,CUST-IND-002427,Sunita,Kumar,Sunita Kumar,sunita.kumar701@gmail.com,+91-997371252,Female,25-34,Regular Shopper,38252,2024-02-22,AS,Guwahati
2428,CUST-IND-002428,Swati,Chaudhary,Swati Chaudhary,swati.chaudhary198@gmail.com,+91-789055893,Prefer Not to Say,65+,Gold Privilege,356,2024-03-16,MH,Pune
2429,CUST-IND-002429,Sunita,Pillai,Sunita Pillai,sunita.pillai378@gmail.com,+91-883991515,Prefer Not to Say,25-34,Regular Shopper,24004,2022-04-12,AS,Guwahati
2430,CUST-IND-002430,Vikram,Nanda,Vikram Nanda,vikram.nanda462@gmail.com,+91-903535186,Male,45-54,Regular Shopper,2144,2021-03-08,MH,Mumbai
2431,CUST-IND-002431,Manoj,Hegde,Manoj Hegde,manoj.hegde765@gmail.com,+91-793557647,Prefer Not to Say,18-24,Regular Shopper,30629,2021-12-27,TS,Hyderabad
2432,CUST-IND-002432,Lakshmi,Chaudhary,Lakshmi Chaudhary,lakshmi.chaudhary837@gmail.com,+91-978258534,Prefer Not to Say,18-24,Gold Privilege,14750,2021-05-17,ML,Shillong
2433,CUST-IND-002433,Niharika,Jha,Niharika Jha,niharika.jha178@gmail.com,+91-838538242,Female,18-24,Regular Shopper,42791,2022-04-19,AS,Guwahati
2434,CUST-IND-002434,Ananya,Shetty,Ananya Shetty,ananya.shetty979@gmail.com,+91-744945732,Prefer Not to Say,35-44,Gold Privilege,19185,2022-05-21,AS,Guwahati
2435,CUST-IND-002435,Vishal,Pillai,Vishal Pillai,vishal.pillai102@gmail.com,+91-768059828,Female,25-34,VIP Club Premier,20002,2021-10-08,BR,Patna
2436,CUST-IND-002436,Vishal,Chaudhary,Vishal Chaudhary,vishal.chaudhary939@gmail.com,+91-818828865,Prefer Not to Say,55-64,Regular Shopper,33337,2021-07-19,BR,Patna
2437,CUST-IND-002437,Deepika,Kulkarni,Deepika Kulkarni,deepika.kulkarni176@gmail.com,+91-979959182,Prefer Not to Say,35-44,Gold Privilege,19109,2022-03-28,BR,Patna
2438,CUST-IND-002438,Divya,Jha,Divya Jha,divya.jha437@gmail.com,+91-742759177,Female,65+,Regular Shopper,39266,2022-08-04,MP,Indore
2439,CUST-IND-002439,Vishal,Iyer,Vishal Iyer,vishal.iyer882@gmail.com,+91-921141888,Female,25-34,VIP Club Premier,32329,2023-09-07,WB,Kolkata
2440,CUST-IND-002440,Bhavna,Mishra,Bhavna Mishra,bhavna.mishra45@gmail.com,+91-862242336,Female,35-44,Regular Shopper,11447,2021-04-05,UP,Lucknow
2441,CUST-IND-002441,Amit,Gupta,Amit Gupta,amit.gupta760@gmail.com,+91-738040875,Male,55-64,Gold Privilege,10258,2023-08-13,BR,Patna
2442,CUST-IND-002442,Priya,Rao,Priya Rao,priya.rao97@gmail.com,+91-913106466,Female,18-24,Regular Shopper,10707,2024-01-10,JH,Ranchi
2443,CUST-IND-002443,Tarun,Nair,Tarun Nair,tarun.nair951@gmail.com,+91-915358685,Female,35-44,Regular Shopper,16162,2023-09-26,OD,Bhubaneswar
2444,CUST-IND-002444,Meera,Rao,Meera Rao,meera.rao310@gmail.com,+91-734112339,Prefer Not to Say,65+,Gold Privilege,3970,2022-04-16,AS,Guwahati
2445,CUST-IND-002445,Preeti,Deshmukh,Preeti Deshmukh,preeti.deshmukh413@gmail.com,+91-798840366,Male,25-34,VIP Club Premier,31947,2024-03-14,MH,Pune
2446,CUST-IND-002446,Preeti,Nanda,Preeti Nanda,preeti.nanda390@gmail.com,+91-835520537,Prefer Not to Say,45-54,Regular Shopper,44697,2024-02-05,MN,Imphal
2447,CUST-IND-002447,Ananya,Rao,Ananya Rao,ananya.rao179@gmail.com,+91-884351776,Prefer Not to Say,55-64,Festival Occasional,8537,2022-01-12,AS,Guwahati
2448,CUST-IND-002448,Lakshmi,Deshmukh,Lakshmi Deshmukh,lakshmi.deshmukh4@gmail.com,+91-719813543,Prefer Not to Say,25-34,Regular Shopper,1623,2022-06-28,AS,Guwahati
2449,CUST-IND-002449,Arjun,Pillai,Arjun Pillai,arjun.pillai760@gmail.com,+91-781912009,Prefer Not to Say,65+,Regular Shopper,26451,2024-03-28,HR,Gurugram
2450,CUST-IND-002450,Deepak,Pillai,Deepak Pillai,deepak.pillai655@gmail.com,+91-762568260,Male,25-34,Festival Occasional,28784,2022-11-23,HR,Gurugram
2451,CUST-IND-002451,Suresh,Dutta,Suresh Dutta,suresh.dutta991@gmail.com,+91-883349881,Female,35-44,Gold Privilege,36369,2023-09-03,KL,Kochi
2452,CUST-IND-002452,Rahul,Deshmukh,Rahul Deshmukh,rahul.deshmukh47@gmail.com,+91-796616038,Prefer Not to Say,35-44,Festival Occasional,4607,2022-06-24,KL,Kochi
2453,CUST-IND-002453,Niharika,Verma,Niharika Verma,niharika.verma35@gmail.com,+91-833859968,Male,35-44,Regular Shopper,33443,2021-09-03,UP,Lucknow
2454,CUST-IND-002454,Amit,Rao,Amit Rao,amit.rao32@gmail.com,+91-917928700,Male,25-34,Gold Privilege,5497,2022-08-02,HR,Gurugram
2455,CUST-IND-002455,Rajesh,Bansal,Rajesh Bansal,rajesh.bansal523@gmail.com,+91-895954851,Female,55-64,Gold Privilege,37209,2024-02-01,MH,Pune
2456,CUST-IND-002456,Amit,Patel,Amit Patel,amit.patel227@gmail.com,+91-846372200,Male,35-44,Regular Shopper,39520,2024-05-16,MH,Mumbai
2457,CUST-IND-002457,Shweta,Reddy,Shweta Reddy,shweta.reddy931@gmail.com,+91-726535301,Prefer Not to Say,55-64,Festival Occasional,43100,2021-01-10,HR,Gurugram
2458,CUST-IND-002458,Suresh,Deshmukh,Suresh Deshmukh,suresh.deshmukh192@gmail.com,+91-701293108,Prefer Not to Say,18-24,Festival Occasional,33184,2024-05-08,MH,Nagpur
2459,CUST-IND-002459,Rohan,Das,Rohan Das,rohan.das132@gmail.com,+91-965754742,Prefer Not to Say,65+,Regular Shopper,15299,2021-11-09,KA,Bengaluru
2460,CUST-IND-002460,Alok,Verma,Alok Verma,alok.verma118@gmail.com,+91-823941722,Prefer Not to Say,35-44,Regular Shopper,19882,2022-10-20,AP,Visakhapatnam
2461,CUST-IND-002461,Priya,Chaudhary,Priya Chaudhary,priya.chaudhary530@gmail.com,+91-949129669,Male,65+,VIP Club Premier,42676,2022-03-07,GJ,Surat
2462,CUST-IND-002462,Ritu,Bansal,Ritu Bansal,ritu.bansal154@gmail.com,+91-942460801,Prefer Not to Say,55-64,Gold Privilege,29060,2023-04-27,TR,Agartala
2463,CUST-IND-002463,Karthik,Jha,Karthik Jha,karthik.jha805@gmail.com,+91-775770069,Prefer Not to Say,25-34,VIP Club Premier,11640,2021-12-26,WB,Kolkata
2464,CUST-IND-002464,Aarav,Chatterjee,Aarav Chatterjee,aarav.chatterjee857@gmail.com,+91-744776895,Prefer Not to Say,18-24,Regular Shopper,41993,2023-01-23,MN,Imphal
2465,CUST-IND-002465,Sunita,Iyer,Sunita Iyer,sunita.iyer8@gmail.com,+91-973385227,Prefer Not to Say,45-54,VIP Club Premier,35464,2023-10-03,HR,Gurugram
2466,CUST-IND-002466,Manoj,Verma,Manoj Verma,manoj.verma420@gmail.com,+91-725436694,Female,18-24,Regular Shopper,16008,2021-03-29,MH,Mumbai
2467,CUST-IND-002467,Shweta,Sen,Shweta Sen,shweta.sen442@gmail.com,+91-922884059,Female,35-44,Regular Shopper,39188,2022-08-15,BR,Patna
2468,CUST-IND-002468,Tarun,Reddy,Tarun Reddy,tarun.reddy16@gmail.com,+91-909874492,Prefer Not to Say,18-24,VIP Club Premier,12891,2023-05-11,OD,Bhubaneswar
2469,CUST-IND-002469,Vishal,Saxena,Vishal Saxena,vishal.saxena273@gmail.com,+91-753847167,Male,65+,Regular Shopper,26530,2024-04-02,JH,Ranchi
2470,CUST-IND-002470,Rajesh,Verma,Rajesh Verma,rajesh.verma107@gmail.com,+91-747965039,Female,25-34,VIP Club Premier,41568,2022-01-20,HR,Gurugram
2471,CUST-IND-002471,Niharika,Chatterjee,Niharika Chatterjee,niharika.chatterjee130@gmail.com,+91-924009166,Prefer Not to Say,25-34,Festival Occasional,16491,2022-05-14,GJ,Ahmedabad
2472,CUST-IND-002472,Amit,Mukherjee,Amit Mukherjee,amit.mukherjee425@gmail.com,+91-942836924,Prefer Not to Say,45-54,Regular Shopper,35547,2021-10-18,KL,Kochi
2473,CUST-IND-002473,Pooja,Kapoor,Pooja Kapoor,pooja.kapoor684@gmail.com,+91-772421133,Male,18-24,Regular Shopper,11935,2024-06-15,RJ,Jaipur
2474,CUST-IND-002474,Aditya,Nair,Aditya Nair,aditya.nair272@gmail.com,+91-835635891,Female,18-24,Gold Privilege,35774,2021-07-29,TS,Hyderabad
2475,CUST-IND-002475,Lakshmi,Joshi,Lakshmi Joshi,lakshmi.joshi696@gmail.com,+91-969654722,Prefer Not to Say,55-64,VIP Club Premier,2040,2021-02-20,UP,Lucknow
2476,CUST-IND-002476,Shweta,Shetty,Shweta Shetty,shweta.shetty295@gmail.com,+91-965185644,Female,35-44,Regular Shopper,40885,2022-01-26,AS,Guwahati
2477,CUST-IND-002477,Deepak,Dutta,Deepak Dutta,deepak.dutta158@gmail.com,+91-794942054,Female,25-34,Regular Shopper,5150,2022-01-16,TR,Agartala
2478,CUST-IND-002478,Arjun,Mishra,Arjun Mishra,arjun.mishra118@gmail.com,+91-902916555,Male,18-24,VIP Club Premier,5699,2021-08-25,OD,Bhubaneswar
2479,CUST-IND-002479,Pooja,Deshmukh,Pooja Deshmukh,pooja.deshmukh588@gmail.com,+91-761804183,Female,65+,Regular Shopper,17883,2022-10-21,AP,Visakhapatnam
2480,CUST-IND-002480,Sanjay,Dutta,Sanjay Dutta,sanjay.dutta998@gmail.com,+91-718911970,Male,55-64,Regular Shopper,32652,2022-04-18,UP,Noida
2481,CUST-IND-002481,Anita,Mukherjee,Anita Mukherjee,anita.mukherjee245@gmail.com,+91-942684571,Female,35-44,Gold Privilege,33481,2021-07-11,HR,Gurugram
2482,CUST-IND-002482,Kavita,Das,Kavita Das,kavita.das774@gmail.com,+91-794228974,Female,25-34,VIP Club Premier,9315,2023-02-19,GJ,Ahmedabad
2483,CUST-IND-002483,Aarav,Iyer,Aarav Iyer,aarav.iyer629@gmail.com,+91-954773478,Female,35-44,Gold Privilege,27889,2023-05-25,MP,Indore
2484,CUST-IND-002484,Meera,Rao,Meera Rao,meera.rao455@gmail.com,+91-935821249,Female,65+,Regular Shopper,44447,2022-04-22,DL,Delhi
2485,CUST-IND-002485,Anita,Bhat,Anita Bhat,anita.bhat427@gmail.com,+91-879115906,Male,25-34,Festival Occasional,10794,2024-06-26,GJ,Surat
2486,CUST-IND-002486,Aditya,Verma,Aditya Verma,aditya.verma263@gmail.com,+91-947355653,Prefer Not to Say,45-54,Regular Shopper,27031,2023-10-09,TS,Hyderabad
2487,CUST-IND-002487,Niharika,Deshmukh,Niharika Deshmukh,niharika.deshmukh344@gmail.com,+91-789026379,Female,55-64,Festival Occasional,20542,2023-03-13,PB,Chandigarh
2488,CUST-IND-002488,Dev,Kumar,Dev Kumar,dev.kumar58@gmail.com,+91-911494541,Male,55-64,Gold Privilege,19340,2021-05-04,ML,Shillong
2489,CUST-IND-002489,Vikram,Nair,Vikram Nair,vikram.nair967@gmail.com,+91-856974685,Prefer Not to Say,18-24,Festival Occasional,32419,2024-04-22,ML,Shillong
2490,CUST-IND-002490,Aarav,Bansal,Aarav Bansal,aarav.bansal63@gmail.com,+91-909707705,Male,35-44,Festival Occasional,18986,2024-03-17,JH,Ranchi
2491,CUST-IND-002491,Lakshmi,Hegde,Lakshmi Hegde,lakshmi.hegde224@gmail.com,+91-881943102,Female,18-24,Regular Shopper,18592,2022-08-15,MP,Indore
2492,CUST-IND-002492,Manoj,Kumar,Manoj Kumar,manoj.kumar488@gmail.com,+91-828020708,Prefer Not to Say,35-44,Regular Shopper,253,2023-11-03,GJ,Surat
2493,CUST-IND-002493,Anjali,Bansal,Anjali Bansal,anjali.bansal735@gmail.com,+91-963943186,Prefer Not to Say,35-44,Gold Privilege,10373,2022-09-17,DL,Delhi
2494,CUST-IND-002494,Vikram,Chaudhary,Vikram Chaudhary,vikram.chaudhary241@gmail.com,+91-928761233,Prefer Not to Say,65+,Gold Privilege,36924,2022-03-17,MH,Mumbai
2495,CUST-IND-002495,Divya,Das,Divya Das,divya.das201@gmail.com,+91-892039412,Male,25-34,VIP Club Premier,29667,2023-02-12,TN,Chennai
2496,CUST-IND-002496,Alok,Singh,Alok Singh,alok.singh474@gmail.com,+91-998011130,Prefer Not to Say,45-54,Gold Privilege,8902,2023-06-28,HR,Gurugram
2497,CUST-IND-002497,Tarun,Desai,Tarun Desai,tarun.desai258@gmail.com,+91-866568047,Male,25-34,Festival Occasional,41301,2022-02-06,BR,Patna
2498,CUST-IND-002498,Preeti,Kumar,Preeti Kumar,preeti.kumar87@gmail.com,+91-945796684,Female,18-24,Gold Privilege,11093,2021-02-19,KA,Bengaluru
2499,CUST-IND-002499,Anita,Mishra,Anita Mishra,anita.mishra442@gmail.com,+91-847977688,Female,25-34,Gold Privilege,18781,2023-11-12,TN,Chennai
2500,CUST-IND-002500,Tarun,Sharma,Tarun Sharma,tarun.sharma514@gmail.com,+91-824433065,Female,25-34,Gold Privilege,11960,2021-02-03,BR,Patna
