inventory_fact_id,store_sk,product_sk,snapshot_date_key,stock_on_hand,reorder_point,safety_stock,is_out_of_stock,needs_reorder
INV-IND-000001,1,1,20240228,73,26,21,False,False
INV-IND-000002,1,2,20240914,425,41,24,False,False
INV-IND-000003,1,3,20240804,102,40,34,False,False
INV-IND-000004,1,4,20240520,449,54,18,False,False
INV-IND-000005,1,5,20240713,361,56,15,False,False
INV-IND-000006,1,6,20241218,395,29,19,False,False
INV-IND-000007,1,7,20241026,495,47,34,False,False
INV-IND-000008,1,8,20241119,458,45,21,False,False
INV-IND-000009,1,9,20241011,344,27,23,False,False
INV-IND-000010,1,10,20241014,125,60,26,False,False
INV-IND-000011,1,11,20241109,343,49,31,False,False
INV-IND-000012,1,12,20241003,347,54,30,False,False
INV-IND-000013,1,13,20240509,226,60,31,False,False
INV-IND-000014,1,14,20241130,127,57,28,False,False
INV-IND-000015,1,15,20240204,116,34,20,False,False
INV-IND-000016,1,16,20240701,212,28,25,False,False
INV-IND-000017,1,17,20241024,342,35,25,False,False
INV-IND-000018,1,18,20240220,109,42,15,False,False
INV-IND-000019,1,19,20240402,232,36,19,False,False
INV-IND-000020,1,20,20240413,468,38,16,False,False
INV-IND-000021,1,21,20241011,25,41,21,False,True
INV-IND-000022,1,22,20240616,332,43,28,False,False
INV-IND-000023,1,23,20240611,48,33,15,False,False
INV-IND-000024,1,24,20240903,156,34,20,False,False
INV-IND-000025,1,25,20240514,158,48,29,False,False
INV-IND-000026,1,26,20240407,180,33,30,False,False
INV-IND-000027,1,27,20240616,495,40,16,False,False
INV-IND-000028,1,28,20240318,462,27,17,False,False
INV-IND-000029,1,29,20241214,58,30,16,False,False
INV-IND-000030,1,30,20240304,54,37,18,False,False
INV-IND-000031,1,31,20241222,117,37,21,False,False
INV-IND-000032,1,32,20240317,85,28,31,False,False
INV-IND-000033,1,33,20240706,440,60,26,False,False
INV-IND-000034,1,34,20240802,33,55,20,False,True
INV-IND-000035,1,35,20240815,60,60,26,False,True
INV-IND-000036,1,36,20240301,305,55,17,False,False
INV-IND-000037,1,37,20240328,44,37,27,False,False
INV-IND-000038,1,38,20240506,450,55,31,False,False
INV-IND-000039,1,39,20240207,66,37,29,False,False
INV-IND-000040,1,40,20240516,27,55,16,False,True
INV-IND-000041,1,41,20240804,241,33,21,False,False
INV-IND-000042,1,42,20241129,150,43,20,False,False
INV-IND-000043,1,43,20240504,89,59,25,False,False
INV-IND-000044,1,44,20241027,26,28,24,False,True
INV-IND-000045,1,45,20241020,180,33,34,False,False
INV-IND-000046,1,46,20240817,72,31,27,False,False
INV-IND-000047,1,47,20241125,235,36,26,False,False
INV-IND-000048,1,48,20240404,423,47,23,False,False
INV-IND-000049,1,49,20240628,267,28,20,False,False
INV-IND-000050,1,50,20240423,10,48,16,False,True
INV-IND-000051,1,51,20240611,432,30,31,False,False
INV-IND-000052,1,52,20241108,373,36,19,False,False
INV-IND-000053,1,53,20240108,345,36,17,False,False
INV-IND-000054,1,54,20241114,265,45,29,False,False
INV-IND-000055,1,55,20241022,51,33,25,False,False
INV-IND-000056,1,56,20240719,330,42,34,False,False
INV-IND-000057,1,57,20241213,425,45,26,False,False
INV-IND-000058,1,58,20240213,494,46,20,False,False
INV-IND-000059,1,59,20240605,64,49,24,False,False
INV-IND-000060,1,60,20240721,373,49,27,False,False
INV-IND-000061,1,61,20240713,331,29,18,False,False
INV-IND-000062,1,62,20240810,201,56,28,False,False
INV-IND-000063,1,63,20240706,294,32,31,False,False
INV-IND-000064,1,64,20240913,482,46,34,False,False
INV-IND-000065,1,65,20240809,14,59,18,False,True
INV-IND-000066,1,66,20240331,232,51,22,False,False
INV-IND-000067,1,67,20240704,60,50,32,False,False
INV-IND-000068,1,68,20240411,83,37,31,False,False
INV-IND-000069,1,69,20240129,131,39,17,False,False
INV-IND-000070,1,70,20240222,236,26,29,False,False
INV-IND-000071,1,71,20240524,129,30,35,False,False
INV-IND-000072,1,72,20241230,361,39,20,False,False
INV-IND-000073,1,73,20240315,1,56,25,False,True
INV-IND-000074,1,74,20241017,273,33,33,False,False
INV-IND-000075,1,75,20240824,96,47,18,False,False
INV-IND-000076,1,76,20240108,371,26,24,False,False
INV-IND-000077,1,77,20240725,333,55,23,False,False
INV-IND-000078,1,78,20240303,90,44,30,False,False
INV-IND-000079,1,79,20240507,348,31,35,False,False
INV-IND-000080,1,80,20241107,290,35,32,False,False
INV-IND-000081,1,81,20240802,192,43,15,False,False
INV-IND-000082,1,82,20240925,286,36,16,False,False
INV-IND-000083,1,83,20240905,176,59,30,False,False
INV-IND-000084,1,84,20240309,120,54,29,False,False
INV-IND-000085,1,85,20241210,482,54,20,False,False
INV-IND-000086,1,86,20240102,72,28,22,False,False
INV-IND-000087,1,87,20241003,128,44,24,False,False
INV-IND-000088,1,88,20240302,156,47,32,False,False
INV-IND-000089,1,89,20240306,8,30,33,False,True
INV-IND-000090,1,90,20240708,48,50,16,False,True
INV-IND-000091,1,91,20240402,95,35,21,False,False
INV-IND-000092,1,92,20240314,105,55,29,False,False
INV-IND-000093,1,93,20240415,225,59,33,False,False
INV-IND-000094,1,94,20240130,29,32,35,False,True
INV-IND-000095,1,95,20240322,44,39,24,False,False
INV-IND-000096,1,96,20240509,474,49,22,False,False
INV-IND-000097,1,97,20240210,283,55,26,False,False
INV-IND-000098,1,98,20240404,17,25,18,False,True
INV-IND-000099,1,99,20240723,71,31,35,False,False
INV-IND-000100,1,100,20241029,324,48,15,False,False
INV-IND-000101,1,101,20241116,420,40,33,False,False
INV-IND-000102,1,102,20240512,63,57,18,False,False
INV-IND-000103,1,103,20240828,130,31,21,False,False
INV-IND-000104,1,104,20240204,391,33,35,False,False
INV-IND-000105,1,105,20240415,114,48,25,False,False
INV-IND-000106,1,106,20240619,324,45,23,False,False
INV-IND-000107,1,107,20241220,188,51,23,False,False
INV-IND-000108,1,108,20240427,485,28,26,False,False
INV-IND-000109,1,109,20241002,124,50,30,False,False
INV-IND-000110,1,110,20240202,401,36,22,False,False
INV-IND-000111,1,111,20240718,19,53,28,False,True
INV-IND-000112,1,112,20240326,196,50,31,False,False
INV-IND-000113,1,113,20241119,227,45,18,False,False
INV-IND-000114,1,114,20240718,236,37,35,False,False
INV-IND-000115,1,115,20240721,326,41,26,False,False
INV-IND-000116,1,116,20241011,11,40,16,False,True
INV-IND-000117,1,117,20240205,198,45,26,False,False
INV-IND-000118,1,118,20240822,341,26,33,False,False
INV-IND-000119,1,119,20240707,7,55,31,False,True
INV-IND-000120,1,120,20240405,399,51,20,False,False
INV-IND-000121,1,121,20240120,446,52,27,False,False
INV-IND-000122,1,122,20240215,433,35,29,False,False
INV-IND-000123,1,123,20241128,185,54,34,False,False
INV-IND-000124,1,124,20240511,39,47,22,False,True
INV-IND-000125,1,125,20240102,192,34,23,False,False
INV-IND-000126,1,126,20240329,3,57,32,False,True
INV-IND-000127,1,127,20240412,198,39,30,False,False
INV-IND-000128,1,128,20240501,251,42,29,False,False
INV-IND-000129,1,129,20240727,425,47,27,False,False
INV-IND-000130,1,130,20240107,426,37,35,False,False
INV-IND-000131,1,131,20240727,261,59,22,False,False
INV-IND-000132,1,132,20241230,141,31,31,False,False
INV-IND-000133,1,133,20240904,446,40,18,False,False
INV-IND-000134,1,134,20241116,9,39,30,False,True
INV-IND-000135,1,135,20240919,385,25,23,False,False
INV-IND-000136,1,136,20241116,189,48,20,False,False
INV-IND-000137,1,137,20240102,212,45,35,False,False
INV-IND-000138,1,138,20240521,62,59,19,False,False
INV-IND-000139,1,139,20240922,226,48,26,False,False
INV-IND-000140,1,140,20240717,289,25,32,False,False
INV-IND-000141,1,141,20241026,11,35,24,False,True
INV-IND-000142,1,142,20240825,436,25,20,False,False
INV-IND-000143,1,143,20240310,189,56,24,False,False
INV-IND-000144,1,144,20240503,72,57,27,False,False
INV-IND-000145,2,1,20240812,366,30,25,False,False
INV-IND-000146,2,2,20240718,367,27,30,False,False
INV-IND-000147,2,3,20240207,84,43,30,False,False
INV-IND-000148,2,4,20240515,411,44,28,False,False
INV-IND-000149,2,5,20241215,281,35,21,False,False
INV-IND-000150,2,6,20241102,105,51,21,False,False
INV-IND-000151,2,7,20240226,39,44,18,False,True
INV-IND-000152,2,8,20241226,403,36,31,False,False
INV-IND-000153,2,9,20241011,154,54,22,False,False
INV-IND-000154,2,10,20240719,479,41,30,False,False
INV-IND-000155,2,11,20241230,216,36,19,False,False
INV-IND-000156,2,12,20240820,96,48,29,False,False
INV-IND-000157,2,13,20240617,13,42,27,False,True
INV-IND-000158,2,14,20240707,353,25,27,False,False
INV-IND-000159,2,15,20240703,166,30,19,False,False
INV-IND-000160,2,16,20240427,488,49,19,False,False
INV-IND-000161,2,17,20240331,11,52,16,False,True
INV-IND-000162,2,18,20240518,93,48,30,False,False
INV-IND-000163,2,19,20240601,68,51,19,False,False
INV-IND-000164,2,20,20240226,162,57,21,False,False
INV-IND-000165,2,21,20240205,85,60,25,False,False
INV-IND-000166,2,22,20240608,302,37,18,False,False
INV-IND-000167,2,23,20240531,161,39,35,False,False
INV-IND-000168,2,24,20240521,132,26,34,False,False
INV-IND-000169,2,25,20240727,4,39,19,False,True
INV-IND-000170,2,26,20240315,425,40,19,False,False
INV-IND-000171,2,27,20241113,52,30,24,False,False
INV-IND-000172,2,28,20241022,288,25,17,False,False
INV-IND-000173,2,29,20240422,399,44,16,False,False
INV-IND-000174,2,30,20241106,189,27,22,False,False
INV-IND-000175,2,31,20241115,307,44,28,False,False
INV-IND-000176,2,32,20240329,412,58,30,False,False
INV-IND-000177,2,33,20240316,200,35,33,False,False
INV-IND-000178,2,34,20241216,120,59,25,False,False
INV-IND-000179,2,35,20241128,146,36,19,False,False
INV-IND-000180,2,36,20240824,385,41,28,False,False
INV-IND-000181,2,37,20241022,285,41,22,False,False
INV-IND-000182,2,38,20240610,187,44,16,False,False
INV-IND-000183,2,39,20240126,310,25,18,False,False
INV-IND-000184,2,40,20240506,455,49,29,False,False
INV-IND-000185,2,41,20240520,446,49,25,False,False
INV-IND-000186,2,42,20240921,255,41,18,False,False
INV-IND-000187,2,43,20240117,445,52,32,False,False
INV-IND-000188,2,44,20240715,320,53,15,False,False
INV-IND-000189,2,45,20240411,3,60,21,False,True
INV-IND-000190,2,46,20240318,361,44,17,False,False
INV-IND-000191,2,47,20240709,195,39,17,False,False
INV-IND-000192,2,48,20241214,497,42,24,False,False
INV-IND-000193,2,49,20240324,333,52,23,False,False
INV-IND-000194,2,50,20240505,432,59,35,False,False
INV-IND-000195,2,51,20240726,392,55,24,False,False
INV-IND-000196,2,52,20240503,312,46,23,False,False
INV-IND-000197,2,53,20240511,89,37,25,False,False
INV-IND-000198,2,54,20241018,319,27,15,False,False
INV-IND-000199,2,55,20240806,83,55,22,False,False
INV-IND-000200,2,56,20240222,349,58,19,False,False
INV-IND-000201,2,57,20240505,332,31,30,False,False
INV-IND-000202,2,58,20240711,460,27,16,False,False
INV-IND-000203,2,59,20240929,176,47,30,False,False
INV-IND-000204,2,60,20240206,165,33,24,False,False
INV-IND-000205,2,61,20240314,7,60,16,False,True
INV-IND-000206,2,62,20240812,151,37,22,False,False
INV-IND-000207,2,63,20241121,88,53,32,False,False
INV-IND-000208,2,64,20241020,265,57,26,False,False
INV-IND-000209,2,65,20240322,30,47,33,False,True
INV-IND-000210,2,66,20240227,282,40,35,False,False
INV-IND-000211,2,67,20240211,306,35,20,False,False
INV-IND-000212,2,68,20240221,315,31,21,False,False
INV-IND-000213,2,69,20241113,68,56,16,False,False
INV-IND-000214,2,70,20241021,144,57,33,False,False
INV-IND-000215,2,71,20240407,285,60,16,False,False
INV-IND-000216,2,72,20240527,236,26,15,False,False
INV-IND-000217,2,73,20240118,149,32,16,False,False
INV-IND-000218,2,74,20240203,11,42,17,False,True
INV-IND-000219,2,75,20240325,231,27,28,False,False
INV-IND-000220,2,76,20240205,413,36,35,False,False
INV-IND-000221,2,77,20240317,242,29,21,False,False
INV-IND-000222,2,78,20240331,467,26,33,False,False
INV-IND-000223,2,79,20240715,400,50,27,False,False
INV-IND-000224,2,80,20240626,118,38,34,False,False
INV-IND-000225,2,81,20240710,35,37,21,False,True
INV-IND-000226,2,82,20240731,496,47,30,False,False
INV-IND-000227,2,83,20240205,4,35,32,False,True
INV-IND-000228,2,84,20240110,396,52,20,False,False
INV-IND-000229,2,85,20240212,72,37,25,False,False
INV-IND-000230,2,86,20240212,447,51,31,False,False
INV-IND-000231,2,87,20241212,23,39,33,False,True
INV-IND-000232,2,88,20240925,398,53,28,False,False
INV-IND-000233,2,89,20240119,80,39,33,False,False
INV-IND-000234,2,90,20241214,237,41,32,False,False
INV-IND-000235,2,91,20240115,392,25,25,False,False
INV-IND-000236,2,92,20241125,379,48,15,False,False
INV-IND-000237,2,93,20240720,490,31,19,False,False
INV-IND-000238,2,94,20240904,48,27,29,False,False
INV-IND-000239,2,95,20240623,323,35,18,False,False
INV-IND-000240,2,96,20240728,69,34,17,False,False
INV-IND-000241,2,97,20240229,400,42,30,False,False
INV-IND-000242,2,98,20240624,36,31,32,False,False
INV-IND-000243,2,99,20240113,134,46,24,False,False
INV-IND-000244,2,100,20240207,106,41,32,False,False
INV-IND-000245,2,101,20240719,345,49,27,False,False
INV-IND-000246,2,102,20240522,65,29,34,False,False
INV-IND-000247,2,103,20240205,27,42,21,False,True
INV-IND-000248,2,104,20240212,338,57,34,False,False
INV-IND-000249,2,105,20241204,400,46,27,False,False
INV-IND-000250,2,106,20240608,433,27,33,False,False
INV-IND-000251,2,107,20240527,72,57,21,False,False
INV-IND-000252,2,108,20240325,418,49,16,False,False
INV-IND-000253,2,109,20241001,116,51,30,False,False
INV-IND-000254,2,110,20240604,261,52,33,False,False
INV-IND-000255,2,111,20241227,400,39,23,False,False
INV-IND-000256,2,112,20241120,366,27,29,False,False
INV-IND-000257,2,113,20240611,379,47,29,False,False
INV-IND-000258,2,114,20241008,388,57,34,False,False
INV-IND-000259,2,115,20241117,444,40,26,False,False
INV-IND-000260,2,116,20240910,480,42,22,False,False
INV-IND-000261,2,117,20240421,161,38,35,False,False
INV-IND-000262,2,118,20240109,466,57,26,False,False
INV-IND-000263,2,119,20240218,206,54,25,False,False
INV-IND-000264,2,120,20240603,288,43,22,False,False
INV-IND-000265,2,121,20240106,170,55,29,False,False
INV-IND-000266,2,122,20240304,48,43,34,False,False
INV-IND-000267,2,123,20240525,67,58,16,False,False
INV-IND-000268,2,124,20240228,127,34,17,False,False
INV-IND-000269,2,125,20240919,500,25,26,False,False
INV-IND-000270,2,126,20240708,224,39,31,False,False
INV-IND-000271,2,127,20240121,57,56,35,False,False
INV-IND-000272,2,128,20240507,325,58,26,False,False
INV-IND-000273,2,129,20241011,469,50,23,False,False
INV-IND-000274,2,130,20240406,300,47,28,False,False
INV-IND-000275,2,131,20241106,125,43,17,False,False
INV-IND-000276,2,132,20240109,11,50,35,False,True
INV-IND-000277,2,133,20241105,355,56,32,False,False
INV-IND-000278,2,134,20240430,403,53,20,False,False
INV-IND-000279,2,135,20240206,349,28,20,False,False
INV-IND-000280,2,136,20240718,317,52,23,False,False
INV-IND-000281,2,137,20240926,139,41,23,False,False
INV-IND-000282,2,138,20241216,235,38,26,False,False
INV-IND-000283,2,139,20241005,76,29,23,False,False
INV-IND-000284,2,140,20240621,426,48,28,False,False
INV-IND-000285,2,141,20240516,147,34,18,False,False
INV-IND-000286,2,142,20240926,11,40,26,False,True
INV-IND-000287,2,143,20240311,196,36,35,False,False
INV-IND-000288,2,144,20240424,175,46,28,False,False
INV-IND-000289,3,1,20240316,42,60,28,False,True
INV-IND-000290,3,2,20240709,214,25,22,False,False
INV-IND-000291,3,3,20241101,98,45,20,False,False
INV-IND-000292,3,4,20240621,414,45,30,False,False
INV-IND-000293,3,5,20240623,468,59,16,False,False
INV-IND-000294,3,6,20240414,30,57,32,False,True
INV-IND-000295,3,7,20240514,17,27,27,False,True
INV-IND-000296,3,8,20240212,411,38,18,False,False
INV-IND-000297,3,9,20240201,297,58,20,False,False
INV-IND-000298,3,10,20240518,76,46,26,False,False
INV-IND-000299,3,11,20241125,203,54,31,False,False
INV-IND-000300,3,12,20241225,378,35,18,False,False
INV-IND-000301,3,13,20240806,156,57,21,False,False
INV-IND-000302,3,14,20240413,305,40,22,False,False
INV-IND-000303,3,15,20241217,477,28,32,False,False
INV-IND-000304,3,16,20241206,9,42,23,False,True
INV-IND-000305,3,17,20240424,226,54,35,False,False
INV-IND-000306,3,18,20240128,311,48,34,False,False
INV-IND-000307,3,19,20240305,170,46,31,False,False
INV-IND-000308,3,20,20240120,231,39,21,False,False
INV-IND-000309,3,21,20241129,53,36,30,False,False
INV-IND-000310,3,22,20240324,103,56,34,False,False
INV-IND-000311,3,23,20241205,78,47,17,False,False
INV-IND-000312,3,24,20240213,134,42,34,False,False
INV-IND-000313,3,25,20240126,264,47,34,False,False
INV-IND-000314,3,26,20240228,134,37,25,False,False
INV-IND-000315,3,27,20240213,468,36,29,False,False
INV-IND-000316,3,28,20240430,40,54,22,False,True
INV-IND-000317,3,29,20240105,222,47,16,False,False
INV-IND-000318,3,30,20241227,335,51,32,False,False
INV-IND-000319,3,31,20240621,157,35,28,False,False
INV-IND-000320,3,32,20240515,141,53,23,False,False
INV-IND-000321,3,33,20240413,85,44,30,False,False
INV-IND-000322,3,34,20241004,323,43,25,False,False
INV-IND-000323,3,35,20240104,475,42,31,False,False
INV-IND-000324,3,36,20240327,10,51,18,False,True
INV-IND-000325,3,37,20240115,461,59,33,False,False
INV-IND-000326,3,38,20241122,468,32,15,False,False
INV-IND-000327,3,39,20240807,92,34,30,False,False
INV-IND-000328,3,40,20241227,300,53,28,False,False
INV-IND-000329,3,41,20240115,426,54,26,False,False
INV-IND-000330,3,42,20240901,495,43,35,False,False
INV-IND-000331,3,43,20240716,140,37,26,False,False
INV-IND-000332,3,44,20240502,17,41,26,False,True
INV-IND-000333,3,45,20240709,42,53,17,False,True
INV-IND-000334,3,46,20241028,351,40,28,False,False
INV-IND-000335,3,47,20240504,188,26,27,False,False
INV-IND-000336,3,48,20240303,164,29,17,False,False
INV-IND-000337,3,49,20240218,492,45,20,False,False
INV-IND-000338,3,50,20240612,162,60,30,False,False
INV-IND-000339,3,51,20240202,103,29,29,False,False
INV-IND-000340,3,52,20240514,309,38,25,False,False
INV-IND-000341,3,53,20241212,332,54,20,False,False
INV-IND-000342,3,54,20240901,325,36,33,False,False
INV-IND-000343,3,55,20240705,379,36,31,False,False
INV-IND-000344,3,56,20240203,397,58,30,False,False
INV-IND-000345,3,57,20240914,162,56,24,False,False
INV-IND-000346,3,58,20240112,7,45,27,False,True
INV-IND-000347,3,59,20240113,395,44,21,False,False
INV-IND-000348,3,60,20240913,418,32,34,False,False
INV-IND-000349,3,61,20240424,490,30,22,False,False
INV-IND-000350,3,62,20240222,20,32,18,False,True
INV-IND-000351,3,63,20241123,26,29,28,False,True
INV-IND-000352,3,64,20240801,138,55,26,False,False
INV-IND-000353,3,65,20241222,420,38,20,False,False
INV-IND-000354,3,66,20240107,164,54,27,False,False
INV-IND-000355,3,67,20240325,367,60,21,False,False
INV-IND-000356,3,68,20241019,238,53,16,False,False
INV-IND-000357,3,69,20240127,374,31,30,False,False
INV-IND-000358,3,70,20241112,469,36,29,False,False
INV-IND-000359,3,71,20240410,212,43,27,False,False
INV-IND-000360,3,72,20240817,334,30,16,False,False
INV-IND-000361,3,73,20240916,59,59,18,False,True
INV-IND-000362,3,74,20240927,133,60,33,False,False
INV-IND-000363,3,75,20240717,335,54,29,False,False
INV-IND-000364,3,76,20241030,71,39,33,False,False
INV-IND-000365,3,77,20240717,78,34,15,False,False
INV-IND-000366,3,78,20241201,204,28,28,False,False
INV-IND-000367,3,79,20240124,143,35,17,False,False
INV-IND-000368,3,80,20241220,173,47,17,False,False
INV-IND-000369,3,81,20240430,454,48,35,False,False
INV-IND-000370,3,82,20240810,470,30,20,False,False
INV-IND-000371,3,83,20240523,404,47,21,False,False
INV-IND-000372,3,84,20240429,72,27,34,False,False
INV-IND-000373,3,85,20241023,498,42,18,False,False
INV-IND-000374,3,86,20240414,335,27,22,False,False
INV-IND-000375,3,87,20240925,428,41,33,False,False
INV-IND-000376,3,88,20241023,86,56,28,False,False
INV-IND-000377,3,89,20240531,363,41,27,False,False
INV-IND-000378,3,90,20240630,419,50,18,False,False
INV-IND-000379,3,91,20240903,225,41,20,False,False
INV-IND-000380,3,92,20240130,236,30,27,False,False
INV-IND-000381,3,93,20240110,425,58,34,False,False
INV-IND-000382,3,94,20240309,231,25,32,False,False
INV-IND-000383,3,95,20241214,293,31,22,False,False
INV-IND-000384,3,96,20240321,462,38,23,False,False
INV-IND-000385,3,97,20240907,387,43,30,False,False
INV-IND-000386,3,98,20241223,181,51,19,False,False
INV-IND-000387,3,99,20241104,144,46,29,False,False
INV-IND-000388,3,100,20240729,135,25,31,False,False
INV-IND-000389,3,101,20240320,490,54,30,False,False
INV-IND-000390,3,102,20240507,479,50,27,False,False
INV-IND-000391,3,103,20241124,70,44,33,False,False
INV-IND-000392,3,104,20240804,316,30,24,False,False
INV-IND-000393,3,105,20240320,436,36,17,False,False
INV-IND-000394,3,106,20240611,251,46,32,False,False
INV-IND-000395,3,107,20240911,373,48,27,False,False
INV-IND-000396,3,108,20240705,48,33,31,False,False
INV-IND-000397,3,109,20240601,409,43,25,False,False
INV-IND-000398,3,110,20240511,309,28,28,False,False
INV-IND-000399,3,111,20240522,86,55,33,False,False
INV-IND-000400,3,112,20240629,208,45,17,False,False
INV-IND-000401,3,113,20240701,77,48,15,False,False
INV-IND-000402,3,114,20240506,447,51,29,False,False
INV-IND-000403,3,115,20240917,24,45,24,False,True
INV-IND-000404,3,116,20240925,20,40,25,False,True
INV-IND-000405,3,117,20241105,295,54,30,False,False
INV-IND-000406,3,118,20240510,207,37,34,False,False
INV-IND-000407,3,119,20241221,180,54,17,False,False
INV-IND-000408,3,120,20240606,360,45,22,False,False
INV-IND-000409,3,121,20240118,389,43,19,False,False
INV-IND-000410,3,122,20241203,147,53,25,False,False
INV-IND-000411,3,123,20240428,429,40,26,False,False
INV-IND-000412,3,124,20240515,79,54,18,False,False
INV-IND-000413,3,125,20240127,3,44,24,False,True
INV-IND-000414,3,126,20240220,474,48,22,False,False
INV-IND-000415,3,127,20240126,120,40,19,False,False
INV-IND-000416,3,128,20240723,337,44,20,False,False
INV-IND-000417,3,129,20241209,362,53,31,False,False
INV-IND-000418,3,130,20240913,403,42,17,False,False
INV-IND-000419,3,131,20240505,479,45,35,False,False
INV-IND-000420,3,132,20241101,50,46,32,False,False
INV-IND-000421,3,133,20240812,265,45,29,False,False
INV-IND-000422,3,134,20240321,197,42,23,False,False
INV-IND-000423,3,135,20241026,472,25,19,False,False
INV-IND-000424,3,136,20240509,385,26,15,False,False
INV-IND-000425,3,137,20241207,299,55,21,False,False
INV-IND-000426,3,138,20240826,3,27,19,False,True
INV-IND-000427,3,139,20241123,224,50,18,False,False
INV-IND-000428,3,140,20240325,473,51,20,False,False
INV-IND-000429,3,141,20240429,316,53,30,False,False
INV-IND-000430,3,142,20240305,161,26,24,False,False
INV-IND-000431,3,143,20240425,14,50,15,False,True
INV-IND-000432,3,144,20240723,321,56,25,False,False
INV-IND-000433,4,1,20241226,476,36,17,False,False
INV-IND-000434,4,2,20240201,228,40,29,False,False
INV-IND-000435,4,3,20241218,489,57,20,False,False
INV-IND-000436,4,4,20240512,202,47,21,False,False
INV-IND-000437,4,5,20240324,269,58,16,False,False
INV-IND-000438,4,6,20240509,45,33,20,False,False
INV-IND-000439,4,7,20240628,181,38,16,False,False
INV-IND-000440,4,8,20240328,113,58,28,False,False
INV-IND-000441,4,9,20241205,310,41,25,False,False
INV-IND-000442,4,10,20240615,236,45,23,False,False
INV-IND-000443,4,11,20240620,427,30,19,False,False
INV-IND-000444,4,12,20240101,73,36,29,False,False
INV-IND-000445,4,13,20240718,375,56,15,False,False
INV-IND-000446,4,14,20240828,181,37,18,False,False
INV-IND-000447,4,15,20241016,365,59,18,False,False
INV-IND-000448,4,16,20240217,209,59,27,False,False
INV-IND-000449,4,17,20241018,106,58,31,False,False
INV-IND-000450,4,18,20240616,279,46,18,False,False
INV-IND-000451,4,19,20240330,347,56,15,False,False
INV-IND-000452,4,20,20240122,38,41,19,False,True
INV-IND-000453,4,21,20240418,80,26,23,False,False
INV-IND-000454,4,22,20240723,97,29,35,False,False
INV-IND-000455,4,23,20240113,417,36,23,False,False
INV-IND-000456,4,24,20241228,232,45,21,False,False
INV-IND-000457,4,25,20240103,468,28,29,False,False
INV-IND-000458,4,26,20241009,10,40,34,False,True
INV-IND-000459,4,27,20240430,486,25,35,False,False
INV-IND-000460,4,28,20240522,40,36,18,False,False
INV-IND-000461,4,29,20240610,156,41,28,False,False
INV-IND-000462,4,30,20241210,132,54,31,False,False
INV-IND-000463,4,31,20240225,191,49,35,False,False
INV-IND-000464,4,32,20240714,326,28,34,False,False
INV-IND-000465,4,33,20240205,192,56,15,False,False
INV-IND-000466,4,34,20240611,251,31,26,False,False
INV-IND-000467,4,35,20240917,423,47,20,False,False
INV-IND-000468,4,36,20240108,417,43,24,False,False
INV-IND-000469,4,37,20241230,117,53,18,False,False
INV-IND-000470,4,38,20240927,220,59,23,False,False
INV-IND-000471,4,39,20240323,395,49,28,False,False
INV-IND-000472,4,40,20240910,32,49,16,False,True
INV-IND-000473,4,41,20240228,301,40,35,False,False
INV-IND-000474,4,42,20240524,11,51,28,False,True
INV-IND-000475,4,43,20241109,351,42,28,False,False
INV-IND-000476,4,44,20241206,181,26,17,False,False
INV-IND-000477,4,45,20240714,19,47,35,False,True
INV-IND-000478,4,46,20241230,158,36,32,False,False
INV-IND-000479,4,47,20240220,81,31,27,False,False
INV-IND-000480,4,48,20241223,478,32,33,False,False
INV-IND-000481,4,49,20240930,212,40,22,False,False
INV-IND-000482,4,50,20241029,86,35,30,False,False
INV-IND-000483,4,51,20240528,402,40,34,False,False
INV-IND-000484,4,52,20241115,417,57,21,False,False
INV-IND-000485,4,53,20241026,104,45,18,False,False
INV-IND-000486,4,54,20240414,375,52,19,False,False
INV-IND-000487,4,55,20240319,55,59,19,False,True
INV-IND-000488,4,56,20240914,48,27,22,False,False
INV-IND-000489,4,57,20240711,496,43,29,False,False
INV-IND-000490,4,58,20240711,198,53,32,False,False
INV-IND-000491,4,59,20240910,116,40,18,False,False
INV-IND-000492,4,60,20240722,214,26,26,False,False
INV-IND-000493,4,61,20240722,26,52,28,False,True
INV-IND-000494,4,62,20240201,224,34,33,False,False
INV-IND-000495,4,63,20240923,104,47,16,False,False
INV-IND-000496,4,64,20240304,290,33,29,False,False
INV-IND-000497,4,65,20240322,346,52,21,False,False
INV-IND-000498,4,66,20241227,285,43,16,False,False
INV-IND-000499,4,67,20240114,268,59,30,False,False
INV-IND-000500,4,68,20240422,341,49,33,False,False
INV-IND-000501,4,69,20240115,136,52,30,False,False
INV-IND-000502,4,70,20240325,360,30,28,False,False
INV-IND-000503,4,71,20240512,302,48,20,False,False
INV-IND-000504,4,72,20240323,156,44,19,False,False
INV-IND-000505,4,73,20240922,467,26,21,False,False
INV-IND-000506,4,74,20241023,173,43,28,False,False
INV-IND-000507,4,75,20240928,13,52,32,False,True
INV-IND-000508,4,76,20241020,490,54,33,False,False
INV-IND-000509,4,77,20241121,123,60,24,False,False
INV-IND-000510,4,78,20240518,348,51,32,False,False
INV-IND-000511,4,79,20241029,117,28,26,False,False
INV-IND-000512,4,80,20240523,364,26,24,False,False
INV-IND-000513,4,81,20241105,192,58,17,False,False
INV-IND-000514,4,82,20240823,80,39,27,False,False
INV-IND-000515,4,83,20241113,261,50,31,False,False
INV-IND-000516,4,84,20240314,234,35,29,False,False
INV-IND-000517,4,85,20240612,237,42,21,False,False
INV-IND-000518,4,86,20240911,4,30,18,False,True
INV-IND-000519,4,87,20240403,383,53,19,False,False
INV-IND-000520,4,88,20241117,333,28,32,False,False
INV-IND-000521,4,89,20240416,109,48,24,False,False
INV-IND-000522,4,90,20240528,268,43,24,False,False
INV-IND-000523,4,91,20240827,213,52,22,False,False
INV-IND-000524,4,92,20241113,134,45,23,False,False
INV-IND-000525,4,93,20240518,218,56,22,False,False
INV-IND-000526,4,94,20240801,248,53,35,False,False
INV-IND-000527,4,95,20240404,459,50,16,False,False
INV-IND-000528,4,96,20240804,344,49,34,False,False
INV-IND-000529,4,97,20240722,30,57,22,False,True
INV-IND-000530,4,98,20240406,29,33,25,False,True
INV-IND-000531,4,99,20240927,461,38,27,False,False
INV-IND-000532,4,100,20241025,373,26,16,False,False
INV-IND-000533,4,101,20240613,364,40,27,False,False
INV-IND-000534,4,102,20240220,423,35,18,False,False
INV-IND-000535,4,103,20240630,160,37,22,False,False
INV-IND-000536,4,104,20240405,393,51,33,False,False
INV-IND-000537,4,105,20240403,318,37,26,False,False
INV-IND-000538,4,106,20240608,400,54,27,False,False
INV-IND-000539,4,107,20240331,74,33,33,False,False
INV-IND-000540,4,108,20241208,399,46,17,False,False
INV-IND-000541,4,109,20240214,317,38,27,False,False
INV-IND-000542,4,110,20241213,390,53,35,False,False
INV-IND-000543,4,111,20240703,276,56,19,False,False
INV-IND-000544,4,112,20240421,204,45,18,False,False
INV-IND-000545,4,113,20240622,383,36,16,False,False
INV-IND-000546,4,114,20240628,100,59,33,False,False
INV-IND-000547,4,115,20240928,319,40,25,False,False
INV-IND-000548,4,116,20240128,332,34,21,False,False
INV-IND-000549,4,117,20240322,309,41,34,False,False
INV-IND-000550,4,118,20241109,306,57,35,False,False
INV-IND-000551,4,119,20240517,219,27,16,False,False
INV-IND-000552,4,120,20240323,155,28,32,False,False
INV-IND-000553,4,121,20240718,221,55,28,False,False
INV-IND-000554,4,122,20241021,400,47,25,False,False
INV-IND-000555,4,123,20241218,224,34,21,False,False
INV-IND-000556,4,124,20241215,436,25,35,False,False
INV-IND-000557,4,125,20241030,77,31,18,False,False
INV-IND-000558,4,126,20240909,309,41,21,False,False
INV-IND-000559,4,127,20240806,224,45,33,False,False
INV-IND-000560,4,128,20240113,71,43,17,False,False
INV-IND-000561,4,129,20241119,490,32,27,False,False
INV-IND-000562,4,130,20240116,179,60,30,False,False
INV-IND-000563,4,131,20240502,29,35,22,False,True
INV-IND-000564,4,132,20241008,383,58,21,False,False
INV-IND-000565,4,133,20240223,220,30,25,False,False
INV-IND-000566,4,134,20241005,383,48,25,False,False
INV-IND-000567,4,135,20240424,73,44,21,False,False
INV-IND-000568,4,136,20240330,70,53,15,False,False
INV-IND-000569,4,137,20240519,147,47,23,False,False
INV-IND-000570,4,138,20240506,439,41,21,False,False
INV-IND-000571,4,139,20240727,49,59,15,False,True
INV-IND-000572,4,140,20240617,459,58,26,False,False
INV-IND-000573,4,141,20240803,205,47,24,False,False
INV-IND-000574,4,142,20240201,34,59,28,False,True
INV-IND-000575,4,143,20241216,76,45,31,False,False
INV-IND-000576,4,144,20240622,69,42,30,False,False
INV-IND-000577,5,1,20241117,237,42,16,False,False
INV-IND-000578,5,2,20240626,372,28,22,False,False
INV-IND-000579,5,3,20240516,144,35,27,False,False
INV-IND-000580,5,4,20240914,256,37,16,False,False
INV-IND-000581,5,5,20241119,462,33,21,False,False
INV-IND-000582,5,6,20240921,458,56,35,False,False
INV-IND-000583,5,7,20240721,138,45,22,False,False
INV-IND-000584,5,8,20240316,29,49,29,False,True
INV-IND-000585,5,9,20240424,195,32,31,False,False
INV-IND-000586,5,10,20240221,139,37,17,False,False
INV-IND-000587,5,11,20240530,464,39,33,False,False
INV-IND-000588,5,12,20240922,336,35,27,False,False
INV-IND-000589,5,13,20240522,186,25,34,False,False
INV-IND-000590,5,14,20240102,405,60,22,False,False
INV-IND-000591,5,15,20240904,277,42,25,False,False
INV-IND-000592,5,16,20241126,500,55,23,False,False
INV-IND-000593,5,17,20240923,60,54,31,False,False
INV-IND-000594,5,18,20240424,301,33,23,False,False
INV-IND-000595,5,19,20240909,121,37,32,False,False
INV-IND-000596,5,20,20240525,317,32,30,False,False
INV-IND-000597,5,21,20240322,345,29,34,False,False
INV-IND-000598,5,22,20241203,179,58,26,False,False
INV-IND-000599,5,23,20240212,229,55,23,False,False
INV-IND-000600,5,24,20241122,293,40,25,False,False
INV-IND-000601,5,25,20241221,97,38,16,False,False
INV-IND-000602,5,26,20241028,391,47,23,False,False
INV-IND-000603,5,27,20240606,260,38,25,False,False
INV-IND-000604,5,28,20240128,177,43,16,False,False
INV-IND-000605,5,29,20240819,82,57,21,False,False
INV-IND-000606,5,30,20240827,321,53,24,False,False
INV-IND-000607,5,31,20241129,496,40,18,False,False
INV-IND-000608,5,32,20240528,367,28,24,False,False
INV-IND-000609,5,33,20240318,482,40,29,False,False
INV-IND-000610,5,34,20240831,353,48,34,False,False
INV-IND-000611,5,35,20240616,89,27,19,False,False
INV-IND-000612,5,36,20240911,382,46,30,False,False
INV-IND-000613,5,37,20240403,218,36,33,False,False
INV-IND-000614,5,38,20240921,306,26,21,False,False
INV-IND-000615,5,39,20240520,98,48,26,False,False
INV-IND-000616,5,40,20241021,470,50,30,False,False
INV-IND-000617,5,41,20240717,253,55,28,False,False
INV-IND-000618,5,42,20240220,216,40,28,False,False
INV-IND-000619,5,43,20240101,80,41,21,False,False
INV-IND-000620,5,44,20240715,203,49,32,False,False
INV-IND-000621,5,45,20241221,126,57,26,False,False
INV-IND-000622,5,46,20240712,95,25,31,False,False
INV-IND-000623,5,47,20240313,162,33,26,False,False
INV-IND-000624,5,48,20241201,238,37,20,False,False
INV-IND-000625,5,49,20241130,191,53,25,False,False
INV-IND-000626,5,50,20240831,323,46,18,False,False
INV-IND-000627,5,51,20240112,62,53,35,False,False
INV-IND-000628,5,52,20240604,202,39,29,False,False
INV-IND-000629,5,53,20240526,359,55,35,False,False
INV-IND-000630,5,54,20240830,477,43,32,False,False
INV-IND-000631,5,55,20241028,169,57,27,False,False
INV-IND-000632,5,56,20240217,421,53,20,False,False
INV-IND-000633,5,57,20240601,251,28,35,False,False
INV-IND-000634,5,58,20240408,461,56,25,False,False
INV-IND-000635,5,59,20241223,317,58,15,False,False
INV-IND-000636,5,60,20240924,450,33,31,False,False
INV-IND-000637,5,61,20240512,467,50,18,False,False
INV-IND-000638,5,62,20240803,327,41,26,False,False
INV-IND-000639,5,63,20241112,316,58,33,False,False
INV-IND-000640,5,64,20240824,448,46,31,False,False
INV-IND-000641,5,65,20240624,408,32,32,False,False
INV-IND-000642,5,66,20240414,65,40,33,False,False
INV-IND-000643,5,67,20240822,224,34,26,False,False
INV-IND-000644,5,68,20240129,470,53,29,False,False
INV-IND-000645,5,69,20241211,356,60,30,False,False
INV-IND-000646,5,70,20240506,288,44,30,False,False
INV-IND-000647,5,71,20240317,55,40,35,False,False
INV-IND-000648,5,72,20240822,212,33,25,False,False
INV-IND-000649,5,73,20240430,148,41,30,False,False
INV-IND-000650,5,74,20240730,413,33,22,False,False
INV-IND-000651,5,75,20240708,43,39,15,False,False
INV-IND-000652,5,76,20241005,119,50,32,False,False
INV-IND-000653,5,77,20240428,0,53,35,True,True
INV-IND-000654,5,78,20241026,13,54,27,False,True
INV-IND-000655,5,79,20241110,355,49,33,False,False
INV-IND-000656,5,80,20240226,26,51,34,False,True
INV-IND-000657,5,81,20240305,59,58,31,False,False
INV-IND-000658,5,82,20240904,448,36,22,False,False
INV-IND-000659,5,83,20241008,371,58,22,False,False
INV-IND-000660,5,84,20240227,485,52,22,False,False
INV-IND-000661,5,85,20240602,220,35,18,False,False
INV-IND-000662,5,86,20240115,255,41,29,False,False
INV-IND-000663,5,87,20240627,112,30,26,False,False
INV-IND-000664,5,88,20240224,410,59,29,False,False
INV-IND-000665,5,89,20241117,368,53,24,False,False
INV-IND-000666,5,90,20240826,189,42,18,False,False
INV-IND-000667,5,91,20240710,121,43,24,False,False
INV-IND-000668,5,92,20240128,125,60,15,False,False
INV-IND-000669,5,93,20240506,105,46,33,False,False
INV-IND-000670,5,94,20241226,344,41,28,False,False
INV-IND-000671,5,95,20240602,120,57,35,False,False
INV-IND-000672,5,96,20240108,431,28,28,False,False
INV-IND-000673,5,97,20240925,42,43,27,False,True
INV-IND-000674,5,98,20240128,8,26,34,False,True
INV-IND-000675,5,99,20240725,203,33,20,False,False
INV-IND-000676,5,100,20240706,136,30,17,False,False
INV-IND-000677,5,101,20241003,264,58,28,False,False
INV-IND-000678,5,102,20241219,213,33,21,False,False
INV-IND-000679,5,103,20240513,191,49,30,False,False
INV-IND-000680,5,104,20240207,239,41,35,False,False
INV-IND-000681,5,105,20240829,202,46,27,False,False
INV-IND-000682,5,106,20240526,92,43,28,False,False
INV-IND-000683,5,107,20241227,86,27,29,False,False
INV-IND-000684,5,108,20240919,262,37,17,False,False
INV-IND-000685,5,109,20240406,151,60,28,False,False
INV-IND-000686,5,110,20240927,131,42,15,False,False
INV-IND-000687,5,111,20240713,408,59,22,False,False
INV-IND-000688,5,112,20241118,9,38,29,False,True
INV-IND-000689,5,113,20241130,309,32,23,False,False
INV-IND-000690,5,114,20240727,425,35,17,False,False
INV-IND-000691,5,115,20240212,12,54,30,False,True
INV-IND-000692,5,116,20241018,311,25,18,False,False
INV-IND-000693,5,117,20240111,134,45,15,False,False
INV-IND-000694,5,118,20240218,485,56,26,False,False
INV-IND-000695,5,119,20241031,49,49,26,False,True
INV-IND-000696,5,120,20241219,220,28,28,False,False
INV-IND-000697,5,121,20240615,105,50,32,False,False
INV-IND-000698,5,122,20241017,349,30,22,False,False
INV-IND-000699,5,123,20240523,267,57,15,False,False
INV-IND-000700,5,124,20240327,245,47,30,False,False
INV-IND-000701,5,125,20241127,29,48,17,False,True
INV-IND-000702,5,126,20240502,178,33,23,False,False
INV-IND-000703,5,127,20241220,107,47,23,False,False
INV-IND-000704,5,128,20240402,388,59,31,False,False
INV-IND-000705,5,129,20240820,4,36,26,False,True
INV-IND-000706,5,130,20241128,184,60,23,False,False
INV-IND-000707,5,131,20241226,415,25,15,False,False
INV-IND-000708,5,132,20240905,413,55,33,False,False
INV-IND-000709,5,133,20240909,316,30,23,False,False
INV-IND-000710,5,134,20240328,271,44,25,False,False
INV-IND-000711,5,135,20240110,147,41,19,False,False
INV-IND-000712,5,136,20240618,50,51,23,False,True
INV-IND-000713,5,137,20240701,183,39,15,False,False
INV-IND-000714,5,138,20240530,1,31,21,False,True
INV-IND-000715,5,139,20240810,155,43,23,False,False
INV-IND-000716,5,140,20241204,15,33,30,False,True
INV-IND-000717,5,141,20240706,458,52,23,False,False
INV-IND-000718,5,142,20240820,111,55,21,False,False
INV-IND-000719,5,143,20240719,496,30,34,False,False
INV-IND-000720,5,144,20241210,436,50,21,False,False
INV-IND-000721,6,1,20240111,328,49,26,False,False
INV-IND-000722,6,2,20240531,356,51,29,False,False
INV-IND-000723,6,3,20240209,270,29,35,False,False
INV-IND-000724,6,4,20241027,471,50,18,False,False
INV-IND-000725,6,5,20241002,197,35,27,False,False
INV-IND-000726,6,6,20240703,487,36,30,False,False
INV-IND-000727,6,7,20240103,53,27,23,False,False
INV-IND-000728,6,8,20240704,83,56,30,False,False
INV-IND-000729,6,9,20240629,386,51,34,False,False
INV-IND-000730,6,10,20240126,251,51,28,False,False
INV-IND-000731,6,11,20241227,208,56,18,False,False
INV-IND-000732,6,12,20240501,171,54,34,False,False
INV-IND-000733,6,13,20240820,354,30,25,False,False
INV-IND-000734,6,14,20240823,354,33,31,False,False
INV-IND-000735,6,15,20240702,336,33,27,False,False
INV-IND-000736,6,16,20241101,110,25,29,False,False
INV-IND-000737,6,17,20240701,372,58,19,False,False
INV-IND-000738,6,18,20240909,440,40,21,False,False
INV-IND-000739,6,19,20241108,221,27,35,False,False
INV-IND-000740,6,20,20240729,13,60,31,False,True
INV-IND-000741,6,21,20240903,119,44,32,False,False
INV-IND-000742,6,22,20241205,423,54,31,False,False
INV-IND-000743,6,23,20241029,201,53,26,False,False
INV-IND-000744,6,24,20240304,204,34,33,False,False
INV-IND-000745,6,25,20240801,352,31,28,False,False
INV-IND-000746,6,26,20240317,27,43,23,False,True
INV-IND-000747,6,27,20240926,331,58,30,False,False
INV-IND-000748,6,28,20241008,23,38,24,False,True
INV-IND-000749,6,29,20240524,441,42,31,False,False
INV-IND-000750,6,30,20241001,474,30,21,False,False
INV-IND-000751,6,31,20240922,117,58,29,False,False
INV-IND-000752,6,32,20240208,122,48,18,False,False
INV-IND-000753,6,33,20240802,69,55,31,False,False
INV-IND-000754,6,34,20240704,349,43,16,False,False
INV-IND-000755,6,35,20240816,167,27,28,False,False
INV-IND-000756,6,36,20240224,381,51,15,False,False
INV-IND-000757,6,37,20241107,122,47,18,False,False
INV-IND-000758,6,38,20241228,114,31,21,False,False
INV-IND-000759,6,39,20240711,98,37,32,False,False
INV-IND-000760,6,40,20240527,468,34,31,False,False
INV-IND-000761,6,41,20241110,199,27,19,False,False
INV-IND-000762,6,42,20241105,458,43,34,False,False
INV-IND-000763,6,43,20241127,7,54,17,False,True
INV-IND-000764,6,44,20240725,278,50,33,False,False
INV-IND-000765,6,45,20240813,306,37,19,False,False
INV-IND-000766,6,46,20240713,419,58,21,False,False
INV-IND-000767,6,47,20240604,296,28,33,False,False
INV-IND-000768,6,48,20240921,292,43,22,False,False
INV-IND-000769,6,49,20240522,390,33,31,False,False
INV-IND-000770,6,50,20240910,499,29,28,False,False
INV-IND-000771,6,51,20240702,313,27,16,False,False
INV-IND-000772,6,52,20240216,141,29,22,False,False
INV-IND-000773,6,53,20240110,177,56,21,False,False
INV-IND-000774,6,54,20240211,150,29,28,False,False
INV-IND-000775,6,55,20241214,352,59,34,False,False
INV-IND-000776,6,56,20240612,318,30,29,False,False
INV-IND-000777,6,57,20240411,173,35,27,False,False
INV-IND-000778,6,58,20240831,486,27,29,False,False
INV-IND-000779,6,59,20240413,377,35,24,False,False
INV-IND-000780,6,60,20240206,215,43,24,False,False
INV-IND-000781,6,61,20241103,426,34,20,False,False
INV-IND-000782,6,62,20240302,298,53,20,False,False
INV-IND-000783,6,63,20240105,493,56,17,False,False
INV-IND-000784,6,64,20240908,306,41,25,False,False
INV-IND-000785,6,65,20240427,203,44,26,False,False
INV-IND-000786,6,66,20241229,160,44,16,False,False
INV-IND-000787,6,67,20240606,461,37,28,False,False
INV-IND-000788,6,68,20240626,266,29,27,False,False
INV-IND-000789,6,69,20240317,181,26,32,False,False
INV-IND-000790,6,70,20240404,4,40,28,False,True
INV-IND-000791,6,71,20240924,332,35,32,False,False
INV-IND-000792,6,72,20240920,217,44,20,False,False
INV-IND-000793,6,73,20241126,291,52,31,False,False
INV-IND-000794,6,74,20240204,297,52,29,False,False
INV-IND-000795,6,75,20240830,388,59,34,False,False
INV-IND-000796,6,76,20240609,47,57,24,False,True
INV-IND-000797,6,77,20241020,299,36,32,False,False
INV-IND-000798,6,78,20240416,95,35,16,False,False
INV-IND-000799,6,79,20240306,349,54,15,False,False
INV-IND-000800,6,80,20240101,350,43,17,False,False
INV-IND-000801,6,81,20240113,97,41,24,False,False
INV-IND-000802,6,82,20241222,151,53,31,False,False
INV-IND-000803,6,83,20240729,116,55,27,False,False
INV-IND-000804,6,84,20240913,237,42,20,False,False
INV-IND-000805,6,85,20240406,478,57,20,False,False
INV-IND-000806,6,86,20240619,450,40,30,False,False
INV-IND-000807,6,87,20240822,221,39,15,False,False
INV-IND-000808,6,88,20240824,257,27,31,False,False
INV-IND-000809,6,89,20240106,455,51,15,False,False
INV-IND-000810,6,90,20240510,275,32,20,False,False
INV-IND-000811,6,91,20240913,8,32,20,False,True
INV-IND-000812,6,92,20240617,401,33,27,False,False
INV-IND-000813,6,93,20240706,251,37,24,False,False
INV-IND-000814,6,94,20240225,430,53,21,False,False
INV-IND-000815,6,95,20240314,49,45,34,False,False
INV-IND-000816,6,96,20241124,462,39,22,False,False
INV-IND-000817,6,97,20240726,95,42,31,False,False
INV-IND-000818,6,98,20240220,409,43,25,False,False
INV-IND-000819,6,99,20240804,306,30,30,False,False
INV-IND-000820,6,100,20240208,15,36,23,False,True
INV-IND-000821,6,101,20240806,221,35,27,False,False
INV-IND-000822,6,102,20241015,492,44,31,False,False
INV-IND-000823,6,103,20241017,270,34,23,False,False
INV-IND-000824,6,104,20240805,327,55,15,False,False
INV-IND-000825,6,105,20241019,27,55,35,False,True
INV-IND-000826,6,106,20240104,95,55,26,False,False
INV-IND-000827,6,107,20240120,16,46,28,False,True
INV-IND-000828,6,108,20240719,336,35,34,False,False
INV-IND-000829,6,109,20240805,360,35,16,False,False
INV-IND-000830,6,110,20240503,200,36,26,False,False
INV-IND-000831,6,111,20240402,403,34,35,False,False
INV-IND-000832,6,112,20241115,407,52,24,False,False
INV-IND-000833,6,113,20240819,26,57,24,False,True
INV-IND-000834,6,114,20240131,424,46,15,False,False
INV-IND-000835,6,115,20240414,482,42,35,False,False
INV-IND-000836,6,116,20240224,277,38,24,False,False
INV-IND-000837,6,117,20240616,372,45,16,False,False
INV-IND-000838,6,118,20240320,289,49,20,False,False
INV-IND-000839,6,119,20241206,451,42,15,False,False
INV-IND-000840,6,120,20241207,125,46,28,False,False
INV-IND-000841,6,121,20240712,261,30,25,False,False
INV-IND-000842,6,122,20240527,499,35,23,False,False
INV-IND-000843,6,123,20240911,214,57,33,False,False
INV-IND-000844,6,124,20240418,207,52,16,False,False
INV-IND-000845,6,125,20241012,89,36,31,False,False
INV-IND-000846,6,126,20241226,87,56,29,False,False
INV-IND-000847,6,127,20240803,39,29,21,False,False
INV-IND-000848,6,128,20240126,282,39,30,False,False
INV-IND-000849,6,129,20240306,423,40,17,False,False
INV-IND-000850,6,130,20240329,295,31,20,False,False
INV-IND-000851,6,131,20241214,159,39,16,False,False
INV-IND-000852,6,132,20240521,186,54,31,False,False
INV-IND-000853,6,133,20240905,206,42,24,False,False
INV-IND-000854,6,134,20240926,404,48,17,False,False
INV-IND-000855,6,135,20241101,396,55,35,False,False
INV-IND-000856,6,136,20240207,160,42,28,False,False
INV-IND-000857,6,137,20240217,264,29,19,False,False
INV-IND-000858,6,138,20240103,2,33,18,False,True
INV-IND-000859,6,139,20240204,195,43,19,False,False
INV-IND-000860,6,140,20240207,221,46,31,False,False
INV-IND-000861,6,141,20241113,0,42,21,True,True
INV-IND-000862,6,142,20240801,333,34,35,False,False
INV-IND-000863,6,143,20240727,227,34,26,False,False
INV-IND-000864,6,144,20241215,208,54,16,False,False
INV-IND-000865,7,1,20240206,456,38,22,False,False
INV-IND-000866,7,2,20240411,31,59,21,False,True
INV-IND-000867,7,3,20241116,297,52,28,False,False
INV-IND-000868,7,4,20240201,213,32,28,False,False
INV-IND-000869,7,5,20241025,113,50,22,False,False
INV-IND-000870,7,6,20240121,62,36,15,False,False
INV-IND-000871,7,7,20240417,119,38,31,False,False
INV-IND-000872,7,8,20240525,38,44,25,False,True
INV-IND-000873,7,9,20240821,400,56,19,False,False
INV-IND-000874,7,10,20240307,50,40,15,False,False
INV-IND-000875,7,11,20240128,274,52,35,False,False
INV-IND-000876,7,12,20240930,118,32,31,False,False
INV-IND-000877,7,13,20240915,438,27,31,False,False
INV-IND-000878,7,14,20240305,377,29,16,False,False
INV-IND-000879,7,15,20240807,436,55,34,False,False
INV-IND-000880,7,16,20241124,85,41,19,False,False
INV-IND-000881,7,17,20240317,445,43,18,False,False
INV-IND-000882,7,18,20241001,143,34,26,False,False
INV-IND-000883,7,19,20240812,58,30,31,False,False
INV-IND-000884,7,20,20241225,497,27,20,False,False
INV-IND-000885,7,21,20240613,304,49,22,False,False
INV-IND-000886,7,22,20240407,185,25,15,False,False
INV-IND-000887,7,23,20240926,158,59,23,False,False
INV-IND-000888,7,24,20240218,363,45,24,False,False
INV-IND-000889,7,25,20241208,202,39,23,False,False
INV-IND-000890,7,26,20240311,281,43,17,False,False
INV-IND-000891,7,27,20241105,425,37,22,False,False
INV-IND-000892,7,28,20241227,330,42,29,False,False
INV-IND-000893,7,29,20241021,324,56,35,False,False
INV-IND-000894,7,30,20241211,499,33,32,False,False
INV-IND-000895,7,31,20241016,450,32,20,False,False
INV-IND-000896,7,32,20240626,169,50,25,False,False
INV-IND-000897,7,33,20241229,361,36,27,False,False
INV-IND-000898,7,34,20240725,46,55,35,False,True
INV-IND-000899,7,35,20240127,476,42,22,False,False
INV-IND-000900,7,36,20240203,131,49,23,False,False
INV-IND-000901,7,37,20240902,444,28,29,False,False
INV-IND-000902,7,38,20240419,179,41,19,False,False
INV-IND-000903,7,39,20240614,355,33,29,False,False
INV-IND-000904,7,40,20241225,103,57,24,False,False
INV-IND-000905,7,41,20240802,336,47,20,False,False
INV-IND-000906,7,42,20240325,447,39,32,False,False
INV-IND-000907,7,43,20240902,363,48,15,False,False
INV-IND-000908,7,44,20240319,458,57,33,False,False
INV-IND-000909,7,45,20240225,33,50,20,False,True
INV-IND-000910,7,46,20240930,439,45,22,False,False
INV-IND-000911,7,47,20241124,328,39,33,False,False
INV-IND-000912,7,48,20241130,233,41,19,False,False
INV-IND-000913,7,49,20240204,261,31,27,False,False
INV-IND-000914,7,50,20240616,40,52,16,False,True
INV-IND-000915,7,51,20240221,453,59,25,False,False
INV-IND-000916,7,52,20240515,317,50,17,False,False
INV-IND-000917,7,53,20240515,120,58,35,False,False
INV-IND-000918,7,54,20240601,488,36,15,False,False
INV-IND-000919,7,55,20241210,400,29,15,False,False
INV-IND-000920,7,56,20240307,147,56,27,False,False
INV-IND-000921,7,57,20240221,330,41,16,False,False
INV-IND-000922,7,58,20240409,271,29,24,False,False
INV-IND-000923,7,59,20240919,298,28,34,False,False
INV-IND-000924,7,60,20240304,401,43,29,False,False
INV-IND-000925,7,61,20240101,34,45,20,False,True
INV-IND-000926,7,62,20241218,203,27,28,False,False
INV-IND-000927,7,63,20240324,335,26,19,False,False
INV-IND-000928,7,64,20240520,69,40,15,False,False
INV-IND-000929,7,65,20240322,448,44,16,False,False
INV-IND-000930,7,66,20240427,266,41,35,False,False
INV-IND-000931,7,67,20241123,453,35,15,False,False
INV-IND-000932,7,68,20240909,137,48,26,False,False
INV-IND-000933,7,69,20240926,476,41,27,False,False
INV-IND-000934,7,70,20240117,320,52,17,False,False
INV-IND-000935,7,71,20241225,69,31,31,False,False
INV-IND-000936,7,72,20240329,398,52,23,False,False
INV-IND-000937,7,73,20240315,495,45,35,False,False
INV-IND-000938,7,74,20241105,453,47,23,False,False
INV-IND-000939,7,75,20240520,385,58,34,False,False
INV-IND-000940,7,76,20240121,103,57,31,False,False
INV-IND-000941,7,77,20240209,218,28,16,False,False
INV-IND-000942,7,78,20240422,25,54,32,False,True
INV-IND-000943,7,79,20241002,460,34,28,False,False
INV-IND-000944,7,80,20240824,358,35,19,False,False
INV-IND-000945,7,81,20240430,82,38,26,False,False
INV-IND-000946,7,82,20240119,377,34,25,False,False
INV-IND-000947,7,83,20240808,457,43,16,False,False
INV-IND-000948,7,84,20241207,383,48,22,False,False
INV-IND-000949,7,85,20240601,417,53,33,False,False
INV-IND-000950,7,86,20241008,259,57,26,False,False
INV-IND-000951,7,87,20241030,178,49,23,False,False
INV-IND-000952,7,88,20240522,450,60,26,False,False
INV-IND-000953,7,89,20240924,107,26,26,False,False
INV-IND-000954,7,90,20241109,225,32,24,False,False
INV-IND-000955,7,91,20241028,253,38,26,False,False
INV-IND-000956,7,92,20240207,354,35,34,False,False
INV-IND-000957,7,93,20240902,408,31,21,False,False
INV-IND-000958,7,94,20241103,211,25,23,False,False
INV-IND-000959,7,95,20240312,337,48,20,False,False
INV-IND-000960,7,96,20241207,366,45,29,False,False
INV-IND-000961,7,97,20240518,163,50,22,False,False
INV-IND-000962,7,98,20240714,280,44,23,False,False
INV-IND-000963,7,99,20240825,172,48,35,False,False
INV-IND-000964,7,100,20241111,354,40,19,False,False
INV-IND-000965,7,101,20240814,382,46,28,False,False
INV-IND-000966,7,102,20241015,451,26,31,False,False
INV-IND-000967,7,103,20240218,307,46,30,False,False
INV-IND-000968,7,104,20240901,349,28,20,False,False
INV-IND-000969,7,105,20240905,392,28,15,False,False
INV-IND-000970,7,106,20240905,372,29,26,False,False
INV-IND-000971,7,107,20240308,24,54,23,False,True
INV-IND-000972,7,108,20240526,320,33,20,False,False
INV-IND-000973,7,109,20240726,452,41,27,False,False
INV-IND-000974,7,110,20240514,475,46,15,False,False
INV-IND-000975,7,111,20241205,198,42,32,False,False
INV-IND-000976,7,112,20241218,199,51,28,False,False
INV-IND-000977,7,113,20240529,366,47,32,False,False
INV-IND-000978,7,114,20240508,286,54,16,False,False
INV-IND-000979,7,115,20240120,94,41,35,False,False
INV-IND-000980,7,116,20241221,244,50,20,False,False
INV-IND-000981,7,117,20241108,282,45,18,False,False
INV-IND-000982,7,118,20240804,382,54,31,False,False
INV-IND-000983,7,119,20240201,289,38,34,False,False
INV-IND-000984,7,120,20240208,348,40,15,False,False
INV-IND-000985,7,121,20240510,110,40,24,False,False
INV-IND-000986,7,122,20240205,274,43,34,False,False
INV-IND-000987,7,123,20240409,496,51,25,False,False
INV-IND-000988,7,124,20240212,340,59,28,False,False
INV-IND-000989,7,125,20240325,315,28,33,False,False
INV-IND-000990,7,126,20240417,473,29,18,False,False
INV-IND-000991,7,127,20240218,175,28,15,False,False
INV-IND-000992,7,128,20240802,377,44,35,False,False
INV-IND-000993,7,129,20241118,405,39,30,False,False
INV-IND-000994,7,130,20240817,128,40,20,False,False
INV-IND-000995,7,131,20240320,237,56,16,False,False
INV-IND-000996,7,132,20240118,263,42,31,False,False
INV-IND-000997,7,133,20240327,179,35,34,False,False
INV-IND-000998,7,134,20240309,406,57,26,False,False
INV-IND-000999,7,135,20240303,303,37,34,False,False
INV-IND-001000,7,136,20240626,2,42,28,False,True
INV-IND-001001,7,137,20240224,17,55,25,False,True
INV-IND-001002,7,138,20241207,374,35,22,False,False
INV-IND-001003,7,139,20241224,213,28,16,False,False
INV-IND-001004,7,140,20241126,285,49,19,False,False
INV-IND-001005,7,141,20240607,168,34,21,False,False
INV-IND-001006,7,142,20240520,435,57,28,False,False
INV-IND-001007,7,143,20240705,47,30,26,False,False
INV-IND-001008,7,144,20240723,65,39,31,False,False
INV-IND-001009,8,1,20241121,391,33,35,False,False
INV-IND-001010,8,2,20240713,315,52,35,False,False
INV-IND-001011,8,3,20241012,317,42,25,False,False
INV-IND-001012,8,4,20240909,346,36,17,False,False
INV-IND-001013,8,5,20241021,31,33,27,False,True
INV-IND-001014,8,6,20241121,287,31,30,False,False
INV-IND-001015,8,7,20240303,404,55,26,False,False
INV-IND-001016,8,8,20240224,151,48,27,False,False
INV-IND-001017,8,9,20240209,379,52,24,False,False
INV-IND-001018,8,10,20240904,458,41,30,False,False
INV-IND-001019,8,11,20241208,194,41,28,False,False
INV-IND-001020,8,12,20240921,445,53,15,False,False
INV-IND-001021,8,13,20240627,232,48,23,False,False
INV-IND-001022,8,14,20240805,289,40,27,False,False
INV-IND-001023,8,15,20240621,395,51,24,False,False
INV-IND-001024,8,16,20240809,352,25,15,False,False
INV-IND-001025,8,17,20240727,368,39,33,False,False
INV-IND-001026,8,18,20241204,296,56,19,False,False
INV-IND-001027,8,19,20240607,85,51,24,False,False
INV-IND-001028,8,20,20240806,151,39,30,False,False
INV-IND-001029,8,21,20240403,271,53,23,False,False
INV-IND-001030,8,22,20240905,226,47,29,False,False
INV-IND-001031,8,23,20240401,28,60,33,False,True
INV-IND-001032,8,24,20240317,204,31,20,False,False
INV-IND-001033,8,25,20240314,224,48,30,False,False
INV-IND-001034,8,26,20240223,247,43,19,False,False
INV-IND-001035,8,27,20240322,51,60,32,False,True
INV-IND-001036,8,28,20240820,416,34,30,False,False
INV-IND-001037,8,29,20240124,337,43,19,False,False
INV-IND-001038,8,30,20240912,144,26,22,False,False
INV-IND-001039,8,31,20241120,21,30,24,False,True
INV-IND-001040,8,32,20241220,484,26,23,False,False
INV-IND-001041,8,33,20241221,316,26,35,False,False
INV-IND-001042,8,34,20240309,386,51,28,False,False
INV-IND-001043,8,35,20240221,33,35,17,False,True
INV-IND-001044,8,36,20241110,368,49,29,False,False
INV-IND-001045,8,37,20240328,267,55,18,False,False
INV-IND-001046,8,38,20240110,405,45,27,False,False
INV-IND-001047,8,39,20240615,495,58,21,False,False
INV-IND-001048,8,40,20240903,471,60,30,False,False
INV-IND-001049,8,41,20240722,57,41,24,False,False
INV-IND-001050,8,42,20240130,203,42,31,False,False
INV-IND-001051,8,43,20241211,482,26,29,False,False
INV-IND-001052,8,44,20240218,355,26,32,False,False
INV-IND-001053,8,45,20240902,308,40,19,False,False
INV-IND-001054,8,46,20240814,367,46,27,False,False
INV-IND-001055,8,47,20240629,278,52,26,False,False
INV-IND-001056,8,48,20240802,329,56,17,False,False
INV-IND-001057,8,49,20240321,180,56,22,False,False
INV-IND-001058,8,50,20241212,369,55,19,False,False
INV-IND-001059,8,51,20241216,362,45,31,False,False
INV-IND-001060,8,52,20241205,15,53,17,False,True
INV-IND-001061,8,53,20241018,186,45,18,False,False
INV-IND-001062,8,54,20241224,18,47,30,False,True
INV-IND-001063,8,55,20240319,330,46,19,False,False
INV-IND-001064,8,56,20240928,495,54,35,False,False
INV-IND-001065,8,57,20240111,44,43,15,False,False
INV-IND-001066,8,58,20240328,55,58,28,False,True
INV-IND-001067,8,59,20241122,441,34,24,False,False
INV-IND-001068,8,60,20240930,491,58,34,False,False
INV-IND-001069,8,61,20240510,365,46,20,False,False
INV-IND-001070,8,62,20240119,365,31,19,False,False
INV-IND-001071,8,63,20241030,70,33,32,False,False
INV-IND-001072,8,64,20240205,393,46,33,False,False
INV-IND-001073,8,65,20241016,349,40,32,False,False
INV-IND-001074,8,66,20240823,450,37,18,False,False
INV-IND-001075,8,67,20240311,358,47,21,False,False
INV-IND-001076,8,68,20241011,170,56,28,False,False
INV-IND-001077,8,69,20240620,304,60,35,False,False
INV-IND-001078,8,70,20240323,98,33,15,False,False
INV-IND-001079,8,71,20241216,7,27,32,False,True
INV-IND-001080,8,72,20241117,258,41,20,False,False
INV-IND-001081,8,73,20240426,201,29,28,False,False
INV-IND-001082,8,74,20241031,193,39,15,False,False
INV-IND-001083,8,75,20240823,185,43,18,False,False
INV-IND-001084,8,76,20240606,375,38,21,False,False
INV-IND-001085,8,77,20240823,43,59,22,False,True
INV-IND-001086,8,78,20240314,168,37,19,False,False
INV-IND-001087,8,79,20241006,364,41,18,False,False
INV-IND-001088,8,80,20240813,477,29,28,False,False
INV-IND-001089,8,81,20240624,391,48,22,False,False
INV-IND-001090,8,82,20241129,154,30,27,False,False
INV-IND-001091,8,83,20240416,357,51,32,False,False
INV-IND-001092,8,84,20240609,193,27,25,False,False
INV-IND-001093,8,85,20240817,126,50,16,False,False
INV-IND-001094,8,86,20240304,115,30,17,False,False
INV-IND-001095,8,87,20240905,483,53,30,False,False
INV-IND-001096,8,88,20240626,151,42,20,False,False
INV-IND-001097,8,89,20240614,410,36,17,False,False
INV-IND-001098,8,90,20240504,140,43,33,False,False
INV-IND-001099,8,91,20241021,76,33,26,False,False
INV-IND-001100,8,92,20240909,133,56,29,False,False
INV-IND-001101,8,93,20240629,343,49,23,False,False
INV-IND-001102,8,94,20240731,6,38,25,False,True
INV-IND-001103,8,95,20240707,179,27,22,False,False
INV-IND-001104,8,96,20241103,385,49,32,False,False
INV-IND-001105,8,97,20240203,144,53,25,False,False
INV-IND-001106,8,98,20240701,238,27,28,False,False
INV-IND-001107,8,99,20240705,425,49,23,False,False
INV-IND-001108,8,100,20241223,171,37,34,False,False
INV-IND-001109,8,101,20240210,370,33,21,False,False
INV-IND-001110,8,102,20240327,115,43,35,False,False
INV-IND-001111,8,103,20240718,26,37,35,False,True
INV-IND-001112,8,104,20240629,435,42,33,False,False
INV-IND-001113,8,105,20240213,157,33,24,False,False
INV-IND-001114,8,106,20240924,422,34,29,False,False
INV-IND-001115,8,107,20240517,118,37,35,False,False
INV-IND-001116,8,108,20240422,193,59,19,False,False
INV-IND-001117,8,109,20240424,145,25,23,False,False
INV-IND-001118,8,110,20240806,351,60,34,False,False
INV-IND-001119,8,111,20240831,360,36,16,False,False
INV-IND-001120,8,112,20241230,10,54,19,False,True
INV-IND-001121,8,113,20240704,85,42,20,False,False
INV-IND-001122,8,114,20240223,119,56,33,False,False
INV-IND-001123,8,115,20240713,5,35,20,False,True
INV-IND-001124,8,116,20240217,67,40,17,False,False
INV-IND-001125,8,117,20241019,429,30,30,False,False
INV-IND-001126,8,118,20240401,305,43,21,False,False
INV-IND-001127,8,119,20240717,435,38,25,False,False
INV-IND-001128,8,120,20241208,85,41,15,False,False
INV-IND-001129,8,121,20240429,194,34,25,False,False
INV-IND-001130,8,122,20240107,287,57,29,False,False
INV-IND-001131,8,123,20241231,131,60,23,False,False
INV-IND-001132,8,124,20241017,9,40,28,False,True
INV-IND-001133,8,125,20240706,92,25,20,False,False
INV-IND-001134,8,126,20240308,240,46,23,False,False
INV-IND-001135,8,127,20240907,215,59,31,False,False
INV-IND-001136,8,128,20241106,5,41,30,False,True
INV-IND-001137,8,129,20240125,31,56,33,False,True
INV-IND-001138,8,130,20241129,267,59,35,False,False
INV-IND-001139,8,131,20240609,488,56,21,False,False
INV-IND-001140,8,132,20241224,500,41,28,False,False
INV-IND-001141,8,133,20241205,211,30,15,False,False
INV-IND-001142,8,134,20241230,204,57,23,False,False
INV-IND-001143,8,135,20241101,147,42,16,False,False
INV-IND-001144,8,136,20240725,469,29,27,False,False
INV-IND-001145,8,137,20240229,31,50,28,False,True
INV-IND-001146,8,138,20240323,499,51,33,False,False
INV-IND-001147,8,139,20241210,248,48,28,False,False
INV-IND-001148,8,140,20240724,332,30,30,False,False
INV-IND-001149,8,141,20240917,415,49,21,False,False
INV-IND-001150,8,142,20240601,389,41,27,False,False
INV-IND-001151,8,143,20241221,265,60,32,False,False
INV-IND-001152,8,144,20240919,437,53,34,False,False
INV-IND-001153,9,1,20240608,274,36,16,False,False
INV-IND-001154,9,2,20240509,229,32,31,False,False
INV-IND-001155,9,3,20240924,484,54,18,False,False
INV-IND-001156,9,4,20241013,377,26,15,False,False
INV-IND-001157,9,5,20240209,80,57,28,False,False
INV-IND-001158,9,6,20240924,276,25,29,False,False
INV-IND-001159,9,7,20240629,383,37,19,False,False
INV-IND-001160,9,8,20241125,44,25,29,False,False
INV-IND-001161,9,9,20240102,301,47,24,False,False
INV-IND-001162,9,10,20240209,297,36,22,False,False
INV-IND-001163,9,11,20240123,101,26,16,False,False
INV-IND-001164,9,12,20240412,14,30,23,False,True
INV-IND-001165,9,13,20240305,214,53,30,False,False
INV-IND-001166,9,14,20240111,68,44,22,False,False
INV-IND-001167,9,15,20240222,482,26,35,False,False
INV-IND-001168,9,16,20241020,382,48,28,False,False
INV-IND-001169,9,17,20240216,267,37,26,False,False
INV-IND-001170,9,18,20240505,146,59,25,False,False
INV-IND-001171,9,19,20240804,29,53,24,False,True
INV-IND-001172,9,20,20241016,264,32,32,False,False
INV-IND-001173,9,21,20240206,331,57,23,False,False
INV-IND-001174,9,22,20240801,439,45,31,False,False
INV-IND-001175,9,23,20241108,118,39,25,False,False
INV-IND-001176,9,24,20241214,4,34,32,False,True
INV-IND-001177,9,25,20241009,419,58,18,False,False
INV-IND-001178,9,26,20241230,365,60,15,False,False
INV-IND-001179,9,27,20241230,373,25,20,False,False
INV-IND-001180,9,28,20241222,420,54,31,False,False
INV-IND-001181,9,29,20240223,91,48,28,False,False
INV-IND-001182,9,30,20240401,234,33,32,False,False
INV-IND-001183,9,31,20241006,140,26,21,False,False
INV-IND-001184,9,32,20240513,464,41,23,False,False
INV-IND-001185,9,33,20240726,422,29,25,False,False
INV-IND-001186,9,34,20240430,1,41,27,False,True
INV-IND-001187,9,35,20240628,106,42,26,False,False
INV-IND-001188,9,36,20240312,445,54,18,False,False
INV-IND-001189,9,37,20240712,16,34,29,False,True
INV-IND-001190,9,38,20240707,277,59,18,False,False
INV-IND-001191,9,39,20241006,482,53,24,False,False
INV-IND-001192,9,40,20240413,174,47,31,False,False
INV-IND-001193,9,41,20241009,151,26,27,False,False
INV-IND-001194,9,42,20241130,278,53,33,False,False
INV-IND-001195,9,43,20241121,27,41,23,False,True
INV-IND-001196,9,44,20240619,460,34,35,False,False
INV-IND-001197,9,45,20240518,95,39,31,False,False
INV-IND-001198,9,46,20241118,204,28,28,False,False
INV-IND-001199,9,47,20240928,488,27,21,False,False
INV-IND-001200,9,48,20240131,127,31,18,False,False
INV-IND-001201,9,49,20240106,153,52,26,False,False
INV-IND-001202,9,50,20240617,447,39,28,False,False
INV-IND-001203,9,51,20241105,323,30,22,False,False
INV-IND-001204,9,52,20241210,135,47,16,False,False
INV-IND-001205,9,53,20240110,191,27,25,False,False
INV-IND-001206,9,54,20240224,179,32,27,False,False
INV-IND-001207,9,55,20241123,416,50,34,False,False
INV-IND-001208,9,56,20240505,440,40,16,False,False
INV-IND-001209,9,57,20241127,62,54,35,False,False
INV-IND-001210,9,58,20241103,183,58,17,False,False
INV-IND-001211,9,59,20241201,208,59,32,False,False
INV-IND-001212,9,60,20240310,54,40,31,False,False
INV-IND-001213,9,61,20241218,347,35,24,False,False
INV-IND-001214,9,62,20240108,440,43,22,False,False
INV-IND-001215,9,63,20240525,211,35,19,False,False
INV-IND-001216,9,64,20240607,64,25,22,False,False
INV-IND-001217,9,65,20240706,214,49,24,False,False
INV-IND-001218,9,66,20240724,124,53,27,False,False
INV-IND-001219,9,67,20240904,104,35,18,False,False
INV-IND-001220,9,68,20240403,232,48,21,False,False
INV-IND-001221,9,69,20240320,126,25,25,False,False
INV-IND-001222,9,70,20240609,230,38,19,False,False
INV-IND-001223,9,71,20240213,229,29,26,False,False
INV-IND-001224,9,72,20240211,211,38,18,False,False
INV-IND-001225,9,73,20240201,406,49,20,False,False
INV-IND-001226,9,74,20241130,455,52,25,False,False
INV-IND-001227,9,75,20240226,164,34,20,False,False
INV-IND-001228,9,76,20240117,372,56,35,False,False
INV-IND-001229,9,77,20240820,439,52,22,False,False
INV-IND-001230,9,78,20240214,123,60,18,False,False
INV-IND-001231,9,79,20240217,417,40,24,False,False
INV-IND-001232,9,80,20241224,475,38,27,False,False
INV-IND-001233,9,81,20240916,382,26,15,False,False
INV-IND-001234,9,82,20241202,145,43,34,False,False
INV-IND-001235,9,83,20240808,378,51,15,False,False
INV-IND-001236,9,84,20240422,88,28,16,False,False
INV-IND-001237,9,85,20241120,40,57,23,False,True
INV-IND-001238,9,86,20240924,58,34,25,False,False
INV-IND-001239,9,87,20240528,194,39,33,False,False
INV-IND-001240,9,88,20240714,357,48,31,False,False
INV-IND-001241,9,89,20240331,106,50,28,False,False
INV-IND-001242,9,90,20240609,415,38,18,False,False
INV-IND-001243,9,91,20240818,272,41,20,False,False
INV-IND-001244,9,92,20241207,127,50,16,False,False
INV-IND-001245,9,93,20240116,78,59,24,False,False
INV-IND-001246,9,94,20240804,302,35,23,False,False
INV-IND-001247,9,95,20240605,295,45,34,False,False
INV-IND-001248,9,96,20240519,466,29,29,False,False
INV-IND-001249,9,97,20240907,98,52,20,False,False
INV-IND-001250,9,98,20240804,339,43,15,False,False
INV-IND-001251,9,99,20240730,43,27,18,False,False
INV-IND-001252,9,100,20240227,212,54,31,False,False
INV-IND-001253,9,101,20240823,94,59,23,False,False
INV-IND-001254,9,102,20240119,184,40,29,False,False
INV-IND-001255,9,103,20240722,382,46,20,False,False
INV-IND-001256,9,104,20240925,211,43,19,False,False
INV-IND-001257,9,105,20240927,417,37,28,False,False
INV-IND-001258,9,106,20240730,236,27,17,False,False
INV-IND-001259,9,107,20240219,477,28,15,False,False
INV-IND-001260,9,108,20241029,296,40,34,False,False
INV-IND-001261,9,109,20240719,474,59,25,False,False
INV-IND-001262,9,110,20240725,345,40,15,False,False
INV-IND-001263,9,111,20240728,90,27,33,False,False
INV-IND-001264,9,112,20240928,135,26,25,False,False
INV-IND-001265,9,113,20240531,341,33,22,False,False
INV-IND-001266,9,114,20240509,20,25,33,False,True
INV-IND-001267,9,115,20240419,18,43,20,False,True
INV-IND-001268,9,116,20240513,40,46,25,False,True
INV-IND-001269,9,117,20241030,26,36,24,False,True
INV-IND-001270,9,118,20240228,140,29,25,False,False
INV-IND-001271,9,119,20240616,102,48,19,False,False
INV-IND-001272,9,120,20241102,418,39,35,False,False
INV-IND-001273,9,121,20240708,162,39,28,False,False
INV-IND-001274,9,122,20240616,143,28,26,False,False
INV-IND-001275,9,123,20240611,162,39,22,False,False
INV-IND-001276,9,124,20240226,112,58,22,False,False
INV-IND-001277,9,125,20240107,190,39,25,False,False
INV-IND-001278,9,126,20241005,28,45,28,False,True
INV-IND-001279,9,127,20240309,161,33,16,False,False
INV-IND-001280,9,128,20240303,332,40,19,False,False
INV-IND-001281,9,129,20240806,54,47,33,False,False
INV-IND-001282,9,130,20241119,210,52,31,False,False
INV-IND-001283,9,131,20240923,390,55,15,False,False
INV-IND-001284,9,132,20240709,169,59,18,False,False
INV-IND-001285,9,133,20240508,318,29,17,False,False
INV-IND-001286,9,134,20241228,51,58,24,False,True
INV-IND-001287,9,135,20240831,312,26,33,False,False
INV-IND-001288,9,136,20240228,271,56,16,False,False
INV-IND-001289,9,137,20240213,120,34,21,False,False
INV-IND-001290,9,138,20241124,161,45,22,False,False
INV-IND-001291,9,139,20240206,38,25,21,False,False
INV-IND-001292,9,140,20240811,397,44,27,False,False
INV-IND-001293,9,141,20240312,293,48,31,False,False
INV-IND-001294,9,142,20240612,467,58,33,False,False
INV-IND-001295,9,143,20240812,178,47,28,False,False
INV-IND-001296,9,144,20240804,356,46,34,False,False
INV-IND-001297,10,1,20240805,472,39,35,False,False
INV-IND-001298,10,2,20240829,207,36,24,False,False
INV-IND-001299,10,3,20240603,159,34,31,False,False
INV-IND-001300,10,4,20240305,244,52,15,False,False
INV-IND-001301,10,5,20240430,471,56,20,False,False
INV-IND-001302,10,6,20240630,477,33,32,False,False
INV-IND-001303,10,7,20240915,24,55,15,False,True
INV-IND-001304,10,8,20241019,10,40,35,False,True
INV-IND-001305,10,9,20240315,498,29,26,False,False
INV-IND-001306,10,10,20241011,274,33,15,False,False
INV-IND-001307,10,11,20240401,250,35,23,False,False
INV-IND-001308,10,12,20241018,128,45,34,False,False
INV-IND-001309,10,13,20240625,306,49,27,False,False
INV-IND-001310,10,14,20240627,22,43,17,False,True
INV-IND-001311,10,15,20240319,419,33,23,False,False
INV-IND-001312,10,16,20240923,245,58,16,False,False
INV-IND-001313,10,17,20241009,418,42,19,False,False
INV-IND-001314,10,18,20240428,97,28,32,False,False
INV-IND-001315,10,19,20240803,351,54,25,False,False
INV-IND-001316,10,20,20240104,102,28,33,False,False
INV-IND-001317,10,21,20240915,93,53,33,False,False
INV-IND-001318,10,22,20241103,299,26,16,False,False
INV-IND-001319,10,23,20240724,214,26,17,False,False
INV-IND-001320,10,24,20241112,5,51,28,False,True
INV-IND-001321,10,25,20241203,437,59,24,False,False
INV-IND-001322,10,26,20240702,345,26,24,False,False
INV-IND-001323,10,27,20240821,157,45,20,False,False
INV-IND-001324,10,28,20240906,130,32,27,False,False
INV-IND-001325,10,29,20240726,288,51,30,False,False
INV-IND-001326,10,30,20240118,130,55,19,False,False
INV-IND-001327,10,31,20240727,337,27,29,False,False
INV-IND-001328,10,32,20241201,161,33,24,False,False
INV-IND-001329,10,33,20240229,345,60,22,False,False
INV-IND-001330,10,34,20241121,382,57,34,False,False
INV-IND-001331,10,35,20240827,357,39,29,False,False
INV-IND-001332,10,36,20240131,152,60,16,False,False
INV-IND-001333,10,37,20241008,372,52,17,False,False
INV-IND-001334,10,38,20240512,377,30,23,False,False
INV-IND-001335,10,39,20240228,204,40,24,False,False
INV-IND-001336,10,40,20241227,99,58,28,False,False
INV-IND-001337,10,41,20240910,52,42,24,False,False
INV-IND-001338,10,42,20240622,227,58,26,False,False
INV-IND-001339,10,43,20240703,300,27,30,False,False
INV-IND-001340,10,44,20240626,349,32,27,False,False
INV-IND-001341,10,45,20240610,13,27,25,False,True
INV-IND-001342,10,46,20240310,266,32,31,False,False
INV-IND-001343,10,47,20240628,374,58,20,False,False
INV-IND-001344,10,48,20240601,171,51,26,False,False
INV-IND-001345,10,49,20240814,121,57,20,False,False
INV-IND-001346,10,50,20241002,392,36,24,False,False
INV-IND-001347,10,51,20240418,203,50,30,False,False
INV-IND-001348,10,52,20240601,275,53,32,False,False
INV-IND-001349,10,53,20241019,271,49,25,False,False
INV-IND-001350,10,54,20240326,289,41,31,False,False
INV-IND-001351,10,55,20240406,46,29,34,False,False
INV-IND-001352,10,56,20240127,15,45,24,False,True
INV-IND-001353,10,57,20240806,250,35,16,False,False
INV-IND-001354,10,58,20240324,113,37,15,False,False
INV-IND-001355,10,59,20240626,350,53,25,False,False
INV-IND-001356,10,60,20240716,428,38,19,False,False
INV-IND-001357,10,61,20240310,299,44,27,False,False
INV-IND-001358,10,62,20241011,460,44,35,False,False
INV-IND-001359,10,63,20240720,23,49,32,False,True
INV-IND-001360,10,64,20241224,117,36,26,False,False
INV-IND-001361,10,65,20241116,215,41,28,False,False
INV-IND-001362,10,66,20240306,2,50,20,False,True
INV-IND-001363,10,67,20241130,231,25,26,False,False
INV-IND-001364,10,68,20240806,246,52,26,False,False
INV-IND-001365,10,69,20240618,190,55,22,False,False
INV-IND-001366,10,70,20240929,242,36,26,False,False
INV-IND-001367,10,71,20240407,126,55,20,False,False
INV-IND-001368,10,72,20240108,324,25,31,False,False
INV-IND-001369,10,73,20240924,136,55,21,False,False
INV-IND-001370,10,74,20241105,472,26,15,False,False
INV-IND-001371,10,75,20241203,250,25,16,False,False
INV-IND-001372,10,76,20240127,261,40,18,False,False
INV-IND-001373,10,77,20241227,126,48,35,False,False
INV-IND-001374,10,78,20241011,197,32,29,False,False
INV-IND-001375,10,79,20241114,358,33,24,False,False
INV-IND-001376,10,80,20240710,201,35,21,False,False
INV-IND-001377,10,81,20240629,154,52,33,False,False
INV-IND-001378,10,82,20240124,409,46,34,False,False
INV-IND-001379,10,83,20240610,23,49,18,False,True
INV-IND-001380,10,84,20241005,187,26,35,False,False
INV-IND-001381,10,85,20241011,383,48,21,False,False
INV-IND-001382,10,86,20241210,284,57,15,False,False
INV-IND-001383,10,87,20240212,129,36,31,False,False
INV-IND-001384,10,88,20240326,3,35,15,False,True
INV-IND-001385,10,89,20240104,100,25,19,False,False
INV-IND-001386,10,90,20241002,248,34,27,False,False
INV-IND-001387,10,91,20240416,263,54,30,False,False
INV-IND-001388,10,92,20240608,48,29,34,False,False
INV-IND-001389,10,93,20240917,433,27,28,False,False
INV-IND-001390,10,94,20241226,372,47,35,False,False
INV-IND-001391,10,95,20241217,378,37,24,False,False
INV-IND-001392,10,96,20240526,389,56,15,False,False
INV-IND-001393,10,97,20240526,488,33,28,False,False
INV-IND-001394,10,98,20240109,309,33,17,False,False
INV-IND-001395,10,99,20240924,425,32,15,False,False
INV-IND-001396,10,100,20240108,144,30,26,False,False
INV-IND-001397,10,101,20241201,66,60,15,False,False
INV-IND-001398,10,102,20240513,351,36,15,False,False
INV-IND-001399,10,103,20241118,438,34,35,False,False
INV-IND-001400,10,104,20240107,108,34,17,False,False
INV-IND-001401,10,105,20241111,421,58,27,False,False
INV-IND-001402,10,106,20241109,161,32,27,False,False
INV-IND-001403,10,107,20240328,86,51,23,False,False
INV-IND-001404,10,108,20240828,231,39,17,False,False
INV-IND-001405,10,109,20240713,104,52,28,False,False
INV-IND-001406,10,110,20240616,238,26,23,False,False
INV-IND-001407,10,111,20240112,192,59,28,False,False
INV-IND-001408,10,112,20240118,226,56,29,False,False
INV-IND-001409,10,113,20240208,197,32,17,False,False
INV-IND-001410,10,114,20240824,44,57,32,False,True
INV-IND-001411,10,115,20241205,22,41,32,False,True
INV-IND-001412,10,116,20241109,150,59,15,False,False
INV-IND-001413,10,117,20240414,291,55,27,False,False
INV-IND-001414,10,118,20240413,261,38,33,False,False
INV-IND-001415,10,119,20240512,335,37,20,False,False
INV-IND-001416,10,120,20240115,343,38,24,False,False
INV-IND-001417,10,121,20240204,398,41,28,False,False
INV-IND-001418,10,122,20240112,285,32,28,False,False
INV-IND-001419,10,123,20241012,264,27,27,False,False
INV-IND-001420,10,124,20240322,396,34,15,False,False
INV-IND-001421,10,125,20240523,371,26,23,False,False
INV-IND-001422,10,126,20240221,308,60,20,False,False
INV-IND-001423,10,127,20240206,132,59,26,False,False
INV-IND-001424,10,128,20240815,440,54,15,False,False
INV-IND-001425,10,129,20241214,265,50,20,False,False
INV-IND-001426,10,130,20240105,348,30,28,False,False
INV-IND-001427,10,131,20240828,241,45,30,False,False
INV-IND-001428,10,132,20240212,114,29,31,False,False
INV-IND-001429,10,133,20240301,298,48,18,False,False
INV-IND-001430,10,134,20241128,288,59,22,False,False
INV-IND-001431,10,135,20240730,358,47,15,False,False
INV-IND-001432,10,136,20240215,145,38,31,False,False
INV-IND-001433,10,137,20240407,372,41,27,False,False
INV-IND-001434,10,138,20240330,100,34,20,False,False
INV-IND-001435,10,139,20241116,242,30,16,False,False
INV-IND-001436,10,140,20240806,197,28,18,False,False
INV-IND-001437,10,141,20241107,328,28,19,False,False
INV-IND-001438,10,142,20240723,218,27,19,False,False
INV-IND-001439,10,143,20240416,157,44,32,False,False
INV-IND-001440,10,144,20240419,7,52,30,False,True
INV-IND-001441,11,1,20240323,6,53,20,False,True
INV-IND-001442,11,2,20240207,440,26,29,False,False
INV-IND-001443,11,3,20240121,435,25,24,False,False
INV-IND-001444,11,4,20241218,240,60,30,False,False
INV-IND-001445,11,5,20240127,131,27,25,False,False
INV-IND-001446,11,6,20240206,220,48,20,False,False
INV-IND-001447,11,7,20241230,69,44,18,False,False
INV-IND-001448,11,8,20240601,274,60,33,False,False
INV-IND-001449,11,9,20240609,359,49,33,False,False
INV-IND-001450,11,10,20240309,197,60,21,False,False
INV-IND-001451,11,11,20240710,225,57,26,False,False
INV-IND-001452,11,12,20240609,408,48,20,False,False
INV-IND-001453,11,13,20240525,31,35,34,False,True
INV-IND-001454,11,14,20240612,319,48,19,False,False
INV-IND-001455,11,15,20240802,252,38,24,False,False
INV-IND-001456,11,16,20240315,199,53,29,False,False
INV-IND-001457,11,17,20241119,59,35,18,False,False
INV-IND-001458,11,18,20240327,52,49,25,False,False
INV-IND-001459,11,19,20240325,421,40,23,False,False
INV-IND-001460,11,20,20240321,97,43,24,False,False
INV-IND-001461,11,21,20241202,153,60,24,False,False
INV-IND-001462,11,22,20241106,474,51,33,False,False
INV-IND-001463,11,23,20241205,318,45,22,False,False
INV-IND-001464,11,24,20240131,459,57,21,False,False
INV-IND-001465,11,25,20240411,139,55,15,False,False
INV-IND-001466,11,26,20240615,474,54,25,False,False
INV-IND-001467,11,27,20240104,92,40,24,False,False
INV-IND-001468,11,28,20241031,37,43,22,False,True
INV-IND-001469,11,29,20241230,257,37,33,False,False
INV-IND-001470,11,30,20241226,88,27,35,False,False
INV-IND-001471,11,31,20240719,161,60,25,False,False
INV-IND-001472,11,32,20241227,489,60,19,False,False
INV-IND-001473,11,33,20240707,314,47,32,False,False
INV-IND-001474,11,34,20240531,127,47,16,False,False
INV-IND-001475,11,35,20240715,185,52,23,False,False
INV-IND-001476,11,36,20240528,252,40,22,False,False
INV-IND-001477,11,37,20240103,463,32,31,False,False
INV-IND-001478,11,38,20240531,98,58,20,False,False
INV-IND-001479,11,39,20240409,386,56,23,False,False
INV-IND-001480,11,40,20240312,469,25,20,False,False
INV-IND-001481,11,41,20240815,287,29,29,False,False
INV-IND-001482,11,42,20240802,450,55,17,False,False
INV-IND-001483,11,43,20240105,107,44,27,False,False
INV-IND-001484,11,44,20240527,218,52,34,False,False
INV-IND-001485,11,45,20240827,282,35,16,False,False
INV-IND-001486,11,46,20240124,164,33,28,False,False
INV-IND-001487,11,47,20240202,74,59,31,False,False
INV-IND-001488,11,48,20240531,300,26,31,False,False
INV-IND-001489,11,49,20240102,99,54,35,False,False
INV-IND-001490,11,50,20240830,349,52,19,False,False
INV-IND-001491,11,51,20240614,131,55,35,False,False
INV-IND-001492,11,52,20240703,73,37,31,False,False
INV-IND-001493,11,53,20240403,79,40,23,False,False
INV-IND-001494,11,54,20241111,177,43,17,False,False
INV-IND-001495,11,55,20240830,191,26,34,False,False
INV-IND-001496,11,56,20240907,391,41,17,False,False
INV-IND-001497,11,57,20240512,432,41,34,False,False
INV-IND-001498,11,58,20240522,277,35,30,False,False
INV-IND-001499,11,59,20240420,480,51,25,False,False
INV-IND-001500,11,60,20241026,122,29,34,False,False
INV-IND-001501,11,61,20240223,368,45,33,False,False
INV-IND-001502,11,62,20241126,52,55,21,False,True
INV-IND-001503,11,63,20240731,374,60,27,False,False
INV-IND-001504,11,64,20240523,319,41,24,False,False
INV-IND-001505,11,65,20240508,419,30,29,False,False
INV-IND-001506,11,66,20240825,492,34,26,False,False
INV-IND-001507,11,67,20240320,464,33,23,False,False
INV-IND-001508,11,68,20240425,84,49,35,False,False
INV-IND-001509,11,69,20240309,78,39,26,False,False
INV-IND-001510,11,70,20240426,211,53,27,False,False
INV-IND-001511,11,71,20240410,456,45,29,False,False
INV-IND-001512,11,72,20240102,37,55,34,False,True
INV-IND-001513,11,73,20240505,471,52,27,False,False
INV-IND-001514,11,74,20240308,248,42,34,False,False
INV-IND-001515,11,75,20240821,215,25,18,False,False
INV-IND-001516,11,76,20240528,456,55,35,False,False
INV-IND-001517,11,77,20240109,43,48,16,False,True
INV-IND-001518,11,78,20240311,154,57,25,False,False
INV-IND-001519,11,79,20240710,476,26,35,False,False
INV-IND-001520,11,80,20240809,404,48,35,False,False
INV-IND-001521,11,81,20240107,340,32,31,False,False
INV-IND-001522,11,82,20241024,415,54,31,False,False
INV-IND-001523,11,83,20240921,213,27,32,False,False
INV-IND-001524,11,84,20241209,236,54,29,False,False
INV-IND-001525,11,85,20240921,158,44,25,False,False
INV-IND-001526,11,86,20240725,7,53,28,False,True
INV-IND-001527,11,87,20240317,214,40,23,False,False
INV-IND-001528,11,88,20240903,390,26,16,False,False
INV-IND-001529,11,89,20240916,241,55,25,False,False
INV-IND-001530,11,90,20240718,299,48,27,False,False
INV-IND-001531,11,91,20240309,51,50,22,False,False
INV-IND-001532,11,92,20240731,65,37,18,False,False
INV-IND-001533,11,93,20240803,222,53,19,False,False
INV-IND-001534,11,94,20240104,20,34,31,False,True
INV-IND-001535,11,95,20241124,471,48,18,False,False
INV-IND-001536,11,96,20240328,38,52,17,False,True
INV-IND-001537,11,97,20241014,435,44,21,False,False
INV-IND-001538,11,98,20240304,13,36,26,False,True
INV-IND-001539,11,99,20241218,194,56,24,False,False
INV-IND-001540,11,100,20240213,368,48,30,False,False
INV-IND-001541,11,101,20240606,259,35,20,False,False
INV-IND-001542,11,102,20240706,240,34,33,False,False
INV-IND-001543,11,103,20240702,98,33,33,False,False
INV-IND-001544,11,104,20240710,322,60,17,False,False
INV-IND-001545,11,105,20240319,381,38,19,False,False
INV-IND-001546,11,106,20241209,196,43,20,False,False
INV-IND-001547,11,107,20240623,304,33,35,False,False
INV-IND-001548,11,108,20241028,163,58,15,False,False
INV-IND-001549,11,109,20240718,253,53,15,False,False
INV-IND-001550,11,110,20240217,338,40,15,False,False
INV-IND-001551,11,111,20241213,432,50,30,False,False
INV-IND-001552,11,112,20240808,302,40,15,False,False
INV-IND-001553,11,113,20240729,74,40,28,False,False
INV-IND-001554,11,114,20240113,433,56,22,False,False
INV-IND-001555,11,115,20241108,120,36,30,False,False
INV-IND-001556,11,116,20241105,155,55,25,False,False
INV-IND-001557,11,117,20240425,4,25,22,False,True
INV-IND-001558,11,118,20240917,285,60,32,False,False
INV-IND-001559,11,119,20241001,290,48,15,False,False
INV-IND-001560,11,120,20240109,367,30,35,False,False
INV-IND-001561,11,121,20240125,134,30,31,False,False
INV-IND-001562,11,122,20240916,83,34,33,False,False
INV-IND-001563,11,123,20240227,152,34,22,False,False
INV-IND-001564,11,124,20240612,138,29,32,False,False
INV-IND-001565,11,125,20240313,112,28,24,False,False
INV-IND-001566,11,126,20240803,451,53,19,False,False
INV-IND-001567,11,127,20240707,65,38,35,False,False
INV-IND-001568,11,128,20241026,74,54,32,False,False
INV-IND-001569,11,129,20240911,77,33,26,False,False
INV-IND-001570,11,130,20240711,159,43,26,False,False
INV-IND-001571,11,131,20240909,66,47,19,False,False
INV-IND-001572,11,132,20241005,494,41,17,False,False
INV-IND-001573,11,133,20241201,476,40,29,False,False
INV-IND-001574,11,134,20240725,46,50,27,False,True
INV-IND-001575,11,135,20240516,90,38,29,False,False
INV-IND-001576,11,136,20240105,229,58,30,False,False
INV-IND-001577,11,137,20241130,448,46,17,False,False
INV-IND-001578,11,138,20240714,85,60,27,False,False
INV-IND-001579,11,139,20240703,87,36,30,False,False
INV-IND-001580,11,140,20240421,327,35,22,False,False
INV-IND-001581,11,141,20241029,353,58,26,False,False
INV-IND-001582,11,142,20240613,145,29,26,False,False
INV-IND-001583,11,143,20240609,382,30,24,False,False
INV-IND-001584,11,144,20240206,391,59,34,False,False
INV-IND-001585,12,1,20240522,287,34,25,False,False
INV-IND-001586,12,2,20241121,431,48,17,False,False
INV-IND-001587,12,3,20240727,31,43,34,False,True
INV-IND-001588,12,4,20240519,161,45,16,False,False
INV-IND-001589,12,5,20240101,316,42,28,False,False
INV-IND-001590,12,6,20240115,301,51,27,False,False
INV-IND-001591,12,7,20240920,324,44,17,False,False
INV-IND-001592,12,8,20240513,14,30,24,False,True
INV-IND-001593,12,9,20240602,395,49,18,False,False
INV-IND-001594,12,10,20240109,254,32,15,False,False
INV-IND-001595,12,11,20241213,147,41,29,False,False
INV-IND-001596,12,12,20240903,467,27,30,False,False
INV-IND-001597,12,13,20240818,176,39,19,False,False
INV-IND-001598,12,14,20240816,448,50,31,False,False
INV-IND-001599,12,15,20240903,439,41,20,False,False
INV-IND-001600,12,16,20241224,132,37,31,False,False
INV-IND-001601,12,17,20241013,86,38,30,False,False
INV-IND-001602,12,18,20240414,444,35,15,False,False
INV-IND-001603,12,19,20240618,258,29,23,False,False
INV-IND-001604,12,20,20240318,420,56,29,False,False
INV-IND-001605,12,21,20241014,463,49,21,False,False
INV-IND-001606,12,22,20240826,208,46,20,False,False
INV-IND-001607,12,23,20240430,162,47,26,False,False
INV-IND-001608,12,24,20240626,24,48,19,False,True
INV-IND-001609,12,25,20240728,459,46,27,False,False
INV-IND-001610,12,26,20240117,53,57,20,False,True
INV-IND-001611,12,27,20240618,94,25,17,False,False
INV-IND-001612,12,28,20241128,346,59,25,False,False
INV-IND-001613,12,29,20241028,60,60,24,False,True
INV-IND-001614,12,30,20240804,433,58,27,False,False
INV-IND-001615,12,31,20240114,341,57,33,False,False
INV-IND-001616,12,32,20241229,474,32,15,False,False
INV-IND-001617,12,33,20241201,488,35,20,False,False
INV-IND-001618,12,34,20240916,60,45,20,False,False
INV-IND-001619,12,35,20240317,190,60,22,False,False
INV-IND-001620,12,36,20241110,325,36,18,False,False
INV-IND-001621,12,37,20240406,314,44,34,False,False
INV-IND-001622,12,38,20240502,202,41,23,False,False
INV-IND-001623,12,39,20240124,494,41,29,False,False
INV-IND-001624,12,40,20240430,7,47,16,False,True
INV-IND-001625,12,41,20240512,248,44,27,False,False
INV-IND-001626,12,42,20240719,188,27,28,False,False
INV-IND-001627,12,43,20241121,15,46,24,False,True
INV-IND-001628,12,44,20240113,246,47,17,False,False
INV-IND-001629,12,45,20241205,69,30,27,False,False
INV-IND-001630,12,46,20240612,63,58,16,False,False
INV-IND-001631,12,47,20240524,67,30,24,False,False
INV-IND-001632,12,48,20240105,155,29,22,False,False
INV-IND-001633,12,49,20240630,273,44,32,False,False
INV-IND-001634,12,50,20240320,56,34,15,False,False
INV-IND-001635,12,51,20240603,9,52,25,False,True
INV-IND-001636,12,52,20240713,53,51,19,False,False
INV-IND-001637,12,53,20240122,437,44,32,False,False
INV-IND-001638,12,54,20240823,205,34,21,False,False
INV-IND-001639,12,55,20241113,359,36,27,False,False
INV-IND-001640,12,56,20241013,90,32,35,False,False
INV-IND-001641,12,57,20240704,431,26,25,False,False
INV-IND-001642,12,58,20241220,92,36,20,False,False
INV-IND-001643,12,59,20240309,86,53,17,False,False
INV-IND-001644,12,60,20240918,130,57,25,False,False
INV-IND-001645,12,61,20240912,100,26,25,False,False
INV-IND-001646,12,62,20240229,272,44,17,False,False
INV-IND-001647,12,63,20240908,403,47,30,False,False
INV-IND-001648,12,64,20240623,385,33,21,False,False
INV-IND-001649,12,65,20240922,313,48,35,False,False
INV-IND-001650,12,66,20240319,12,29,22,False,True
INV-IND-001651,12,67,20240624,355,34,32,False,False
INV-IND-001652,12,68,20240712,90,47,30,False,False
INV-IND-001653,12,69,20241211,121,33,29,False,False
INV-IND-001654,12,70,20241101,386,44,25,False,False
INV-IND-001655,12,71,20240407,416,60,28,False,False
INV-IND-001656,12,72,20241022,454,46,26,False,False
INV-IND-001657,12,73,20240508,141,28,26,False,False
INV-IND-001658,12,74,20240220,339,28,16,False,False
INV-IND-001659,12,75,20240130,212,26,26,False,False
INV-IND-001660,12,76,20240105,495,48,24,False,False
INV-IND-001661,12,77,20241108,146,29,18,False,False
INV-IND-001662,12,78,20240916,66,44,21,False,False
INV-IND-001663,12,79,20240313,222,48,15,False,False
INV-IND-001664,12,80,20240411,252,60,30,False,False
INV-IND-001665,12,81,20240325,312,30,16,False,False
INV-IND-001666,12,82,20240708,134,56,29,False,False
INV-IND-001667,12,83,20241231,280,25,22,False,False
INV-IND-001668,12,84,20240613,409,27,17,False,False
INV-IND-001669,12,85,20240117,456,42,35,False,False
INV-IND-001670,12,86,20240609,5,38,17,False,True
INV-IND-001671,12,87,20240124,379,31,21,False,False
INV-IND-001672,12,88,20240925,98,60,31,False,False
INV-IND-001673,12,89,20240903,266,33,33,False,False
INV-IND-001674,12,90,20240625,234,33,33,False,False
INV-IND-001675,12,91,20240706,31,28,15,False,False
INV-IND-001676,12,92,20240714,248,47,18,False,False
INV-IND-001677,12,93,20240818,170,45,32,False,False
INV-IND-001678,12,94,20240827,79,58,33,False,False
INV-IND-001679,12,95,20240903,487,31,31,False,False
INV-IND-001680,12,96,20240811,403,48,31,False,False
INV-IND-001681,12,97,20241210,207,26,34,False,False
INV-IND-001682,12,98,20240510,187,52,16,False,False
INV-IND-001683,12,99,20240811,61,37,30,False,False
INV-IND-001684,12,100,20240104,436,26,25,False,False
INV-IND-001685,12,101,20240103,286,33,24,False,False
INV-IND-001686,12,102,20241228,494,49,29,False,False
INV-IND-001687,12,103,20240712,118,32,22,False,False
INV-IND-001688,12,104,20240726,279,31,28,False,False
INV-IND-001689,12,105,20240401,318,51,32,False,False
INV-IND-001690,12,106,20240315,35,41,17,False,True
INV-IND-001691,12,107,20240205,131,59,23,False,False
INV-IND-001692,12,108,20241027,97,48,24,False,False
INV-IND-001693,12,109,20240217,39,51,29,False,True
INV-IND-001694,12,110,20240110,68,51,17,False,False
INV-IND-001695,12,111,20241211,266,56,30,False,False
INV-IND-001696,12,112,20240528,92,52,18,False,False
INV-IND-001697,12,113,20240130,284,59,28,False,False
INV-IND-001698,12,114,20240131,132,50,19,False,False
INV-IND-001699,12,115,20240321,426,30,21,False,False
INV-IND-001700,12,116,20240621,327,31,29,False,False
INV-IND-001701,12,117,20241009,56,52,17,False,False
INV-IND-001702,12,118,20240209,189,33,21,False,False
INV-IND-001703,12,119,20240522,323,37,19,False,False
INV-IND-001704,12,120,20240503,212,58,25,False,False
INV-IND-001705,12,121,20240804,96,45,34,False,False
INV-IND-001706,12,122,20240501,477,47,35,False,False
INV-IND-001707,12,123,20241121,30,36,30,False,True
INV-IND-001708,12,124,20240611,493,29,26,False,False
INV-IND-001709,12,125,20240303,243,28,23,False,False
INV-IND-001710,12,126,20240428,406,36,20,False,False
INV-IND-001711,12,127,20240909,173,34,17,False,False
INV-IND-001712,12,128,20240607,22,35,26,False,True
INV-IND-001713,12,129,20240325,192,29,20,False,False
INV-IND-001714,12,130,20240508,75,50,27,False,False
INV-IND-001715,12,131,20240608,396,46,21,False,False
INV-IND-001716,12,132,20240114,149,47,35,False,False
INV-IND-001717,12,133,20240310,130,40,22,False,False
INV-IND-001718,12,134,20240224,229,40,21,False,False
INV-IND-001719,12,135,20240309,317,47,16,False,False
INV-IND-001720,12,136,20240622,0,28,17,True,True
INV-IND-001721,12,137,20241119,408,36,27,False,False
INV-IND-001722,12,138,20240723,490,48,26,False,False
INV-IND-001723,12,139,20240106,296,59,17,False,False
INV-IND-001724,12,140,20240828,125,47,15,False,False
INV-IND-001725,12,141,20240812,17,48,17,False,True
INV-IND-001726,12,142,20241105,379,57,23,False,False
INV-IND-001727,12,143,20240420,350,52,16,False,False
INV-IND-001728,12,144,20241021,150,52,34,False,False
INV-IND-001729,13,1,20241016,441,35,28,False,False
INV-IND-001730,13,2,20241028,432,56,31,False,False
INV-IND-001731,13,3,20240820,438,30,33,False,False
INV-IND-001732,13,4,20240311,440,45,31,False,False
INV-IND-001733,13,5,20240720,188,42,27,False,False
INV-IND-001734,13,6,20241125,140,28,20,False,False
INV-IND-001735,13,7,20240929,333,52,26,False,False
INV-IND-001736,13,8,20240324,409,45,24,False,False
INV-IND-001737,13,9,20240921,322,34,31,False,False
INV-IND-001738,13,10,20240803,196,31,28,False,False
INV-IND-001739,13,11,20240614,325,27,29,False,False
INV-IND-001740,13,12,20240125,478,56,15,False,False
INV-IND-001741,13,13,20241123,308,45,28,False,False
INV-IND-001742,13,14,20241207,49,31,20,False,False
INV-IND-001743,13,15,20241116,30,43,32,False,True
INV-IND-001744,13,16,20240514,74,60,23,False,False
INV-IND-001745,13,17,20240106,234,37,27,False,False
INV-IND-001746,13,18,20241120,344,58,33,False,False
INV-IND-001747,13,19,20240502,288,36,30,False,False
INV-IND-001748,13,20,20240917,211,41,16,False,False
INV-IND-001749,13,21,20240626,399,28,19,False,False
INV-IND-001750,13,22,20241201,20,27,34,False,True
INV-IND-001751,13,23,20240913,13,55,16,False,True
INV-IND-001752,13,24,20240814,332,40,28,False,False
INV-IND-001753,13,25,20240811,411,29,26,False,False
INV-IND-001754,13,26,20240626,495,49,33,False,False
INV-IND-001755,13,27,20240412,174,60,32,False,False
INV-IND-001756,13,28,20240805,59,44,35,False,False
INV-IND-001757,13,29,20241106,47,51,31,False,True
INV-IND-001758,13,30,20240421,409,50,18,False,False
INV-IND-001759,13,31,20241022,256,54,21,False,False
INV-IND-001760,13,32,20240421,45,29,33,False,False
INV-IND-001761,13,33,20241105,451,34,35,False,False
INV-IND-001762,13,34,20240706,285,41,19,False,False
INV-IND-001763,13,35,20240626,183,57,35,False,False
INV-IND-001764,13,36,20240221,476,31,24,False,False
INV-IND-001765,13,37,20240531,192,39,24,False,False
INV-IND-001766,13,38,20241118,21,56,33,False,True
INV-IND-001767,13,39,20240106,220,60,20,False,False
INV-IND-001768,13,40,20240920,348,43,33,False,False
INV-IND-001769,13,41,20240208,232,47,18,False,False
INV-IND-001770,13,42,20240302,185,49,32,False,False
INV-IND-001771,13,43,20240325,385,39,32,False,False
INV-IND-001772,13,44,20240802,414,46,23,False,False
INV-IND-001773,13,45,20241115,454,33,21,False,False
INV-IND-001774,13,46,20240101,329,41,19,False,False
INV-IND-001775,13,47,20240228,364,31,17,False,False
INV-IND-001776,13,48,20240229,212,25,22,False,False
INV-IND-001777,13,49,20240707,453,27,32,False,False
INV-IND-001778,13,50,20240720,136,58,15,False,False
INV-IND-001779,13,51,20240511,365,46,33,False,False
INV-IND-001780,13,52,20240705,75,33,17,False,False
INV-IND-001781,13,53,20240730,263,50,23,False,False
INV-IND-001782,13,54,20240530,261,53,19,False,False
INV-IND-001783,13,55,20241106,486,29,23,False,False
INV-IND-001784,13,56,20240101,141,38,31,False,False
INV-IND-001785,13,57,20240528,405,48,34,False,False
INV-IND-001786,13,58,20240523,254,47,31,False,False
INV-IND-001787,13,59,20240124,38,60,29,False,True
INV-IND-001788,13,60,20241216,150,33,29,False,False
INV-IND-001789,13,61,20241228,372,30,29,False,False
INV-IND-001790,13,62,20240325,326,39,24,False,False
INV-IND-001791,13,63,20240823,431,47,20,False,False
INV-IND-001792,13,64,20240801,451,38,32,False,False
INV-IND-001793,13,65,20240810,489,44,32,False,False
INV-IND-001794,13,66,20240625,439,50,19,False,False
INV-IND-001795,13,67,20240519,211,49,18,False,False
INV-IND-001796,13,68,20240516,140,27,18,False,False
INV-IND-001797,13,69,20240618,50,58,31,False,True
INV-IND-001798,13,70,20240331,336,35,34,False,False
INV-IND-001799,13,71,20240514,240,25,35,False,False
INV-IND-001800,13,72,20240627,387,53,35,False,False
INV-IND-001801,13,73,20240301,149,58,15,False,False
INV-IND-001802,13,74,20240522,256,35,18,False,False
INV-IND-001803,13,75,20241210,309,45,17,False,False
INV-IND-001804,13,76,20241001,26,39,19,False,True
INV-IND-001805,13,77,20240627,95,33,35,False,False
INV-IND-001806,13,78,20241223,467,53,19,False,False
INV-IND-001807,13,79,20241104,482,57,19,False,False
INV-IND-001808,13,80,20240728,3,55,15,False,True
INV-IND-001809,13,81,20241029,170,33,28,False,False
INV-IND-001810,13,82,20240327,216,57,15,False,False
INV-IND-001811,13,83,20241021,215,49,15,False,False
INV-IND-001812,13,84,20240826,451,27,22,False,False
INV-IND-001813,13,85,20240630,482,52,26,False,False
INV-IND-001814,13,86,20240215,127,41,17,False,False
INV-IND-001815,13,87,20240529,383,50,33,False,False
INV-IND-001816,13,88,20240707,392,58,17,False,False
INV-IND-001817,13,89,20241227,289,33,22,False,False
INV-IND-001818,13,90,20240606,273,45,20,False,False
INV-IND-001819,13,91,20241114,181,35,25,False,False
INV-IND-001820,13,92,20240824,453,60,25,False,False
INV-IND-001821,13,93,20241113,286,60,26,False,False
INV-IND-001822,13,94,20241202,105,42,23,False,False
INV-IND-001823,13,95,20240527,142,31,25,False,False
INV-IND-001824,13,96,20240523,22,34,21,False,True
INV-IND-001825,13,97,20240209,410,42,29,False,False
INV-IND-001826,13,98,20241226,493,59,15,False,False
INV-IND-001827,13,99,20240111,291,60,15,False,False
INV-IND-001828,13,100,20240316,145,28,22,False,False
INV-IND-001829,13,101,20240319,275,40,19,False,False
INV-IND-001830,13,102,20241216,152,31,34,False,False
INV-IND-001831,13,103,20240517,127,48,16,False,False
INV-IND-001832,13,104,20240506,205,53,32,False,False
INV-IND-001833,13,105,20240331,67,45,25,False,False
INV-IND-001834,13,106,20240624,315,30,34,False,False
INV-IND-001835,13,107,20240930,253,32,35,False,False
INV-IND-001836,13,108,20241129,246,35,22,False,False
INV-IND-001837,13,109,20240425,419,41,31,False,False
INV-IND-001838,13,110,20240716,208,40,29,False,False
INV-IND-001839,13,111,20240521,93,51,30,False,False
INV-IND-001840,13,112,20240204,216,39,29,False,False
INV-IND-001841,13,113,20240819,409,60,15,False,False
INV-IND-001842,13,114,20240626,104,29,24,False,False
INV-IND-001843,13,115,20241002,78,59,27,False,False
INV-IND-001844,13,116,20240702,129,52,15,False,False
INV-IND-001845,13,117,20240808,326,46,22,False,False
INV-IND-001846,13,118,20240912,93,29,34,False,False
INV-IND-001847,13,119,20240916,325,51,35,False,False
INV-IND-001848,13,120,20240929,430,41,31,False,False
INV-IND-001849,13,121,20241224,77,60,23,False,False
INV-IND-001850,13,122,20240527,160,44,19,False,False
INV-IND-001851,13,123,20240922,400,38,24,False,False
INV-IND-001852,13,124,20240710,155,25,23,False,False
INV-IND-001853,13,125,20241112,461,53,25,False,False
INV-IND-001854,13,126,20240611,417,59,25,False,False
INV-IND-001855,13,127,20240526,162,42,20,False,False
INV-IND-001856,13,128,20240817,106,47,17,False,False
INV-IND-001857,13,129,20240519,34,46,27,False,True
INV-IND-001858,13,130,20240903,297,44,18,False,False
INV-IND-001859,13,131,20241107,381,57,20,False,False
INV-IND-001860,13,132,20240316,477,54,32,False,False
INV-IND-001861,13,133,20240308,467,26,32,False,False
INV-IND-001862,13,134,20240508,166,29,16,False,False
INV-IND-001863,13,135,20240324,432,50,15,False,False
INV-IND-001864,13,136,20240916,403,53,25,False,False
INV-IND-001865,13,137,20241224,239,40,30,False,False
INV-IND-001866,13,138,20240220,487,49,35,False,False
INV-IND-001867,13,139,20240721,69,43,17,False,False
INV-IND-001868,13,140,20240713,496,39,28,False,False
INV-IND-001869,13,141,20241231,408,57,33,False,False
INV-IND-001870,13,142,20240808,145,48,34,False,False
INV-IND-001871,13,143,20241018,307,29,35,False,False
INV-IND-001872,13,144,20240214,309,39,20,False,False
INV-IND-001873,14,1,20241111,156,41,32,False,False
INV-IND-001874,14,2,20240131,198,34,31,False,False
INV-IND-001875,14,3,20241218,485,47,35,False,False
INV-IND-001876,14,4,20240729,342,58,23,False,False
INV-IND-001877,14,5,20240414,131,38,33,False,False
INV-IND-001878,14,6,20240913,488,59,23,False,False
INV-IND-001879,14,7,20240221,458,46,25,False,False
INV-IND-001880,14,8,20240629,413,57,22,False,False
INV-IND-001881,14,9,20240727,211,56,17,False,False
INV-IND-001882,14,10,20240513,286,56,30,False,False
INV-IND-001883,14,11,20240229,491,36,15,False,False
INV-IND-001884,14,12,20241107,401,41,30,False,False
INV-IND-001885,14,13,20241116,44,50,16,False,True
INV-IND-001886,14,14,20240825,46,59,22,False,True
INV-IND-001887,14,15,20240324,338,48,19,False,False
INV-IND-001888,14,16,20241003,272,28,31,False,False
INV-IND-001889,14,17,20241016,188,49,20,False,False
INV-IND-001890,14,18,20240118,327,25,35,False,False
INV-IND-001891,14,19,20240127,366,59,25,False,False
INV-IND-001892,14,20,20240809,444,38,17,False,False
INV-IND-001893,14,21,20240712,324,37,32,False,False
INV-IND-001894,14,22,20240905,169,50,24,False,False
INV-IND-001895,14,23,20240330,186,53,15,False,False
INV-IND-001896,14,24,20240605,7,55,20,False,True
INV-IND-001897,14,25,20240202,265,37,27,False,False
INV-IND-001898,14,26,20241113,403,46,17,False,False
INV-IND-001899,14,27,20240505,454,41,33,False,False
INV-IND-001900,14,28,20241111,98,43,23,False,False
INV-IND-001901,14,29,20240628,260,57,20,False,False
INV-IND-001902,14,30,20241219,465,44,17,False,False
INV-IND-001903,14,31,20240921,127,32,24,False,False
INV-IND-001904,14,32,20240310,468,37,30,False,False
INV-IND-001905,14,33,20240610,445,27,28,False,False
INV-IND-001906,14,34,20240228,61,48,34,False,False
INV-IND-001907,14,35,20240205,171,38,34,False,False
INV-IND-001908,14,36,20241204,20,51,30,False,True
INV-IND-001909,14,37,20240126,52,34,34,False,False
INV-IND-001910,14,38,20241013,114,31,27,False,False
INV-IND-001911,14,39,20241229,140,30,33,False,False
INV-IND-001912,14,40,20241025,375,26,29,False,False
INV-IND-001913,14,41,20240807,2,31,23,False,True
INV-IND-001914,14,42,20241017,176,56,25,False,False
INV-IND-001915,14,43,20240713,216,51,34,False,False
INV-IND-001916,14,44,20240619,135,36,20,False,False
INV-IND-001917,14,45,20241213,363,58,22,False,False
INV-IND-001918,14,46,20240627,346,44,30,False,False
INV-IND-001919,14,47,20240614,359,41,33,False,False
INV-IND-001920,14,48,20240110,263,32,27,False,False
INV-IND-001921,14,49,20240316,256,41,23,False,False
INV-IND-001922,14,50,20241030,358,27,31,False,False
INV-IND-001923,14,51,20240731,456,52,18,False,False
INV-IND-001924,14,52,20240803,346,40,30,False,False
INV-IND-001925,14,53,20241110,213,35,21,False,False
INV-IND-001926,14,54,20241008,52,44,30,False,False
INV-IND-001927,14,55,20240922,223,59,26,False,False
INV-IND-001928,14,56,20241123,405,41,23,False,False
INV-IND-001929,14,57,20240429,331,58,17,False,False
INV-IND-001930,14,58,20241019,229,52,29,False,False
INV-IND-001931,14,59,20240131,273,59,35,False,False
INV-IND-001932,14,60,20240520,274,46,18,False,False
INV-IND-001933,14,61,20240219,93,33,35,False,False
INV-IND-001934,14,62,20240510,361,34,32,False,False
INV-IND-001935,14,63,20240608,181,34,17,False,False
INV-IND-001936,14,64,20241125,26,56,19,False,True
INV-IND-001937,14,65,20240503,100,26,30,False,False
INV-IND-001938,14,66,20240312,71,60,22,False,False
INV-IND-001939,14,67,20240923,40,37,25,False,False
INV-IND-001940,14,68,20241015,455,26,30,False,False
INV-IND-001941,14,69,20240511,188,55,33,False,False
INV-IND-001942,14,70,20240122,291,29,26,False,False
INV-IND-001943,14,71,20240122,86,52,19,False,False
INV-IND-001944,14,72,20240618,162,26,16,False,False
INV-IND-001945,14,73,20240311,377,35,30,False,False
INV-IND-001946,14,74,20240406,347,56,33,False,False
INV-IND-001947,14,75,20240828,338,50,33,False,False
INV-IND-001948,14,76,20240411,141,59,17,False,False
INV-IND-001949,14,77,20241101,353,30,34,False,False
INV-IND-001950,14,78,20240717,102,54,23,False,False
INV-IND-001951,14,79,20240329,480,53,29,False,False
INV-IND-001952,14,80,20240110,2,38,33,False,True
INV-IND-001953,14,81,20240522,389,49,18,False,False
INV-IND-001954,14,82,20240203,451,41,31,False,False
INV-IND-001955,14,83,20240622,390,56,32,False,False
INV-IND-001956,14,84,20241125,483,40,23,False,False
INV-IND-001957,14,85,20240425,186,25,21,False,False
INV-IND-001958,14,86,20240610,45,58,20,False,True
INV-IND-001959,14,87,20240916,231,48,27,False,False
INV-IND-001960,14,88,20240803,207,54,16,False,False
INV-IND-001961,14,89,20240712,33,52,29,False,True
INV-IND-001962,14,90,20241008,449,38,25,False,False
INV-IND-001963,14,91,20240220,460,39,22,False,False
INV-IND-001964,14,92,20240726,298,27,35,False,False
INV-IND-001965,14,93,20240701,489,32,24,False,False
INV-IND-001966,14,94,20241215,136,35,21,False,False
INV-IND-001967,14,95,20240619,93,47,27,False,False
INV-IND-001968,14,96,20240926,305,33,35,False,False
INV-IND-001969,14,97,20240629,411,42,26,False,False
INV-IND-001970,14,98,20240130,479,50,20,False,False
INV-IND-001971,14,99,20240328,81,39,19,False,False
INV-IND-001972,14,100,20240508,253,34,31,False,False
INV-IND-001973,14,101,20240818,223,38,15,False,False
INV-IND-001974,14,102,20240912,431,40,23,False,False
INV-IND-001975,14,103,20241126,496,54,21,False,False
INV-IND-001976,14,104,20240830,40,36,32,False,False
INV-IND-001977,14,105,20240318,331,29,17,False,False
INV-IND-001978,14,106,20240214,259,32,28,False,False
INV-IND-001979,14,107,20240528,323,39,21,False,False
INV-IND-001980,14,108,20241019,229,44,21,False,False
INV-IND-001981,14,109,20241107,321,57,16,False,False
INV-IND-001982,14,110,20240228,269,38,27,False,False
INV-IND-001983,14,111,20240206,197,38,15,False,False
INV-IND-001984,14,112,20241107,256,27,31,False,False
INV-IND-001985,14,113,20240830,313,39,29,False,False
INV-IND-001986,14,114,20240916,302,45,19,False,False
INV-IND-001987,14,115,20240818,90,25,19,False,False
INV-IND-001988,14,116,20241212,91,56,16,False,False
INV-IND-001989,14,117,20240612,425,54,28,False,False
INV-IND-001990,14,118,20240701,9,29,30,False,True
INV-IND-001991,14,119,20240416,408,55,29,False,False
INV-IND-001992,14,120,20240512,200,60,34,False,False
INV-IND-001993,14,121,20240531,480,57,24,False,False
INV-IND-001994,14,122,20240505,419,58,25,False,False
INV-IND-001995,14,123,20240419,404,50,19,False,False
INV-IND-001996,14,124,20240111,147,43,35,False,False
INV-IND-001997,14,125,20241228,126,42,24,False,False
INV-IND-001998,14,126,20240114,259,60,29,False,False
INV-IND-001999,14,127,20240302,371,52,24,False,False
INV-IND-002000,14,128,20240826,356,58,16,False,False
INV-IND-002001,14,129,20240603,481,57,21,False,False
INV-IND-002002,14,130,20241001,164,41,17,False,False
INV-IND-002003,14,131,20241208,259,55,30,False,False
INV-IND-002004,14,132,20240909,189,50,35,False,False
INV-IND-002005,14,133,20241009,425,52,32,False,False
INV-IND-002006,14,134,20240912,175,51,16,False,False
INV-IND-002007,14,135,20240209,58,35,15,False,False
INV-IND-002008,14,136,20241029,466,47,23,False,False
INV-IND-002009,14,137,20240918,156,45,22,False,False
INV-IND-002010,14,138,20240910,253,50,19,False,False
INV-IND-002011,14,139,20240415,176,43,15,False,False
INV-IND-002012,14,140,20240409,71,32,20,False,False
INV-IND-002013,14,141,20240928,273,57,16,False,False
INV-IND-002014,14,142,20241221,87,34,19,False,False
INV-IND-002015,14,143,20241103,30,51,26,False,True
INV-IND-002016,14,144,20240520,26,60,31,False,True
INV-IND-002017,15,1,20240824,395,37,27,False,False
INV-IND-002018,15,2,20240710,147,52,17,False,False
INV-IND-002019,15,3,20240112,238,46,30,False,False
INV-IND-002020,15,4,20241226,172,58,35,False,False
INV-IND-002021,15,5,20241209,266,41,16,False,False
INV-IND-002022,15,6,20240924,469,27,19,False,False
INV-IND-002023,15,7,20241219,452,45,30,False,False
INV-IND-002024,15,8,20240829,463,60,18,False,False
INV-IND-002025,15,9,20241108,132,51,18,False,False
INV-IND-002026,15,10,20240209,390,46,25,False,False
INV-IND-002027,15,11,20241123,174,52,17,False,False
INV-IND-002028,15,12,20240731,70,27,20,False,False
INV-IND-002029,15,13,20240920,101,28,16,False,False
INV-IND-002030,15,14,20240305,269,41,27,False,False
INV-IND-002031,15,15,20240628,152,52,19,False,False
INV-IND-002032,15,16,20241115,360,48,31,False,False
INV-IND-002033,15,17,20241220,490,41,32,False,False
INV-IND-002034,15,18,20241204,335,37,18,False,False
INV-IND-002035,15,19,20240203,119,46,33,False,False
INV-IND-002036,15,20,20241005,92,44,26,False,False
INV-IND-002037,15,21,20240420,192,25,15,False,False
INV-IND-002038,15,22,20241007,323,31,25,False,False
INV-IND-002039,15,23,20240508,335,30,17,False,False
INV-IND-002040,15,24,20240413,70,25,19,False,False
INV-IND-002041,15,25,20241124,351,37,34,False,False
INV-IND-002042,15,26,20241201,5,51,26,False,True
INV-IND-002043,15,27,20240118,225,56,24,False,False
INV-IND-002044,15,28,20240513,120,30,35,False,False
INV-IND-002045,15,29,20240513,353,52,17,False,False
INV-IND-002046,15,30,20240721,225,47,17,False,False
INV-IND-002047,15,31,20241214,141,58,33,False,False
INV-IND-002048,15,32,20240329,401,44,15,False,False
INV-IND-002049,15,33,20240824,397,33,18,False,False
INV-IND-002050,15,34,20240516,371,47,16,False,False
INV-IND-002051,15,35,20240402,335,49,25,False,False
INV-IND-002052,15,36,20240210,329,60,26,False,False
INV-IND-002053,15,37,20240311,51,53,32,False,True
INV-IND-002054,15,38,20240411,84,45,15,False,False
INV-IND-002055,15,39,20241002,191,28,26,False,False
INV-IND-002056,15,40,20240802,229,59,15,False,False
INV-IND-002057,15,41,20240420,15,27,32,False,True
INV-IND-002058,15,42,20240408,493,57,19,False,False
INV-IND-002059,15,43,20241004,77,57,23,False,False
INV-IND-002060,15,44,20240306,295,59,23,False,False
INV-IND-002061,15,45,20240319,462,51,23,False,False
INV-IND-002062,15,46,20241210,58,48,25,False,False
INV-IND-002063,15,47,20241010,228,38,26,False,False
INV-IND-002064,15,48,20240815,420,33,28,False,False
INV-IND-002065,15,49,20240320,70,34,25,False,False
INV-IND-002066,15,50,20240121,232,31,20,False,False
INV-IND-002067,15,51,20240523,98,53,24,False,False
INV-IND-002068,15,52,20240628,148,46,32,False,False
INV-IND-002069,15,53,20240428,481,47,30,False,False
INV-IND-002070,15,54,20241029,413,49,29,False,False
INV-IND-002071,15,55,20240913,325,27,29,False,False
INV-IND-002072,15,56,20240914,121,47,32,False,False
INV-IND-002073,15,57,20240610,450,38,29,False,False
INV-IND-002074,15,58,20240824,284,33,23,False,False
INV-IND-002075,15,59,20241210,176,57,35,False,False
INV-IND-002076,15,60,20240110,308,27,32,False,False
INV-IND-002077,15,61,20240528,394,44,31,False,False
INV-IND-002078,15,62,20240926,429,58,33,False,False
INV-IND-002079,15,63,20240116,426,41,35,False,False
INV-IND-002080,15,64,20241113,221,60,18,False,False
INV-IND-002081,15,65,20241014,58,58,35,False,True
INV-IND-002082,15,66,20240704,24,43,33,False,True
INV-IND-002083,15,67,20240603,52,41,29,False,False
INV-IND-002084,15,68,20240719,495,36,19,False,False
INV-IND-002085,15,69,20240430,491,54,26,False,False
INV-IND-002086,15,70,20240119,391,32,22,False,False
INV-IND-002087,15,71,20240601,241,49,20,False,False
INV-IND-002088,15,72,20240329,355,42,18,False,False
INV-IND-002089,15,73,20240923,430,53,29,False,False
INV-IND-002090,15,74,20240108,77,53,34,False,False
INV-IND-002091,15,75,20240423,471,34,30,False,False
INV-IND-002092,15,76,20240724,270,39,28,False,False
INV-IND-002093,15,77,20240820,57,49,25,False,False
INV-IND-002094,15,78,20240825,173,52,16,False,False
INV-IND-002095,15,79,20241001,444,30,34,False,False
INV-IND-002096,15,80,20240913,366,57,19,False,False
INV-IND-002097,15,81,20240515,53,43,19,False,False
INV-IND-002098,15,82,20240808,197,26,20,False,False
INV-IND-002099,15,83,20240221,382,53,29,False,False
INV-IND-002100,15,84,20240127,9,57,15,False,True
INV-IND-002101,15,85,20240915,137,38,32,False,False
INV-IND-002102,15,86,20240707,180,30,33,False,False
INV-IND-002103,15,87,20240316,118,39,29,False,False
INV-IND-002104,15,88,20240902,151,26,30,False,False
INV-IND-002105,15,89,20240212,448,47,31,False,False
INV-IND-002106,15,90,20240227,131,59,25,False,False
INV-IND-002107,15,91,20240524,241,43,19,False,False
INV-IND-002108,15,92,20240515,411,52,16,False,False
INV-IND-002109,15,93,20240316,482,44,25,False,False
INV-IND-002110,15,94,20241208,99,44,15,False,False
INV-IND-002111,15,95,20241128,83,42,35,False,False
INV-IND-002112,15,96,20240119,164,58,16,False,False
INV-IND-002113,15,97,20240822,214,43,17,False,False
INV-IND-002114,15,98,20240424,435,35,17,False,False
INV-IND-002115,15,99,20241027,437,59,31,False,False
INV-IND-002116,15,100,20240709,192,46,23,False,False
INV-IND-002117,15,101,20241218,219,53,34,False,False
INV-IND-002118,15,102,20240722,260,45,35,False,False
INV-IND-002119,15,103,20241102,109,60,29,False,False
INV-IND-002120,15,104,20240507,180,33,30,False,False
INV-IND-002121,15,105,20240117,168,26,30,False,False
INV-IND-002122,15,106,20240722,497,44,15,False,False
INV-IND-002123,15,107,20240215,44,46,31,False,True
INV-IND-002124,15,108,20240822,114,53,27,False,False
INV-IND-002125,15,109,20240603,193,37,29,False,False
INV-IND-002126,15,110,20241010,433,54,32,False,False
INV-IND-002127,15,111,20240423,480,33,23,False,False
INV-IND-002128,15,112,20240913,417,43,20,False,False
INV-IND-002129,15,113,20241103,312,44,17,False,False
INV-IND-002130,15,114,20240303,19,25,23,False,True
INV-IND-002131,15,115,20240526,205,42,25,False,False
INV-IND-002132,15,116,20240814,364,28,17,False,False
INV-IND-002133,15,117,20240410,440,52,20,False,False
INV-IND-002134,15,118,20240307,490,59,22,False,False
INV-IND-002135,15,119,20241201,125,45,32,False,False
INV-IND-002136,15,120,20240220,133,55,17,False,False
INV-IND-002137,15,121,20240511,111,32,18,False,False
INV-IND-002138,15,122,20240531,258,54,29,False,False
INV-IND-002139,15,123,20241004,157,60,30,False,False
INV-IND-002140,15,124,20240222,395,46,27,False,False
INV-IND-002141,15,125,20240612,150,32,18,False,False
INV-IND-002142,15,126,20240331,175,33,25,False,False
INV-IND-002143,15,127,20241108,417,47,25,False,False
INV-IND-002144,15,128,20240614,397,48,26,False,False
INV-IND-002145,15,129,20240506,181,47,34,False,False
INV-IND-002146,15,130,20240803,209,56,18,False,False
INV-IND-002147,15,131,20241126,424,57,33,False,False
INV-IND-002148,15,132,20241008,47,33,35,False,False
INV-IND-002149,15,133,20241215,439,34,29,False,False
INV-IND-002150,15,134,20240717,357,28,25,False,False
INV-IND-002151,15,135,20241223,213,34,24,False,False
INV-IND-002152,15,136,20240502,209,46,15,False,False
INV-IND-002153,15,137,20241030,347,47,21,False,False
INV-IND-002154,15,138,20240308,433,54,19,False,False
INV-IND-002155,15,139,20240129,201,57,25,False,False
INV-IND-002156,15,140,20241006,417,42,18,False,False
INV-IND-002157,15,141,20240216,86,35,26,False,False
INV-IND-002158,15,142,20241220,221,33,34,False,False
INV-IND-002159,15,143,20240524,443,35,31,False,False
INV-IND-002160,15,144,20240706,454,33,28,False,False
INV-IND-002161,16,1,20240814,207,38,17,False,False
INV-IND-002162,16,2,20240320,233,32,20,False,False
INV-IND-002163,16,3,20241219,466,51,24,False,False
INV-IND-002164,16,4,20240506,166,42,31,False,False
INV-IND-002165,16,5,20241213,282,27,34,False,False
INV-IND-002166,16,6,20241112,480,25,18,False,False
INV-IND-002167,16,7,20241010,177,57,15,False,False
INV-IND-002168,16,8,20240607,367,28,16,False,False
INV-IND-002169,16,9,20241006,44,45,23,False,True
INV-IND-002170,16,10,20241207,329,39,28,False,False
INV-IND-002171,16,11,20240416,416,26,21,False,False
INV-IND-002172,16,12,20241212,226,36,35,False,False
INV-IND-002173,16,13,20240902,305,56,31,False,False
INV-IND-002174,16,14,20240429,496,29,26,False,False
INV-IND-002175,16,15,20240619,213,57,23,False,False
INV-IND-002176,16,16,20240430,458,58,28,False,False
INV-IND-002177,16,17,20240619,162,28,20,False,False
INV-IND-002178,16,18,20240923,24,49,21,False,True
INV-IND-002179,16,19,20240815,404,29,31,False,False
INV-IND-002180,16,20,20241206,93,45,27,False,False
INV-IND-002181,16,21,20240627,203,51,32,False,False
INV-IND-002182,16,22,20240410,77,43,33,False,False
INV-IND-002183,16,23,20240709,25,60,18,False,True
INV-IND-002184,16,24,20240823,132,45,16,False,False
INV-IND-002185,16,25,20240324,305,59,23,False,False
INV-IND-002186,16,26,20240829,432,46,33,False,False
INV-IND-002187,16,27,20240102,236,55,26,False,False
INV-IND-002188,16,28,20241003,5,42,35,False,True
INV-IND-002189,16,29,20241004,494,47,16,False,False
INV-IND-002190,16,30,20240418,271,51,17,False,False
INV-IND-002191,16,31,20240109,77,53,32,False,False
INV-IND-002192,16,32,20240626,168,45,24,False,False
INV-IND-002193,16,33,20241114,455,37,34,False,False
INV-IND-002194,16,34,20240423,295,29,27,False,False
INV-IND-002195,16,35,20241218,462,33,26,False,False
INV-IND-002196,16,36,20240611,210,52,21,False,False
INV-IND-002197,16,37,20240205,451,57,31,False,False
INV-IND-002198,16,38,20240629,350,35,20,False,False
INV-IND-002199,16,39,20240827,267,31,27,False,False
INV-IND-002200,16,40,20240721,25,30,16,False,True
INV-IND-002201,16,41,20240731,185,56,17,False,False
INV-IND-002202,16,42,20241115,389,39,25,False,False
INV-IND-002203,16,43,20241224,202,28,25,False,False
INV-IND-002204,16,44,20241123,394,30,34,False,False
INV-IND-002205,16,45,20240226,176,55,20,False,False
INV-IND-002206,16,46,20240215,388,60,28,False,False
INV-IND-002207,16,47,20241028,273,40,28,False,False
INV-IND-002208,16,48,20240325,64,48,18,False,False
INV-IND-002209,16,49,20241020,50,49,20,False,False
INV-IND-002210,16,50,20241122,143,40,26,False,False
INV-IND-002211,16,51,20241210,48,47,32,False,False
INV-IND-002212,16,52,20241008,81,54,19,False,False
INV-IND-002213,16,53,20240526,137,52,18,False,False
INV-IND-002214,16,54,20241013,10,29,32,False,True
INV-IND-002215,16,55,20240607,45,28,18,False,False
INV-IND-002216,16,56,20240511,72,47,22,False,False
INV-IND-002217,16,57,20240312,258,29,28,False,False
INV-IND-002218,16,58,20241101,462,49,27,False,False
INV-IND-002219,16,59,20240711,86,57,31,False,False
INV-IND-002220,16,60,20240916,314,38,17,False,False
INV-IND-002221,16,61,20240820,379,59,18,False,False
INV-IND-002222,16,62,20240827,335,35,15,False,False
INV-IND-002223,16,63,20240306,417,30,16,False,False
INV-IND-002224,16,64,20240610,159,37,22,False,False
INV-IND-002225,16,65,20240702,26,25,15,False,False
INV-IND-002226,16,66,20240412,331,29,17,False,False
INV-IND-002227,16,67,20241017,227,41,34,False,False
INV-IND-002228,16,68,20241018,77,59,21,False,False
INV-IND-002229,16,69,20240714,437,57,31,False,False
INV-IND-002230,16,70,20240419,215,48,31,False,False
INV-IND-002231,16,71,20240724,311,48,18,False,False
INV-IND-002232,16,72,20240621,277,48,15,False,False
INV-IND-002233,16,73,20241009,323,44,30,False,False
INV-IND-002234,16,74,20240104,426,45,22,False,False
INV-IND-002235,16,75,20240115,387,30,22,False,False
INV-IND-002236,16,76,20240516,181,41,34,False,False
INV-IND-002237,16,77,20240108,370,37,28,False,False
INV-IND-002238,16,78,20240529,445,54,18,False,False
INV-IND-002239,16,79,20241117,76,33,17,False,False
INV-IND-002240,16,80,20240224,88,50,30,False,False
INV-IND-002241,16,81,20240513,89,46,33,False,False
INV-IND-002242,16,82,20240116,252,38,28,False,False
INV-IND-002243,16,83,20240104,439,27,27,False,False
INV-IND-002244,16,84,20240616,429,57,31,False,False
INV-IND-002245,16,85,20240305,438,58,15,False,False
INV-IND-002246,16,86,20240308,19,28,30,False,True
INV-IND-002247,16,87,20240704,163,44,33,False,False
INV-IND-002248,16,88,20241007,306,39,32,False,False
INV-IND-002249,16,89,20240715,21,37,35,False,True
INV-IND-002250,16,90,20240518,2,36,26,False,True
INV-IND-002251,16,91,20241018,279,25,20,False,False
INV-IND-002252,16,92,20240902,51,52,31,False,True
INV-IND-002253,16,93,20241122,275,45,27,False,False
INV-IND-002254,16,94,20240916,97,28,15,False,False
INV-IND-002255,16,95,20241221,426,29,31,False,False
INV-IND-002256,16,96,20241208,463,57,32,False,False
INV-IND-002257,16,97,20240706,210,49,32,False,False
INV-IND-002258,16,98,20240303,159,39,19,False,False
INV-IND-002259,16,99,20240808,451,42,35,False,False
INV-IND-002260,16,100,20240819,479,35,15,False,False
INV-IND-002261,16,101,20240322,463,57,24,False,False
INV-IND-002262,16,102,20241024,465,56,21,False,False
INV-IND-002263,16,103,20240413,375,59,28,False,False
INV-IND-002264,16,104,20240918,255,55,15,False,False
INV-IND-002265,16,105,20240601,227,54,35,False,False
INV-IND-002266,16,106,20240415,392,46,21,False,False
INV-IND-002267,16,107,20241124,156,39,23,False,False
INV-IND-002268,16,108,20240222,59,48,25,False,False
INV-IND-002269,16,109,20240117,498,36,29,False,False
INV-IND-002270,16,110,20240724,427,29,15,False,False
INV-IND-002271,16,111,20240613,416,52,28,False,False
INV-IND-002272,16,112,20240710,64,33,23,False,False
INV-IND-002273,16,113,20241006,465,39,26,False,False
INV-IND-002274,16,114,20240922,2,35,19,False,True
INV-IND-002275,16,115,20241230,83,26,25,False,False
INV-IND-002276,16,116,20240801,6,38,33,False,True
INV-IND-002277,16,117,20240617,78,41,30,False,False
INV-IND-002278,16,118,20241225,284,47,31,False,False
INV-IND-002279,16,119,20241118,253,29,17,False,False
INV-IND-002280,16,120,20240618,406,45,34,False,False
INV-IND-002281,16,121,20240526,69,46,35,False,False
INV-IND-002282,16,122,20240406,9,46,18,False,True
INV-IND-002283,16,123,20240124,85,26,22,False,False
INV-IND-002284,16,124,20241005,247,27,24,False,False
INV-IND-002285,16,125,20240420,143,46,19,False,False
INV-IND-002286,16,126,20240214,56,33,21,False,False
INV-IND-002287,16,127,20240508,76,39,27,False,False
INV-IND-002288,16,128,20240520,110,32,24,False,False
INV-IND-002289,16,129,20240817,398,51,34,False,False
INV-IND-002290,16,130,20241211,314,26,23,False,False
INV-IND-002291,16,131,20240407,44,38,20,False,False
INV-IND-002292,16,132,20240405,142,35,27,False,False
INV-IND-002293,16,133,20241225,219,25,28,False,False
INV-IND-002294,16,134,20240412,78,45,21,False,False
INV-IND-002295,16,135,20240810,359,48,19,False,False
INV-IND-002296,16,136,20240925,271,30,22,False,False
INV-IND-002297,16,137,20240414,446,57,28,False,False
INV-IND-002298,16,138,20240727,331,48,33,False,False
INV-IND-002299,16,139,20240920,98,58,34,False,False
INV-IND-002300,16,140,20240229,347,37,31,False,False
INV-IND-002301,16,141,20240409,4,50,23,False,True
INV-IND-002302,16,142,20240531,205,57,28,False,False
INV-IND-002303,16,143,20240727,457,39,18,False,False
INV-IND-002304,16,144,20241121,340,34,18,False,False
INV-IND-002305,17,1,20240521,432,40,18,False,False
INV-IND-002306,17,2,20240424,25,41,18,False,True
INV-IND-002307,17,3,20240314,485,26,31,False,False
INV-IND-002308,17,4,20241015,45,48,34,False,True
INV-IND-002309,17,5,20241011,394,47,33,False,False
INV-IND-002310,17,6,20240322,99,57,24,False,False
INV-IND-002311,17,7,20241009,259,42,17,False,False
INV-IND-002312,17,8,20241104,86,49,21,False,False
INV-IND-002313,17,9,20241102,230,51,23,False,False
INV-IND-002314,17,10,20241019,309,54,29,False,False
INV-IND-002315,17,11,20240627,376,55,32,False,False
INV-IND-002316,17,12,20241017,169,33,26,False,False
INV-IND-002317,17,13,20240316,90,32,21,False,False
INV-IND-002318,17,14,20240329,246,25,24,False,False
INV-IND-002319,17,15,20240414,54,56,22,False,True
INV-IND-002320,17,16,20240716,156,26,15,False,False
INV-IND-002321,17,17,20240218,452,51,20,False,False
INV-IND-002322,17,18,20240924,187,26,35,False,False
INV-IND-002323,17,19,20240916,207,49,20,False,False
INV-IND-002324,17,20,20240217,275,31,33,False,False
INV-IND-002325,17,21,20241125,3,45,23,False,True
INV-IND-002326,17,22,20240612,233,25,35,False,False
INV-IND-002327,17,23,20241210,340,51,15,False,False
INV-IND-002328,17,24,20240910,10,39,30,False,True
INV-IND-002329,17,25,20240105,224,48,31,False,False
INV-IND-002330,17,26,20240810,480,44,28,False,False
INV-IND-002331,17,27,20240520,148,51,19,False,False
INV-IND-002332,17,28,20240208,371,44,31,False,False
INV-IND-002333,17,29,20240228,293,28,24,False,False
INV-IND-002334,17,30,20240221,209,58,33,False,False
INV-IND-002335,17,31,20240612,363,57,29,False,False
INV-IND-002336,17,32,20240901,319,33,15,False,False
INV-IND-002337,17,33,20240103,438,36,27,False,False
INV-IND-002338,17,34,20241204,253,25,20,False,False
INV-IND-002339,17,35,20240506,223,41,25,False,False
INV-IND-002340,17,36,20241116,350,53,18,False,False
INV-IND-002341,17,37,20241009,387,56,22,False,False
INV-IND-002342,17,38,20241002,374,49,20,False,False
INV-IND-002343,17,39,20240401,473,48,31,False,False
INV-IND-002344,17,40,20240115,267,32,29,False,False
INV-IND-002345,17,41,20241128,271,47,21,False,False
INV-IND-002346,17,42,20240506,206,51,16,False,False
INV-IND-002347,17,43,20240610,446,57,16,False,False
INV-IND-002348,17,44,20240801,137,32,31,False,False
INV-IND-002349,17,45,20240306,185,51,19,False,False
INV-IND-002350,17,46,20241104,27,57,16,False,True
INV-IND-002351,17,47,20240426,262,55,21,False,False
INV-IND-002352,17,48,20240916,28,53,23,False,True
INV-IND-002353,17,49,20241223,252,56,31,False,False
INV-IND-002354,17,50,20240205,135,26,35,False,False
INV-IND-002355,17,51,20240920,106,25,34,False,False
INV-IND-002356,17,52,20240816,229,28,34,False,False
INV-IND-002357,17,53,20240612,137,39,16,False,False
INV-IND-002358,17,54,20240128,2,40,21,False,True
INV-IND-002359,17,55,20240920,135,55,34,False,False
INV-IND-002360,17,56,20240302,388,27,32,False,False
INV-IND-002361,17,57,20240408,140,46,19,False,False
INV-IND-002362,17,58,20241230,243,49,27,False,False
INV-IND-002363,17,59,20240427,66,29,18,False,False
INV-IND-002364,17,60,20240916,315,41,24,False,False
INV-IND-002365,17,61,20240612,113,50,15,False,False
INV-IND-002366,17,62,20240816,420,52,22,False,False
INV-IND-002367,17,63,20240203,329,32,31,False,False
INV-IND-002368,17,64,20240930,110,59,27,False,False
INV-IND-002369,17,65,20240217,49,52,32,False,True
INV-IND-002370,17,66,20240630,115,49,19,False,False
INV-IND-002371,17,67,20240207,464,29,18,False,False
INV-IND-002372,17,68,20240428,263,55,34,False,False
INV-IND-002373,17,69,20241025,245,47,33,False,False
INV-IND-002374,17,70,20240724,118,25,19,False,False
INV-IND-002375,17,71,20241028,313,45,16,False,False
INV-IND-002376,17,72,20240901,141,52,20,False,False
INV-IND-002377,17,73,20241022,65,51,35,False,False
INV-IND-002378,17,74,20240225,134,46,34,False,False
INV-IND-002379,17,75,20241115,312,36,26,False,False
INV-IND-002380,17,76,20240408,470,37,35,False,False
INV-IND-002381,17,77,20241113,399,37,28,False,False
INV-IND-002382,17,78,20240310,55,49,16,False,False
INV-IND-002383,17,79,20240530,356,45,28,False,False
INV-IND-002384,17,80,20241116,114,51,18,False,False
INV-IND-002385,17,81,20241113,448,56,29,False,False
INV-IND-002386,17,82,20241029,297,56,16,False,False
INV-IND-002387,17,83,20241001,371,55,32,False,False
INV-IND-002388,17,84,20240220,234,30,22,False,False
INV-IND-002389,17,85,20240907,116,51,22,False,False
INV-IND-002390,17,86,20241102,317,47,31,False,False
INV-IND-002391,17,87,20240524,179,54,22,False,False
INV-IND-002392,17,88,20240607,214,40,35,False,False
INV-IND-002393,17,89,20240829,219,56,15,False,False
INV-IND-002394,17,90,20241207,37,33,19,False,False
INV-IND-002395,17,91,20240410,421,36,15,False,False
INV-IND-002396,17,92,20240420,2,57,23,False,True
INV-IND-002397,17,93,20240407,309,25,31,False,False
INV-IND-002398,17,94,20241202,44,29,26,False,False
INV-IND-002399,17,95,20240311,399,26,27,False,False
INV-IND-002400,17,96,20240301,146,37,30,False,False
INV-IND-002401,17,97,20241112,385,46,21,False,False
INV-IND-002402,17,98,20240319,249,38,31,False,False
INV-IND-002403,17,99,20240601,139,47,25,False,False
INV-IND-002404,17,100,20240705,495,34,24,False,False
INV-IND-002405,17,101,20241006,28,51,23,False,True
INV-IND-002406,17,102,20241208,466,46,18,False,False
INV-IND-002407,17,103,20240405,150,60,23,False,False
INV-IND-002408,17,104,20240601,202,56,17,False,False
INV-IND-002409,17,105,20240708,454,60,33,False,False
INV-IND-002410,17,106,20241109,102,26,26,False,False
INV-IND-002411,17,107,20241103,267,60,21,False,False
INV-IND-002412,17,108,20241206,314,50,25,False,False
INV-IND-002413,17,109,20240419,40,50,15,False,True
INV-IND-002414,17,110,20240824,345,25,20,False,False
INV-IND-002415,17,111,20240209,179,53,15,False,False
INV-IND-002416,17,112,20241012,307,49,23,False,False
INV-IND-002417,17,113,20240329,317,59,17,False,False
INV-IND-002418,17,114,20241007,25,30,26,False,True
INV-IND-002419,17,115,20240116,142,32,34,False,False
INV-IND-002420,17,116,20240824,173,41,24,False,False
INV-IND-002421,17,117,20240307,290,39,15,False,False
INV-IND-002422,17,118,20240519,394,43,30,False,False
INV-IND-002423,17,119,20240108,346,49,18,False,False
INV-IND-002424,17,120,20240925,164,56,28,False,False
INV-IND-002425,17,121,20240929,489,47,19,False,False
INV-IND-002426,17,122,20240121,122,52,19,False,False
INV-IND-002427,17,123,20240202,41,49,30,False,True
INV-IND-002428,17,124,20240307,468,52,30,False,False
INV-IND-002429,17,125,20240117,164,40,24,False,False
INV-IND-002430,17,126,20240731,472,40,30,False,False
INV-IND-002431,17,127,20240824,234,42,28,False,False
INV-IND-002432,17,128,20240829,193,35,22,False,False
INV-IND-002433,17,129,20240305,105,33,28,False,False
INV-IND-002434,17,130,20241011,498,37,24,False,False
INV-IND-002435,17,131,20240127,57,35,23,False,False
INV-IND-002436,17,132,20240906,122,52,22,False,False
INV-IND-002437,17,133,20240319,436,47,30,False,False
INV-IND-002438,17,134,20240806,487,25,29,False,False
INV-IND-002439,17,135,20241012,441,46,22,False,False
INV-IND-002440,17,136,20240229,6,50,17,False,True
INV-IND-002441,17,137,20240126,466,50,30,False,False
INV-IND-002442,17,138,20241204,311,38,26,False,False
INV-IND-002443,17,139,20240105,367,59,31,False,False
INV-IND-002444,17,140,20240809,379,51,25,False,False
INV-IND-002445,17,141,20240414,278,39,35,False,False
INV-IND-002446,17,142,20241215,29,49,33,False,True
INV-IND-002447,17,143,20240525,166,53,15,False,False
INV-IND-002448,17,144,20240110,306,49,20,False,False
INV-IND-002449,18,1,20240818,101,37,29,False,False
INV-IND-002450,18,2,20240221,456,41,25,False,False
INV-IND-002451,18,3,20241214,156,42,27,False,False
INV-IND-002452,18,4,20240909,91,27,15,False,False
INV-IND-002453,18,5,20240906,219,54,26,False,False
INV-IND-002454,18,6,20240811,234,35,15,False,False
INV-IND-002455,18,7,20240508,14,52,20,False,True
INV-IND-002456,18,8,20241023,202,25,32,False,False
INV-IND-002457,18,9,20241228,1,44,20,False,True
INV-IND-002458,18,10,20240114,432,39,35,False,False
INV-IND-002459,18,11,20240512,423,39,25,False,False
INV-IND-002460,18,12,20240602,204,34,31,False,False
INV-IND-002461,18,13,20241112,233,56,24,False,False
INV-IND-002462,18,14,20240529,215,43,24,False,False
INV-IND-002463,18,15,20240805,180,29,28,False,False
INV-IND-002464,18,16,20240311,408,34,20,False,False
INV-IND-002465,18,17,20240402,460,48,18,False,False
INV-IND-002466,18,18,20241104,103,47,22,False,False
INV-IND-002467,18,19,20241012,260,51,27,False,False
INV-IND-002468,18,20,20241202,47,31,31,False,False
INV-IND-002469,18,21,20241129,195,48,32,False,False
INV-IND-002470,18,22,20241102,469,55,21,False,False
INV-IND-002471,18,23,20241011,450,53,16,False,False
INV-IND-002472,18,24,20240130,203,25,21,False,False
INV-IND-002473,18,25,20240922,219,34,25,False,False
INV-IND-002474,18,26,20240127,123,39,21,False,False
INV-IND-002475,18,27,20240825,112,46,21,False,False
INV-IND-002476,18,28,20240123,330,41,18,False,False
INV-IND-002477,18,29,20240524,340,56,26,False,False
INV-IND-002478,18,30,20240625,419,42,30,False,False
INV-IND-002479,18,31,20240505,84,25,17,False,False
INV-IND-002480,18,32,20240411,94,27,21,False,False
INV-IND-002481,18,33,20240201,7,51,18,False,True
INV-IND-002482,18,34,20240715,212,38,16,False,False
INV-IND-002483,18,35,20241009,455,51,17,False,False
INV-IND-002484,18,36,20240726,66,37,27,False,False
INV-IND-002485,18,37,20240420,319,41,34,False,False
INV-IND-002486,18,38,20241122,420,54,21,False,False
INV-IND-002487,18,39,20240630,318,48,20,False,False
INV-IND-002488,18,40,20240101,104,25,29,False,False
INV-IND-002489,18,41,20240315,450,25,31,False,False
INV-IND-002490,18,42,20240801,6,35,26,False,True
INV-IND-002491,18,43,20240610,215,42,25,False,False
INV-IND-002492,18,44,20241211,227,41,21,False,False
INV-IND-002493,18,45,20240823,90,48,32,False,False
INV-IND-002494,18,46,20240222,428,48,31,False,False
INV-IND-002495,18,47,20240427,85,37,31,False,False
INV-IND-002496,18,48,20240223,76,43,23,False,False
INV-IND-002497,18,49,20240109,374,38,27,False,False
INV-IND-002498,18,50,20240804,103,34,19,False,False
INV-IND-002499,18,51,20240707,347,29,35,False,False
INV-IND-002500,18,52,20240528,378,47,22,False,False
INV-IND-002501,18,53,20240608,437,43,29,False,False
INV-IND-002502,18,54,20240516,279,51,34,False,False
INV-IND-002503,18,55,20241204,15,52,23,False,True
INV-IND-002504,18,56,20240317,222,46,15,False,False
INV-IND-002505,18,57,20240423,300,30,17,False,False
INV-IND-002506,18,58,20240421,431,37,17,False,False
INV-IND-002507,18,59,20241108,278,51,31,False,False
INV-IND-002508,18,60,20240530,312,30,25,False,False
INV-IND-002509,18,61,20240522,475,44,22,False,False
INV-IND-002510,18,62,20241108,211,48,15,False,False
INV-IND-002511,18,63,20240321,386,43,30,False,False
INV-IND-002512,18,64,20240912,237,57,30,False,False
INV-IND-002513,18,65,20240320,0,38,24,True,True
INV-IND-002514,18,66,20240304,481,59,33,False,False
INV-IND-002515,18,67,20241216,131,33,17,False,False
INV-IND-002516,18,68,20240228,464,31,19,False,False
INV-IND-002517,18,69,20241214,300,38,19,False,False
INV-IND-002518,18,70,20240911,188,50,25,False,False
INV-IND-002519,18,71,20240721,373,46,30,False,False
INV-IND-002520,18,72,20240210,148,30,33,False,False
INV-IND-002521,18,73,20240304,226,30,33,False,False
INV-IND-002522,18,74,20240905,375,41,15,False,False
INV-IND-002523,18,75,20240404,365,52,16,False,False
INV-IND-002524,18,76,20240401,336,47,30,False,False
INV-IND-002525,18,77,20240716,398,52,16,False,False
INV-IND-002526,18,78,20240628,437,54,34,False,False
INV-IND-002527,18,79,20240412,163,31,17,False,False
INV-IND-002528,18,80,20240101,67,30,23,False,False
INV-IND-002529,18,81,20240510,162,51,31,False,False
INV-IND-002530,18,82,20240221,195,33,22,False,False
INV-IND-002531,18,83,20240917,247,33,21,False,False
INV-IND-002532,18,84,20240925,383,47,35,False,False
INV-IND-002533,18,85,20241113,367,39,30,False,False
INV-IND-002534,18,86,20240903,311,30,33,False,False
INV-IND-002535,18,87,20240615,209,36,25,False,False
INV-IND-002536,18,88,20240619,411,56,16,False,False
INV-IND-002537,18,89,20240824,256,39,19,False,False
INV-IND-002538,18,90,20240603,204,41,33,False,False
INV-IND-002539,18,91,20241201,55,44,23,False,False
INV-IND-002540,18,92,20241031,374,53,18,False,False
INV-IND-002541,18,93,20241215,238,47,35,False,False
INV-IND-002542,18,94,20240223,417,31,22,False,False
INV-IND-002543,18,95,20241216,477,51,30,False,False
INV-IND-002544,18,96,20241006,359,33,20,False,False
INV-IND-002545,18,97,20240412,242,55,26,False,False
INV-IND-002546,18,98,20240119,346,46,15,False,False
INV-IND-002547,18,99,20240429,325,28,21,False,False
INV-IND-002548,18,100,20240105,341,45,20,False,False
INV-IND-002549,18,101,20240224,476,42,21,False,False
INV-IND-002550,18,102,20241127,28,37,16,False,True
INV-IND-002551,18,103,20240326,150,47,30,False,False
INV-IND-002552,18,104,20240728,243,30,21,False,False
INV-IND-002553,18,105,20241018,398,48,27,False,False
INV-IND-002554,18,106,20240815,228,57,25,False,False
INV-IND-002555,18,107,20240531,216,32,16,False,False
INV-IND-002556,18,108,20241103,190,30,34,False,False
INV-IND-002557,18,109,20241022,443,44,33,False,False
INV-IND-002558,18,110,20240224,379,55,28,False,False
INV-IND-002559,18,111,20241014,278,48,27,False,False
INV-IND-002560,18,112,20240924,265,46,18,False,False
INV-IND-002561,18,113,20240507,147,41,18,False,False
INV-IND-002562,18,114,20241118,88,39,23,False,False
INV-IND-002563,18,115,20240204,412,41,25,False,False
INV-IND-002564,18,116,20240514,449,29,35,False,False
INV-IND-002565,18,117,20240504,143,57,35,False,False
INV-IND-002566,18,118,20241209,406,26,34,False,False
INV-IND-002567,18,119,20241215,230,56,24,False,False
INV-IND-002568,18,120,20240427,67,36,30,False,False
INV-IND-002569,18,121,20240208,391,31,34,False,False
INV-IND-002570,18,122,20240814,156,34,15,False,False
INV-IND-002571,18,123,20241223,68,37,35,False,False
INV-IND-002572,18,124,20240725,434,53,27,False,False
INV-IND-002573,18,125,20240526,463,53,21,False,False
INV-IND-002574,18,126,20240623,74,35,34,False,False
INV-IND-002575,18,127,20240319,414,57,20,False,False
INV-IND-002576,18,128,20240214,465,39,27,False,False
INV-IND-002577,18,129,20241114,408,48,22,False,False
INV-IND-002578,18,130,20240809,236,32,28,False,False
INV-IND-002579,18,131,20240106,264,42,24,False,False
INV-IND-002580,18,132,20240122,80,42,30,False,False
INV-IND-002581,18,133,20240927,400,41,21,False,False
INV-IND-002582,18,134,20241219,310,39,24,False,False
INV-IND-002583,18,135,20240109,429,46,16,False,False
INV-IND-002584,18,136,20240505,314,53,21,False,False
INV-IND-002585,18,137,20240422,474,44,28,False,False
INV-IND-002586,18,138,20240514,196,41,19,False,False
INV-IND-002587,18,139,20240408,355,28,17,False,False
INV-IND-002588,18,140,20240118,474,39,35,False,False
INV-IND-002589,18,141,20240826,226,55,33,False,False
INV-IND-002590,18,142,20240831,461,40,19,False,False
INV-IND-002591,18,143,20241124,259,51,33,False,False
INV-IND-002592,18,144,20240131,35,40,16,False,True
INV-IND-002593,19,1,20241211,24,28,27,False,True
INV-IND-002594,19,2,20240507,336,26,21,False,False
INV-IND-002595,19,3,20240908,34,52,30,False,True
INV-IND-002596,19,4,20240930,280,25,32,False,False
INV-IND-002597,19,5,20240629,181,30,32,False,False
INV-IND-002598,19,6,20240326,129,32,19,False,False
INV-IND-002599,19,7,20240625,243,39,34,False,False
INV-IND-002600,19,8,20240909,62,31,26,False,False
INV-IND-002601,19,9,20240717,158,56,31,False,False
INV-IND-002602,19,10,20240307,120,47,35,False,False
INV-IND-002603,19,11,20240824,95,35,26,False,False
INV-IND-002604,19,12,20240319,218,42,33,False,False
INV-IND-002605,19,13,20241129,366,29,34,False,False
INV-IND-002606,19,14,20240920,395,48,16,False,False
INV-IND-002607,19,15,20240722,452,45,33,False,False
INV-IND-002608,19,16,20240929,325,39,15,False,False
INV-IND-002609,19,17,20240414,422,40,15,False,False
INV-IND-002610,19,18,20240909,203,41,22,False,False
INV-IND-002611,19,19,20240315,55,43,32,False,False
INV-IND-002612,19,20,20240127,495,48,16,False,False
INV-IND-002613,19,21,20240916,237,50,15,False,False
INV-IND-002614,19,22,20240502,230,57,18,False,False
INV-IND-002615,19,23,20240518,232,26,23,False,False
INV-IND-002616,19,24,20240810,94,43,26,False,False
INV-IND-002617,19,25,20240225,345,57,24,False,False
INV-IND-002618,19,26,20240607,136,32,16,False,False
INV-IND-002619,19,27,20240415,288,33,29,False,False
INV-IND-002620,19,28,20240812,43,34,20,False,False
INV-IND-002621,19,29,20240529,276,40,15,False,False
INV-IND-002622,19,30,20240429,127,38,32,False,False
INV-IND-002623,19,31,20240311,491,53,21,False,False
INV-IND-002624,19,32,20240213,415,33,32,False,False
INV-IND-002625,19,33,20241012,212,30,19,False,False
INV-IND-002626,19,34,20240429,229,46,17,False,False
INV-IND-002627,19,35,20240909,334,40,18,False,False
INV-IND-002628,19,36,20241028,195,43,26,False,False
INV-IND-002629,19,37,20240104,324,46,20,False,False
INV-IND-002630,19,38,20241013,128,55,18,False,False
INV-IND-002631,19,39,20240804,376,51,20,False,False
INV-IND-002632,19,40,20240202,429,36,20,False,False
INV-IND-002633,19,41,20240821,63,60,15,False,False
INV-IND-002634,19,42,20240316,310,37,24,False,False
INV-IND-002635,19,43,20240805,132,46,22,False,False
INV-IND-002636,19,44,20240607,85,46,15,False,False
INV-IND-002637,19,45,20241117,296,32,23,False,False
INV-IND-002638,19,46,20241231,247,42,24,False,False
INV-IND-002639,19,47,20241202,4,53,26,False,True
INV-IND-002640,19,48,20240419,327,30,28,False,False
INV-IND-002641,19,49,20241006,393,38,28,False,False
INV-IND-002642,19,50,20241219,84,54,24,False,False
INV-IND-002643,19,51,20240606,393,56,31,False,False
INV-IND-002644,19,52,20241002,380,27,34,False,False
INV-IND-002645,19,53,20240813,63,53,21,False,False
INV-IND-002646,19,54,20241019,203,32,27,False,False
INV-IND-002647,19,55,20240715,57,29,20,False,False
INV-IND-002648,19,56,20241129,52,56,21,False,True
INV-IND-002649,19,57,20240515,434,55,34,False,False
INV-IND-002650,19,58,20240203,122,32,28,False,False
INV-IND-002651,19,59,20240223,49,35,23,False,False
INV-IND-002652,19,60,20240117,369,29,30,False,False
INV-IND-002653,19,61,20240813,204,25,16,False,False
INV-IND-002654,19,62,20240611,448,48,18,False,False
INV-IND-002655,19,63,20240711,164,28,33,False,False
INV-IND-002656,19,64,20240724,135,44,25,False,False
INV-IND-002657,19,65,20240817,430,25,30,False,False
INV-IND-002658,19,66,20241004,439,52,16,False,False
INV-IND-002659,19,67,20240118,149,55,22,False,False
INV-IND-002660,19,68,20240810,250,57,20,False,False
INV-IND-002661,19,69,20240505,478,42,22,False,False
INV-IND-002662,19,70,20241206,111,59,32,False,False
INV-IND-002663,19,71,20241220,32,60,17,False,True
INV-IND-002664,19,72,20240818,92,48,18,False,False
INV-IND-002665,19,73,20240625,268,34,33,False,False
INV-IND-002666,19,74,20240307,18,43,27,False,True
INV-IND-002667,19,75,20240120,86,55,25,False,False
INV-IND-002668,19,76,20241122,12,50,19,False,True
INV-IND-002669,19,77,20240731,349,57,29,False,False
INV-IND-002670,19,78,20240911,348,43,30,False,False
INV-IND-002671,19,79,20240707,195,28,21,False,False
INV-IND-002672,19,80,20240427,384,26,34,False,False
INV-IND-002673,19,81,20241216,260,41,22,False,False
INV-IND-002674,19,82,20240912,386,26,33,False,False
INV-IND-002675,19,83,20240330,329,57,17,False,False
INV-IND-002676,19,84,20240415,308,31,32,False,False
INV-IND-002677,19,85,20241205,206,33,26,False,False
INV-IND-002678,19,86,20240127,458,58,18,False,False
INV-IND-002679,19,87,20240617,183,57,17,False,False
INV-IND-002680,19,88,20241121,318,60,28,False,False
INV-IND-002681,19,89,20241002,99,46,19,False,False
INV-IND-002682,19,90,20241107,449,47,28,False,False
INV-IND-002683,19,91,20240202,451,26,31,False,False
INV-IND-002684,19,92,20240619,330,27,24,False,False
INV-IND-002685,19,93,20240418,474,54,34,False,False
INV-IND-002686,19,94,20240526,105,46,30,False,False
INV-IND-002687,19,95,20240222,145,51,29,False,False
INV-IND-002688,19,96,20240716,475,57,17,False,False
INV-IND-002689,19,97,20240404,205,44,29,False,False
INV-IND-002690,19,98,20240718,280,25,22,False,False
INV-IND-002691,19,99,20240807,489,36,27,False,False
INV-IND-002692,19,100,20240404,327,32,15,False,False
INV-IND-002693,19,101,20240819,322,43,28,False,False
INV-IND-002694,19,102,20241209,392,58,24,False,False
INV-IND-002695,19,103,20240112,326,40,21,False,False
INV-IND-002696,19,104,20240701,158,45,26,False,False
INV-IND-002697,19,105,20240524,323,54,20,False,False
INV-IND-002698,19,106,20240625,160,30,21,False,False
INV-IND-002699,19,107,20240501,215,31,18,False,False
INV-IND-002700,19,108,20240407,434,49,33,False,False
INV-IND-002701,19,109,20240309,34,39,24,False,True
INV-IND-002702,19,110,20240413,171,34,33,False,False
INV-IND-002703,19,111,20241130,376,32,28,False,False
INV-IND-002704,19,112,20241223,183,57,24,False,False
INV-IND-002705,19,113,20240807,280,46,23,False,False
INV-IND-002706,19,114,20240218,290,58,23,False,False
INV-IND-002707,19,115,20240601,230,44,31,False,False
INV-IND-002708,19,116,20241027,0,42,15,True,True
INV-IND-002709,19,117,20241230,462,29,27,False,False
INV-IND-002710,19,118,20240601,157,43,31,False,False
INV-IND-002711,19,119,20240521,379,37,18,False,False
INV-IND-002712,19,120,20241206,148,42,19,False,False
INV-IND-002713,19,121,20240912,354,27,25,False,False
INV-IND-002714,19,122,20240611,345,58,21,False,False
INV-IND-002715,19,123,20241223,229,52,18,False,False
INV-IND-002716,19,124,20240311,203,59,16,False,False
INV-IND-002717,19,125,20241026,259,59,20,False,False
INV-IND-002718,19,126,20240327,264,60,19,False,False
INV-IND-002719,19,127,20240915,314,27,32,False,False
INV-IND-002720,19,128,20240701,265,54,16,False,False
INV-IND-002721,19,129,20240626,204,31,27,False,False
INV-IND-002722,19,130,20240903,288,47,20,False,False
INV-IND-002723,19,131,20240711,195,40,29,False,False
INV-IND-002724,19,132,20241210,341,56,22,False,False
INV-IND-002725,19,133,20240115,14,47,31,False,True
INV-IND-002726,19,134,20241119,433,28,31,False,False
INV-IND-002727,19,135,20241031,457,48,26,False,False
INV-IND-002728,19,136,20240102,407,51,19,False,False
INV-IND-002729,19,137,20241201,224,29,26,False,False
INV-IND-002730,19,138,20241003,419,42,21,False,False
INV-IND-002731,19,139,20241124,47,44,28,False,False
INV-IND-002732,19,140,20240211,158,51,33,False,False
INV-IND-002733,19,141,20240212,441,59,16,False,False
INV-IND-002734,19,142,20240408,423,26,25,False,False
INV-IND-002735,19,143,20240213,302,38,19,False,False
INV-IND-002736,19,144,20240908,347,37,16,False,False
INV-IND-002737,20,1,20240511,297,46,21,False,False
INV-IND-002738,20,2,20241105,359,46,21,False,False
INV-IND-002739,20,3,20240426,213,59,24,False,False
INV-IND-002740,20,4,20240218,42,40,18,False,False
INV-IND-002741,20,5,20240716,337,45,24,False,False
INV-IND-002742,20,6,20240801,5,56,29,False,True
INV-IND-002743,20,7,20240428,427,40,29,False,False
INV-IND-002744,20,8,20240919,331,50,24,False,False
INV-IND-002745,20,9,20240215,294,49,15,False,False
INV-IND-002746,20,10,20240915,425,57,31,False,False
INV-IND-002747,20,11,20240506,347,51,24,False,False
INV-IND-002748,20,12,20240306,327,45,28,False,False
INV-IND-002749,20,13,20240317,268,25,23,False,False
INV-IND-002750,20,14,20240814,149,51,19,False,False
INV-IND-002751,20,15,20241119,267,57,32,False,False
INV-IND-002752,20,16,20240413,185,26,19,False,False
INV-IND-002753,20,17,20240226,158,59,18,False,False
INV-IND-002754,20,18,20241113,197,45,28,False,False
INV-IND-002755,20,19,20240113,266,25,16,False,False
INV-IND-002756,20,20,20240109,50,53,26,False,True
INV-IND-002757,20,21,20240218,181,41,26,False,False
INV-IND-002758,20,22,20241125,426,45,25,False,False
INV-IND-002759,20,23,20240112,244,56,16,False,False
INV-IND-002760,20,24,20240210,335,37,18,False,False
INV-IND-002761,20,25,20241011,40,36,19,False,False
INV-IND-002762,20,26,20240721,24,46,21,False,True
INV-IND-002763,20,27,20240717,97,49,16,False,False
INV-IND-002764,20,28,20241117,254,58,19,False,False
INV-IND-002765,20,29,20240219,91,56,15,False,False
INV-IND-002766,20,30,20241203,235,29,21,False,False
INV-IND-002767,20,31,20240907,245,59,20,False,False
INV-IND-002768,20,32,20240123,91,50,17,False,False
INV-IND-002769,20,33,20241102,390,45,30,False,False
INV-IND-002770,20,34,20240603,278,53,15,False,False
INV-IND-002771,20,35,20241226,10,48,33,False,True
INV-IND-002772,20,36,20240405,156,35,29,False,False
INV-IND-002773,20,37,20240516,70,36,15,False,False
INV-IND-002774,20,38,20241108,277,31,26,False,False
INV-IND-002775,20,39,20240505,5,46,33,False,True
INV-IND-002776,20,40,20240201,300,46,19,False,False
INV-IND-002777,20,41,20240122,305,34,22,False,False
INV-IND-002778,20,42,20241227,64,39,25,False,False
INV-IND-002779,20,43,20240822,67,40,34,False,False
INV-IND-002780,20,44,20240922,27,25,32,False,False
INV-IND-002781,20,45,20240205,112,47,24,False,False
INV-IND-002782,20,46,20240422,312,28,25,False,False
INV-IND-002783,20,47,20240213,41,60,26,False,True
INV-IND-002784,20,48,20240616,429,42,35,False,False
INV-IND-002785,20,49,20241217,325,30,35,False,False
INV-IND-002786,20,50,20240514,406,34,21,False,False
INV-IND-002787,20,51,20240410,358,47,34,False,False
INV-IND-002788,20,52,20240930,452,46,24,False,False
INV-IND-002789,20,53,20240329,344,43,22,False,False
INV-IND-002790,20,54,20240717,291,26,27,False,False
INV-IND-002791,20,55,20241018,235,34,17,False,False
INV-IND-002792,20,56,20240627,294,39,15,False,False
INV-IND-002793,20,57,20241120,204,55,23,False,False
INV-IND-002794,20,58,20240625,328,28,22,False,False
INV-IND-002795,20,59,20240801,331,53,17,False,False
INV-IND-002796,20,60,20240517,139,38,32,False,False
INV-IND-002797,20,61,20240923,468,28,32,False,False
INV-IND-002798,20,62,20241231,305,31,19,False,False
INV-IND-002799,20,63,20240430,457,30,33,False,False
INV-IND-002800,20,64,20240128,44,45,17,False,True
INV-IND-002801,20,65,20240506,60,52,17,False,False
INV-IND-002802,20,66,20241007,223,55,28,False,False
INV-IND-002803,20,67,20240913,390,60,24,False,False
INV-IND-002804,20,68,20241106,359,60,19,False,False
INV-IND-002805,20,69,20240217,29,50,17,False,True
INV-IND-002806,20,70,20241212,41,44,27,False,True
INV-IND-002807,20,71,20241120,355,41,23,False,False
INV-IND-002808,20,72,20241227,394,38,25,False,False
INV-IND-002809,20,73,20240515,367,53,26,False,False
INV-IND-002810,20,74,20240915,266,38,24,False,False
INV-IND-002811,20,75,20240921,324,39,24,False,False
INV-IND-002812,20,76,20240620,320,56,34,False,False
INV-IND-002813,20,77,20240217,412,44,29,False,False
INV-IND-002814,20,78,20241125,310,50,19,False,False
INV-IND-002815,20,79,20241014,0,48,16,True,True
INV-IND-002816,20,80,20240901,438,49,15,False,False
INV-IND-002817,20,81,20241028,403,29,24,False,False
INV-IND-002818,20,82,20240524,381,56,15,False,False
INV-IND-002819,20,83,20241018,30,31,15,False,True
INV-IND-002820,20,84,20240805,164,32,24,False,False
INV-IND-002821,20,85,20240121,228,26,21,False,False
INV-IND-002822,20,86,20241204,474,45,23,False,False
INV-IND-002823,20,87,20240218,59,31,27,False,False
INV-IND-002824,20,88,20240823,282,55,30,False,False
INV-IND-002825,20,89,20240227,289,26,24,False,False
INV-IND-002826,20,90,20240809,255,39,26,False,False
INV-IND-002827,20,91,20240526,31,47,20,False,True
INV-IND-002828,20,92,20240731,84,35,20,False,False
INV-IND-002829,20,93,20240816,310,52,23,False,False
INV-IND-002830,20,94,20240516,35,58,25,False,True
INV-IND-002831,20,95,20240706,414,39,27,False,False
INV-IND-002832,20,96,20240414,213,55,16,False,False
INV-IND-002833,20,97,20240405,106,53,33,False,False
INV-IND-002834,20,98,20241208,158,56,29,False,False
INV-IND-002835,20,99,20240828,142,37,34,False,False
INV-IND-002836,20,100,20241218,47,56,16,False,True
INV-IND-002837,20,101,20240117,186,59,23,False,False
INV-IND-002838,20,102,20240816,355,58,24,False,False
INV-IND-002839,20,103,20241126,118,43,27,False,False
INV-IND-002840,20,104,20240929,12,32,19,False,True
INV-IND-002841,20,105,20240217,434,51,19,False,False
INV-IND-002842,20,106,20240716,463,57,32,False,False
INV-IND-002843,20,107,20241227,392,33,34,False,False
INV-IND-002844,20,108,20240824,50,46,34,False,False
INV-IND-002845,20,109,20240325,262,35,31,False,False
INV-IND-002846,20,110,20240917,62,30,33,False,False
INV-IND-002847,20,111,20240212,347,27,25,False,False
INV-IND-002848,20,112,20241218,214,59,32,False,False
INV-IND-002849,20,113,20240603,124,46,26,False,False
INV-IND-002850,20,114,20240713,493,36,18,False,False
INV-IND-002851,20,115,20240906,248,44,26,False,False
INV-IND-002852,20,116,20240830,220,27,26,False,False
INV-IND-002853,20,117,20241220,396,46,23,False,False
INV-IND-002854,20,118,20240709,139,40,17,False,False
INV-IND-002855,20,119,20240202,455,46,16,False,False
INV-IND-002856,20,120,20240123,191,59,20,False,False
INV-IND-002857,20,121,20240416,0,33,20,True,True
INV-IND-002858,20,122,20240418,211,47,18,False,False
INV-IND-002859,20,123,20240629,374,51,22,False,False
INV-IND-002860,20,124,20240220,300,46,16,False,False
INV-IND-002861,20,125,20240806,378,29,16,False,False
INV-IND-002862,20,126,20240602,290,55,33,False,False
INV-IND-002863,20,127,20240507,267,44,34,False,False
INV-IND-002864,20,128,20241106,484,36,16,False,False
INV-IND-002865,20,129,20241116,163,55,35,False,False
INV-IND-002866,20,130,20240310,428,41,26,False,False
INV-IND-002867,20,131,20240928,66,51,20,False,False
INV-IND-002868,20,132,20241227,264,34,33,False,False
INV-IND-002869,20,133,20240908,423,38,16,False,False
INV-IND-002870,20,134,20240108,100,56,28,False,False
INV-IND-002871,20,135,20241006,226,36,23,False,False
INV-IND-002872,20,136,20241229,162,33,18,False,False
INV-IND-002873,20,137,20240707,457,50,29,False,False
INV-IND-002874,20,138,20241004,274,50,19,False,False
INV-IND-002875,20,139,20240405,244,50,18,False,False
INV-IND-002876,20,140,20241012,60,42,26,False,False
INV-IND-002877,20,141,20241223,445,56,34,False,False
INV-IND-002878,20,142,20240517,6,29,28,False,True
INV-IND-002879,20,143,20240916,405,45,30,False,False
INV-IND-002880,20,144,20241207,420,50,26,False,False
INV-IND-002881,21,1,20241012,377,34,35,False,False
INV-IND-002882,21,2,20241211,101,51,31,False,False
INV-IND-002883,21,3,20240526,127,56,21,False,False
INV-IND-002884,21,4,20240929,498,45,28,False,False
INV-IND-002885,21,5,20240712,374,56,34,False,False
INV-IND-002886,21,6,20240622,320,28,27,False,False
INV-IND-002887,21,7,20241029,69,56,19,False,False
INV-IND-002888,21,8,20240210,152,42,28,False,False
INV-IND-002889,21,9,20240521,364,42,20,False,False
INV-IND-002890,21,10,20241114,170,44,30,False,False
INV-IND-002891,21,11,20240719,492,28,35,False,False
INV-IND-002892,21,12,20240420,381,45,31,False,False
INV-IND-002893,21,13,20240503,406,52,26,False,False
INV-IND-002894,21,14,20240818,439,52,20,False,False
INV-IND-002895,21,15,20241119,89,50,23,False,False
INV-IND-002896,21,16,20240516,413,56,29,False,False
INV-IND-002897,21,17,20240620,315,35,27,False,False
INV-IND-002898,21,18,20241121,1,51,27,False,True
INV-IND-002899,21,19,20241128,411,37,19,False,False
INV-IND-002900,21,20,20240911,129,48,17,False,False
INV-IND-002901,21,21,20241103,360,32,28,False,False
INV-IND-002902,21,22,20240331,486,27,33,False,False
INV-IND-002903,21,23,20240407,8,40,22,False,True
INV-IND-002904,21,24,20240228,228,32,24,False,False
INV-IND-002905,21,25,20240323,363,35,31,False,False
INV-IND-002906,21,26,20240315,379,44,26,False,False
INV-IND-002907,21,27,20241124,398,43,23,False,False
INV-IND-002908,21,28,20240425,475,38,35,False,False
INV-IND-002909,21,29,20240524,257,29,29,False,False
INV-IND-002910,21,30,20241019,332,59,28,False,False
INV-IND-002911,21,31,20240203,497,29,27,False,False
INV-IND-002912,21,32,20240104,121,45,17,False,False
INV-IND-002913,21,33,20241111,154,30,23,False,False
INV-IND-002914,21,34,20241031,325,27,35,False,False
INV-IND-002915,21,35,20240103,304,30,25,False,False
INV-IND-002916,21,36,20240410,286,28,19,False,False
INV-IND-002917,21,37,20240321,460,57,29,False,False
INV-IND-002918,21,38,20240503,422,34,33,False,False
INV-IND-002919,21,39,20240802,489,46,20,False,False
INV-IND-002920,21,40,20241207,379,40,30,False,False
INV-IND-002921,21,41,20240826,386,48,19,False,False
INV-IND-002922,21,42,20240313,339,56,19,False,False
INV-IND-002923,21,43,20240418,456,45,33,False,False
INV-IND-002924,21,44,20240512,145,57,32,False,False
INV-IND-002925,21,45,20241010,257,43,19,False,False
INV-IND-002926,21,46,20240607,156,54,28,False,False
INV-IND-002927,21,47,20240719,432,42,23,False,False
INV-IND-002928,21,48,20240616,415,60,21,False,False
INV-IND-002929,21,49,20240201,203,50,35,False,False
INV-IND-002930,21,50,20241020,221,27,24,False,False
INV-IND-002931,21,51,20241116,6,45,16,False,True
INV-IND-002932,21,52,20240717,467,39,22,False,False
INV-IND-002933,21,53,20240120,436,44,32,False,False
INV-IND-002934,21,54,20240128,47,41,18,False,False
INV-IND-002935,21,55,20241226,109,36,34,False,False
INV-IND-002936,21,56,20240102,398,54,15,False,False
INV-IND-002937,21,57,20240808,413,30,25,False,False
INV-IND-002938,21,58,20240226,194,33,22,False,False
INV-IND-002939,21,59,20240308,111,60,35,False,False
INV-IND-002940,21,60,20240109,201,29,32,False,False
INV-IND-002941,21,61,20241112,102,29,34,False,False
INV-IND-002942,21,62,20241205,97,37,33,False,False
INV-IND-002943,21,63,20240823,12,38,15,False,True
INV-IND-002944,21,64,20240228,397,28,19,False,False
INV-IND-002945,21,65,20241211,2,56,23,False,True
INV-IND-002946,21,66,20241001,258,39,15,False,False
INV-IND-002947,21,67,20240507,298,26,24,False,False
INV-IND-002948,21,68,20241222,78,48,21,False,False
INV-IND-002949,21,69,20241206,439,54,27,False,False
INV-IND-002950,21,70,20240329,225,53,34,False,False
INV-IND-002951,21,71,20240111,5,41,35,False,True
INV-IND-002952,21,72,20240608,151,45,26,False,False
INV-IND-002953,21,73,20240217,45,33,25,False,False
INV-IND-002954,21,74,20241130,51,33,21,False,False
INV-IND-002955,21,75,20240815,482,56,26,False,False
INV-IND-002956,21,76,20240617,262,43,21,False,False
INV-IND-002957,21,77,20240301,49,31,27,False,False
INV-IND-002958,21,78,20240502,148,49,25,False,False
INV-IND-002959,21,79,20240720,365,32,35,False,False
INV-IND-002960,21,80,20240822,126,44,20,False,False
INV-IND-002961,21,81,20240708,99,45,33,False,False
INV-IND-002962,21,82,20240925,257,25,27,False,False
INV-IND-002963,21,83,20240726,145,47,19,False,False
INV-IND-002964,21,84,20240407,488,26,33,False,False
INV-IND-002965,21,85,20241004,94,46,15,False,False
INV-IND-002966,21,86,20240911,80,32,33,False,False
INV-IND-002967,21,87,20240606,409,31,35,False,False
INV-IND-002968,21,88,20241223,423,46,16,False,False
INV-IND-002969,21,89,20240201,134,34,28,False,False
INV-IND-002970,21,90,20240313,55,55,24,False,True
INV-IND-002971,21,91,20241030,426,44,17,False,False
INV-IND-002972,21,92,20241102,352,49,32,False,False
INV-IND-002973,21,93,20240403,348,40,25,False,False
INV-IND-002974,21,94,20240110,269,53,16,False,False
INV-IND-002975,21,95,20241021,478,48,22,False,False
INV-IND-002976,21,96,20240303,82,29,34,False,False
INV-IND-002977,21,97,20241129,31,52,33,False,True
INV-IND-002978,21,98,20240125,393,58,25,False,False
INV-IND-002979,21,99,20241108,407,36,29,False,False
INV-IND-002980,21,100,20241124,395,42,24,False,False
INV-IND-002981,21,101,20240430,134,36,25,False,False
INV-IND-002982,21,102,20240307,26,39,29,False,True
INV-IND-002983,21,103,20241026,395,36,20,False,False
INV-IND-002984,21,104,20240831,200,35,29,False,False
INV-IND-002985,21,105,20240715,134,49,30,False,False
INV-IND-002986,21,106,20241018,444,50,35,False,False
INV-IND-002987,21,107,20240511,446,52,24,False,False
INV-IND-002988,21,108,20240730,273,48,33,False,False
INV-IND-002989,21,109,20240612,355,51,20,False,False
INV-IND-002990,21,110,20240518,355,42,24,False,False
INV-IND-002991,21,111,20240213,476,42,16,False,False
INV-IND-002992,21,112,20240219,137,40,19,False,False
INV-IND-002993,21,113,20240927,441,44,35,False,False
INV-IND-002994,21,114,20240901,142,29,30,False,False
INV-IND-002995,21,115,20241117,496,35,23,False,False
INV-IND-002996,21,116,20240505,314,52,35,False,False
INV-IND-002997,21,117,20240201,494,49,25,False,False
INV-IND-002998,21,118,20241028,100,56,20,False,False
INV-IND-002999,21,119,20240628,388,37,31,False,False
INV-IND-003000,21,120,20240409,248,52,15,False,False
INV-IND-003001,21,121,20240704,327,48,15,False,False
INV-IND-003002,21,122,20240516,440,37,23,False,False
INV-IND-003003,21,123,20240831,268,44,26,False,False
INV-IND-003004,21,124,20240603,169,49,16,False,False
INV-IND-003005,21,125,20240517,166,34,32,False,False
INV-IND-003006,21,126,20241212,143,26,26,False,False
INV-IND-003007,21,127,20240711,332,42,21,False,False
INV-IND-003008,21,128,20240820,394,58,25,False,False
INV-IND-003009,21,129,20240717,375,41,22,False,False
INV-IND-003010,21,130,20240221,16,48,25,False,True
INV-IND-003011,21,131,20241111,400,44,27,False,False
INV-IND-003012,21,132,20240620,281,45,27,False,False
INV-IND-003013,21,133,20240331,109,25,15,False,False
INV-IND-003014,21,134,20240929,221,39,22,False,False
INV-IND-003015,21,135,20240520,285,47,16,False,False
INV-IND-003016,21,136,20241023,1,60,23,False,True
INV-IND-003017,21,137,20240110,62,53,18,False,False
INV-IND-003018,21,138,20241011,453,45,20,False,False
INV-IND-003019,21,139,20241124,205,39,24,False,False
INV-IND-003020,21,140,20240305,101,51,24,False,False
INV-IND-003021,21,141,20240811,392,48,32,False,False
INV-IND-003022,21,142,20240805,400,33,24,False,False
INV-IND-003023,21,143,20240222,114,38,26,False,False
INV-IND-003024,21,144,20241103,287,48,23,False,False
INV-IND-003025,22,1,20240710,308,45,28,False,False
INV-IND-003026,22,2,20240730,325,57,29,False,False
INV-IND-003027,22,3,20241003,120,26,25,False,False
INV-IND-003028,22,4,20240413,186,59,24,False,False
INV-IND-003029,22,5,20241123,93,33,23,False,False
INV-IND-003030,22,6,20240606,249,26,27,False,False
INV-IND-003031,22,7,20240509,214,59,29,False,False
INV-IND-003032,22,8,20240326,198,47,22,False,False
INV-IND-003033,22,9,20240427,339,27,19,False,False
INV-IND-003034,22,10,20240911,21,43,32,False,True
INV-IND-003035,22,11,20240816,182,28,31,False,False
INV-IND-003036,22,12,20240727,140,45,20,False,False
INV-IND-003037,22,13,20240305,60,56,19,False,False
INV-IND-003038,22,14,20240626,360,42,29,False,False
INV-IND-003039,22,15,20240108,35,59,24,False,True
INV-IND-003040,22,16,20240819,391,50,21,False,False
INV-IND-003041,22,17,20240303,299,53,20,False,False
INV-IND-003042,22,18,20240701,213,54,18,False,False
INV-IND-003043,22,19,20241124,299,45,22,False,False
INV-IND-003044,22,20,20241225,331,48,31,False,False
INV-IND-003045,22,21,20240607,341,51,23,False,False
INV-IND-003046,22,22,20240801,208,60,19,False,False
INV-IND-003047,22,23,20241211,488,39,22,False,False
INV-IND-003048,22,24,20241010,354,58,28,False,False
INV-IND-003049,22,25,20240521,259,45,29,False,False
INV-IND-003050,22,26,20241005,56,26,29,False,False
INV-IND-003051,22,27,20241205,429,59,15,False,False
INV-IND-003052,22,28,20240306,94,41,16,False,False
INV-IND-003053,22,29,20240524,45,39,33,False,False
INV-IND-003054,22,30,20240606,336,36,35,False,False
INV-IND-003055,22,31,20241208,340,54,26,False,False
INV-IND-003056,22,32,20240622,140,36,18,False,False
INV-IND-003057,22,33,20240511,461,43,35,False,False
INV-IND-003058,22,34,20240104,314,49,34,False,False
INV-IND-003059,22,35,20240123,124,25,32,False,False
INV-IND-003060,22,36,20240708,360,38,33,False,False
INV-IND-003061,22,37,20240614,349,58,15,False,False
INV-IND-003062,22,38,20240815,71,47,20,False,False
INV-IND-003063,22,39,20240507,96,52,28,False,False
INV-IND-003064,22,40,20240809,428,59,25,False,False
INV-IND-003065,22,41,20241021,110,25,23,False,False
INV-IND-003066,22,42,20240327,11,56,27,False,True
INV-IND-003067,22,43,20240511,144,31,22,False,False
INV-IND-003068,22,44,20240723,200,28,34,False,False
INV-IND-003069,22,45,20241219,238,52,33,False,False
INV-IND-003070,22,46,20240923,193,32,20,False,False
INV-IND-003071,22,47,20241024,330,46,16,False,False
INV-IND-003072,22,48,20240205,62,56,32,False,False
INV-IND-003073,22,49,20241204,138,59,34,False,False
INV-IND-003074,22,50,20241107,217,60,24,False,False
INV-IND-003075,22,51,20240423,321,43,33,False,False
INV-IND-003076,22,52,20240702,15,37,20,False,True
INV-IND-003077,22,53,20241004,174,52,19,False,False
INV-IND-003078,22,54,20241025,432,54,27,False,False
INV-IND-003079,22,55,20241124,169,53,25,False,False
INV-IND-003080,22,56,20240906,190,45,21,False,False
INV-IND-003081,22,57,20240104,412,51,19,False,False
INV-IND-003082,22,58,20240312,124,39,34,False,False
INV-IND-003083,22,59,20241218,326,36,20,False,False
INV-IND-003084,22,60,20241223,177,47,21,False,False
INV-IND-003085,22,61,20240209,89,38,29,False,False
INV-IND-003086,22,62,20241126,76,42,32,False,False
INV-IND-003087,22,63,20240926,138,25,35,False,False
INV-IND-003088,22,64,20240728,22,43,22,False,True
INV-IND-003089,22,65,20240131,390,52,21,False,False
INV-IND-003090,22,66,20240509,92,59,35,False,False
INV-IND-003091,22,67,20240413,155,39,16,False,False
INV-IND-003092,22,68,20240510,117,53,34,False,False
INV-IND-003093,22,69,20240617,483,53,19,False,False
INV-IND-003094,22,70,20240127,268,37,22,False,False
INV-IND-003095,22,71,20240622,494,60,35,False,False
INV-IND-003096,22,72,20240310,400,47,18,False,False
INV-IND-003097,22,73,20240205,306,54,20,False,False
INV-IND-003098,22,74,20240111,461,59,24,False,False
INV-IND-003099,22,75,20240707,157,48,32,False,False
INV-IND-003100,22,76,20240412,127,50,27,False,False
INV-IND-003101,22,77,20241114,152,42,26,False,False
INV-IND-003102,22,78,20240811,314,25,29,False,False
INV-IND-003103,22,79,20240311,465,34,23,False,False
INV-IND-003104,22,80,20240501,463,26,29,False,False
INV-IND-003105,22,81,20240802,382,27,26,False,False
INV-IND-003106,22,82,20240505,156,53,29,False,False
INV-IND-003107,22,83,20241118,178,58,32,False,False
INV-IND-003108,22,84,20240728,269,26,27,False,False
INV-IND-003109,22,85,20240919,5,38,34,False,True
INV-IND-003110,22,86,20241025,378,53,34,False,False
INV-IND-003111,22,87,20240326,498,40,18,False,False
INV-IND-003112,22,88,20240529,216,54,20,False,False
INV-IND-003113,22,89,20240301,305,58,23,False,False
INV-IND-003114,22,90,20240104,259,52,27,False,False
INV-IND-003115,22,91,20240108,235,53,33,False,False
INV-IND-003116,22,92,20240315,227,54,34,False,False
INV-IND-003117,22,93,20240105,474,36,35,False,False
INV-IND-003118,22,94,20240224,409,30,18,False,False
INV-IND-003119,22,95,20240616,271,29,15,False,False
INV-IND-003120,22,96,20240808,131,50,33,False,False
INV-IND-003121,22,97,20240306,19,34,31,False,True
INV-IND-003122,22,98,20240502,23,38,19,False,True
INV-IND-003123,22,99,20241004,430,45,35,False,False
INV-IND-003124,22,100,20241002,211,58,19,False,False
INV-IND-003125,22,101,20240413,154,52,30,False,False
INV-IND-003126,22,102,20240124,275,60,29,False,False
INV-IND-003127,22,103,20241221,52,56,28,False,True
INV-IND-003128,22,104,20240803,402,55,31,False,False
INV-IND-003129,22,105,20240326,318,27,29,False,False
INV-IND-003130,22,106,20241110,66,49,30,False,False
INV-IND-003131,22,107,20240830,338,29,20,False,False
INV-IND-003132,22,108,20241125,285,49,19,False,False
INV-IND-003133,22,109,20240330,148,33,35,False,False
INV-IND-003134,22,110,20240420,403,59,27,False,False
INV-IND-003135,22,111,20240111,477,33,18,False,False
INV-IND-003136,22,112,20240918,83,40,29,False,False
INV-IND-003137,22,113,20240706,83,49,31,False,False
INV-IND-003138,22,114,20241002,84,40,23,False,False
INV-IND-003139,22,115,20241014,119,45,26,False,False
INV-IND-003140,22,116,20240916,135,43,29,False,False
INV-IND-003141,22,117,20240125,33,33,22,False,True
INV-IND-003142,22,118,20240203,378,26,33,False,False
INV-IND-003143,22,119,20240129,422,27,35,False,False
INV-IND-003144,22,120,20240430,493,53,29,False,False
INV-IND-003145,22,121,20240705,16,31,19,False,True
INV-IND-003146,22,122,20240206,435,30,24,False,False
INV-IND-003147,22,123,20240119,199,32,22,False,False
INV-IND-003148,22,124,20241004,258,57,33,False,False
INV-IND-003149,22,125,20240502,252,54,28,False,False
INV-IND-003150,22,126,20240201,70,37,15,False,False
INV-IND-003151,22,127,20240629,248,40,31,False,False
INV-IND-003152,22,128,20241226,463,26,17,False,False
INV-IND-003153,22,129,20240919,117,39,33,False,False
INV-IND-003154,22,130,20240705,34,46,18,False,True
INV-IND-003155,22,131,20240106,348,37,17,False,False
INV-IND-003156,22,132,20240129,121,58,31,False,False
INV-IND-003157,22,133,20241114,181,53,26,False,False
INV-IND-003158,22,134,20240729,181,35,27,False,False
INV-IND-003159,22,135,20240805,24,57,15,False,True
INV-IND-003160,22,136,20241011,231,41,23,False,False
INV-IND-003161,22,137,20240702,476,33,34,False,False
INV-IND-003162,22,138,20240714,1,39,34,False,True
INV-IND-003163,22,139,20240701,384,42,32,False,False
INV-IND-003164,22,140,20240131,161,47,27,False,False
INV-IND-003165,22,141,20240606,271,41,23,False,False
INV-IND-003166,22,142,20241108,423,42,15,False,False
INV-IND-003167,22,143,20240216,346,38,33,False,False
INV-IND-003168,22,144,20240322,198,58,20,False,False
INV-IND-003169,23,1,20240712,306,57,16,False,False
INV-IND-003170,23,2,20240720,354,41,34,False,False
INV-IND-003171,23,3,20240810,311,36,16,False,False
INV-IND-003172,23,4,20240422,198,37,33,False,False
INV-IND-003173,23,5,20240819,269,39,32,False,False
INV-IND-003174,23,6,20240807,400,59,21,False,False
INV-IND-003175,23,7,20241006,333,43,32,False,False
INV-IND-003176,23,8,20241219,236,31,21,False,False
INV-IND-003177,23,9,20241009,365,34,22,False,False
INV-IND-003178,23,10,20240414,413,48,20,False,False
INV-IND-003179,23,11,20241003,199,46,19,False,False
INV-IND-003180,23,12,20240104,48,48,22,False,True
INV-IND-003181,23,13,20240324,19,50,31,False,True
INV-IND-003182,23,14,20240314,461,28,18,False,False
INV-IND-003183,23,15,20240530,273,26,31,False,False
INV-IND-003184,23,16,20240320,164,27,29,False,False
INV-IND-003185,23,17,20240503,88,56,31,False,False
INV-IND-003186,23,18,20240106,418,50,26,False,False
INV-IND-003187,23,19,20240622,316,51,17,False,False
INV-IND-003188,23,20,20240531,330,41,31,False,False
INV-IND-003189,23,21,20240330,245,40,15,False,False
INV-IND-003190,23,22,20240218,495,29,20,False,False
INV-IND-003191,23,23,20240718,400,48,20,False,False
INV-IND-003192,23,24,20240103,23,42,30,False,True
INV-IND-003193,23,25,20241007,457,43,21,False,False
INV-IND-003194,23,26,20241220,146,37,28,False,False
INV-IND-003195,23,27,20240902,414,35,22,False,False
INV-IND-003196,23,28,20240905,51,33,32,False,False
INV-IND-003197,23,29,20240407,373,54,22,False,False
INV-IND-003198,23,30,20241205,451,52,18,False,False
INV-IND-003199,23,31,20240504,435,39,21,False,False
INV-IND-003200,23,32,20241022,67,42,20,False,False
INV-IND-003201,23,33,20240913,390,42,25,False,False
INV-IND-003202,23,34,20240322,353,35,29,False,False
INV-IND-003203,23,35,20241110,307,34,34,False,False
INV-IND-003204,23,36,20240724,425,54,16,False,False
INV-IND-003205,23,37,20240220,163,26,20,False,False
INV-IND-003206,23,38,20241129,69,39,35,False,False
INV-IND-003207,23,39,20240123,157,53,28,False,False
INV-IND-003208,23,40,20240725,198,42,20,False,False
INV-IND-003209,23,41,20240605,105,49,18,False,False
INV-IND-003210,23,42,20240817,400,37,30,False,False
INV-IND-003211,23,43,20240708,325,28,21,False,False
INV-IND-003212,23,44,20240327,178,28,30,False,False
INV-IND-003213,23,45,20241111,365,30,33,False,False
INV-IND-003214,23,46,20240309,345,29,25,False,False
INV-IND-003215,23,47,20240514,269,53,28,False,False
INV-IND-003216,23,48,20240109,374,26,15,False,False
INV-IND-003217,23,49,20240827,175,50,22,False,False
INV-IND-003218,23,50,20240305,338,54,17,False,False
INV-IND-003219,23,51,20240624,96,52,17,False,False
INV-IND-003220,23,52,20241212,475,25,27,False,False
INV-IND-003221,23,53,20241013,330,58,16,False,False
INV-IND-003222,23,54,20240215,214,26,32,False,False
INV-IND-003223,23,55,20241109,254,59,23,False,False
INV-IND-003224,23,56,20240206,210,25,19,False,False
INV-IND-003225,23,57,20241202,60,35,21,False,False
INV-IND-003226,23,58,20240909,400,58,25,False,False
INV-IND-003227,23,59,20241023,170,45,24,False,False
INV-IND-003228,23,60,20240730,231,37,18,False,False
INV-IND-003229,23,61,20240929,309,53,34,False,False
INV-IND-003230,23,62,20240229,155,45,21,False,False
INV-IND-003231,23,63,20240709,24,25,25,False,True
INV-IND-003232,23,64,20240104,481,26,33,False,False
INV-IND-003233,23,65,20240422,43,43,19,False,True
INV-IND-003234,23,66,20240815,63,56,32,False,False
INV-IND-003235,23,67,20240623,353,48,29,False,False
INV-IND-003236,23,68,20240713,168,45,20,False,False
INV-IND-003237,23,69,20240104,159,56,31,False,False
INV-IND-003238,23,70,20240930,396,46,16,False,False
INV-IND-003239,23,71,20240625,378,33,28,False,False
INV-IND-003240,23,72,20241219,155,41,23,False,False
INV-IND-003241,23,73,20241101,368,42,35,False,False
INV-IND-003242,23,74,20241202,128,60,19,False,False
INV-IND-003243,23,75,20240926,111,53,18,False,False
INV-IND-003244,23,76,20240515,197,51,19,False,False
INV-IND-003245,23,77,20240727,284,41,30,False,False
INV-IND-003246,23,78,20240304,361,34,25,False,False
INV-IND-003247,23,79,20240420,269,57,15,False,False
INV-IND-003248,23,80,20240710,422,37,19,False,False
INV-IND-003249,23,81,20240515,447,27,17,False,False
INV-IND-003250,23,82,20240904,41,29,24,False,False
INV-IND-003251,23,83,20240826,417,45,27,False,False
INV-IND-003252,23,84,20241028,241,44,25,False,False
INV-IND-003253,23,85,20241030,238,54,22,False,False
INV-IND-003254,23,86,20240717,74,28,28,False,False
INV-IND-003255,23,87,20240824,440,60,27,False,False
INV-IND-003256,23,88,20241102,441,31,19,False,False
INV-IND-003257,23,89,20241206,32,52,19,False,True
INV-IND-003258,23,90,20241026,50,31,26,False,False
INV-IND-003259,23,91,20240513,273,43,34,False,False
INV-IND-003260,23,92,20241116,495,34,31,False,False
INV-IND-003261,23,93,20240727,235,50,20,False,False
INV-IND-003262,23,94,20241124,208,54,24,False,False
INV-IND-003263,23,95,20240805,286,47,28,False,False
INV-IND-003264,23,96,20240418,314,53,35,False,False
INV-IND-003265,23,97,20240321,323,30,18,False,False
INV-IND-003266,23,98,20241101,422,59,32,False,False
INV-IND-003267,23,99,20240612,138,29,24,False,False
INV-IND-003268,23,100,20240813,75,31,15,False,False
INV-IND-003269,23,101,20240906,20,40,34,False,True
INV-IND-003270,23,102,20240516,189,57,18,False,False
INV-IND-003271,23,103,20240216,192,34,22,False,False
INV-IND-003272,23,104,20240317,376,40,34,False,False
INV-IND-003273,23,105,20240704,459,25,15,False,False
INV-IND-003274,23,106,20240806,449,30,20,False,False
INV-IND-003275,23,107,20240402,290,57,33,False,False
INV-IND-003276,23,108,20240214,68,29,31,False,False
INV-IND-003277,23,109,20240326,172,49,22,False,False
INV-IND-003278,23,110,20240729,389,59,35,False,False
INV-IND-003279,23,111,20240227,487,56,26,False,False
INV-IND-003280,23,112,20240207,285,48,27,False,False
INV-IND-003281,23,113,20241231,409,42,19,False,False
INV-IND-003282,23,114,20240505,414,59,25,False,False
INV-IND-003283,23,115,20241225,384,29,27,False,False
INV-IND-003284,23,116,20240129,494,49,34,False,False
INV-IND-003285,23,117,20240630,171,58,25,False,False
INV-IND-003286,23,118,20241017,458,49,31,False,False
INV-IND-003287,23,119,20240517,484,50,24,False,False
INV-IND-003288,23,120,20240827,46,60,16,False,True
INV-IND-003289,23,121,20240108,481,40,35,False,False
INV-IND-003290,23,122,20240504,434,26,29,False,False
INV-IND-003291,23,123,20240913,103,34,21,False,False
INV-IND-003292,23,124,20240523,80,37,27,False,False
INV-IND-003293,23,125,20240723,178,34,27,False,False
INV-IND-003294,23,126,20240818,6,27,26,False,True
INV-IND-003295,23,127,20240131,313,50,32,False,False
INV-IND-003296,23,128,20241215,428,36,22,False,False
INV-IND-003297,23,129,20240720,56,34,17,False,False
INV-IND-003298,23,130,20240717,374,29,29,False,False
INV-IND-003299,23,131,20240329,313,54,25,False,False
INV-IND-003300,23,132,20240202,124,42,17,False,False
INV-IND-003301,23,133,20241129,285,50,15,False,False
INV-IND-003302,23,134,20240531,20,37,21,False,True
INV-IND-003303,23,135,20240228,241,60,18,False,False
INV-IND-003304,23,136,20240707,167,26,31,False,False
INV-IND-003305,23,137,20240608,246,44,19,False,False
INV-IND-003306,23,138,20241108,290,53,30,False,False
INV-IND-003307,23,139,20240317,61,30,32,False,False
INV-IND-003308,23,140,20240311,156,33,27,False,False
INV-IND-003309,23,141,20240905,420,28,19,False,False
INV-IND-003310,23,142,20240120,350,36,29,False,False
INV-IND-003311,23,143,20240719,203,28,15,False,False
INV-IND-003312,23,144,20240930,272,40,26,False,False
INV-IND-003313,24,1,20240225,247,45,33,False,False
INV-IND-003314,24,2,20240910,459,39,17,False,False
INV-IND-003315,24,3,20241211,486,30,21,False,False
INV-IND-003316,24,4,20240203,21,30,34,False,True
INV-IND-003317,24,5,20240620,416,46,18,False,False
INV-IND-003318,24,6,20240330,285,40,19,False,False
INV-IND-003319,24,7,20240926,228,35,31,False,False
INV-IND-003320,24,8,20240217,81,38,17,False,False
INV-IND-003321,24,9,20240604,1,32,23,False,True
INV-IND-003322,24,10,20240406,72,47,29,False,False
INV-IND-003323,24,11,20240118,449,47,28,False,False
INV-IND-003324,24,12,20240607,23,45,15,False,True
INV-IND-003325,24,13,20240418,60,58,27,False,False
INV-IND-003326,24,14,20240831,131,56,30,False,False
INV-IND-003327,24,15,20241224,228,52,25,False,False
INV-IND-003328,24,16,20240507,254,35,17,False,False
INV-IND-003329,24,17,20240203,156,60,27,False,False
INV-IND-003330,24,18,20240129,379,32,23,False,False
INV-IND-003331,24,19,20240503,385,42,23,False,False
INV-IND-003332,24,20,20240513,473,25,34,False,False
INV-IND-003333,24,21,20240406,216,38,34,False,False
INV-IND-003334,24,22,20240510,351,48,25,False,False
INV-IND-003335,24,23,20240930,323,50,19,False,False
INV-IND-003336,24,24,20241217,53,48,27,False,False
INV-IND-003337,24,25,20241019,134,57,27,False,False
INV-IND-003338,24,26,20241106,455,44,29,False,False
INV-IND-003339,24,27,20241206,128,33,19,False,False
INV-IND-003340,24,28,20241126,328,25,17,False,False
INV-IND-003341,24,29,20240215,490,35,33,False,False
INV-IND-003342,24,30,20241012,24,60,23,False,True
INV-IND-003343,24,31,20240118,3,42,25,False,True
INV-IND-003344,24,32,20240312,84,50,30,False,False
INV-IND-003345,24,33,20240601,423,26,33,False,False
INV-IND-003346,24,34,20240111,405,29,27,False,False
INV-IND-003347,24,35,20240621,260,44,23,False,False
INV-IND-003348,24,36,20240425,101,48,30,False,False
INV-IND-003349,24,37,20240801,389,43,22,False,False
INV-IND-003350,24,38,20240622,366,55,31,False,False
INV-IND-003351,24,39,20240913,465,27,18,False,False
INV-IND-003352,24,40,20241103,97,49,21,False,False
INV-IND-003353,24,41,20240502,297,31,35,False,False
INV-IND-003354,24,42,20240715,268,30,34,False,False
INV-IND-003355,24,43,20240221,91,59,32,False,False
INV-IND-003356,24,44,20240918,473,38,16,False,False
INV-IND-003357,24,45,20241222,176,57,25,False,False
INV-IND-003358,24,46,20240410,285,30,34,False,False
INV-IND-003359,24,47,20240116,133,53,16,False,False
INV-IND-003360,24,48,20240922,199,33,32,False,False
INV-IND-003361,24,49,20241126,367,51,18,False,False
INV-IND-003362,24,50,20240610,276,25,22,False,False
INV-IND-003363,24,51,20240612,62,34,30,False,False
INV-IND-003364,24,52,20240906,102,32,33,False,False
INV-IND-003365,24,53,20240412,442,46,16,False,False
INV-IND-003366,24,54,20240922,386,28,35,False,False
INV-IND-003367,24,55,20240225,470,32,26,False,False
INV-IND-003368,24,56,20240610,9,33,20,False,True
INV-IND-003369,24,57,20240712,392,58,18,False,False
INV-IND-003370,24,58,20240815,270,52,27,False,False
INV-IND-003371,24,59,20240817,270,60,29,False,False
INV-IND-003372,24,60,20240910,175,35,25,False,False
INV-IND-003373,24,61,20240804,71,44,15,False,False
INV-IND-003374,24,62,20240101,64,51,22,False,False
INV-IND-003375,24,63,20240509,150,47,30,False,False
INV-IND-003376,24,64,20240415,127,54,25,False,False
INV-IND-003377,24,65,20240913,459,47,29,False,False
INV-IND-003378,24,66,20240727,390,59,35,False,False
INV-IND-003379,24,67,20240702,0,52,21,True,True
INV-IND-003380,24,68,20241124,350,30,29,False,False
INV-IND-003381,24,69,20240422,190,41,34,False,False
INV-IND-003382,24,70,20240108,291,57,20,False,False
INV-IND-003383,24,71,20240514,138,58,35,False,False
INV-IND-003384,24,72,20240322,277,43,16,False,False
INV-IND-003385,24,73,20240511,178,59,25,False,False
INV-IND-003386,24,74,20240227,211,34,27,False,False
INV-IND-003387,24,75,20241223,140,47,27,False,False
INV-IND-003388,24,76,20240613,69,46,22,False,False
INV-IND-003389,24,77,20240115,399,38,24,False,False
INV-IND-003390,24,78,20240815,265,43,22,False,False
INV-IND-003391,24,79,20241110,3,36,32,False,True
INV-IND-003392,24,80,20241201,149,42,30,False,False
INV-IND-003393,24,81,20241010,345,52,28,False,False
INV-IND-003394,24,82,20240415,243,55,34,False,False
INV-IND-003395,24,83,20240925,295,33,34,False,False
INV-IND-003396,24,84,20240719,431,25,17,False,False
INV-IND-003397,24,85,20240305,191,40,19,False,False
INV-IND-003398,24,86,20240211,499,45,35,False,False
INV-IND-003399,24,87,20240430,443,38,21,False,False
INV-IND-003400,24,88,20240329,165,52,27,False,False
INV-IND-003401,24,89,20240603,264,31,33,False,False
INV-IND-003402,24,90,20240406,494,39,32,False,False
INV-IND-003403,24,91,20240207,191,38,20,False,False
INV-IND-003404,24,92,20240118,223,35,32,False,False
INV-IND-003405,24,93,20240308,285,57,17,False,False
INV-IND-003406,24,94,20241218,36,47,33,False,True
INV-IND-003407,24,95,20240313,470,38,31,False,False
INV-IND-003408,24,96,20240506,245,46,25,False,False
INV-IND-003409,24,97,20241226,43,26,21,False,False
INV-IND-003410,24,98,20240604,21,26,35,False,True
INV-IND-003411,24,99,20240318,313,37,23,False,False
INV-IND-003412,24,100,20240424,88,59,22,False,False
INV-IND-003413,24,101,20240209,156,31,29,False,False
INV-IND-003414,24,102,20241227,42,30,22,False,False
INV-IND-003415,24,103,20240421,230,43,21,False,False
INV-IND-003416,24,104,20240605,247,48,32,False,False
INV-IND-003417,24,105,20240417,362,43,24,False,False
INV-IND-003418,24,106,20240523,464,37,27,False,False
INV-IND-003419,24,107,20240430,402,41,25,False,False
INV-IND-003420,24,108,20240510,380,56,26,False,False
INV-IND-003421,24,109,20240618,137,39,22,False,False
INV-IND-003422,24,110,20241031,363,50,25,False,False
INV-IND-003423,24,111,20240314,350,39,27,False,False
INV-IND-003424,24,112,20240527,255,38,18,False,False
INV-IND-003425,24,113,20240318,283,50,17,False,False
INV-IND-003426,24,114,20241017,238,42,33,False,False
INV-IND-003427,24,115,20240425,224,35,34,False,False
INV-IND-003428,24,116,20240410,422,51,27,False,False
INV-IND-003429,24,117,20241114,369,60,23,False,False
INV-IND-003430,24,118,20241107,425,32,25,False,False
INV-IND-003431,24,119,20241129,150,57,35,False,False
INV-IND-003432,24,120,20240326,245,42,32,False,False
INV-IND-003433,24,121,20240705,152,56,35,False,False
INV-IND-003434,24,122,20240513,476,36,29,False,False
INV-IND-003435,24,123,20240809,320,40,31,False,False
INV-IND-003436,24,124,20241026,413,35,15,False,False
INV-IND-003437,24,125,20241230,344,25,17,False,False
INV-IND-003438,24,126,20241130,299,41,23,False,False
INV-IND-003439,24,127,20240322,209,30,35,False,False
INV-IND-003440,24,128,20240530,264,32,16,False,False
INV-IND-003441,24,129,20240514,74,44,29,False,False
INV-IND-003442,24,130,20240310,486,39,28,False,False
INV-IND-003443,24,131,20240521,345,29,27,False,False
INV-IND-003444,24,132,20240514,392,46,21,False,False
INV-IND-003445,24,133,20240204,2,29,32,False,True
INV-IND-003446,24,134,20240307,49,33,18,False,False
INV-IND-003447,24,135,20240807,138,41,28,False,False
INV-IND-003448,24,136,20240603,485,29,32,False,False
INV-IND-003449,24,137,20240308,148,45,23,False,False
INV-IND-003450,24,138,20240830,216,27,28,False,False
INV-IND-003451,24,139,20240809,498,29,28,False,False
INV-IND-003452,24,140,20240721,392,42,33,False,False
INV-IND-003453,24,141,20240321,305,36,25,False,False
INV-IND-003454,24,142,20240406,277,32,25,False,False
INV-IND-003455,24,143,20241026,278,51,19,False,False
INV-IND-003456,24,144,20241103,269,32,26,False,False
INV-IND-003457,25,1,20240328,446,53,27,False,False
INV-IND-003458,25,2,20240413,272,48,20,False,False
INV-IND-003459,25,3,20240407,11,55,16,False,True
INV-IND-003460,25,4,20240708,35,40,24,False,True
INV-IND-003461,25,5,20240414,183,32,35,False,False
INV-IND-003462,25,6,20240419,71,30,21,False,False
INV-IND-003463,25,7,20240710,124,56,33,False,False
INV-IND-003464,25,8,20241009,74,53,29,False,False
INV-IND-003465,25,9,20240605,427,43,24,False,False
INV-IND-003466,25,10,20241001,409,53,30,False,False
INV-IND-003467,25,11,20240828,48,47,29,False,False
INV-IND-003468,25,12,20240406,476,45,25,False,False
INV-IND-003469,25,13,20240420,457,30,31,False,False
INV-IND-003470,25,14,20240715,175,46,22,False,False
INV-IND-003471,25,15,20241217,119,58,33,False,False
INV-IND-003472,25,16,20240920,14,32,16,False,True
INV-IND-003473,25,17,20240106,142,58,33,False,False
INV-IND-003474,25,18,20241214,271,27,29,False,False
INV-IND-003475,25,19,20240829,304,37,15,False,False
INV-IND-003476,25,20,20240419,100,59,32,False,False
INV-IND-003477,25,21,20240601,293,25,35,False,False
INV-IND-003478,25,22,20240518,335,49,23,False,False
INV-IND-003479,25,23,20240305,181,35,28,False,False
INV-IND-003480,25,24,20240811,489,26,35,False,False
INV-IND-003481,25,25,20240910,222,42,19,False,False
INV-IND-003482,25,26,20240312,178,30,26,False,False
INV-IND-003483,25,27,20240415,44,37,35,False,False
INV-IND-003484,25,28,20240328,203,47,19,False,False
INV-IND-003485,25,29,20240303,255,45,20,False,False
INV-IND-003486,25,30,20240329,474,41,21,False,False
INV-IND-003487,25,31,20240724,90,37,18,False,False
INV-IND-003488,25,32,20240829,178,55,28,False,False
INV-IND-003489,25,33,20240630,101,56,16,False,False
INV-IND-003490,25,34,20240701,279,53,16,False,False
INV-IND-003491,25,35,20241109,422,28,24,False,False
INV-IND-003492,25,36,20241119,442,37,30,False,False
INV-IND-003493,25,37,20241227,343,57,16,False,False
INV-IND-003494,25,38,20240306,311,49,31,False,False
INV-IND-003495,25,39,20240122,326,48,35,False,False
INV-IND-003496,25,40,20240318,331,28,31,False,False
INV-IND-003497,25,41,20240114,256,60,23,False,False
INV-IND-003498,25,42,20240419,461,37,18,False,False
INV-IND-003499,25,43,20241003,159,51,19,False,False
INV-IND-003500,25,44,20240403,271,43,26,False,False
INV-IND-003501,25,45,20241008,410,54,19,False,False
INV-IND-003502,25,46,20240723,20,56,20,False,True
INV-IND-003503,25,47,20241023,197,58,28,False,False
INV-IND-003504,25,48,20240318,330,28,20,False,False
INV-IND-003505,25,49,20241113,208,46,26,False,False
INV-IND-003506,25,50,20241223,252,35,26,False,False
INV-IND-003507,25,51,20240403,135,29,18,False,False
INV-IND-003508,25,52,20240913,76,45,26,False,False
INV-IND-003509,25,53,20240914,313,33,29,False,False
INV-IND-003510,25,54,20241011,349,52,35,False,False
INV-IND-003511,25,55,20240817,495,35,15,False,False
INV-IND-003512,25,56,20240524,399,26,29,False,False
INV-IND-003513,25,57,20240719,284,60,16,False,False
INV-IND-003514,25,58,20240509,2,41,20,False,True
INV-IND-003515,25,59,20240823,83,37,15,False,False
INV-IND-003516,25,60,20241122,439,25,26,False,False
INV-IND-003517,25,61,20240825,302,40,19,False,False
INV-IND-003518,25,62,20240120,220,36,33,False,False
INV-IND-003519,25,63,20240222,481,35,20,False,False
INV-IND-003520,25,64,20240608,297,38,28,False,False
INV-IND-003521,25,65,20240219,330,36,25,False,False
INV-IND-003522,25,66,20240423,143,27,29,False,False
INV-IND-003523,25,67,20241008,290,54,15,False,False
INV-IND-003524,25,68,20240522,135,29,29,False,False
INV-IND-003525,25,69,20240101,257,56,34,False,False
INV-IND-003526,25,70,20240824,247,60,31,False,False
INV-IND-003527,25,71,20240905,308,57,17,False,False
INV-IND-003528,25,72,20241010,211,34,21,False,False
INV-IND-003529,25,73,20240326,468,48,26,False,False
INV-IND-003530,25,74,20240910,308,29,26,False,False
INV-IND-003531,25,75,20240927,95,34,28,False,False
INV-IND-003532,25,76,20240131,432,35,31,False,False
INV-IND-003533,25,77,20240419,205,25,26,False,False
INV-IND-003534,25,78,20240109,474,41,28,False,False
INV-IND-003535,25,79,20240502,475,56,26,False,False
INV-IND-003536,25,80,20240916,147,51,22,False,False
INV-IND-003537,25,81,20240519,452,41,19,False,False
INV-IND-003538,25,82,20241016,128,27,24,False,False
INV-IND-003539,25,83,20240222,167,59,24,False,False
INV-IND-003540,25,84,20240224,28,56,33,False,True
INV-IND-003541,25,85,20241201,39,37,23,False,False
INV-IND-003542,25,86,20240725,440,39,21,False,False
INV-IND-003543,25,87,20240417,225,57,18,False,False
INV-IND-003544,25,88,20240904,213,58,32,False,False
INV-IND-003545,25,89,20240529,214,42,16,False,False
INV-IND-003546,25,90,20240128,66,56,35,False,False
INV-IND-003547,25,91,20241204,125,33,18,False,False
INV-IND-003548,25,92,20240803,143,25,27,False,False
INV-IND-003549,25,93,20240412,439,25,17,False,False
INV-IND-003550,25,94,20241012,134,46,15,False,False
INV-IND-003551,25,95,20240212,415,60,18,False,False
INV-IND-003552,25,96,20241130,230,40,27,False,False
INV-IND-003553,25,97,20240418,288,50,17,False,False
INV-IND-003554,25,98,20240227,429,50,17,False,False
INV-IND-003555,25,99,20241028,159,28,23,False,False
INV-IND-003556,25,100,20241104,49,30,16,False,False
INV-IND-003557,25,101,20241229,338,45,34,False,False
INV-IND-003558,25,102,20240322,87,40,17,False,False
INV-IND-003559,25,103,20241115,491,34,15,False,False
INV-IND-003560,25,104,20240518,171,60,23,False,False
INV-IND-003561,25,105,20241001,304,48,32,False,False
INV-IND-003562,25,106,20241002,218,47,31,False,False
INV-IND-003563,25,107,20241130,23,59,24,False,True
INV-IND-003564,25,108,20240627,9,54,24,False,True
INV-IND-003565,25,109,20240222,79,31,24,False,False
INV-IND-003566,25,110,20241023,57,38,22,False,False
INV-IND-003567,25,111,20240523,326,44,34,False,False
INV-IND-003568,25,112,20240618,211,51,30,False,False
INV-IND-003569,25,113,20241018,72,34,20,False,False
INV-IND-003570,25,114,20240516,144,36,27,False,False
INV-IND-003571,25,115,20240418,62,57,19,False,False
INV-IND-003572,25,116,20240306,28,33,27,False,True
INV-IND-003573,25,117,20240326,201,30,20,False,False
INV-IND-003574,25,118,20240325,411,50,20,False,False
INV-IND-003575,25,119,20240324,225,40,23,False,False
INV-IND-003576,25,120,20240503,191,46,19,False,False
INV-IND-003577,25,121,20240515,185,56,26,False,False
INV-IND-003578,25,122,20240910,378,54,23,False,False
INV-IND-003579,25,123,20240116,337,33,30,False,False
INV-IND-003580,25,124,20240811,466,36,23,False,False
INV-IND-003581,25,125,20240622,348,57,32,False,False
INV-IND-003582,25,126,20240504,426,44,26,False,False
INV-IND-003583,25,127,20240701,20,25,21,False,True
INV-IND-003584,25,128,20241117,355,31,24,False,False
INV-IND-003585,25,129,20241218,180,45,32,False,False
INV-IND-003586,25,130,20240723,182,51,22,False,False
INV-IND-003587,25,131,20241027,65,27,24,False,False
INV-IND-003588,25,132,20240812,356,57,29,False,False
INV-IND-003589,25,133,20241017,58,50,23,False,False
INV-IND-003590,25,134,20240707,412,36,19,False,False
INV-IND-003591,25,135,20240714,439,54,28,False,False
INV-IND-003592,25,136,20240525,15,30,30,False,True
INV-IND-003593,25,137,20241017,82,53,17,False,False
INV-IND-003594,25,138,20240505,70,57,27,False,False
INV-IND-003595,25,139,20240907,269,36,31,False,False
INV-IND-003596,25,140,20240518,329,39,29,False,False
INV-IND-003597,25,141,20240229,43,44,29,False,True
INV-IND-003598,25,142,20240811,213,37,32,False,False
INV-IND-003599,25,143,20240810,487,32,26,False,False
INV-IND-003600,25,144,20240820,478,45,33,False,False
