customer_sk,customer_id,full_name,email,customer_segment,last_order_date,frequency,monetary,rfm_segment
1328,CUST-IND-001328,Rajesh Nanda,rajesh.nanda97@gmail.com,Regular Shopper,2024-12-27 01:41:33,7,1751581.19,Loyal Customers
818,CUST-IND-000818,Amit Chaudhary,amit.chaudhary355@gmail.com,Gold Privilege,2024-09-25 09:47:11,6,2133570.84,Loyal Customers
2317,CUST-IND-002317,Dev Kumar,dev.kumar854@gmail.com,Gold Privilege,2024-11-01 09:13:51,4,814528.24,Loyal Customers
1224,CUST-IND-001224,Sunita Reddy,sunita.reddy288@gmail.com,VIP Club Premier,2024-09-19 16:12:18,4,925658.81,Loyal Customers
1788,CUST-IND-001788,Meera Verma,meera.verma920@gmail.com,Festival Occasional,2024-12-19 01:14:56,7,1823381.47,Loyal Customers
126,CUST-IND-000126,Amit Nair,amit.nair401@gmail.com,Regular Shopper,2024-12-15 12:39:47,4,1074164.56,Loyal Customers
1831,CUST-IND-001831,Priya Trivedi,priya.trivedi58@gmail.com,Gold Privilege,2024-12-29 04:13:43,4,656066.12,Loyal Customers
1696,CUST-IND-001696,Karthik Sharma,karthik.sharma624@gmail.com,Festival Occasional,2024-11-15 14:02:52,7,1830229.33,Loyal Customers
167,CUST-IND-000167,Aditya Chatterjee,aditya.chatterjee669@gmail.com,Gold Privilege,2024-12-20 00:26:11,6,1720418.48,Loyal Customers
1593,CUST-IND-001593,Sunita Kumar,sunita.kumar721@gmail.com,Gold Privilege,2024-12-20 14:18:26,5,613758.73,Loyal Customers
255,CUST-IND-000255,Deepak Agarwal,deepak.agarwal964@gmail.com,Gold Privilege,2024-08-12 10:10:44,4,616063.97,Loyal Customers
1935,CUST-IND-001935,Rohan Gupta,rohan.gupta199@gmail.com,Gold Privilege,2024-12-13 23:16:58,5,940014.96,Loyal Customers
1042,CUST-IND-001042,Priya Singh,priya.singh163@gmail.com,Festival Occasional,2024-12-11 23:05:26,9,2087060.95,Champions
2060,CUST-IND-002060,Alok Dutta,alok.dutta929@gmail.com,Festival Occasional,2024-09-21 01:44:19,4,637987.31,Loyal Customers
2036,CUST-IND-002036,Neha Joshi,neha.joshi334@gmail.com,Regular Shopper,2024-11-18 16:55:32,5,696077.87,Loyal Customers
1943,CUST-IND-001943,Dev Sharma,dev.sharma546@gmail.com,Festival Occasional,2024-11-06 17:20:53,4,557876.82,Loyal Customers
1795,CUST-IND-001795,Ananya Joshi,ananya.joshi970@gmail.com,VIP Club Premier,2024-11-22 01:53:13,5,1260640.22,Loyal Customers
569,CUST-IND-000569,Vishal Patel,vishal.patel894@gmail.com,Gold Privilege,2024-10-02 13:54:23,7,1265206.01,Loyal Customers
1583,CUST-IND-001583,Priya Verma,priya.verma356@gmail.com,Gold Privilege,2024-12-29 11:13:29,7,2321403.6,Loyal Customers
1421,CUST-IND-001421,Suresh Shetty,unregistered@retail.com,Regular Shopper,2024-08-19 08:17:15,3,461086.81,Potential Loyalists
1694,CUST-IND-001694,Amit Malhotra,amit.malhotra738@gmail.com,Regular Shopper,2024-10-28 03:47:37,10,2390292.76,Champions
810,CUST-IND-000810,Shweta Mishra,shweta.mishra976@gmail.com,Festival Occasional,2024-10-23 05:14:24,8,2345827.16,Champions
2192,CUST-IND-002192,Sanjay Bhat,sanjay.bhat818@gmail.com,VIP Club Premier,2024-08-14 10:14:18,3,573486.95,Potential Loyalists
2480,CUST-IND-002480,Sanjay Dutta,sanjay.dutta998@gmail.com,Regular Shopper,2024-11-28 15:47:49,7,1550526.67,Loyal Customers
416,CUST-IND-000416,Anjali Jha,anjali.jha118@gmail.com,Gold Privilege,2024-12-28 05:05:37,10,3085620.91,Champions
1071,CUST-IND-001071,Rajesh Kumar,rajesh.kumar919@gmail.com,Gold Privilege,2024-12-29 19:11:23,6,1609946.13,Loyal Customers
2004,CUST-IND-002004,Ananya Das,ananya.das395@gmail.com,VIP Club Premier,2024-10-24 10:00:40,5,480649.34,Loyal Customers
2466,CUST-IND-002466,Manoj Verma,manoj.verma420@gmail.com,Regular Shopper,2024-11-12 09:13:37,7,2166884.3,Loyal Customers
155,CUST-IND-000155,Neha Kumar,neha.kumar567@gmail.com,Regular Shopper,2024-09-12 21:50:58,4,1048273.09,Loyal Customers
2131,CUST-IND-002131,Shweta Mishra,unregistered@retail.com,Festival Occasional,2024-12-25 17:37:30,3,463170.95,Potential Loyalists
1248,CUST-IND-001248,Swati Jha,swati.jha483@gmail.com,Gold Privilege,2024-09-26 21:22:44,5,2023230.77,Loyal Customers
249,CUST-IND-000249,Tarun Sen,tarun.sen287@gmail.com,VIP Club Premier,2024-12-17 00:24:36,5,1043866.62,Loyal Customers
481,CUST-IND-000481,Alok Hegde,alok.hegde812@gmail.com,Regular Shopper,2024-12-05 14:03:32,7,1122998.72,Loyal Customers
72,CUST-IND-000072,Arjun Chatterjee,arjun.chatterjee441@gmail.com,Regular Shopper,2024-07-27 13:25:58,4,693091.39,Loyal Customers
1020,CUST-IND-001020,Karthik Iyer,karthik.iyer151@gmail.com,VIP Club Premier,2024-11-15 02:38:16,3,596036.8,Potential Loyalists
577,CUST-IND-000577,Neha Chatterjee,neha.chatterjee149@gmail.com,Gold Privilege,2024-12-28 09:15:55,5,673092.52,Loyal Customers
226,CUST-IND-000226,Suresh Das,suresh.das484@gmail.com,Gold Privilege,2024-09-27 15:12:59,4,1082674.8,Loyal Customers
1080,CUST-IND-001080,Divya Kumar,divya.kumar301@gmail.com,Gold Privilege,2024-11-23 11:36:20,5,1125268.8,Loyal Customers
1422,CUST-IND-001422,Bhavna Malhotra,bhavna.malhotra9@gmail.com,Gold Privilege,2024-05-25 12:35:38,6,1369153.96,Loyal Customers
2075,CUST-IND-002075,Anjali Trivedi,anjali.trivedi171@gmail.com,Gold Privilege,2024-11-23 10:40:36,3,812418.34,Potential Loyalists
42,CUST-IND-000042,Pooja Hegde,pooja.hegde767@gmail.com,Festival Occasional,2024-11-22 22:35:00,4,738160.53,Loyal Customers
213,CUST-IND-000213,Manoj Verma,manoj.verma845@gmail.com,Regular Shopper,2024-08-15 11:57:34,3,234391.06,Potential Loyalists
776,CUST-IND-000776,Pooja Mehta,pooja.mehta955@gmail.com,Gold Privilege,2024-12-13 08:39:22,6,1365299.41,Loyal Customers
206,CUST-IND-000206,Anita Patel,anita.patel459@gmail.com,Festival Occasional,2024-11-30 21:24:15,8,1921765.51,Champions
654,CUST-IND-000654,Bhavna Das,bhavna.das525@gmail.com,Regular Shopper,2024-10-17 23:35:52,10,2129243.87,Champions
2345,CUST-IND-002345,Meera Pillai,meera.pillai863@gmail.com,Regular Shopper,2024-12-22 16:50:30,9,2300374.74,Champions
2276,CUST-IND-002276,Sunita Verma,sunita.verma145@gmail.com,Festival Occasional,2024-09-15 02:11:44,3,712705.76,Potential Loyalists
1874,CUST-IND-001874,Neha Iyer,neha.iyer398@gmail.com,Regular Shopper,2024-12-23 03:01:22,8,1876845.54,Champions
86,CUST-IND-000086,Lakshmi Dutta,lakshmi.dutta888@gmail.com,Regular Shopper,2024-07-13 14:50:39,2,541911.32,Potential Loyalists
1760,CUST-IND-001760,Rajesh Rao,rajesh.rao360@gmail.com,VIP Club Premier,2024-11-26 05:34:51,5,1317204.28,Loyal Customers
476,CUST-IND-000476,Aarav Rao,aarav.rao31@gmail.com,Regular Shopper,2024-12-07 12:16:43,5,1902675.21,Loyal Customers
733,CUST-IND-000733,Manoj Saxena,manoj.saxena942@gmail.com,Festival Occasional,2024-12-26 03:10:16,5,1271849.39,Loyal Customers
30,CUST-IND-000030,Ananya Chaudhary,ananya.chaudhary318@gmail.com,VIP Club Premier,2024-12-12 00:45:22,5,1437049.19,Loyal Customers
578,CUST-IND-000578,Ananya Malhotra,ananya.malhotra636@gmail.com,VIP Club Premier,2024-12-01 05:34:45,8,2431828.11,Champions
1114,CUST-IND-001114,Aditya Sen,aditya.sen682@gmail.com,Regular Shopper,2024-12-22 03:48:24,5,1060687.23,Loyal Customers
2409,CUST-IND-002409,Neha Bhat,unregistered@retail.com,Gold Privilege,2024-12-19 18:32:30,3,700976.73,Potential Loyalists
495,CUST-IND-000495,Deepika Bansal,deepika.bansal443@gmail.com,Festival Occasional,2024-09-12 07:29:25,3,1024353.04,Potential Loyalists
1605,CUST-IND-001605,Niharika Dutta,niharika.dutta705@gmail.com,Gold Privilege,2024-07-11 02:18:26,4,715417.26,Loyal Customers
1393,CUST-IND-001393,Rahul Saxena,rahul.saxena774@gmail.com,Regular Shopper,2024-09-15 17:40:48,5,648970.12,Loyal Customers
1170,CUST-IND-001170,Meera Agarwal,meera.agarwal123@gmail.com,VIP Club Premier,2024-10-31 03:19:35,7,1877585.5,Loyal Customers
2346,CUST-IND-002346,Aditya Reddy,aditya.reddy575@gmail.com,Gold Privilege,2024-05-02 12:37:30,4,1060594.59,Loyal Customers
1540,CUST-IND-001540,Manoj Das,manoj.das775@gmail.com,Festival Occasional,2024-06-21 12:26:58,4,760370.35,Loyal Customers
1880,CUST-IND-001880,Sanjay Iyer,sanjay.iyer208@gmail.com,Regular Shopper,2024-12-09 18:22:34,4,751577.02,Loyal Customers
582,CUST-IND-000582,Rohan Kapoor,rohan.kapoor525@gmail.com,VIP Club Premier,2024-12-12 17:48:49,4,770432.69,Loyal Customers
1847,CUST-IND-001847,Karthik Saxena,karthik.saxena163@gmail.com,Regular Shopper,2024-12-02 19:08:00,6,1308844.21,Loyal Customers
184,CUST-IND-000184,Amit Trivedi,amit.trivedi762@gmail.com,Festival Occasional,2024-07-22 03:40:50,5,1239881.84,Loyal Customers
1976,CUST-IND-001976,Lakshmi Bhat,lakshmi.bhat745@gmail.com,VIP Club Premier,2024-12-09 04:19:38,5,1721074.82,Loyal Customers
1977,CUST-IND-001977,Pooja Hegde,pooja.hegde768@gmail.com,Festival Occasional,2024-11-11 17:20:52,4,936575.35,Loyal Customers
247,CUST-IND-000247,Neha Gupta,neha.gupta849@gmail.com,Festival Occasional,2024-10-13 21:29:12,8,1657931.27,Champions
2298,CUST-IND-002298,Anjali Bhat,anjali.bhat323@gmail.com,Regular Shopper,2024-11-21 13:00:51,5,786499.96,Loyal Customers
600,CUST-IND-000600,Vikram Agarwal,vikram.agarwal926@gmail.com,Regular Shopper,2024-12-18 02:40:59,2,264727.79,Potential Loyalists
453,CUST-IND-000453,Niharika Rao,niharika.rao319@gmail.com,VIP Club Premier,2024-06-21 21:49:53,3,776328.69,Potential Loyalists
1836,CUST-IND-001836,Swati Bansal,swati.bansal235@gmail.com,Regular Shopper,2024-09-23 00:04:30,4,419276.62,Loyal Customers
1285,CUST-IND-001285,Priya Sen,priya.sen255@gmail.com,Regular Shopper,2024-12-30 18:10:16,5,1100366.0,Loyal Customers
1076,CUST-IND-001076,Priya Malhotra,unregistered@retail.com,Regular Shopper,2024-10-08 04:59:25,8,1446339.47,Champions
1521,CUST-IND-001521,Amit Desai,amit.desai537@gmail.com,Gold Privilege,2024-10-19 10:42:06,2,644203.34,Potential Loyalists
2020,CUST-IND-002020,Deepika Shetty,deepika.shetty731@gmail.com,Regular Shopper,2024-07-24 16:21:37,4,1169464.21,Loyal Customers
2140,CUST-IND-002140,Deepika Bansal,deepika.bansal456@gmail.com,Regular Shopper,2024-11-17 08:08:51,3,512036.36,Potential Loyalists
637,CUST-IND-000637,Aarav Reddy,aarav.reddy506@gmail.com,Regular Shopper,2024-09-05 08:24:20,3,925717.13,Potential Loyalists
2014,CUST-IND-002014,Neha Bhat,neha.bhat976@gmail.com,Regular Shopper,2024-04-07 11:01:01,2,466561.68,Potential Loyalists
976,CUST-IND-000976,Pooja Hegde,pooja.hegde644@gmail.com,Gold Privilege,2024-07-30 02:44:55,1,352058.92,New / Single Order
1440,CUST-IND-001440,Pooja Desai,pooja.desai38@gmail.com,Regular Shopper,2024-10-30 08:01:26,5,817142.65,Loyal Customers
1295,CUST-IND-001295,Suresh Dutta,suresh.dutta492@gmail.com,Festival Occasional,2024-11-30 03:38:48,3,361462.45,Potential Loyalists
1727,CUST-IND-001727,Arjun Iyer,arjun.iyer788@gmail.com,Gold Privilege,2024-12-10 14:01:38,7,1326796.87,Loyal Customers
1210,CUST-IND-001210,Priya Shetty,priya.shetty883@gmail.com,Regular Shopper,2024-11-17 10:57:25,5,1329470.1,Loyal Customers
1528,CUST-IND-001528,Anita Bansal,anita.bansal865@gmail.com,Regular Shopper,2024-06-09 00:53:22,3,504712.3,Potential Loyalists
2039,CUST-IND-002039,Divya Desai,divya.desai341@gmail.com,Gold Privilege,2024-06-27 06:44:09,1,210350.4,New / Single Order
2464,CUST-IND-002464,Aarav Chatterjee,aarav.chatterjee857@gmail.com,Regular Shopper,2024-12-30 12:15:06,10,1915626.85,Champions
1553,CUST-IND-001553,Vikram Agarwal,vikram.agarwal718@gmail.com,Regular Shopper,2024-10-27 05:07:19,6,1905259.83,Loyal Customers
789,CUST-IND-000789,Anjali Joshi,anjali.joshi384@gmail.com,Regular Shopper,2024-09-06 12:51:34,6,1815111.9,Loyal Customers
1878,CUST-IND-001878,Tarun Nair,tarun.nair496@gmail.com,Gold Privilege,2024-12-30 12:59:04,4,727032.12,Loyal Customers
111,CUST-IND-000111,Arjun Gupta,arjun.gupta692@gmail.com,Regular Shopper,2024-11-23 06:46:16,4,1047112.92,Loyal Customers
2453,CUST-IND-002453,Niharika Verma,niharika.verma35@gmail.com,Regular Shopper,2024-11-18 09:16:26,7,2155230.54,Loyal Customers
1406,CUST-IND-001406,Manoj Trivedi,manoj.trivedi525@gmail.com,VIP Club Premier,2024-11-12 05:58:45,5,1102225.15,Loyal Customers
492,CUST-IND-000492,Ananya Deshmukh,ananya.deshmukh258@gmail.com,Regular Shopper,2024-12-05 21:59:34,8,1725707.19,Champions
1899,CUST-IND-001899,Manoj Kapoor,manoj.kapoor661@gmail.com,Regular Shopper,2024-10-20 09:14:13,2,288090.34,Potential Loyalists
1367,CUST-IND-001367,Rajesh Shetty,rajesh.shetty854@gmail.com,Festival Occasional,2024-10-04 13:19:12,4,905103.73,Loyal Customers
1347,CUST-IND-001347,Arjun Singh,arjun.singh959@gmail.com,Gold Privilege,2024-12-19 18:54:11,4,888398.56,Loyal Customers
715,CUST-IND-000715,Divya Trivedi,divya.trivedi168@gmail.com,Festival Occasional,2024-12-29 21:01:10,9,2040484.68,Champions
891,CUST-IND-000891,Rahul Chaudhary,rahul.chaudhary702@gmail.com,Gold Privilege,2024-12-19 14:30:08,7,2224275.07,Loyal Customers
65,CUST-IND-000065,Swati Patel,swati.patel473@gmail.com,Gold Privilege,2024-11-17 23:53:52,3,873893.41,Potential Loyalists
1399,CUST-IND-001399,Kavita Shetty,kavita.shetty289@gmail.com,Festival Occasional,2024-02-14 21:29:18,2,398748.6,Potential Loyalists
619,CUST-IND-000619,Deepika Sen,deepika.sen540@gmail.com,Regular Shopper,2024-12-14 02:07:57,5,1303397.83,Loyal Customers
966,CUST-IND-000966,Niharika Saxena,niharika.saxena294@gmail.com,VIP Club Premier,2024-09-26 14:03:47,4,1164097.23,Loyal Customers
1177,CUST-IND-001177,Deepika Deshmukh,deepika.deshmukh967@gmail.com,Gold Privilege,2024-10-20 22:13:24,3,1343346.58,Potential Loyalists
1412,CUST-IND-001412,Kavita Chaudhary,kavita.chaudhary889@gmail.com,VIP Club Premier,2024-11-15 23:04:44,5,1221202.27,Loyal Customers
1543,CUST-IND-001543,Lakshmi Nair,lakshmi.nair331@gmail.com,Gold Privilege,2024-10-05 13:01:33,4,753948.6,Loyal Customers
2180,CUST-IND-002180,Divya Dutta,divya.dutta861@gmail.com,Regular Shopper,2024-03-29 09:14:32,2,686579.92,Potential Loyalists
26,CUST-IND-000026,Karthik Nair,karthik.nair570@gmail.com,Gold Privilege,2024-06-02 11:33:53,2,397609.67,Potential Loyalists
2414,CUST-IND-002414,Rajesh Mukherjee,rajesh.mukherjee601@gmail.com,Regular Shopper,2024-12-02 12:34:18,4,718398.28,Loyal Customers
294,CUST-IND-000294,Alok Das,alok.das951@gmail.com,VIP Club Premier,2024-10-21 04:05:07,4,460651.0,Loyal Customers
330,CUST-IND-000330,Rajesh Kumar,rajesh.kumar370@gmail.com,Gold Privilege,2024-12-10 10:12:01,3,410925.46,Potential Loyalists
11,CUST-IND-000011,Ananya Pillai,ananya.pillai566@gmail.com,VIP Club Premier,2024-10-30 17:05:44,3,342230.58,Potential Loyalists
45,CUST-IND-000045,Arjun Das,arjun.das184@gmail.com,Regular Shopper,2024-11-22 10:43:56,3,767643.43,Potential Loyalists
1046,CUST-IND-001046,Amit Bhat,amit.bhat911@gmail.com,Regular Shopper,2024-12-18 06:34:46,8,1346405.31,Champions
750,CUST-IND-000750,Suresh Hegde,suresh.hegde42@gmail.com,Gold Privilege,2024-10-31 00:16:36,5,1628265.76,Loyal Customers
1147,CUST-IND-001147,Swati Nanda,swati.nanda667@gmail.com,Festival Occasional,2024-10-04 05:06:11,3,632006.79,Potential Loyalists
84,CUST-IND-000084,Deepika Nair,deepika.nair842@gmail.com,Gold Privilege,2024-08-24 17:18:38,3,458476.94,Potential Loyalists
324,CUST-IND-000324,Aditya Singh,aditya.singh74@gmail.com,VIP Club Premier,2024-11-19 04:40:38,4,638844.53,Loyal Customers
2230,CUST-IND-002230,Kavita Kumar,kavita.kumar419@gmail.com,Festival Occasional,2024-12-19 13:33:26,4,891508.57,Loyal Customers
174,CUST-IND-000174,Meera Sharma,meera.sharma402@gmail.com,VIP Club Premier,2024-10-24 17:12:25,3,1300646.77,Potential Loyalists
2284,CUST-IND-002284,Sanjay Patel,sanjay.patel280@gmail.com,Gold Privilege,2024-12-29 10:49:49,6,1430742.89,Loyal Customers
534,CUST-IND-000534,Amit Nair,amit.nair644@gmail.com,Gold Privilege,2024-09-10 06:59:56,5,1254374.14,Loyal Customers
1557,CUST-IND-001557,Vishal Kumar,vishal.kumar651@gmail.com,Regular Shopper,2024-10-19 01:29:45,3,363317.44,Potential Loyalists
300,CUST-IND-000300,Bhavna Das,bhavna.das411@gmail.com,Regular Shopper,2024-09-18 12:43:06,2,981198.96,Potential Loyalists
1396,CUST-IND-001396,Neha Gupta,neha.gupta397@gmail.com,Gold Privilege,2024-08-09 17:52:03,3,1014872.88,Potential Loyalists
1287,CUST-IND-001287,Vishal Jha,vishal.jha823@gmail.com,Regular Shopper,2024-11-12 04:23:08,4,857393.34,Loyal Customers
302,CUST-IND-000302,Priya Joshi,priya.joshi411@gmail.com,VIP Club Premier,2024-11-17 12:43:08,5,568128.11,Loyal Customers
571,CUST-IND-000571,Ananya Malhotra,ananya.malhotra899@gmail.com,Regular Shopper,2024-05-09 13:49:03,1,148195.34,New / Single Order
2479,CUST-IND-002479,Pooja Deshmukh,pooja.deshmukh588@gmail.com,Regular Shopper,2024-01-31 05:10:04,2,529176.85,Potential Loyalists
1310,CUST-IND-001310,Kavita Kapoor,kavita.kapoor195@gmail.com,Regular Shopper,2024-11-27 23:17:26,2,223560.04,Potential Loyalists
1309,CUST-IND-001309,Anjali Trivedi,anjali.trivedi75@gmail.com,VIP Club Premier,2024-07-13 12:29:32,3,414571.85,Potential Loyalists
2265,CUST-IND-002265,Anita Deshmukh,anita.deshmukh459@gmail.com,VIP Club Premier,2024-11-10 17:00:40,2,358746.22,Potential Loyalists
1609,CUST-IND-001609,Meera Patel,meera.patel441@gmail.com,Gold Privilege,2024-12-29 01:39:58,5,462328.68,Loyal Customers
2329,CUST-IND-002329,Anita Saxena,anita.saxena712@gmail.com,Regular Shopper,2024-08-30 22:28:53,3,895914.72,Potential Loyalists
498,CUST-IND-000498,Meera Bansal,meera.bansal313@gmail.com,VIP Club Premier,2024-08-06 11:25:14,4,1176503.43,Loyal Customers
1447,CUST-IND-001447,Priya Mukherjee,priya.mukherjee567@gmail.com,Festival Occasional,2024-12-10 04:44:07,2,157064.04,Potential Loyalists
515,CUST-IND-000515,Aarav Dutta,aarav.dutta814@gmail.com,VIP Club Premier,2024-06-03 18:39:20,2,298076.11,Potential Loyalists
1657,CUST-IND-001657,Shweta Kumar,shweta.kumar882@gmail.com,Regular Shopper,2024-11-11 00:55:10,3,964550.26,Potential Loyalists
2363,CUST-IND-002363,Ritu Malhotra,ritu.malhotra208@gmail.com,Regular Shopper,2024-02-14 02:24:43,3,511180.52,Potential Loyalists
866,CUST-IND-000866,Neha Nair,neha.nair992@gmail.com,Festival Occasional,2024-07-12 19:55:52,2,338266.58,Potential Loyalists
1923,CUST-IND-001923,Vikram Bansal,vikram.bansal142@gmail.com,Gold Privilege,2024-07-22 00:29:42,3,677449.09,Potential Loyalists
102,CUST-IND-000102,Preeti Deshmukh,unregistered@retail.com,Regular Shopper,2024-10-20 07:19:17,2,671738.98,Potential Loyalists
934,CUST-IND-000934,Karthik Trivedi,karthik.trivedi1@gmail.com,Gold Privilege,2024-11-09 03:36:27,9,2111993.51,Champions
1094,CUST-IND-001094,Swati Bansal,swati.bansal363@gmail.com,Festival Occasional,2024-12-30 16:55:33,8,2105728.05,Champions
1379,CUST-IND-001379,Sanjay Kapoor,sanjay.kapoor12@gmail.com,Festival Occasional,2024-11-09 14:25:01,7,1520752.13,Loyal Customers
931,CUST-IND-000931,Deepak Sen,deepak.sen712@gmail.com,Regular Shopper,2024-10-07 01:42:01,6,1945728.52,Loyal Customers
1971,CUST-IND-001971,Rajesh Mehta,rajesh.mehta391@gmail.com,Gold Privilege,2024-12-18 08:39:10,7,1434297.74,Loyal Customers
1243,CUST-IND-001243,Arjun Kapoor,arjun.kapoor378@gmail.com,Festival Occasional,2024-08-31 21:23:44,6,1175046.11,Loyal Customers
1151,CUST-IND-001151,Vishal Kumar,vishal.kumar778@gmail.com,Gold Privilege,2024-12-31 08:59:38,11,2062418.47,Champions
1830,CUST-IND-001830,Shweta Agarwal,shweta.agarwal21@gmail.com,Festival Occasional,2024-08-14 06:25:14,3,700463.25,Potential Loyalists
815,CUST-IND-000815,Divya Jha,divya.jha998@gmail.com,Regular Shopper,2024-08-25 08:28:14,4,890466.41,Loyal Customers
81,CUST-IND-000081,Arjun Verma,arjun.verma984@gmail.com,Gold Privilege,2024-12-07 13:04:06,2,305053.47,Potential Loyalists
1385,CUST-IND-001385,Lakshmi Gupta,lakshmi.gupta726@gmail.com,Gold Privilege,2024-09-22 13:27:58,5,1146051.89,Loyal Customers
239,CUST-IND-000239,Divya Shetty,divya.shetty512@gmail.com,Festival Occasional,2024-12-21 21:11:50,4,819323.25,Loyal Customers
1091,CUST-IND-001091,Meera Kapoor,meera.kapoor724@gmail.com,Regular Shopper,2024-09-02 03:26:11,5,1167564.74,Loyal Customers
1110,CUST-IND-001110,Bhavna Sen,bhavna.sen952@gmail.com,Festival Occasional,2024-12-19 05:23:20,8,2863280.12,Champions
1376,CUST-IND-001376,Deepak Reddy,deepak.reddy949@gmail.com,VIP Club Premier,2024-10-31 23:42:20,4,323310.34,Loyal Customers
479,CUST-IND-000479,Deepak Verma,deepak.verma75@gmail.com,Regular Shopper,2024-12-05 19:24:57,7,1879301.51,Loyal Customers
340,CUST-IND-000340,Tarun Chatterjee,tarun.chatterjee884@gmail.com,Festival Occasional,2024-02-28 19:50:40,3,653750.21,Potential Loyalists
1108,CUST-IND-001108,Meera Shetty,meera.shetty123@gmail.com,Gold Privilege,2024-12-27 21:47:54,8,1864114.67,Champions
1734,CUST-IND-001734,Divya Bansal,divya.bansal691@gmail.com,VIP Club Premier,2024-08-15 11:37:28,7,1644479.09,Loyal Customers
367,CUST-IND-000367,Swati Pillai,swati.pillai177@gmail.com,Festival Occasional,2024-12-13 09:20:55,8,3322023.46,Champions
166,CUST-IND-000166,Arjun Chatterjee,arjun.chatterjee977@gmail.com,Regular Shopper,2024-07-11 18:59:44,2,423936.21,Potential Loyalists
1640,CUST-IND-001640,Deepika Das,deepika.das121@gmail.com,Regular Shopper,2024-10-18 03:00:52,2,748440.34,Potential Loyalists
1722,CUST-IND-001722,Kavita Kumar,kavita.kumar460@gmail.com,VIP Club Premier,2024-12-21 13:14:14,5,746245.34,Loyal Customers
890,CUST-IND-000890,Anita Mishra,anita.mishra370@gmail.com,VIP Club Premier,2024-12-19 01:27:35,3,608099.59,Potential Loyalists
1928,CUST-IND-001928,Swati Deshmukh,swati.deshmukh591@gmail.com,Festival Occasional,2024-10-18 05:01:20,6,1161509.97,Loyal Customers
1277,CUST-IND-001277,Ananya Pillai,ananya.pillai860@gmail.com,Regular Shopper,2024-11-11 10:05:53,6,1359763.24,Loyal Customers
951,CUST-IND-000951,Sanjay Kapoor,sanjay.kapoor766@gmail.com,Festival Occasional,2024-10-21 13:04:45,6,580002.12,Loyal Customers
1530,CUST-IND-001530,Dev Joshi,dev.joshi764@gmail.com,Regular Shopper,2024-12-03 12:06:31,5,1068323.42,Loyal Customers
1343,CUST-IND-001343,Aditya Gupta,aditya.gupta657@gmail.com,Festival Occasional,2024-12-21 20:00:17,4,914812.58,Loyal Customers
1821,CUST-IND-001821,Anita Trivedi,anita.trivedi529@gmail.com,Regular Shopper,2024-12-14 23:15:31,6,1530886.54,Loyal Customers
376,CUST-IND-000376,Meera Joshi,meera.joshi749@gmail.com,Regular Shopper,2024-12-29 11:59:14,1,120670.38,New / Single Order
601,CUST-IND-000601,Anjali Kapoor,anjali.kapoor477@gmail.com,Regular Shopper,2024-11-25 22:52:36,7,838742.15,Loyal Customers
2415,CUST-IND-002415,Amit Singh,amit.singh143@gmail.com,VIP Club Premier,2024-11-24 10:35:00,6,724995.02,Loyal Customers
2160,CUST-IND-002160,Neha Nair,neha.nair321@gmail.com,Festival Occasional,2024-11-30 19:52:07,5,1177723.12,Loyal Customers
1947,CUST-IND-001947,Vikram Iyer,vikram.iyer917@gmail.com,Regular Shopper,2024-11-13 04:00:04,3,291449.76,Potential Loyalists
2350,CUST-IND-002350,Shweta Chaudhary,shweta.chaudhary181@gmail.com,VIP Club Premier,2024-12-24 08:42:33,8,2057765.3,Champions
1136,CUST-IND-001136,Rohan Rao,rohan.rao345@gmail.com,Regular Shopper,2024-12-28 03:08:30,8,1969857.87,Champions
394,CUST-IND-000394,Anjali Gupta,anjali.gupta598@gmail.com,Gold Privilege,2024-12-18 21:00:49,8,1629551.78,Champions
423,CUST-IND-000423,Meera Mukherjee,meera.mukherjee461@gmail.com,Gold Privilege,2024-12-23 02:57:56,6,1337223.87,Loyal Customers
545,CUST-IND-000545,Sunita Patel,sunita.patel910@gmail.com,Regular Shopper,2024-09-26 07:35:18,4,921148.42,Loyal Customers
1601,CUST-IND-001601,Aditya Pillai,aditya.pillai128@gmail.com,Regular Shopper,2024-11-13 01:04:57,5,736005.85,Loyal Customers
2264,CUST-IND-002264,Rahul Sen,rahul.sen371@gmail.com,Regular Shopper,2024-12-07 17:10:10,6,1634741.81,Loyal Customers
1033,CUST-IND-001033,Ritu Nanda,ritu.nanda756@gmail.com,Regular Shopper,2024-11-16 07:26:23,8,1327039.04,Champions
1484,CUST-IND-001484,Lakshmi Malhotra,lakshmi.malhotra252@gmail.com,VIP Club Premier,2024-12-19 03:44:26,4,1115945.16,Loyal Customers
1289,CUST-IND-001289,Pooja Kapoor,pooja.kapoor142@gmail.com,Regular Shopper,2024-06-09 12:57:05,4,713266.51,Loyal Customers
437,CUST-IND-000437,Sanjay Chatterjee,sanjay.chatterjee869@gmail.com,Regular Shopper,2024-11-20 14:18:06,6,1361089.29,Loyal Customers
1725,CUST-IND-001725,Ananya Das,ananya.das535@gmail.com,Gold Privilege,2024-10-20 08:21:03,7,1856611.21,Loyal Customers
113,CUST-IND-000113,Manoj Deshmukh,manoj.deshmukh84@gmail.com,Festival Occasional,2024-11-28 21:07:27,4,994756.65,Loyal Customers
834,CUST-IND-000834,Tarun Bhat,tarun.bhat119@gmail.com,Regular Shopper,2024-11-02 22:54:57,7,1476140.99,Loyal Customers
1675,CUST-IND-001675,Preeti Patel,preeti.patel450@gmail.com,Festival Occasional,2024-12-06 12:57:28,8,1482702.43,Champions
591,CUST-IND-000591,Meera Chatterjee,meera.chatterjee190@gmail.com,Regular Shopper,2024-12-31 10:54:57,7,1283059.21,Loyal Customers
2115,CUST-IND-002115,Ananya Desai,ananya.desai119@gmail.com,Regular Shopper,2024-12-28 11:56:00,4,676128.87,Loyal Customers
1972,CUST-IND-001972,Deepika Dutta,deepika.dutta970@gmail.com,Regular Shopper,2024-11-18 05:18:13,4,847650.06,Loyal Customers
686,CUST-IND-000686,Bhavna Desai,bhavna.desai408@gmail.com,Gold Privilege,2024-08-04 21:59:40,2,620663.83,Potential Loyalists
308,CUST-IND-000308,Amit Kapoor,amit.kapoor662@gmail.com,Gold Privilege,2024-12-29 02:42:36,8,1364026.42,Champions
504,CUST-IND-000504,Neha Nanda,neha.nanda855@gmail.com,Regular Shopper,2024-12-17 06:48:10,8,2101814.83,Champions
115,CUST-IND-000115,Bhavna Shetty,bhavna.shetty484@gmail.com,Regular Shopper,2024-10-03 07:23:18,4,1660645.93,Loyal Customers
1190,CUST-IND-001190,Deepika Nanda,deepika.nanda326@gmail.com,Regular Shopper,2024-12-15 09:46:19,4,238747.11,Loyal Customers
2314,CUST-IND-002314,Deepak Iyer,deepak.iyer501@gmail.com,Regular Shopper,2024-11-26 15:22:36,5,893409.32,Loyal Customers
909,CUST-IND-000909,Shweta Pillai,shweta.pillai249@gmail.com,Gold Privilege,2024-09-23 02:08:58,3,455882.89,Potential Loyalists
2395,CUST-IND-002395,Sunita Nanda,sunita.nanda407@gmail.com,Regular Shopper,2024-07-02 23:01:32,5,1636610.5,Loyal Customers
572,CUST-IND-000572,Shweta Kumar,shweta.kumar813@gmail.com,Gold Privilege,2024-06-02 00:44:27,4,922265.55,Loyal Customers
1873,CUST-IND-001873,Ritu Mukherjee,ritu.mukherjee31@gmail.com,VIP Club Premier,2024-12-07 18:09:54,4,875243.72,Loyal Customers
1424,CUST-IND-001424,Kavita Gupta,kavita.gupta393@gmail.com,Regular Shopper,2024-10-16 21:50:26,4,1085336.51,Loyal Customers
195,CUST-IND-000195,Meera Jha,meera.jha295@gmail.com,Gold Privilege,2024-12-26 07:52:41,7,1560064.11,Loyal Customers
1475,CUST-IND-001475,Manoj Dutta,manoj.dutta300@gmail.com,Regular Shopper,2024-11-10 15:29:16,4,1752025.07,Loyal Customers
1613,CUST-IND-001613,Preeti Iyer,preeti.iyer199@gmail.com,Festival Occasional,2024-09-18 11:54:36,6,1219146.02,Loyal Customers
1272,CUST-IND-001272,Ananya Saxena,ananya.saxena821@gmail.com,Regular Shopper,2024-11-11 04:22:17,6,1539548.38,Loyal Customers
918,CUST-IND-000918,Pooja Chatterjee,pooja.chatterjee744@gmail.com,Regular Shopper,2024-10-31 07:41:40,3,543753.41,Potential Loyalists
1054,CUST-IND-001054,Niharika Chatterjee,unregistered@retail.com,Regular Shopper,2024-10-11 12:29:03,5,1104200.82,Loyal Customers
1084,CUST-IND-001084,Suresh Patel,suresh.patel701@gmail.com,Regular Shopper,2024-12-14 16:18:53,4,568865.34,Loyal Customers
938,CUST-IND-000938,Dev Reddy,dev.reddy459@gmail.com,Regular Shopper,2024-11-01 03:01:40,5,1032214.86,Loyal Customers
109,CUST-IND-000109,Anjali Nair,anjali.nair135@gmail.com,VIP Club Premier,2024-12-20 23:00:06,7,1543856.29,Loyal Customers
2386,CUST-IND-002386,Anjali Dutta,anjali.dutta179@gmail.com,VIP Club Premier,2024-08-26 14:12:58,4,1162023.76,Loyal Customers
742,CUST-IND-000742,Deepak Kapoor,deepak.kapoor251@gmail.com,Regular Shopper,2024-07-30 09:01:08,4,1182479.77,Loyal Customers
869,CUST-IND-000869,Swati Iyer,swati.iyer223@gmail.com,Regular Shopper,2024-09-14 04:20:08,8,1985406.93,Champions
2419,CUST-IND-002419,Rajesh Dutta,rajesh.dutta380@gmail.com,Regular Shopper,2024-12-17 16:59:27,4,1170000.92,Loyal Customers
383,CUST-IND-000383,Sunita Agarwal,sunita.agarwal834@gmail.com,Regular Shopper,2024-12-13 03:21:43,4,764456.87,Loyal Customers
1489,CUST-IND-001489,Dev Nanda,dev.nanda4@gmail.com,Gold Privilege,2024-12-31 18:59:37,7,1138982.32,Loyal Customers
2084,CUST-IND-002084,Bhavna Shetty,bhavna.shetty58@gmail.com,VIP Club Premier,2024-09-21 11:00:23,4,415751.86,Loyal Customers
532,CUST-IND-000532,Shweta Iyer,shweta.iyer474@gmail.com,Regular Shopper,2024-12-25 11:53:48,4,365977.92,Loyal Customers
717,CUST-IND-000717,Anjali Agarwal,anjali.agarwal761@gmail.com,Regular Shopper,2024-12-04 08:21:02,5,1616212.81,Loyal Customers
269,CUST-IND-000269,Ananya Reddy,ananya.reddy990@gmail.com,VIP Club Premier,2024-11-18 06:48:29,6,1745074.3,Loyal Customers
2007,CUST-IND-002007,Kavita Mehta,kavita.mehta141@gmail.com,Festival Occasional,2024-05-28 13:31:11,2,353218.38,Potential Loyalists
1829,CUST-IND-001829,Arjun Hegde,arjun.hegde991@gmail.com,Regular Shopper,2024-11-26 21:42:16,5,928151.34,Loyal Customers
1186,CUST-IND-001186,Lakshmi Nair,lakshmi.nair389@gmail.com,Regular Shopper,2024-08-11 18:20:26,1,237344.17,New / Single Order
415,CUST-IND-000415,Anjali Nanda,anjali.nanda954@gmail.com,Regular Shopper,2024-12-24 21:07:19,3,951245.57,Potential Loyalists
1167,CUST-IND-001167,Niharika Desai,niharika.desai259@gmail.com,Gold Privilege,2024-11-10 04:55:49,5,877235.35,Loyal Customers
33,CUST-IND-000033,Priya Sen,priya.sen26@gmail.com,Regular Shopper,2024-10-13 21:30:58,6,1050606.26,Loyal Customers
2109,CUST-IND-002109,Vishal Desai,vishal.desai384@gmail.com,Gold Privilege,2024-12-18 20:08:29,5,861379.79,Loyal Customers
342,CUST-IND-000342,Vishal Mukherjee,vishal.mukherjee726@gmail.com,Regular Shopper,2024-06-04 21:05:40,2,299790.56,Potential Loyalists
1636,CUST-IND-001636,Suresh Trivedi,suresh.trivedi947@gmail.com,VIP Club Premier,2024-12-28 16:32:38,4,941316.57,Loyal Customers
1773,CUST-IND-001773,Arjun Mehta,arjun.mehta1@gmail.com,Regular Shopper,2024-12-17 19:30:33,5,1074311.85,Loyal Customers
1686,CUST-IND-001686,Niharika Nair,niharika.nair71@gmail.com,Gold Privilege,2024-11-08 19:36:46,7,1836007.3,Loyal Customers
1318,CUST-IND-001318,Rajesh Nanda,rajesh.nanda512@gmail.com,Regular Shopper,2024-10-19 09:01:16,6,2268567.73,Loyal Customers
790,CUST-IND-000790,Anita Singh,anita.singh78@gmail.com,Festival Occasional,2024-10-26 07:44:09,7,1776636.74,Loyal Customers
148,CUST-IND-000148,Shweta Das,shweta.das154@gmail.com,Gold Privilege,2024-10-16 02:57:45,3,580938.46,Potential Loyalists
522,CUST-IND-000522,Deepika Agarwal,deepika.agarwal750@gmail.com,Festival Occasional,2024-07-30 07:15:49,2,28911.84,Potential Loyalists
1296,CUST-IND-001296,Kavita Desai,kavita.desai887@gmail.com,Gold Privilege,2024-07-12 14:49:06,3,774199.17,Potential Loyalists
348,CUST-IND-000348,Manoj Agarwal,manoj.agarwal885@gmail.com,Regular Shopper,2024-10-09 07:34:49,4,725147.88,Loyal Customers
473,CUST-IND-000473,Amit Verma,amit.verma284@gmail.com,VIP Club Premier,2024-11-27 01:46:58,6,1499790.44,Loyal Customers
1717,CUST-IND-001717,Rahul Joshi,rahul.joshi928@gmail.com,Regular Shopper,2024-11-08 03:03:17,5,1040818.98,Loyal Customers
664,CUST-IND-000664,Ritu Desai,ritu.desai180@gmail.com,Regular Shopper,2024-12-18 21:01:12,4,717155.61,Loyal Customers
2483,CUST-IND-002483,Aarav Iyer,aarav.iyer629@gmail.com,Gold Privilege,2024-12-23 01:08:23,2,199167.09,Potential Loyalists
347,CUST-IND-000347,Tarun Nanda,tarun.nanda611@gmail.com,Festival Occasional,2024-12-19 13:08:12,5,952385.46,Loyal Customers
1592,CUST-IND-001592,Manoj Trivedi,manoj.trivedi619@gmail.com,Regular Shopper,2024-12-07 20:07:18,4,822162.61,Loyal Customers
153,CUST-IND-000153,Bhavna Kapoor,bhavna.kapoor9@gmail.com,Gold Privilege,2024-11-15 05:26:19,4,565286.88,Loyal Customers
1560,CUST-IND-001560,Sanjay Sharma,sanjay.sharma31@gmail.com,VIP Club Premier,2024-10-24 05:20:58,9,1719858.55,Champions
2052,CUST-IND-002052,Anita Shetty,anita.shetty670@gmail.com,Regular Shopper,2024-10-25 09:07:26,3,896767.38,Potential Loyalists
1676,CUST-IND-001676,Sanjay Pillai,sanjay.pillai904@gmail.com,Festival Occasional,2024-12-22 01:12:52,8,1748563.71,Champions
1357,CUST-IND-001357,Amit Kumar,amit.kumar438@gmail.com,Festival Occasional,2024-06-21 01:12:46,3,504044.45,Potential Loyalists
2435,CUST-IND-002435,Vishal Pillai,vishal.pillai102@gmail.com,VIP Club Premier,2024-12-15 00:12:29,2,227188.15,Potential Loyalists
1754,CUST-IND-001754,Arjun Jha,arjun.jha370@gmail.com,Regular Shopper,2024-09-16 07:02:23,5,1117371.58,Loyal Customers
2143,CUST-IND-002143,Sunita Chatterjee,sunita.chatterjee942@gmail.com,Regular Shopper,2024-12-21 23:12:06,5,1366315.69,Loyal Customers
767,CUST-IND-000767,Vikram Saxena,vikram.saxena792@gmail.com,Festival Occasional,2024-11-21 04:42:14,6,1290805.59,Loyal Customers
1513,CUST-IND-001513,Alok Bhat,alok.bhat628@gmail.com,Regular Shopper,2024-12-17 09:12:43,5,1279828.36,Loyal Customers
1661,CUST-IND-001661,Vikram Mehta,vikram.mehta313@gmail.com,Festival Occasional,2024-08-26 04:43:40,4,972345.85,Loyal Customers
670,CUST-IND-000670,Meera Joshi,meera.joshi534@gmail.com,Regular Shopper,2024-06-03 17:31:44,2,573138.65,Potential Loyalists
1511,CUST-IND-001511,Vishal Saxena,vishal.saxena785@gmail.com,Regular Shopper,2024-10-07 14:34:48,5,1374575.23,Loyal Customers
1206,CUST-IND-001206,Swati Mukherjee,swati.mukherjee950@gmail.com,Regular Shopper,2024-12-13 19:34:44,6,981029.94,Loyal Customers
1022,CUST-IND-001022,Rahul Verma,rahul.verma381@gmail.com,Regular Shopper,2024-10-09 20:40:00,5,868836.16,Loyal Customers
490,CUST-IND-000490,Swati Shetty,swati.shetty88@gmail.com,Gold Privilege,2024-11-10 05:47:32,3,1066947.11,Potential Loyalists
2347,CUST-IND-002347,Neha Deshmukh,neha.deshmukh213@gmail.com,VIP Club Premier,2024-10-21 18:05:00,4,683242.2,Loyal Customers
1644,CUST-IND-001644,Shweta Nair,shweta.nair108@gmail.com,Festival Occasional,2024-12-17 10:27:27,4,520791.69,Loyal Customers
1745,CUST-IND-001745,Preeti Bansal,preeti.bansal131@gmail.com,VIP Club Premier,2024-11-09 15:18:04,5,873765.11,Loyal Customers
422,CUST-IND-000422,Anjali Singh,anjali.singh626@gmail.com,Regular Shopper,2024-11-10 01:04:32,5,1429857.1,Loyal Customers
1397,CUST-IND-001397,Anita Kulkarni,anita.kulkarni4@gmail.com,Regular Shopper,2024-09-24 10:06:10,5,993427.26,Loyal Customers
474,CUST-IND-000474,Karthik Dutta,karthik.dutta450@gmail.com,Gold Privilege,2024-12-29 23:47:19,3,708899.58,Potential Loyalists
958,CUST-IND-000958,Anjali Patel,anjali.patel186@gmail.com,Festival Occasional,2024-10-23 05:52:37,4,1056591.0,Loyal Customers
85,CUST-IND-000085,Pooja Shetty,pooja.shetty118@gmail.com,Gold Privilege,2024-10-28 11:43:21,5,1282380.67,Loyal Customers
2324,CUST-IND-002324,Preeti Nair,preeti.nair197@gmail.com,Regular Shopper,2024-12-27 11:16:13,3,548793.85,Potential Loyalists
1894,CUST-IND-001894,Manoj Saxena,manoj.saxena628@gmail.com,Gold Privilege,2024-09-10 19:37:14,3,929204.21,Potential Loyalists
1655,CUST-IND-001655,Vishal Sharma,vishal.sharma133@gmail.com,Regular Shopper,2024-06-01 22:19:01,4,806358.5,Loyal Customers
44,CUST-IND-000044,Ananya Sharma,ananya.sharma741@gmail.com,Gold Privilege,2024-11-26 02:11:58,5,536934.02,Loyal Customers
1255,CUST-IND-001255,Anjali Bhat,anjali.bhat360@gmail.com,Regular Shopper,2024-06-19 23:24:22,2,433518.37,Potential Loyalists
2175,CUST-IND-002175,Divya Agarwal,divya.agarwal88@gmail.com,Gold Privilege,2024-08-04 16:28:37,3,944602.6,Potential Loyalists
161,CUST-IND-000161,Tarun Saxena,tarun.saxena104@gmail.com,Regular Shopper,2024-11-12 18:15:00,2,679678.8,Potential Loyalists
1227,CUST-IND-001227,Aditya Hegde,aditya.hegde532@gmail.com,Gold Privilege,2024-12-05 17:39:07,2,68144.07,Potential Loyalists
1118,CUST-IND-001118,Ritu Reddy,ritu.reddy572@gmail.com,Festival Occasional,2024-10-18 10:19:35,3,419775.91,Potential Loyalists
2338,CUST-IND-002338,Deepak Chatterjee,deepak.chatterjee235@gmail.com,Regular Shopper,2024-07-03 19:19:59,3,460786.67,Potential Loyalists
1256,CUST-IND-001256,Divya Kapoor,divya.kapoor430@gmail.com,VIP Club Premier,2024-10-13 01:25:57,3,1187849.71,Potential Loyalists
1065,CUST-IND-001065,Ananya Singh,ananya.singh565@gmail.com,Gold Privilege,2024-09-11 19:19:05,2,400470.73,Potential Loyalists
191,CUST-IND-000191,Ritu Kumar,ritu.kumar913@gmail.com,Regular Shopper,2024-09-10 02:08:38,3,848794.28,Potential Loyalists
798,CUST-IND-000798,Swati Verma,swati.verma342@gmail.com,Festival Occasional,2024-12-03 11:29:41,2,597642.74,Potential Loyalists
903,CUST-IND-000903,Rajesh Mukherjee,rajesh.mukherjee1@gmail.com,Regular Shopper,2024-08-15 02:08:18,2,565541.78,Potential Loyalists
788,CUST-IND-000788,Vikram Mishra,vikram.mishra968@gmail.com,Regular Shopper,2024-08-18 09:07:49,3,797904.82,Potential Loyalists
1299,CUST-IND-001299,Rajesh Das,rajesh.das575@gmail.com,Regular Shopper,2024-08-24 03:31:44,2,333381.52,Potential Loyalists
648,CUST-IND-000648,Shweta Gupta,shweta.gupta391@gmail.com,Regular Shopper,2024-11-11 09:50:40,1,272192.95,New / Single Order
2203,CUST-IND-002203,Arjun Kulkarni,arjun.kulkarni347@gmail.com,Gold Privilege,,0,0.0,Inactive
1388,CUST-IND-001388,Alok Patel,alok.patel522@gmail.com,Gold Privilege,,0,0.0,Inactive
695,CUST-IND-000695,Pooja Reddy,pooja.reddy302@gmail.com,Regular Shopper,2024-12-07 13:56:22,7,2309572.16,Loyal Customers
2270,CUST-IND-002270,Sunita Mukherjee,sunita.mukherjee508@gmail.com,Regular Shopper,2024-09-09 05:21:17,2,437436.17,Potential Loyalists
1916,CUST-IND-001916,Niharika Mishra,niharika.mishra897@gmail.com,Festival Occasional,2024-11-29 01:26:36,2,334594.2,Potential Loyalists
2228,CUST-IND-002228,Niharika Mishra,niharika.mishra109@gmail.com,Festival Occasional,2024-12-31 08:11:14,3,486202.35,Potential Loyalists
463,CUST-IND-000463,Sanjay Mukherjee,sanjay.mukherjee723@gmail.com,Regular Shopper,2024-10-19 15:57:28,5,811017.03,Loyal Customers
1270,CUST-IND-001270,Rohan Agarwal,rohan.agarwal782@gmail.com,Gold Privilege,2024-12-26 15:55:49,6,1365325.49,Loyal Customers
1316,CUST-IND-001316,Rahul Verma,rahul.verma775@gmail.com,Regular Shopper,2024-12-30 09:47:30,5,1175827.0,Loyal Customers
2341,CUST-IND-002341,Suresh Bansal,suresh.bansal605@gmail.com,Regular Shopper,2024-11-20 04:19:59,6,996355.94,Loyal Customers
2371,CUST-IND-002371,Vikram Jha,vikram.jha489@gmail.com,Gold Privilege,2024-12-25 06:06:00,8,2188674.14,Champions
25,CUST-IND-000025,Niharika Deshmukh,niharika.deshmukh827@gmail.com,Regular Shopper,2024-12-31 04:19:41,11,3103132.43,Champions
112,CUST-IND-000112,Amit Kumar,amit.kumar921@gmail.com,Regular Shopper,2024-09-11 15:30:04,3,659445.65,Potential Loyalists
143,CUST-IND-000143,Tarun Pillai,tarun.pillai696@gmail.com,Regular Shopper,2024-12-13 22:51:48,4,758811.54,Loyal Customers
1263,CUST-IND-001263,Swati Iyer,swati.iyer342@gmail.com,Gold Privilege,2024-12-22 09:29:48,5,1150029.27,Loyal Customers
1913,CUST-IND-001913,Divya Deshmukh,divya.deshmukh827@gmail.com,VIP Club Premier,2024-09-23 03:54:48,1,302641.72,New / Single Order
1918,CUST-IND-001918,Amit Nanda,amit.nanda424@gmail.com,Gold Privilege,2024-12-08 08:24:28,7,826376.22,Loyal Customers
2100,CUST-IND-002100,Rohan Dutta,rohan.dutta403@gmail.com,Gold Privilege,2024-11-29 14:51:54,6,1612422.25,Loyal Customers
2411,CUST-IND-002411,Sunita Saxena,sunita.saxena480@gmail.com,Gold Privilege,2024-10-28 20:14:47,6,1696011.85,Loyal Customers
1152,CUST-IND-001152,Priya Rao,priya.rao815@gmail.com,Gold Privilege,2024-04-25 23:11:05,3,585174.41,Potential Loyalists
1444,CUST-IND-001444,Aarav Gupta,aarav.gupta141@gmail.com,Regular Shopper,2024-12-09 07:19:18,4,699377.99,Loyal Customers
720,CUST-IND-000720,Kavita Rao,kavita.rao96@gmail.com,Regular Shopper,2024-07-26 09:21:10,4,1133243.61,Loyal Customers
620,CUST-IND-000620,Arjun Reddy,arjun.reddy518@gmail.com,Festival Occasional,2024-11-19 00:35:08,5,1258720.88,Loyal Customers
420,CUST-IND-000420,Anjali Hegde,anjali.hegde582@gmail.com,VIP Club Premier,2024-11-29 22:10:14,9,1744728.77,Champions
2368,CUST-IND-002368,Rohan Desai,rohan.desai590@gmail.com,Gold Privilege,2024-07-27 11:55:59,6,1041357.42,Loyal Customers
1377,CUST-IND-001377,Ritu Malhotra,ritu.malhotra711@gmail.com,Gold Privilege,2024-11-17 04:10:34,6,974757.51,Loyal Customers
1442,CUST-IND-001442,Swati Gupta,swati.gupta240@gmail.com,Gold Privilege,2024-09-04 16:37:53,5,1364125.96,Loyal Customers
312,CUST-IND-000312,Priya Kapoor,priya.kapoor314@gmail.com,Regular Shopper,2024-09-09 23:56:03,6,804632.02,Loyal Customers
1333,CUST-IND-001333,Sanjay Verma,sanjay.verma327@gmail.com,Regular Shopper,2024-12-30 17:11:24,5,675101.85,Loyal Customers
1606,CUST-IND-001606,Sanjay Agarwal,sanjay.agarwal91@gmail.com,Gold Privilege,2024-12-11 00:18:29,5,1158566.28,Loyal Customers
2292,CUST-IND-002292,Vikram Deshmukh,vikram.deshmukh928@gmail.com,Regular Shopper,2024-11-07 08:58:01,4,1208970.67,Loyal Customers
2282,CUST-IND-002282,Pooja Dutta,pooja.dutta461@gmail.com,Gold Privilege,2024-12-24 08:10:19,1,506430.04,New / Single Order
1428,CUST-IND-001428,Vikram Verma,vikram.verma159@gmail.com,VIP Club Premier,2024-12-09 19:34:26,5,1416354.14,Loyal Customers
168,CUST-IND-000168,Amit Trivedi,amit.trivedi140@gmail.com,VIP Club Premier,2024-12-25 14:54:49,6,1489076.24,Loyal Customers
1627,CUST-IND-001627,Amit Das,amit.das487@gmail.com,Gold Privilege,2024-12-23 14:26:29,10,2711449.71,Champions
2246,CUST-IND-002246,Shweta Agarwal,shweta.agarwal238@gmail.com,Regular Shopper,2024-11-30 20:00:22,5,1121782.35,Loyal Customers
2384,CUST-IND-002384,Deepika Trivedi,deepika.trivedi305@gmail.com,Regular Shopper,2024-11-14 12:13:53,4,700870.61,Loyal Customers
1340,CUST-IND-001340,Arjun Deshmukh,arjun.deshmukh832@gmail.com,Gold Privilege,2024-06-22 20:45:56,4,1685333.18,Loyal Customers
2156,CUST-IND-002156,Neha Mishra,neha.mishra461@gmail.com,Regular Shopper,2024-11-15 04:20:59,9,2268321.15,Champions
1681,CUST-IND-001681,Kavita Agarwal,kavita.agarwal220@gmail.com,Gold Privilege,2024-11-23 15:43:25,5,1262094.01,Loyal Customers
1342,CUST-IND-001342,Anita Reddy,anita.reddy826@gmail.com,Festival Occasional,2024-12-08 05:34:02,7,2426192.73,Loyal Customers
396,CUST-IND-000396,Sunita Shetty,sunita.shetty703@gmail.com,Gold Privilege,2024-12-20 09:19:55,3,755997.75,Potential Loyalists
1576,CUST-IND-001576,Aarav Verma,aarav.verma201@gmail.com,Gold Privilege,2024-11-28 15:33:49,4,825899.43,Loyal Customers
947,CUST-IND-000947,Priya Verma,priya.verma202@gmail.com,Gold Privilege,2024-09-20 00:05:04,7,1350698.1,Loyal Customers
2316,CUST-IND-002316,Bhavna Hegde,bhavna.hegde644@gmail.com,Gold Privilege,2024-11-24 07:44:40,5,1506316.63,Loyal Customers
2149,CUST-IND-002149,Swati Kumar,swati.kumar671@gmail.com,VIP Club Premier,2024-10-12 02:12:21,4,723113.12,Loyal Customers
1437,CUST-IND-001437,Dev Rao,dev.rao525@gmail.com,Gold Privilege,2024-12-26 11:46:50,6,1623705.03,Loyal Customers
1535,CUST-IND-001535,Amit Joshi,unregistered@retail.com,Regular Shopper,2024-11-29 09:47:19,3,290980.58,Potential Loyalists
1200,CUST-IND-001200,Aditya Iyer,aditya.iyer909@gmail.com,Festival Occasional,2024-11-28 19:44:03,5,993108.77,Loyal Customers
1903,CUST-IND-001903,Suresh Sen,suresh.sen798@gmail.com,Gold Privilege,2024-11-09 12:20:22,5,1091835.51,Loyal Customers
1370,CUST-IND-001370,Manoj Sharma,manoj.sharma414@gmail.com,VIP Club Premier,2024-12-31 01:46:36,6,1098071.58,Loyal Customers
2285,CUST-IND-002285,Neha Singh,neha.singh594@gmail.com,Regular Shopper,2024-08-06 07:00:29,4,578789.47,Loyal Customers
2247,CUST-IND-002247,Priya Mukherjee,priya.mukherjee651@gmail.com,Gold Privilege,2024-09-30 17:09:18,6,1490281.37,Loyal Customers
1120,CUST-IND-001120,Tarun Singh,tarun.singh896@gmail.com,Regular Shopper,2024-12-13 21:43:04,2,571470.9,Potential Loyalists
1161,CUST-IND-001161,Neha Patel,neha.patel807@gmail.com,Festival Occasional,2024-08-24 18:28:05,4,690309.15,Loyal Customers
2031,CUST-IND-002031,Anjali Verma,anjali.verma286@gmail.com,Regular Shopper,2024-12-14 14:56:46,5,900972.79,Loyal Customers
1317,CUST-IND-001317,Shweta Kulkarni,shweta.kulkarni19@gmail.com,Festival Occasional,2024-12-30 19:06:26,6,2264431.37,Loyal Customers
1914,CUST-IND-001914,Rajesh Deshmukh,rajesh.deshmukh675@gmail.com,Gold Privilege,2024-11-26 11:51:53,4,667837.66,Loyal Customers
10,CUST-IND-000010,Ananya Bhat,ananya.bhat159@gmail.com,Regular Shopper,2024-11-29 13:56:48,8,2455102.94,Champions
1121,CUST-IND-001121,Anita Rao,anita.rao112@gmail.com,Regular Shopper,2024-10-08 15:29:42,3,444641.27,Potential Loyalists
1658,CUST-IND-001658,Sunita Chatterjee,sunita.chatterjee357@gmail.com,Regular Shopper,2024-12-13 20:45:51,9,2142775.01,Champions
839,CUST-IND-000839,Priya Mishra,priya.mishra779@gmail.com,Regular Shopper,2024-10-27 14:45:14,5,772546.19,Loyal Customers
811,CUST-IND-000811,Sanjay Nanda,sanjay.nanda117@gmail.com,Regular Shopper,2024-09-17 14:29:30,5,1431132.61,Loyal Customers
683,CUST-IND-000683,Ananya Das,ananya.das655@gmail.com,Regular Shopper,2024-09-19 10:23:47,7,1436819.93,Loyal Customers
2274,CUST-IND-002274,Aditya Trivedi,aditya.trivedi891@gmail.com,Gold Privilege,2024-10-31 06:20:02,4,487663.24,Loyal Customers
1780,CUST-IND-001780,Arjun Nanda,arjun.nanda704@gmail.com,Regular Shopper,2024-11-11 02:29:20,8,3046727.19,Champions
1999,CUST-IND-001999,Alok Desai,alok.desai479@gmail.com,Gold Privilege,2024-10-07 23:44:36,6,982165.93,Loyal Customers
90,CUST-IND-000090,Anjali Kapoor,anjali.kapoor356@gmail.com,Regular Shopper,2024-10-17 23:31:31,6,1166547.58,Loyal Customers
149,CUST-IND-000149,Meera Iyer,meera.iyer185@gmail.com,Regular Shopper,2024-06-16 08:52:31,2,394615.74,Potential Loyalists
840,CUST-IND-000840,Preeti Sen,preeti.sen414@gmail.com,Gold Privilege,2024-12-15 04:41:47,6,1283205.73,Loyal Customers
1785,CUST-IND-001785,Shweta Hegde,shweta.hegde966@gmail.com,Regular Shopper,2024-11-22 22:59:13,5,726563.25,Loyal Customers
2038,CUST-IND-002038,Manoj Iyer,manoj.iyer610@gmail.com,Regular Shopper,2024-10-11 22:53:03,7,2131623.25,Loyal Customers
1162,CUST-IND-001162,Bhavna Gupta,bhavna.gupta414@gmail.com,Gold Privilege,2024-11-22 22:52:01,2,537542.91,Potential Loyalists
92,CUST-IND-000092,Alok Reddy,alok.reddy514@gmail.com,Festival Occasional,2024-08-06 19:27:21,2,739419.77,Potential Loyalists
778,CUST-IND-000778,Amit Singh,amit.singh249@gmail.com,Regular Shopper,2024-12-30 00:33:21,4,404986.18,Loyal Customers
701,CUST-IND-000701,Vikram Jha,vikram.jha750@gmail.com,VIP Club Premier,2024-11-25 02:39:35,2,542525.63,Potential Loyalists
1361,CUST-IND-001361,Swati Sharma,swati.sharma545@gmail.com,Regular Shopper,2024-10-18 20:45:26,3,923809.63,Potential Loyalists
372,CUST-IND-000372,Karthik Shetty,karthik.shetty435@gmail.com,Gold Privilege,2024-09-17 00:09:41,7,1864224.11,Loyal Customers
2426,CUST-IND-002426,Neha Verma,neha.verma305@gmail.com,Regular Shopper,2024-10-27 12:23:28,5,892083.98,Loyal Customers
1341,CUST-IND-001341,Swati Malhotra,swati.malhotra614@gmail.com,Gold Privilege,2024-12-16 09:15:50,6,1392715.5,Loyal Customers
1308,CUST-IND-001308,Ananya Kulkarni,ananya.kulkarni756@gmail.com,Regular Shopper,2024-12-01 11:13:54,3,758922.32,Potential Loyalists
200,CUST-IND-000200,Divya Sharma,divya.sharma595@gmail.com,Gold Privilege,2024-11-16 11:46:36,3,825342.62,Potential Loyalists
861,CUST-IND-000861,Lakshmi Iyer,lakshmi.iyer522@gmail.com,Festival Occasional,2024-12-27 07:58:07,8,1691162.71,Champions
125,CUST-IND-000125,Aarav Sen,aarav.sen672@gmail.com,VIP Club Premier,2024-12-05 22:20:43,3,354895.35,Potential Loyalists
1708,CUST-IND-001708,Rohan Patel,rohan.patel82@gmail.com,Regular Shopper,2024-12-25 11:12:12,3,217730.94,Potential Loyalists
1611,CUST-IND-001611,Pooja Sharma,pooja.sharma829@gmail.com,Gold Privilege,2024-12-30 15:38:09,7,1822647.02,Loyal Customers
1069,CUST-IND-001069,Deepika Hegde,deepika.hegde184@gmail.com,Gold Privilege,2024-09-04 06:41:51,7,1543882.47,Loyal Customers
956,CUST-IND-000956,Suresh Saxena,suresh.saxena965@gmail.com,Regular Shopper,2024-11-29 10:09:14,4,1522934.32,Loyal Customers
599,CUST-IND-000599,Karthik Sen,karthik.sen158@gmail.com,Regular Shopper,2024-10-20 11:37:11,7,2084420.86,Loyal Customers
4,CUST-IND-000004,Amit Hegde,amit.hegde202@gmail.com,VIP Club Premier,2024-12-14 14:18:53,4,603046.5,Loyal Customers
2268,CUST-IND-002268,Rohan Pillai,rohan.pillai184@gmail.com,Regular Shopper,2024-02-09 17:12:33,3,521054.45,Potential Loyalists
2379,CUST-IND-002379,Lakshmi Trivedi,lakshmi.trivedi621@gmail.com,Gold Privilege,2024-12-05 18:41:59,5,1361756.53,Loyal Customers
1282,CUST-IND-001282,Deepak Mishra,deepak.mishra722@gmail.com,VIP Club Premier,2024-12-21 07:54:47,3,803321.95,Potential Loyalists
1195,CUST-IND-001195,Manoj Sharma,manoj.sharma263@gmail.com,VIP Club Premier,2024-11-02 04:50:07,2,361469.68,Potential Loyalists
411,CUST-IND-000411,Rohan Joshi,rohan.joshi148@gmail.com,Regular Shopper,2024-11-28 00:52:13,4,1178883.21,Loyal Customers
2087,CUST-IND-002087,Alok Deshmukh,alok.deshmukh216@gmail.com,Regular Shopper,2024-11-29 15:40:18,3,1052992.63,Potential Loyalists
93,CUST-IND-000093,Rohan Dutta,rohan.dutta736@gmail.com,Regular Shopper,2024-11-23 10:21:36,6,896749.85,Loyal Customers
388,CUST-IND-000388,Lakshmi Sen,lakshmi.sen457@gmail.com,Regular Shopper,2024-10-31 18:16:23,4,945866.91,Loyal Customers
1751,CUST-IND-001751,Alok Gupta,alok.gupta11@gmail.com,Festival Occasional,2024-11-19 23:30:43,3,558748.75,Potential Loyalists
1145,CUST-IND-001145,Ritu Dutta,ritu.dutta370@gmail.com,Regular Shopper,2024-08-19 14:41:13,6,1157075.68,Loyal Customers
1019,CUST-IND-001019,Arjun Desai,arjun.desai142@gmail.com,Gold Privilege,2024-12-22 17:43:49,5,606213.75,Loyal Customers
316,CUST-IND-000316,Aditya Kumar,aditya.kumar165@gmail.com,Festival Occasional,2024-12-05 14:47:49,5,863500.57,Loyal Customers
858,CUST-IND-000858,Neha Bansal,neha.bansal806@gmail.com,Gold Privilege,2024-09-13 14:14:59,4,662814.43,Loyal Customers
2146,CUST-IND-002146,Priya Kulkarni,priya.kulkarni496@gmail.com,Gold Privilege,2024-07-06 12:06:14,3,866550.38,Potential Loyalists
769,CUST-IND-000769,Manoj Patel,manoj.patel62@gmail.com,Gold Privilege,2024-12-27 17:57:12,3,591664.87,Potential Loyalists
940,CUST-IND-000940,Meera Iyer,meera.iyer65@gmail.com,Regular Shopper,2024-12-05 23:04:56,6,2088699.71,Loyal Customers
1812,CUST-IND-001812,Divya Shetty,divya.shetty746@gmail.com,Gold Privilege,2024-09-04 07:14:16,5,1797852.59,Loyal Customers
2413,CUST-IND-002413,Shweta Singh,shweta.singh746@gmail.com,Regular Shopper,2024-09-21 20:56:34,5,1319023.1,Loyal Customers
606,CUST-IND-000606,Lakshmi Sharma,lakshmi.sharma587@gmail.com,Festival Occasional,2024-12-02 05:34:55,5,1195160.86,Loyal Customers
272,CUST-IND-000272,Aditya Pillai,aditya.pillai271@gmail.com,Regular Shopper,2024-10-22 20:34:36,6,827710.52,Loyal Customers
121,CUST-IND-000121,Anita Verma,anita.verma441@gmail.com,Festival Occasional,2024-12-16 00:07:08,8,1586642.02,Champions
1044,CUST-IND-001044,Rajesh Kumar,rajesh.kumar694@gmail.com,Gold Privilege,2024-12-08 03:52:14,4,1115925.95,Loyal Customers
954,CUST-IND-000954,Aditya Hegde,aditya.hegde985@gmail.com,Regular Shopper,2024-12-02 02:15:32,6,777425.53,Loyal Customers
1848,CUST-IND-001848,Sunita Sen,sunita.sen555@gmail.com,Regular Shopper,2024-12-17 00:20:11,7,2298771.9,Loyal Customers
689,CUST-IND-000689,Vishal Pillai,vishal.pillai427@gmail.com,Regular Shopper,2024-10-10 03:41:04,3,738697.1,Potential Loyalists
418,CUST-IND-000418,Aarav Bansal,unregistered@retail.com,Regular Shopper,2024-11-20 12:31:27,8,2021653.9,Champions
1208,CUST-IND-001208,Kavita Kumar,kavita.kumar129@gmail.com,VIP Club Premier,2024-10-17 04:28:57,4,759459.51,Loyal Customers
397,CUST-IND-000397,Lakshmi Sen,lakshmi.sen180@gmail.com,Gold Privilege,2024-11-10 05:14:42,4,729494.05,Loyal Customers
524,CUST-IND-000524,Swati Kulkarni,swati.kulkarni729@gmail.com,Gold Privilege,2024-12-20 19:08:53,3,581957.67,Potential Loyalists
1501,CUST-IND-001501,Vikram Nanda,vikram.nanda483@gmail.com,Regular Shopper,2024-04-05 00:39:43,2,424338.71,Potential Loyalists
1040,CUST-IND-001040,Arjun Chatterjee,arjun.chatterjee564@gmail.com,Gold Privilege,2024-12-17 18:13:22,5,794849.47,Loyal Customers
290,CUST-IND-000290,Aditya Gupta,aditya.gupta610@gmail.com,Regular Shopper,2024-11-19 03:31:43,6,683280.65,Loyal Customers
930,CUST-IND-000930,Neha Bhat,neha.bhat669@gmail.com,Gold Privilege,2024-10-31 15:58:43,4,1430874.9,Loyal Customers
1791,CUST-IND-001791,Anjali Nair,anjali.nair925@gmail.com,Festival Occasional,2024-12-03 07:44:00,7,2323117.53,Loyal Customers
1699,CUST-IND-001699,Tarun Saxena,tarun.saxena505@gmail.com,Festival Occasional,2024-12-13 00:56:03,8,1093605.76,Champions
49,CUST-IND-000049,Rajesh Kapoor,rajesh.kapoor286@gmail.com,Regular Shopper,2024-12-16 10:18:37,6,1413163.7,Loyal Customers
652,CUST-IND-000652,Rajesh Sen,rajesh.sen561@gmail.com,Gold Privilege,2024-12-11 14:10:57,2,706061.88,Potential Loyalists
2059,CUST-IND-002059,Rajesh Bansal,rajesh.bansal981@gmail.com,Gold Privilege,2024-09-11 04:13:10,5,474895.0,Loyal Customers
1660,CUST-IND-001660,Priya Kulkarni,priya.kulkarni540@gmail.com,Festival Occasional,2024-12-19 10:10:05,4,1099223.24,Loyal Customers
1408,CUST-IND-001408,Preeti Kumar,preeti.kumar277@gmail.com,Regular Shopper,2024-12-13 18:45:25,2,409485.27,Potential Loyalists
296,CUST-IND-000296,Vishal Joshi,vishal.joshi706@gmail.com,Regular Shopper,2024-08-15 20:00:16,6,1586553.23,Loyal Customers
1958,CUST-IND-001958,Aarav Bhat,aarav.bhat568@gmail.com,Festival Occasional,2024-07-22 04:16:58,1,37052.3,New / Single Order
281,CUST-IND-000281,Rajesh Kapoor,rajesh.kapoor134@gmail.com,Regular Shopper,2024-10-02 12:47:15,4,943321.35,Loyal Customers
2195,CUST-IND-002195,Rahul Sharma,rahul.sharma731@gmail.com,VIP Club Premier,2024-12-16 14:13:13,6,1742306.56,Loyal Customers
1851,CUST-IND-001851,Arjun Das,arjun.das242@gmail.com,Regular Shopper,2024-07-05 10:11:10,1,437101.86,New / Single Order
398,CUST-IND-000398,Rohan Kumar,rohan.kumar40@gmail.com,Regular Shopper,2024-11-21 20:26:56,8,1349205.0,Champions
2465,CUST-IND-002465,Sunita Iyer,sunita.iyer8@gmail.com,VIP Club Premier,2024-09-29 00:38:30,6,1055898.93,Loyal Customers
1036,CUST-IND-001036,Ritu Rao,ritu.rao266@gmail.com,Regular Shopper,2024-10-23 11:09:06,4,774116.78,Loyal Customers
714,CUST-IND-000714,Anjali Kumar,anjali.kumar960@gmail.com,VIP Club Premier,2024-12-11 13:57:06,3,914834.54,Potential Loyalists
1023,CUST-IND-001023,Lakshmi Dutta,lakshmi.dutta605@gmail.com,Regular Shopper,2024-05-02 06:07:08,2,147511.98,Potential Loyalists
946,CUST-IND-000946,Pooja Iyer,pooja.iyer301@gmail.com,Regular Shopper,2024-11-22 21:07:27,4,999283.07,Loyal Customers
1599,CUST-IND-001599,Deepika Chatterjee,deepika.chatterjee310@gmail.com,Regular Shopper,2024-12-01 16:13:23,3,1252507.43,Potential Loyalists
1586,CUST-IND-001586,Vikram Desai,vikram.desai913@gmail.com,Festival Occasional,2024-03-14 18:08:54,1,462370.41,New / Single Order
2458,CUST-IND-002458,Suresh Deshmukh,suresh.deshmukh192@gmail.com,Festival Occasional,2024-04-25 03:30:51,3,477389.25,Potential Loyalists
1801,CUST-IND-001801,Meera Singh,meera.singh982@gmail.com,Regular Shopper,2024-09-08 00:38:04,3,935313.6,Potential Loyalists
1600,CUST-IND-001600,Swati Das,swati.das315@gmail.com,Regular Shopper,,0,0.0,Inactive
1061,CUST-IND-001061,Pooja Mishra,pooja.mishra736@gmail.com,Festival Occasional,2024-11-28 01:06:55,9,2730771.38,Champions
1109,CUST-IND-001109,Pooja Das,pooja.das886@gmail.com,Festival Occasional,2024-05-30 11:59:03,4,1056849.1,Loyal Customers
825,CUST-IND-000825,Priya Mukherjee,priya.mukherjee338@gmail.com,Festival Occasional,2024-08-06 11:48:05,4,747986.64,Loyal Customers
2408,CUST-IND-002408,Shweta Nair,shweta.nair267@gmail.com,Regular Shopper,2024-12-27 07:05:45,3,688900.69,Potential Loyalists
1187,CUST-IND-001187,Sanjay Jha,sanjay.jha711@gmail.com,Gold Privilege,2024-12-15 13:22:49,3,718429.39,Potential Loyalists
66,CUST-IND-000066,Meera Mishra,meera.mishra590@gmail.com,Regular Shopper,2024-12-14 17:16:26,7,1474527.37,Loyal Customers
541,CUST-IND-000541,Manoj Agarwal,manoj.agarwal982@gmail.com,Regular Shopper,2024-12-31 08:19:15,5,708758.2,Loyal Customers
2235,CUST-IND-002235,Meera Dutta,meera.dutta203@gmail.com,Regular Shopper,2024-07-10 00:45:56,5,1306951.57,Loyal Customers
1782,CUST-IND-001782,Deepika Rao,deepika.rao808@gmail.com,Regular Shopper,2024-11-16 20:39:20,9,1473040.79,Champions
160,CUST-IND-000160,Rahul Mehta,rahul.mehta977@gmail.com,Gold Privilege,2024-12-05 19:40:32,3,475118.51,Potential Loyalists
922,CUST-IND-000922,Bhavna Das,bhavna.das712@gmail.com,Regular Shopper,2024-12-15 23:38:35,5,1427947.15,Loyal Customers
1070,CUST-IND-001070,Preeti Mishra,preeti.mishra67@gmail.com,Gold Privilege,2024-12-23 13:08:49,13,3907056.9,Champions
2261,CUST-IND-002261,Tarun Nair,tarun.nair756@gmail.com,Regular Shopper,2024-10-08 02:02:32,8,2121621.13,Champions
2169,CUST-IND-002169,Aditya Trivedi,unregistered@retail.com,Gold Privilege,2024-11-15 16:13:00,4,1010897.9,Loyal Customers
69,CUST-IND-000069,Anita Singh,anita.singh663@gmail.com,Regular Shopper,2024-12-16 03:01:47,8,1351473.7,Champions
1280,CUST-IND-001280,Vikram Trivedi,vikram.trivedi236@gmail.com,Regular Shopper,2024-12-04 13:04:38,6,1985885.43,Loyal Customers
2017,CUST-IND-002017,Niharika Bansal,niharika.bansal723@gmail.com,Festival Occasional,2024-12-22 11:28:25,6,1613231.92,Loyal Customers
581,CUST-IND-000581,Manoj Sen,manoj.sen374@gmail.com,VIP Club Premier,2024-12-14 03:58:58,4,1281126.53,Loyal Customers
2239,CUST-IND-002239,Deepak Patel,deepak.patel273@gmail.com,Regular Shopper,2024-11-22 08:29:06,4,920965.4,Loyal Customers
2066,CUST-IND-002066,Shweta Agarwal,shweta.agarwal750@gmail.com,VIP Club Premier,2024-12-26 09:26:41,4,618299.6,Loyal Customers
2470,CUST-IND-002470,Rajesh Verma,rajesh.verma107@gmail.com,VIP Club Premier,2024-11-07 22:03:31,7,1497099.41,Loyal Customers
175,CUST-IND-000175,Rohan Trivedi,rohan.trivedi28@gmail.com,Gold Privilege,2024-11-06 18:54:58,5,1371514.29,Loyal Customers
862,CUST-IND-000862,Preeti Pillai,preeti.pillai20@gmail.com,Festival Occasional,2024-12-06 15:25:54,7,1456496.86,Loyal Customers
23,CUST-IND-000023,Manoj Nanda,manoj.nanda52@gmail.com,Gold Privilege,2024-12-08 07:51:35,4,754247.19,Loyal Customers
1941,CUST-IND-001941,Bhavna Gupta,bhavna.gupta450@gmail.com,Festival Occasional,2024-08-17 00:12:22,7,1850150.75,Loyal Customers
2193,CUST-IND-002193,Ritu Joshi,ritu.joshi121@gmail.com,Regular Shopper,2024-12-25 17:10:29,8,1062721.06,Champions
1743,CUST-IND-001743,Meera Patel,meera.patel514@gmail.com,Gold Privilege,2024-09-27 10:13:35,4,713928.03,Loyal Customers
2016,CUST-IND-002016,Deepika Joshi,deepika.joshi934@gmail.com,Gold Privilege,2024-08-21 21:10:59,4,477102.79,Loyal Customers
1063,CUST-IND-001063,Suresh Singh,suresh.singh447@gmail.com,Regular Shopper,2024-12-30 06:22:17,10,2154011.21,Champions
337,CUST-IND-000337,Shweta Sharma,shweta.sharma573@gmail.com,Regular Shopper,2024-12-15 12:06:17,3,687331.05,Potential Loyalists
2212,CUST-IND-002212,Suresh Bhat,suresh.bhat844@gmail.com,Regular Shopper,2024-12-08 02:08:42,8,2046598.42,Champions
2457,CUST-IND-002457,Shweta Reddy,shweta.reddy931@gmail.com,Festival Occasional,2024-10-20 19:57:01,4,493815.08,Loyal Customers
743,CUST-IND-000743,Anita Kumar,anita.kumar763@gmail.com,Gold Privilege,2024-12-15 07:00:42,5,1421408.97,Loyal Customers
2079,CUST-IND-002079,Rahul Sen,rahul.sen240@gmail.com,Regular Shopper,2024-09-17 13:51:32,4,1093836.38,Loyal Customers
484,CUST-IND-000484,Dev Bhat,dev.bhat294@gmail.com,Regular Shopper,2024-10-28 20:52:15,7,1554390.98,Loyal Customers
955,CUST-IND-000955,Divya Deshmukh,divya.deshmukh765@gmail.com,Gold Privilege,2024-10-22 19:00:12,6,1316114.55,Loyal Customers
1337,CUST-IND-001337,Manoj Gupta,manoj.gupta588@gmail.com,VIP Club Premier,2024-11-20 16:10:38,6,1335343.42,Loyal Customers
1052,CUST-IND-001052,Manoj Patel,unregistered@retail.com,Festival Occasional,2024-09-21 04:59:36,4,979457.52,Loyal Customers
2383,CUST-IND-002383,Neha Mishra,neha.mishra624@gmail.com,Regular Shopper,2024-09-09 21:10:40,7,1684660.66,Loyal Customers
1639,CUST-IND-001639,Dev Kulkarni,dev.kulkarni880@gmail.com,Festival Occasional,2024-08-17 07:07:10,7,1886955.67,Loyal Customers
875,CUST-IND-000875,Neha Shetty,neha.shetty12@gmail.com,Gold Privilege,2024-12-08 04:17:07,10,2053312.4,Champions
1638,CUST-IND-001638,Rajesh Shetty,rajesh.shetty660@gmail.com,Gold Privilege,2024-07-01 09:50:17,4,885979.13,Loyal Customers
2359,CUST-IND-002359,Arjun Patel,arjun.patel104@gmail.com,Gold Privilege,2024-09-17 23:52:02,5,949538.41,Loyal Customers
692,CUST-IND-000692,Suresh Rao,suresh.rao105@gmail.com,Gold Privilege,2024-11-15 00:54:30,6,1593974.71,Loyal Customers
979,CUST-IND-000979,Deepak Hegde,deepak.hegde513@gmail.com,Regular Shopper,2024-10-26 04:40:59,5,1309604.59,Loyal Customers
1214,CUST-IND-001214,Aditya Trivedi,aditya.trivedi69@gmail.com,Gold Privilege,2024-09-19 00:53:27,3,762851.06,Potential Loyalists
2333,CUST-IND-002333,Rahul Nair,rahul.nair846@gmail.com,Regular Shopper,2024-10-31 18:16:17,6,1240644.75,Loyal Customers
1922,CUST-IND-001922,Rohan Trivedi,rohan.trivedi756@gmail.com,Festival Occasional,2024-11-06 11:37:58,4,779848.6,Loyal Customers
669,CUST-IND-000669,Divya Dutta,divya.dutta180@gmail.com,Regular Shopper,2024-12-13 09:03:17,6,1717286.42,Loyal Customers
124,CUST-IND-000124,Preeti Saxena,preeti.saxena93@gmail.com,Regular Shopper,2024-11-03 10:39:49,8,2001843.79,Champions
1015,CUST-IND-001015,Priya Mukherjee,priya.mukherjee164@gmail.com,Regular Shopper,2024-08-06 04:01:20,4,688477.23,Loyal Customers
108,CUST-IND-000108,Alok Jha,alok.jha700@gmail.com,Gold Privilege,2024-12-31 13:49:52,4,905931.85,Loyal Customers
2417,CUST-IND-002417,Niharika Mehta,niharika.mehta717@gmail.com,Festival Occasional,2024-12-29 15:52:33,6,1250902.16,Loyal Customers
1219,CUST-IND-001219,Ritu Verma,ritu.verma694@gmail.com,Festival Occasional,2024-11-15 17:34:42,5,983451.15,Loyal Customers
2390,CUST-IND-002390,Deepak Mehta,deepak.mehta133@gmail.com,Regular Shopper,2024-11-23 22:24:05,8,1823693.15,Champions
1198,CUST-IND-001198,Niharika Saxena,niharika.saxena25@gmail.com,Regular Shopper,2024-10-30 22:58:11,4,505156.36,Loyal Customers
313,CUST-IND-000313,Kavita Joshi,kavita.joshi863@gmail.com,VIP Club Premier,2024-09-26 10:12:04,7,1106048.54,Loyal Customers
533,CUST-IND-000533,Anjali Sharma,anjali.sharma24@gmail.com,Gold Privilege,2024-11-08 03:16:04,5,968027.38,Loyal Customers
1403,CUST-IND-001403,Suresh Shetty,suresh.shetty215@gmail.com,Regular Shopper,2024-11-05 07:36:56,5,1076199.72,Loyal Customers
1093,CUST-IND-001093,Kavita Trivedi,unregistered@retail.com,Regular Shopper,2024-05-04 11:24:01,3,763945.16,Potential Loyalists
1365,CUST-IND-001365,Aarav Mukherjee,aarav.mukherjee712@gmail.com,VIP Club Premier,2024-12-28 16:40:29,8,1563535.91,Champions
1781,CUST-IND-001781,Sunita Malhotra,sunita.malhotra564@gmail.com,Gold Privilege,2024-12-03 18:03:07,3,676283.16,Potential Loyalists
2062,CUST-IND-002062,Deepak Nanda,deepak.nanda158@gmail.com,Festival Occasional,2024-05-31 17:02:58,5,1596696.48,Loyal Customers
676,CUST-IND-000676,Vikram Gupta,vikram.gupta779@gmail.com,Regular Shopper,2024-08-14 14:05:00,4,462973.28,Loyal Customers
1225,CUST-IND-001225,Suresh Joshi,suresh.joshi616@gmail.com,Regular Shopper,2024-09-30 02:02:49,3,388457.71,Potential Loyalists
2291,CUST-IND-002291,Rahul Saxena,rahul.saxena601@gmail.com,Festival Occasional,2024-10-06 02:41:11,5,1978429.46,Loyal Customers
1905,CUST-IND-001905,Anjali Chaudhary,anjali.chaudhary905@gmail.com,Regular Shopper,2024-12-24 15:06:04,2,752044.86,Potential Loyalists
2412,CUST-IND-002412,Vishal Nair,vishal.nair121@gmail.com,Regular Shopper,2024-12-03 12:48:26,6,1669604.55,Loyal Customers
51,CUST-IND-000051,Meera Chatterjee,meera.chatterjee233@gmail.com,VIP Club Premier,2024-10-10 20:03:19,4,937897.58,Loyal Customers
1213,CUST-IND-001213,Alok Mukherjee,alok.mukherjee331@gmail.com,Gold Privilege,2024-06-12 22:21:46,1,4080.66,New / Single Order
703,CUST-IND-000703,Swati Chatterjee,swati.chatterjee634@gmail.com,Festival Occasional,2024-04-30 00:25:20,2,209798.14,Potential Loyalists
994,CUST-IND-000994,Priya Saxena,priya.saxena761@gmail.com,Regular Shopper,2024-07-31 23:31:40,5,1117261.26,Loyal Customers
1236,CUST-IND-001236,Aditya Desai,aditya.desai959@gmail.com,Regular Shopper,2024-12-30 20:49:55,5,1433082.12,Loyal Customers
61,CUST-IND-000061,Tarun Mukherjee,tarun.mukherjee591@gmail.com,Gold Privilege,2024-09-16 20:45:13,5,1350469.83,Loyal Customers
36,CUST-IND-000036,Kavita Kumar,kavita.kumar879@gmail.com,Gold Privilege,2024-09-18 14:14:17,7,1565556.72,Loyal Customers
2065,CUST-IND-002065,Niharika Hegde,niharika.hegde479@gmail.com,Regular Shopper,2024-05-27 09:11:13,2,546292.04,Potential Loyalists
1546,CUST-IND-001546,Divya Malhotra,divya.malhotra63@gmail.com,Gold Privilege,2024-11-29 09:34:57,4,884985.86,Loyal Customers
1510,CUST-IND-001510,Amit Bhat,amit.bhat939@gmail.com,Regular Shopper,2024-10-15 18:04:04,4,667470.54,Loyal Customers
1476,CUST-IND-001476,Lakshmi Verma,lakshmi.verma482@gmail.com,Festival Occasional,2024-11-22 20:17:42,6,1195629.3,Loyal Customers
2485,CUST-IND-002485,Anita Bhat,anita.bhat427@gmail.com,Festival Occasional,2024-08-17 14:26:01,3,652978.11,Potential Loyalists
232,CUST-IND-000232,Pooja Agarwal,pooja.agarwal299@gmail.com,Gold Privilege,2024-04-17 11:32:28,3,1342488.86,Potential Loyalists
1203,CUST-IND-001203,Aarav Saxena,aarav.saxena821@gmail.com,Regular Shopper,2024-10-23 21:39:28,4,1435191.75,Loyal Customers
1879,CUST-IND-001879,Manoj Pillai,manoj.pillai372@gmail.com,Gold Privilege,2024-12-16 20:41:09,2,295624.24,Potential Loyalists
1850,CUST-IND-001850,Ritu Dutta,ritu.dutta43@gmail.com,Regular Shopper,2024-11-14 16:55:19,4,1517352.05,Loyal Customers
871,CUST-IND-000871,Kavita Bhat,kavita.bhat840@gmail.com,Gold Privilege,2024-10-18 15:13:13,4,229764.39,Loyal Customers
265,CUST-IND-000265,Manoj Nanda,manoj.nanda823@gmail.com,Festival Occasional,2024-11-07 06:16:32,3,805991.74,Potential Loyalists
2198,CUST-IND-002198,Sanjay Trivedi,sanjay.trivedi721@gmail.com,Regular Shopper,2024-12-29 03:03:50,5,1150032.81,Loyal Customers
1641,CUST-IND-001641,Ananya Desai,ananya.desai868@gmail.com,VIP Club Premier,2024-12-06 10:35:53,5,1666387.29,Loyal Customers
899,CUST-IND-000899,Ritu Deshmukh,ritu.deshmukh3@gmail.com,Festival Occasional,2024-12-19 05:22:02,7,1171181.34,Loyal Customers
2046,CUST-IND-002046,Anita Rao,anita.rao337@gmail.com,Gold Privilege,2024-12-13 04:11:01,6,1835808.15,Loyal Customers
2042,CUST-IND-002042,Rohan Saxena,rohan.saxena962@gmail.com,Festival Occasional,2024-11-16 03:23:41,5,997044.48,Loyal Customers
740,CUST-IND-000740,Lakshmi Jha,lakshmi.jha476@gmail.com,Regular Shopper,2024-12-19 12:09:03,2,703340.01,Potential Loyalists
635,CUST-IND-000635,Sunita Mishra,sunita.mishra669@gmail.com,Gold Privilege,2024-12-07 16:57:26,5,1087271.76,Loyal Customers
1078,CUST-IND-001078,Niharika Kapoor,niharika.kapoor810@gmail.com,Regular Shopper,2024-08-16 00:47:22,5,1885689.02,Loyal Customers
32,CUST-IND-000032,Manoj Bhat,manoj.bhat794@gmail.com,Regular Shopper,2024-12-21 11:53:06,3,466198.56,Potential Loyalists
145,CUST-IND-000145,Rahul Joshi,rahul.joshi504@gmail.com,Festival Occasional,2024-10-06 01:03:44,2,166021.86,Potential Loyalists
335,CUST-IND-000335,Alok Agarwal,alok.agarwal818@gmail.com,Gold Privilege,2024-07-10 23:38:17,3,763030.29,Potential Loyalists
1242,CUST-IND-001242,Preeti Sharma,preeti.sharma402@gmail.com,Gold Privilege,2024-12-22 08:05:13,7,2179249.38,Loyal Customers
2056,CUST-IND-002056,Aditya Verma,aditya.verma636@gmail.com,Regular Shopper,2024-12-09 00:48:32,4,1275224.83,Loyal Customers
1938,CUST-IND-001938,Divya Singh,divya.singh688@gmail.com,Festival Occasional,2024-09-22 00:10:14,2,383270.95,Potential Loyalists
1844,CUST-IND-001844,Bhavna Das,bhavna.das178@gmail.com,Regular Shopper,2024-11-22 04:20:20,5,2127223.28,Loyal Customers
663,CUST-IND-000663,Dev Patel,dev.patel762@gmail.com,Festival Occasional,2024-09-08 03:55:13,3,698152.09,Potential Loyalists
2394,CUST-IND-002394,Tarun Mehta,tarun.mehta268@gmail.com,Regular Shopper,2024-12-28 19:35:15,9,1925842.94,Champions
775,CUST-IND-000775,Sunita Mukherjee,sunita.mukherjee5@gmail.com,Gold Privilege,2024-12-19 13:39:45,5,1284327.64,Loyal Customers
2120,CUST-IND-002120,Dev Mukherjee,dev.mukherjee25@gmail.com,Regular Shopper,2024-12-13 06:18:09,5,1324519.64,Loyal Customers
1866,CUST-IND-001866,Sunita Desai,sunita.desai149@gmail.com,Gold Privilege,2024-07-13 14:52:57,4,862526.73,Loyal Customers
1628,CUST-IND-001628,Amit Kulkarni,amit.kulkarni153@gmail.com,Gold Privilege,2024-12-16 05:27:36,6,1075775.61,Loyal Customers
159,CUST-IND-000159,Anjali Verma,anjali.verma709@gmail.com,Regular Shopper,2024-11-18 18:53:25,4,849909.28,Loyal Customers
583,CUST-IND-000583,Neha Rao,unregistered@retail.com,Regular Shopper,2024-12-09 12:52:43,3,750007.91,Potential Loyalists
1286,CUST-IND-001286,Ananya Trivedi,ananya.trivedi866@gmail.com,Regular Shopper,2024-12-21 20:27:09,8,1112249.58,Champions
1401,CUST-IND-001401,Bhavna Kapoor,bhavna.kapoor449@gmail.com,Festival Occasional,2024-10-30 01:07:01,5,1575208.7,Loyal Customers
2127,CUST-IND-002127,Karthik Nair,karthik.nair64@gmail.com,Gold Privilege,2024-12-30 16:43:14,4,682998.43,Loyal Customers
1344,CUST-IND-001344,Sunita Gupta,sunita.gupta7@gmail.com,Festival Occasional,2024-10-20 06:18:04,4,508896.12,Loyal Customers
98,CUST-IND-000098,Divya Kumar,divya.kumar823@gmail.com,Gold Privilege,2024-12-04 00:11:03,5,1098004.63,Loyal Customers
1189,CUST-IND-001189,Karthik Mukherjee,karthik.mukherjee958@gmail.com,Gold Privilege,2024-07-10 11:53:34,7,1658185.4,Loyal Customers
2129,CUST-IND-002129,Manoj Nair,manoj.nair123@gmail.com,Gold Privilege,2024-12-06 14:24:50,5,1580708.83,Loyal Customers
2402,CUST-IND-002402,Shweta Agarwal,shweta.agarwal616@gmail.com,Gold Privilege,2024-12-15 10:14:39,3,488426.61,Potential Loyalists
1372,CUST-IND-001372,Sunita Gupta,sunita.gupta542@gmail.com,Festival Occasional,2024-06-28 13:20:12,3,854837.31,Potential Loyalists
170,CUST-IND-000170,Deepika Trivedi,deepika.trivedi51@gmail.com,Festival Occasional,2024-12-19 01:42:00,4,707003.14,Loyal Customers
766,CUST-IND-000766,Pooja Sharma,pooja.sharma511@gmail.com,Regular Shopper,2024-12-11 15:08:53,6,898356.39,Loyal Customers
1371,CUST-IND-001371,Neha Kulkarni,neha.kulkarni623@gmail.com,VIP Club Premier,2024-11-16 00:29:45,6,1060363.82,Loyal Customers
1362,CUST-IND-001362,Swati Chatterjee,swati.chatterjee7@gmail.com,Regular Shopper,2024-07-12 14:15:33,6,1313050.21,Loyal Customers
1321,CUST-IND-001321,Divya Desai,divya.desai108@gmail.com,Gold Privilege,2024-12-04 12:39:22,4,891645.52,Loyal Customers
754,CUST-IND-000754,Dev Pillai,dev.pillai57@gmail.com,Regular Shopper,2024-10-14 01:00:46,3,430944.37,Potential Loyalists
639,CUST-IND-000639,Divya Bansal,divya.bansal488@gmail.com,Gold Privilege,2024-12-02 03:00:50,6,796328.43,Loyal Customers
2475,CUST-IND-002475,Lakshmi Joshi,lakshmi.joshi696@gmail.com,VIP Club Premier,2024-11-01 08:18:44,2,305233.26,Potential Loyalists
682,CUST-IND-000682,Sunita Jha,sunita.jha131@gmail.com,Festival Occasional,2024-05-05 17:08:54,2,81046.78,Potential Loyalists
832,CUST-IND-000832,Rahul Nanda,rahul.nanda74@gmail.com,Festival Occasional,2024-09-20 09:05:28,3,232891.86,Potential Loyalists
1327,CUST-IND-001327,Swati Kapoor,swati.kapoor47@gmail.com,Regular Shopper,2024-09-08 09:15:31,3,648388.73,Potential Loyalists
1438,CUST-IND-001438,Priya Malhotra,priya.malhotra886@gmail.com,Regular Shopper,2024-09-19 04:41:39,3,438364.97,Potential Loyalists
58,CUST-IND-000058,Suresh Joshi,suresh.joshi320@gmail.com,Regular Shopper,2024-09-22 04:43:53,4,819293.96,Loyal Customers
531,CUST-IND-000531,Karthik Agarwal,karthik.agarwal927@gmail.com,Regular Shopper,2024-10-25 06:29:05,5,489161.45,Loyal Customers
1231,CUST-IND-001231,Amit Mukherjee,amit.mukherjee762@gmail.com,Festival Occasional,2024-08-11 08:16:03,4,1283884.97,Loyal Customers
1937,CUST-IND-001937,Aarav Agarwal,aarav.agarwal98@gmail.com,Regular Shopper,2024-06-18 10:19:07,3,687915.39,Potential Loyalists
2142,CUST-IND-002142,Dev Pillai,dev.pillai929@gmail.com,Regular Shopper,2024-09-06 11:42:24,4,942319.37,Loyal Customers
1039,CUST-IND-001039,Dev Pillai,dev.pillai813@gmail.com,Regular Shopper,2024-07-30 16:57:03,3,958364.64,Potential Loyalists
2467,CUST-IND-002467,Shweta Sen,shweta.sen442@gmail.com,Regular Shopper,2024-11-12 16:25:14,5,1671209.64,Loyal Customers
135,CUST-IND-000135,Ananya Sen,ananya.sen57@gmail.com,Regular Shopper,2024-10-27 02:03:28,2,706512.6,Potential Loyalists
2105,CUST-IND-002105,Deepika Chatterjee,deepika.chatterjee881@gmail.com,Gold Privilege,2024-01-15 13:57:29,1,144949.83,New / Single Order
63,CUST-IND-000063,Anita Trivedi,anita.trivedi45@gmail.com,Regular Shopper,2024-10-26 19:53:38,5,349152.83,Loyal Customers
107,CUST-IND-000107,Rajesh Shetty,rajesh.shetty116@gmail.com,Regular Shopper,2024-08-05 15:24:04,3,564521.61,Potential Loyalists
945,CUST-IND-000945,Divya Hegde,divya.hegde506@gmail.com,Regular Shopper,2024-10-17 15:04:25,3,756538.58,Potential Loyalists
915,CUST-IND-000915,Bhavna Mehta,bhavna.mehta421@gmail.com,Regular Shopper,2024-09-29 19:51:42,3,923383.23,Potential Loyalists
1079,CUST-IND-001079,Shweta Bhat,shweta.bhat866@gmail.com,Regular Shopper,2024-03-29 20:53:16,2,496886.29,Potential Loyalists
665,CUST-IND-000665,Vishal Deshmukh,vishal.deshmukh681@gmail.com,Festival Occasional,2024-06-16 07:12:45,1,180600.33,New / Single Order
1637,CUST-IND-001637,Sunita Chatterjee,sunita.chatterjee861@gmail.com,Gold Privilege,2024-09-05 19:20:18,2,218341.11,Potential Loyalists
2093,CUST-IND-002093,Niharika Reddy,niharika.reddy7@gmail.com,Regular Shopper,2024-07-13 19:22:43,5,681200.67,Loyal Customers
895,CUST-IND-000895,Sunita Nanda,sunita.nanda335@gmail.com,Gold Privilege,2024-08-25 12:35:17,7,2044853.26,Loyal Customers
447,CUST-IND-000447,Karthik Sharma,karthik.sharma197@gmail.com,Gold Privilege,2024-12-24 11:23:45,7,1221582.0,Loyal Customers
560,CUST-IND-000560,Vishal Mukherjee,vishal.mukherjee755@gmail.com,Regular Shopper,2024-12-17 20:54:52,8,1889814.48,Champions
1512,CUST-IND-001512,Swati Desai,swati.desai650@gmail.com,Regular Shopper,2024-11-04 06:15:03,6,1232025.74,Loyal Customers
1473,CUST-IND-001473,Vikram Chaudhary,vikram.chaudhary145@gmail.com,Regular Shopper,2024-11-20 14:02:46,11,1786119.83,Champions
1980,CUST-IND-001980,Sanjay Patel,sanjay.patel451@gmail.com,Regular Shopper,2024-11-04 16:35:24,4,813945.95,Loyal Customers
2380,CUST-IND-002380,Tarun Kapoor,tarun.kapoor34@gmail.com,Gold Privilege,2024-11-22 19:53:26,8,1625244.96,Champions
702,CUST-IND-000702,Sunita Saxena,sunita.saxena479@gmail.com,Gold Privilege,2024-08-15 18:31:57,3,375614.92,Potential Loyalists
443,CUST-IND-000443,Neha Reddy,neha.reddy286@gmail.com,Gold Privilege,2024-10-14 14:13:40,5,1357813.21,Loyal Customers
699,CUST-IND-000699,Anita Patel,anita.patel794@gmail.com,VIP Club Premier,2024-09-23 01:59:46,5,1401696.06,Loyal Customers
823,CUST-IND-000823,Manoj Saxena,manoj.saxena455@gmail.com,Regular Shopper,2024-11-07 15:45:35,4,737772.8,Loyal Customers
1298,CUST-IND-001298,Rohan Nanda,rohan.nanda796@gmail.com,VIP Club Premier,2024-11-26 17:26:34,3,589581.24,Potential Loyalists
449,CUST-IND-000449,Swati Mehta,swati.mehta93@gmail.com,Festival Occasional,2024-09-02 15:27:47,6,913788.5,Loyal Customers
1131,CUST-IND-001131,Bhavna Pillai,bhavna.pillai416@gmail.com,Regular Shopper,2024-11-25 17:24:00,5,1316795.84,Loyal Customers
1822,CUST-IND-001822,Kavita Joshi,kavita.joshi851@gmail.com,Gold Privilege,2024-09-27 13:43:15,6,528962.64,Loyal Customers
1154,CUST-IND-001154,Rohan Iyer,rohan.iyer497@gmail.com,Gold Privilege,2024-10-09 22:41:18,5,1380463.71,Loyal Customers
1797,CUST-IND-001797,Ritu Pillai,ritu.pillai486@gmail.com,Gold Privilege,2024-11-26 23:55:49,4,1408133.94,Loyal Customers
722,CUST-IND-000722,Niharika Kulkarni,niharika.kulkarni448@gmail.com,Gold Privilege,2024-10-05 02:40:58,6,760899.18,Loyal Customers
575,CUST-IND-000575,Lakshmi Kulkarni,lakshmi.kulkarni483@gmail.com,Gold Privilege,2024-08-18 19:17:18,6,1361442.66,Loyal Customers
1229,CUST-IND-001229,Manoj Verma,manoj.verma299@gmail.com,Gold Privilege,2024-07-26 04:10:17,6,1113611.93,Loyal Customers
621,CUST-IND-000621,Suresh Joshi,suresh.joshi466@gmail.com,Regular Shopper,2024-12-17 23:04:41,10,1833399.56,Champions
644,CUST-IND-000644,Arjun Verma,arjun.verma308@gmail.com,Festival Occasional,2024-11-27 19:52:35,8,2057789.21,Champions
680,CUST-IND-000680,Sunita Kulkarni,sunita.kulkarni551@gmail.com,Festival Occasional,2024-11-06 11:03:21,10,2020331.37,Champions
219,CUST-IND-000219,Neha Kapoor,neha.kapoor302@gmail.com,Gold Privilege,2024-12-25 08:22:08,4,1253013.69,Loyal Customers
1305,CUST-IND-001305,Meera Kapoor,meera.kapoor378@gmail.com,Regular Shopper,2024-12-26 01:12:18,2,351071.97,Potential Loyalists
741,CUST-IND-000741,Dev Sharma,dev.sharma526@gmail.com,Regular Shopper,2024-12-05 00:06:59,7,2394907.48,Loyal Customers
1579,CUST-IND-001579,Karthik Iyer,karthik.iyer616@gmail.com,Gold Privilege,2024-10-29 19:06:34,9,1907729.05,Champions
1925,CUST-IND-001925,Ritu Kapoor,ritu.kapoor60@gmail.com,Regular Shopper,2024-07-13 12:05:41,4,556635.09,Loyal Customers
634,CUST-IND-000634,Pooja Das,pooja.das734@gmail.com,VIP Club Premier,2024-12-30 12:18:38,5,950665.06,Loyal Customers
2365,CUST-IND-002365,Sanjay Shetty,sanjay.shetty537@gmail.com,Gold Privilege,2024-12-12 20:45:05,5,1272835.84,Loyal Customers
1634,CUST-IND-001634,Anita Trivedi,anita.trivedi10@gmail.com,Gold Privilege,2024-08-17 06:56:23,6,1173467.06,Loyal Customers
517,CUST-IND-000517,Sunita Chaudhary,sunita.chaudhary305@gmail.com,VIP Club Premier,2024-11-11 17:35:39,7,1504563.28,Loyal Customers
333,CUST-IND-000333,Amit Dutta,amit.dutta419@gmail.com,Gold Privilege,2024-04-19 17:19:33,5,1171321.47,Loyal Customers
556,CUST-IND-000556,Amit Singh,amit.singh826@gmail.com,Regular Shopper,2024-12-25 13:06:19,7,1726850.34,Loyal Customers
1153,CUST-IND-001153,Rohan Mukherjee,rohan.mukherjee52@gmail.com,Festival Occasional,2024-12-16 17:11:22,9,1760695.63,Champions
2447,CUST-IND-002447,Ananya Rao,ananya.rao179@gmail.com,Festival Occasional,2024-12-21 20:29:24,7,1685954.27,Loyal Customers
726,CUST-IND-000726,Swati Dutta,swati.dutta833@gmail.com,Festival Occasional,2024-12-04 01:00:41,7,1330005.46,Loyal Customers
138,CUST-IND-000138,Ritu Deshmukh,ritu.deshmukh746@gmail.com,VIP Club Premier,2024-11-15 22:37:16,3,291444.49,Potential Loyalists
1550,CUST-IND-001550,Aarav Nanda,aarav.nanda475@gmail.com,Regular Shopper,2024-11-30 07:04:09,6,2158424.98,Loyal Customers
1841,CUST-IND-001841,Preeti Mishra,preeti.mishra432@gmail.com,Regular Shopper,2024-07-31 10:04:38,3,758568.43,Potential Loyalists
123,CUST-IND-000123,Ritu Chatterjee,ritu.chatterjee760@gmail.com,VIP Club Premier,2024-06-26 03:24:17,3,504606.35,Potential Loyalists
116,CUST-IND-000116,Ananya Das,ananya.das588@gmail.com,VIP Club Premier,2024-10-28 06:01:20,8,1225933.56,Champions
1608,CUST-IND-001608,Aarav Malhotra,aarav.malhotra448@gmail.com,Regular Shopper,2024-08-20 18:00:44,5,1160481.16,Loyal Customers
2472,CUST-IND-002472,Amit Mukherjee,amit.mukherjee425@gmail.com,Regular Shopper,2024-09-11 05:43:04,3,722120.89,Potential Loyalists
906,CUST-IND-000906,Kavita Dutta,kavita.dutta784@gmail.com,Gold Privilege,2024-11-02 16:18:19,5,1358087.86,Loyal Customers
2035,CUST-IND-002035,Manoj Rao,manoj.rao612@gmail.com,Regular Shopper,2024-12-21 15:20:24,10,3024345.31,Champions
589,CUST-IND-000589,Anita Jha,anita.jha487@gmail.com,Regular Shopper,2024-09-30 19:29:17,6,1672394.28,Loyal Customers
1504,CUST-IND-001504,Ananya Mehta,ananya.mehta476@gmail.com,Regular Shopper,2024-11-12 12:29:21,7,1307393.11,Loyal Customers
2397,CUST-IND-002397,Sunita Sen,sunita.sen44@gmail.com,Regular Shopper,2024-12-13 05:13:42,4,1050534.18,Loyal Customers
521,CUST-IND-000521,Kavita Chatterjee,kavita.chatterjee815@gmail.com,Gold Privilege,2024-12-06 20:48:07,5,1074088.64,Loyal Customers
1215,CUST-IND-001215,Karthik Dutta,karthik.dutta553@gmail.com,Regular Shopper,2024-12-22 11:31:43,5,870504.35,Loyal Customers
1278,CUST-IND-001278,Divya Bhat,divya.bhat769@gmail.com,Festival Occasional,2024-12-07 22:09:18,4,932923.41,Loyal Customers
812,CUST-IND-000812,Deepika Bansal,deepika.bansal788@gmail.com,Regular Shopper,2024-11-18 06:46:34,8,2403861.96,Champions
2137,CUST-IND-002137,Pooja Chatterjee,pooja.chatterjee942@gmail.com,Festival Occasional,2024-08-30 01:45:17,4,826358.23,Loyal Customers
1726,CUST-IND-001726,Shweta Jha,shweta.jha820@gmail.com,Regular Shopper,2024-12-11 21:43:34,5,1344130.74,Loyal Customers
421,CUST-IND-000421,Pooja Saxena,pooja.saxena347@gmail.com,Gold Privilege,2024-12-17 09:24:31,7,905319.04,Loyal Customers
1572,CUST-IND-001572,Anita Kulkarni,anita.kulkarni856@gmail.com,Festival Occasional,2024-08-20 10:02:03,5,1004536.44,Loyal Customers
805,CUST-IND-000805,Dev Deshmukh,dev.deshmukh280@gmail.com,Regular Shopper,2024-12-26 10:09:28,4,1230248.3,Loyal Customers
2439,CUST-IND-002439,Vishal Iyer,vishal.iyer882@gmail.com,VIP Club Premier,2024-11-29 12:55:54,7,1976633.4,Loyal Customers
1127,CUST-IND-001127,Shweta Singh,shweta.singh904@gmail.com,VIP Club Premier,2024-12-30 01:49:16,9,2593210.06,Champions
1616,CUST-IND-001616,Alok Sen,alok.sen294@gmail.com,VIP Club Premier,2024-12-26 08:27:11,6,1287532.74,Loyal Customers
2423,CUST-IND-002423,Sunita Shetty,sunita.shetty218@gmail.com,Regular Shopper,2024-11-10 06:55:51,5,659299.11,Loyal Customers
1966,CUST-IND-001966,Alok Das,alok.das683@gmail.com,Regular Shopper,2024-10-31 04:15:18,4,1232985.48,Loyal Customers
856,CUST-IND-000856,Aditya Iyer,aditya.iyer487@gmail.com,VIP Club Premier,2024-08-27 13:44:40,6,1549204.96,Loyal Customers
794,CUST-IND-000794,Ritu Reddy,ritu.reddy659@gmail.com,Regular Shopper,2024-10-31 17:25:42,3,771746.46,Potential Loyalists
1667,CUST-IND-001667,Anjali Dutta,unregistered@retail.com,Regular Shopper,2024-12-02 10:37:36,4,870177.65,Loyal Customers
1662,CUST-IND-001662,Aarav Kapoor,aarav.kapoor566@gmail.com,Regular Shopper,2024-12-22 10:22:48,3,837724.34,Potential Loyalists
2294,CUST-IND-002294,Priya Gupta,priya.gupta144@gmail.com,Regular Shopper,2024-12-01 14:28:11,3,331926.15,Potential Loyalists
1643,CUST-IND-001643,Rajesh Mishra,rajesh.mishra656@gmail.com,Festival Occasional,2024-08-24 17:37:23,4,629786.16,Loyal Customers
1126,CUST-IND-001126,Karthik Mukherjee,karthik.mukherjee423@gmail.com,Regular Shopper,2024-10-14 22:57:45,4,652282.23,Loyal Customers
986,CUST-IND-000986,Deepika Kumar,deepika.kumar676@gmail.com,VIP Club Premier,2024-07-22 09:55:58,2,845161.26,Potential Loyalists
2237,CUST-IND-002237,Amit Chaudhary,amit.chaudhary215@gmail.com,VIP Club Premier,2024-12-23 17:24:08,6,826755.23,Loyal Customers
2277,CUST-IND-002277,Sanjay Saxena,sanjay.saxena444@gmail.com,Festival Occasional,2024-12-12 05:57:33,8,1707347.03,Champions
133,CUST-IND-000133,Manoj Jha,manoj.jha695@gmail.com,Gold Privilege,2024-08-08 03:19:19,7,1878332.42,Loyal Customers
1101,CUST-IND-001101,Lakshmi Kumar,lakshmi.kumar95@gmail.com,Regular Shopper,2024-11-05 15:15:18,4,1334413.47,Loyal Customers
782,CUST-IND-000782,Pooja Verma,pooja.verma857@gmail.com,Gold Privilege,2024-10-05 04:49:25,3,681592.51,Potential Loyalists
564,CUST-IND-000564,Alok Verma,alok.verma462@gmail.com,VIP Club Premier,2024-08-28 03:36:36,4,1485486.7,Loyal Customers
1724,CUST-IND-001724,Sanjay Hegde,sanjay.hegde866@gmail.com,Regular Shopper,2024-11-18 12:45:19,7,1664182.82,Loyal Customers
205,CUST-IND-000205,Ananya Bhat,ananya.bhat249@gmail.com,Regular Shopper,2024-12-19 12:01:46,7,1228242.22,Loyal Customers
1621,CUST-IND-001621,Deepika Chatterjee,deepika.chatterjee492@gmail.com,Gold Privilege,2024-12-08 14:30:41,6,1490043.17,Loyal Customers
603,CUST-IND-000603,Amit Chaudhary,amit.chaudhary378@gmail.com,Regular Shopper,2024-12-11 00:28:03,8,2056147.4,Champions
1188,CUST-IND-001188,Rohan Deshmukh,rohan.deshmukh328@gmail.com,Gold Privilege,2024-10-21 14:37:48,2,332377.4,Potential Loyalists
1492,CUST-IND-001492,Divya Deshmukh,divya.deshmukh479@gmail.com,VIP Club Premier,2024-08-14 22:49:42,7,1462481.04,Loyal Customers
258,CUST-IND-000258,Ananya Joshi,ananya.joshi485@gmail.com,Regular Shopper,2024-12-05 10:35:16,7,1125188.35,Loyal Customers
38,CUST-IND-000038,Ritu Gupta,ritu.gupta781@gmail.com,Gold Privilege,2024-11-18 20:14:39,3,1059519.9,Potential Loyalists
130,CUST-IND-000130,Tarun Mishra,tarun.mishra991@gmail.com,VIP Club Premier,2024-12-13 20:52:43,4,518638.07,Loyal Customers
1322,CUST-IND-001322,Priya Rao,priya.rao150@gmail.com,Festival Occasional,2024-10-29 12:47:56,3,708531.15,Potential Loyalists
1683,CUST-IND-001683,Preeti Agarwal,preeti.agarwal899@gmail.com,Gold Privilege,2024-11-26 20:48:32,4,831815.45,Loyal Customers
106,CUST-IND-000106,Vishal Pillai,vishal.pillai517@gmail.com,Festival Occasional,2024-12-29 18:03:07,4,757671.69,Loyal Customers
1011,CUST-IND-001011,Deepak Chatterjee,deepak.chatterjee864@gmail.com,Regular Shopper,2024-12-03 02:43:20,7,981974.72,Loyal Customers
793,CUST-IND-000793,Arjun Shetty,arjun.shetty762@gmail.com,Gold Privilege,2024-07-24 20:24:32,3,1467045.97,Potential Loyalists
1465,CUST-IND-001465,Niharika Sharma,niharika.sharma708@gmail.com,Regular Shopper,2024-11-11 15:09:43,4,1574439.67,Loyal Customers
144,CUST-IND-000144,Niharika Sharma,niharika.sharma726@gmail.com,Regular Shopper,2024-11-30 00:49:01,5,953783.08,Loyal Customers
563,CUST-IND-000563,Arjun Verma,arjun.verma873@gmail.com,Regular Shopper,2024-11-19 00:16:37,9,1293378.14,Champions
1633,CUST-IND-001633,Karthik Bhat,karthik.bhat934@gmail.com,Gold Privilege,2024-11-13 00:34:35,8,1564147.28,Champions
485,CUST-IND-000485,Dev Reddy,dev.reddy979@gmail.com,Regular Shopper,2024-10-30 04:23:53,5,1506408.46,Loyal Customers
370,CUST-IND-000370,Sunita Saxena,sunita.saxena167@gmail.com,Gold Privilege,2024-08-15 01:04:28,4,695125.69,Loyal Customers
1950,CUST-IND-001950,Niharika Dutta,niharika.dutta13@gmail.com,Gold Privilege,2024-12-23 01:45:03,3,1014855.96,Potential Loyalists
1252,CUST-IND-001252,Vishal Singh,vishal.singh827@gmail.com,Gold Privilege,2024-09-24 18:40:29,4,664495.69,Loyal Customers
391,CUST-IND-000391,Anita Trivedi,anita.trivedi86@gmail.com,Regular Shopper,2024-12-06 03:57:13,3,741743.53,Potential Loyalists
1774,CUST-IND-001774,Aarav Hegde,aarav.hegde147@gmail.com,Regular Shopper,2024-11-07 18:56:45,3,879462.07,Potential Loyalists
2037,CUST-IND-002037,Bhavna Mukherjee,bhavna.mukherjee352@gmail.com,Festival Occasional,2024-11-12 11:46:55,4,437307.59,Loyal Customers
1068,CUST-IND-001068,Arjun Trivedi,arjun.trivedi896@gmail.com,Gold Privilege,2024-06-15 19:27:39,4,764858.43,Loyal Customers
1589,CUST-IND-001589,Anjali Iyer,anjali.iyer650@gmail.com,Regular Shopper,2024-12-16 15:30:56,4,1248210.91,Loyal Customers
250,CUST-IND-000250,Meera Gupta,meera.gupta680@gmail.com,VIP Club Premier,2024-11-20 13:23:59,6,756671.88,Loyal Customers
245,CUST-IND-000245,Swati Mukherjee,swati.mukherjee693@gmail.com,Festival Occasional,2024-11-12 20:13:29,4,1266812.04,Loyal Customers
1815,CUST-IND-001815,Anita Mukherjee,anita.mukherjee158@gmail.com,Gold Privilege,2024-12-12 01:08:49,5,912135.84,Loyal Customers
736,CUST-IND-000736,Aditya Pillai,aditya.pillai895@gmail.com,Gold Privilege,2024-12-31 12:44:40,5,922045.08,Loyal Customers
1590,CUST-IND-001590,Bhavna Saxena,bhavna.saxena151@gmail.com,Gold Privilege,2024-11-21 03:53:50,5,1203888.26,Loyal Customers
1024,CUST-IND-001024,Priya Jha,priya.jha526@gmail.com,Regular Shopper,2024-12-26 07:03:57,4,1114928.33,Loyal Customers
2250,CUST-IND-002250,Aarav Kapoor,aarav.kapoor885@gmail.com,Regular Shopper,2024-12-07 11:20:49,4,884498.0,Loyal Customers
2387,CUST-IND-002387,Aarav Nair,aarav.nair489@gmail.com,Festival Occasional,2024-11-23 07:05:30,4,859297.22,Loyal Customers
2430,CUST-IND-002430,Vikram Nanda,vikram.nanda462@gmail.com,Regular Shopper,2024-09-09 13:02:18,5,1557236.17,Loyal Customers
1942,CUST-IND-001942,Vikram Chaudhary,vikram.chaudhary326@gmail.com,Regular Shopper,2024-11-16 16:16:46,3,975758.71,Potential Loyalists
78,CUST-IND-000078,Karthik Joshi,karthik.joshi272@gmail.com,Gold Privilege,2024-09-03 05:21:42,8,2106044.59,Champions
2436,CUST-IND-002436,Vishal Chaudhary,vishal.chaudhary939@gmail.com,Regular Shopper,2024-12-03 14:38:01,9,2490172.5,Champions
673,CUST-IND-000673,Aditya Reddy,aditya.reddy386@gmail.com,Regular Shopper,2024-12-18 09:55:58,3,540484.14,Potential Loyalists
2348,CUST-IND-002348,Aditya Dutta,aditya.dutta622@gmail.com,Regular Shopper,2024-12-08 13:57:10,2,690964.79,Potential Loyalists
730,CUST-IND-000730,Aarav Singh,aarav.singh407@gmail.com,VIP Club Premier,2024-11-26 09:54:48,7,2266553.27,Loyal Customers
359,CUST-IND-000359,Divya Kumar,divya.kumar7@gmail.com,Gold Privilege,2024-08-11 03:50:20,3,959921.58,Potential Loyalists
1988,CUST-IND-001988,Anjali Chatterjee,unregistered@retail.com,Gold Privilege,2024-11-08 02:20:14,7,1480196.09,Loyal Customers
253,CUST-IND-000253,Manoj Chatterjee,manoj.chatterjee902@gmail.com,Festival Occasional,2024-10-23 09:51:16,6,1767755.32,Loyal Customers
1138,CUST-IND-001138,Suresh Shetty,suresh.shetty562@gmail.com,Gold Privilege,2024-12-08 07:02:44,8,1603175.59,Champions
2459,CUST-IND-002459,Rohan Das,rohan.das132@gmail.com,Regular Shopper,2024-12-09 22:26:21,3,719167.9,Potential Loyalists
1975,CUST-IND-001975,Pooja Agarwal,pooja.agarwal620@gmail.com,Festival Occasional,2024-08-03 07:30:47,4,1209216.65,Loyal Customers
1025,CUST-IND-001025,Pooja Sharma,pooja.sharma263@gmail.com,Regular Shopper,2024-12-17 19:18:32,2,658895.12,Potential Loyalists
1497,CUST-IND-001497,Ananya Reddy,ananya.reddy506@gmail.com,Gold Privilege,2024-11-10 22:35:06,8,1229431.12,Champions
1956,CUST-IND-001956,Anita Sen,anita.sen957@gmail.com,Regular Shopper,2024-09-28 01:00:47,5,1756343.57,Loyal Customers
2249,CUST-IND-002249,Tarun Kumar,tarun.kumar349@gmail.com,Festival Occasional,2024-10-20 21:18:19,4,783042.17,Loyal Customers
1414,CUST-IND-001414,Deepika Jha,deepika.jha699@gmail.com,Regular Shopper,2024-04-25 05:35:58,4,1169227.86,Loyal Customers
1945,CUST-IND-001945,Deepika Nair,deepika.nair420@gmail.com,Gold Privilege,2024-09-13 20:38:52,4,760124.36,Loyal Customers
1944,CUST-IND-001944,Preeti Jha,preeti.jha27@gmail.com,Regular Shopper,2024-12-03 05:37:05,5,840656.35,Loyal Customers
723,CUST-IND-000723,Niharika Sen,niharika.sen872@gmail.com,VIP Club Premier,2024-07-06 23:09:35,2,607076.04,Potential Loyalists
1915,CUST-IND-001915,Shweta Jha,unregistered@retail.com,Gold Privilege,2024-08-30 19:33:22,2,601450.1,Potential Loyalists
2392,CUST-IND-002392,Arjun Chaudhary,arjun.chaudhary721@gmail.com,Festival Occasional,2024-12-08 16:06:40,4,824278.32,Loyal Customers
1336,CUST-IND-001336,Ritu Bansal,ritu.bansal927@gmail.com,Regular Shopper,2024-12-29 22:57:29,2,306044.45,Potential Loyalists
2326,CUST-IND-002326,Vikram Saxena,vikram.saxena589@gmail.com,Festival Occasional,2024-09-07 06:36:53,3,474034.76,Potential Loyalists
2244,CUST-IND-002244,Sanjay Bansal,sanjay.bansal947@gmail.com,Regular Shopper,2024-09-09 21:50:20,4,617386.04,Loyal Customers
1884,CUST-IND-001884,Alok Mishra,alok.mishra312@gmail.com,Regular Shopper,2024-06-21 07:16:55,2,329262.95,Potential Loyalists
2312,CUST-IND-002312,Priya Chaudhary,priya.chaudhary463@gmail.com,VIP Club Premier,2024-10-13 22:26:50,5,868913.33,Loyal Customers
373,CUST-IND-000373,Anjali Sharma,anjali.sharma386@gmail.com,Regular Shopper,2024-08-04 00:17:34,4,1054797.23,Loyal Customers
547,CUST-IND-000547,Deepak Deshmukh,deepak.deshmukh526@gmail.com,Gold Privilege,2024-11-27 16:59:12,2,35023.99,Potential Loyalists
1384,CUST-IND-001384,Tarun Nair,tarun.nair159@gmail.com,Festival Occasional,2024-10-11 07:54:21,2,831806.53,Potential Loyalists
2266,CUST-IND-002266,Aditya Das,aditya.das856@gmail.com,Regular Shopper,2024-10-25 17:11:10,6,2171959.94,Loyal Customers
1468,CUST-IND-001468,Niharika Verma,niharika.verma816@gmail.com,Festival Occasional,2024-11-30 15:53:08,7,1583756.28,Loyal Customers
1456,CUST-IND-001456,Meera Bansal,meera.bansal484@gmail.com,Regular Shopper,2024-09-25 20:48:19,6,1490642.27,Loyal Customers
327,CUST-IND-000327,Rahul Saxena,rahul.saxena657@gmail.com,Gold Privilege,2024-10-25 22:44:42,4,1030848.97,Loyal Customers
1173,CUST-IND-001173,Sunita Hegde,sunita.hegde390@gmail.com,VIP Club Premier,2024-10-21 06:08:10,3,201491.69,Potential Loyalists
2325,CUST-IND-002325,Bhavna Mishra,bhavna.mishra487@gmail.com,Festival Occasional,2024-12-02 01:41:24,2,277973.5,Potential Loyalists
1351,CUST-IND-001351,Karthik Bhat,karthik.bhat229@gmail.com,Regular Shopper,2024-05-17 16:08:59,3,535988.8,Potential Loyalists
434,CUST-IND-000434,Amit Patel,amit.patel134@gmail.com,Regular Shopper,2024-07-27 09:30:07,2,300164.76,Potential Loyalists
2225,CUST-IND-002225,Rajesh Hegde,rajesh.hegde684@gmail.com,VIP Club Premier,2024-05-14 23:54:50,1,121368.86,New / Single Order
719,CUST-IND-000719,Preeti Verma,preeti.verma857@gmail.com,Gold Privilege,2024-08-24 11:01:43,2,589835.31,Potential Loyalists
132,CUST-IND-000132,Deepika Sharma,deepika.sharma775@gmail.com,VIP Club Premier,2024-04-04 12:21:48,2,426202.78,Potential Loyalists
1291,CUST-IND-001291,Anita Agarwal,anita.agarwal46@gmail.com,Regular Shopper,2024-06-11 06:59:02,3,1023831.05,Potential Loyalists
1554,CUST-IND-001554,Pooja Malhotra,pooja.malhotra149@gmail.com,Gold Privilege,2024-11-21 07:55:20,2,438762.22,Potential Loyalists
999,CUST-IND-000999,Tarun Mehta,tarun.mehta36@gmail.com,Regular Shopper,2024-07-12 09:59:55,1,318632.27,New / Single Order
573,CUST-IND-000573,Shweta Kapoor,shweta.kapoor995@gmail.com,Regular Shopper,2024-12-08 21:15:53,6,1443337.13,Loyal Customers
1742,CUST-IND-001742,Kavita Kumar,kavita.kumar461@gmail.com,Gold Privilege,2024-12-28 11:35:59,5,1386688.26,Loyal Customers
346,CUST-IND-000346,Deepika Reddy,deepika.reddy802@gmail.com,Gold Privilege,2024-12-17 15:18:01,5,973310.53,Loyal Customers
817,CUST-IND-000817,Rajesh Nair,rajesh.nair830@gmail.com,Regular Shopper,2024-12-12 12:43:50,4,536909.47,Loyal Customers
653,CUST-IND-000653,Bhavna Mishra,bhavna.mishra833@gmail.com,Gold Privilege,2024-12-11 06:54:59,8,1629273.67,Champions
1818,CUST-IND-001818,Lakshmi Agarwal,lakshmi.agarwal279@gmail.com,Gold Privilege,2024-12-31 18:34:43,3,678300.25,Potential Loyalists
514,CUST-IND-000514,Divya Trivedi,divya.trivedi536@gmail.com,Regular Shopper,2024-12-26 00:43:29,5,1063625.98,Loyal Customers
756,CUST-IND-000756,Divya Das,divya.das143@gmail.com,Gold Privilege,2024-11-17 06:41:26,9,1552167.96,Champions
1768,CUST-IND-001768,Alok Kumar,alok.kumar459@gmail.com,Festival Occasional,2024-03-13 07:30:44,3,410923.7,Potential Loyalists
246,CUST-IND-000246,Sunita Patel,sunita.patel136@gmail.com,Gold Privilege,2024-12-05 20:47:46,8,1872300.17,Champions
2258,CUST-IND-002258,Shweta Reddy,shweta.reddy325@gmail.com,Regular Shopper,2024-12-18 21:53:25,5,1199148.14,Loyal Customers
13,CUST-IND-000013,Sunita Bansal,sunita.bansal984@gmail.com,Gold Privilege,2024-11-07 07:04:17,5,1294584.94,Loyal Customers
1144,CUST-IND-001144,Ritu Desai,ritu.desai980@gmail.com,Festival Occasional,2024-12-29 03:05:40,4,643456.53,Loyal Customers
369,CUST-IND-000369,Vishal Chatterjee,vishal.chatterjee36@gmail.com,Regular Shopper,2024-05-31 01:22:54,4,963924.08,Loyal Customers
755,CUST-IND-000755,Preeti Trivedi,preeti.trivedi788@gmail.com,VIP Club Premier,2024-11-04 17:40:36,5,1227183.84,Loyal Customers
2381,CUST-IND-002381,Meera Mehta,meera.mehta851@gmail.com,Festival Occasional,2024-11-28 01:17:23,4,687725.47,Loyal Customers
2023,CUST-IND-002023,Anita Sharma,anita.sharma821@gmail.com,Gold Privilege,2024-12-24 08:18:28,2,156599.62,Potential Loyalists
251,CUST-IND-000251,Pooja Iyer,pooja.iyer126@gmail.com,Festival Occasional,2024-10-01 10:43:02,7,1621049.17,Loyal Customers
662,CUST-IND-000662,Pooja Bhat,pooja.bhat520@gmail.com,Regular Shopper,2024-09-24 15:52:07,5,917400.37,Loyal Customers
1503,CUST-IND-001503,Neha Malhotra,neha.malhotra359@gmail.com,Gold Privilege,2024-12-25 06:18:07,8,1486626.27,Champions
827,CUST-IND-000827,Preeti Hegde,preeti.hegde794@gmail.com,Regular Shopper,2024-12-16 08:08:12,3,1193943.45,Potential Loyalists
2366,CUST-IND-002366,Ananya Saxena,ananya.saxena611@gmail.com,Regular Shopper,2024-12-15 00:33:45,6,1405885.66,Loyal Customers
2304,CUST-IND-002304,Manoj Kulkarni,manoj.kulkarni736@gmail.com,Regular Shopper,2024-12-18 21:42:29,6,1574323.66,Loyal Customers
349,CUST-IND-000349,Meera Hegde,meera.hegde507@gmail.com,Regular Shopper,2024-12-15 15:48:55,4,567924.32,Loyal Customers
97,CUST-IND-000097,Dev Kulkarni,dev.kulkarni849@gmail.com,Regular Shopper,2024-08-03 06:33:20,5,914497.18,Loyal Customers
1533,CUST-IND-001533,Lakshmi Dutta,lakshmi.dutta218@gmail.com,Gold Privilege,2024-10-22 21:19:48,5,1221209.08,Loyal Customers
1620,CUST-IND-001620,Tarun Agarwal,tarun.agarwal657@gmail.com,Festival Occasional,2024-10-03 07:31:15,5,685057.83,Loyal Customers
2163,CUST-IND-002163,Anjali Singh,anjali.singh966@gmail.com,Regular Shopper,2024-08-01 18:36:02,4,998465.15,Loyal Customers
1436,CUST-IND-001436,Deepak Chaudhary,deepak.chaudhary157@gmail.com,VIP Club Premier,2024-09-08 12:05:27,3,929577.06,Potential Loyalists
5,CUST-IND-000005,Aarav Das,aarav.das31@gmail.com,Regular Shopper,2024-12-31 12:26:22,7,886368.94,Loyal Customers
1732,CUST-IND-001732,Vishal Pillai,vishal.pillai283@gmail.com,Gold Privilege,2024-12-04 02:29:47,5,752132.83,Loyal Customers
227,CUST-IND-000227,Ritu Reddy,ritu.reddy919@gmail.com,Regular Shopper,2024-11-30 20:27:07,4,647806.31,Loyal Customers
1220,CUST-IND-001220,Vishal Shetty,vishal.shetty355@gmail.com,Regular Shopper,2024-10-16 15:39:52,3,636457.27,Potential Loyalists
1783,CUST-IND-001783,Divya Rao,divya.rao413@gmail.com,Regular Shopper,2024-12-14 21:57:16,10,1679979.46,Champions
180,CUST-IND-000180,Amit Pillai,amit.pillai305@gmail.com,Regular Shopper,2024-12-17 07:09:11,4,464952.84,Loyal Customers
2010,CUST-IND-002010,Anita Pillai,anita.pillai686@gmail.com,VIP Club Premier,2024-12-29 11:50:36,6,1599792.89,Loyal Customers
734,CUST-IND-000734,Anjali Kumar,anjali.kumar816@gmail.com,VIP Club Premier,2024-12-20 06:31:09,7,1422131.69,Loyal Customers
2222,CUST-IND-002222,Deepak Bhat,deepak.bhat502@gmail.com,Regular Shopper,2024-11-21 10:39:53,5,688739.18,Loyal Customers
429,CUST-IND-000429,Lakshmi Desai,lakshmi.desai657@gmail.com,Regular Shopper,2024-12-22 16:26:57,7,1762408.99,Loyal Customers
2248,CUST-IND-002248,Priya Mukherjee,priya.mukherjee935@gmail.com,Gold Privilege,2024-09-26 04:55:43,3,422261.91,Potential Loyalists
1402,CUST-IND-001402,Divya Sharma,divya.sharma171@gmail.com,Festival Occasional,2024-12-28 19:25:53,5,1662341.74,Loyal Customers
1373,CUST-IND-001373,Swati Mehta,swati.mehta322@gmail.com,VIP Club Premier,2024-12-21 04:53:00,7,538346.08,Loyal Customers
1182,CUST-IND-001182,Suresh Mukherjee,suresh.mukherjee704@gmail.com,Regular Shopper,2024-11-10 01:02:05,7,1336720.21,Loyal Customers
632,CUST-IND-000632,Deepak Dutta,deepak.dutta497@gmail.com,Gold Privilege,2024-12-14 00:34:57,3,614110.59,Potential Loyalists
896,CUST-IND-000896,Divya Desai,divya.desai441@gmail.com,VIP Club Premier,2024-10-29 01:11:02,3,857367.18,Potential Loyalists
666,CUST-IND-000666,Alok Deshmukh,alok.deshmukh742@gmail.com,Regular Shopper,2024-12-02 03:35:04,8,2113490.92,Champions
628,CUST-IND-000628,Vishal Reddy,vishal.reddy549@gmail.com,Regular Shopper,2024-08-06 03:46:56,6,1661451.2,Loyal Customers
482,CUST-IND-000482,Tarun Kumar,tarun.kumar502@gmail.com,Gold Privilege,2024-12-15 03:48:45,6,1038406.04,Loyal Customers
292,CUST-IND-000292,Anjali Deshmukh,anjali.deshmukh873@gmail.com,Gold Privilege,2024-11-12 20:14:09,3,1285542.69,Potential Loyalists
1614,CUST-IND-001614,Vikram Rao,vikram.rao336@gmail.com,Regular Shopper,2024-08-07 13:20:34,5,1163029.41,Loyal Customers
2002,CUST-IND-002002,Ritu Joshi,ritu.joshi384@gmail.com,Festival Occasional,2024-07-25 23:29:39,4,704204.66,Loyal Customers
31,CUST-IND-000031,Aarav Mehta,aarav.mehta329@gmail.com,Gold Privilege,2024-09-19 07:51:07,4,1090803.96,Loyal Customers
117,CUST-IND-000117,Lakshmi Bhat,lakshmi.bhat274@gmail.com,Festival Occasional,2024-10-23 05:01:51,6,1523193.55,Loyal Customers
550,CUST-IND-000550,Vishal Hegde,vishal.hegde631@gmail.com,Gold Privilege,2024-11-19 18:29:17,5,1263828.57,Loyal Customers
2125,CUST-IND-002125,Rahul Mishra,rahul.mishra413@gmail.com,Regular Shopper,2024-12-22 10:53:47,7,2392906.8,Loyal Customers
1849,CUST-IND-001849,Aditya Shetty,aditya.shetty877@gmail.com,Festival Occasional,2024-10-24 18:52:14,8,1153176.08,Champions
2111,CUST-IND-002111,Deepika Sen,unregistered@retail.com,Regular Shopper,2024-12-03 02:34:26,10,2855984.08,Champions
395,CUST-IND-000395,Divya Dutta,divya.dutta429@gmail.com,Regular Shopper,2024-12-22 12:40:51,4,1007794.57,Loyal Customers
948,CUST-IND-000948,Aditya Chatterjee,aditya.chatterjee957@gmail.com,VIP Club Premier,2024-07-21 18:50:59,4,616780.5,Loyal Customers
1060,CUST-IND-001060,Bhavna Deshmukh,bhavna.deshmukh673@gmail.com,Festival Occasional,2024-10-18 00:35:18,4,979749.8,Loyal Customers
525,CUST-IND-000525,Sanjay Malhotra,sanjay.malhotra569@gmail.com,VIP Club Premier,2024-12-29 01:13:04,9,1485579.41,Champions
1507,CUST-IND-001507,Shweta Sharma,shweta.sharma362@gmail.com,Regular Shopper,2024-12-13 08:41:50,5,594690.26,Loyal Customers
2173,CUST-IND-002173,Sanjay Deshmukh,sanjay.deshmukh675@gmail.com,Gold Privilege,2024-06-08 17:58:47,4,1329163.44,Loyal Customers
1855,CUST-IND-001855,Neha Malhotra,neha.malhotra556@gmail.com,Regular Shopper,2024-12-30 10:52:45,5,1965668.07,Loyal Customers
1885,CUST-IND-001885,Anjali Jha,anjali.jha15@gmail.com,Festival Occasional,2024-11-28 09:18:52,10,2303063.5,Champions
868,CUST-IND-000868,Bhavna Desai,bhavna.desai510@gmail.com,Gold Privilege,2024-12-24 03:05:27,7,1705295.17,Loyal Customers
1805,CUST-IND-001805,Preeti Iyer,preeti.iyer70@gmail.com,VIP Club Premier,2024-09-05 01:57:34,6,1081219.46,Loyal Customers
1645,CUST-IND-001645,Kavita Jha,kavita.jha380@gmail.com,VIP Club Premier,2024-12-18 16:53:16,5,1085253.94,Loyal Customers
586,CUST-IND-000586,Shweta Hegde,shweta.hegde582@gmail.com,Gold Privilege,2024-12-24 23:17:35,4,987699.11,Loyal Customers
2134,CUST-IND-002134,Arjun Nair,arjun.nair161@gmail.com,Gold Privilege,2024-06-02 15:54:36,2,914481.47,Potential Loyalists
1674,CUST-IND-001674,Bhavna Trivedi,bhavna.trivedi879@gmail.com,Regular Shopper,2024-11-27 06:25:38,4,638229.91,Loyal Customers
1175,CUST-IND-001175,Deepak Gupta,deepak.gupta446@gmail.com,Festival Occasional,2024-07-06 13:56:27,5,1164982.98,Loyal Customers
1115,CUST-IND-001115,Preeti Verma,unregistered@retail.com,Gold Privilege,2024-11-16 02:57:46,6,967515.24,Loyal Customers
1268,CUST-IND-001268,Priya Iyer,priya.iyer219@gmail.com,Regular Shopper,2024-07-30 04:31:38,5,1188354.73,Loyal Customers
1460,CUST-IND-001460,Divya Dutta,divya.dutta395@gmail.com,Festival Occasional,2024-11-13 13:20:45,8,1777554.65,Champions
1419,CUST-IND-001419,Sanjay Trivedi,sanjay.trivedi405@gmail.com,Festival Occasional,2024-11-25 13:38:55,6,1721490.79,Loyal Customers
454,CUST-IND-000454,Anita Kapoor,anita.kapoor865@gmail.com,Regular Shopper,2024-12-22 18:47:51,3,783050.24,Potential Loyalists
580,CUST-IND-000580,Alok Desai,alok.desai737@gmail.com,VIP Club Premier,2024-12-13 12:43:43,5,733489.65,Loyal Customers
791,CUST-IND-000791,Vikram Pillai,vikram.pillai706@gmail.com,Festival Occasional,2024-08-10 17:28:22,3,624098.39,Potential Loyalists
757,CUST-IND-000757,Bhavna Mehta,bhavna.mehta109@gmail.com,Regular Shopper,2024-11-09 14:34:11,5,1005272.37,Loyal Customers
2469,CUST-IND-002469,Vishal Saxena,vishal.saxena273@gmail.com,Regular Shopper,2024-09-13 22:52:40,3,955518.96,Potential Loyalists
718,CUST-IND-000718,Niharika Jha,niharika.jha23@gmail.com,Regular Shopper,2024-10-16 22:45:36,5,659716.82,Loyal Customers
2352,CUST-IND-002352,Aditya Chaudhary,aditya.chaudhary617@gmail.com,Festival Occasional,2024-11-24 06:45:53,5,757353.88,Loyal Customers
526,CUST-IND-000526,Rajesh Rao,rajesh.rao906@gmail.com,Regular Shopper,2024-12-09 07:15:43,7,1818892.49,Loyal Customers
2396,CUST-IND-002396,Alok Gupta,alok.gupta149@gmail.com,Regular Shopper,2024-11-30 17:41:59,2,590160.1,Potential Loyalists
260,CUST-IND-000260,Vikram Gupta,vikram.gupta576@gmail.com,VIP Club Premier,2024-06-06 15:20:19,2,499137.54,Potential Loyalists
2254,CUST-IND-002254,Ritu Desai,ritu.desai149@gmail.com,Regular Shopper,2024-10-02 04:36:40,5,870835.33,Loyal Customers
929,CUST-IND-000929,Sanjay Rao,sanjay.rao206@gmail.com,Gold Privilege,2024-12-23 20:01:12,3,472172.34,Potential Loyalists
697,CUST-IND-000697,Niharika Shetty,niharika.shetty229@gmail.com,Festival Occasional,2024-12-17 03:31:38,7,2125661.6,Loyal Customers
829,CUST-IND-000829,Niharika Agarwal,niharika.agarwal852@gmail.com,Festival Occasional,2024-12-20 08:21:55,6,1426036.63,Loyal Customers
1470,CUST-IND-001470,Divya Rao,divya.rao265@gmail.com,Regular Shopper,2024-11-07 14:08:05,4,1065088.42,Loyal Customers
970,CUST-IND-000970,Dev Shetty,dev.shetty664@gmail.com,VIP Club Premier,2024-11-03 13:19:57,4,610749.85,Loyal Customers
1948,CUST-IND-001948,Amit Mehta,amit.mehta444@gmail.com,Regular Shopper,2024-11-15 21:58:10,6,1697128.03,Loyal Customers
2144,CUST-IND-002144,Lakshmi Bansal,unregistered@retail.com,Gold Privilege,2024-09-13 22:33:12,2,167282.28,Potential Loyalists
2331,CUST-IND-002331,Anita Das,anita.das110@gmail.com,Regular Shopper,2024-12-16 15:31:54,4,886942.33,Loyal Customers
2128,CUST-IND-002128,Rohan Hegde,rohan.hegde132@gmail.com,Gold Privilege,2024-07-02 10:30:17,6,1792263.35,Loyal Customers
568,CUST-IND-000568,Amit Malhotra,amit.malhotra572@gmail.com,VIP Club Premier,2024-08-12 17:21:24,8,1384481.96,Champions
1870,CUST-IND-001870,Kavita Deshmukh,kavita.deshmukh999@gmail.com,Gold Privilege,2024-09-29 20:53:15,7,1709303.93,Loyal Customers
1481,CUST-IND-001481,Manoj Chatterjee,manoj.chatterjee187@gmail.com,VIP Club Premier,2024-05-29 18:53:37,4,952562.29,Loyal Customers
2040,CUST-IND-002040,Bhavna Rao,bhavna.rao572@gmail.com,Festival Occasional,2024-10-27 19:59:21,3,820404.68,Potential Loyalists
1561,CUST-IND-001561,Sunita Desai,sunita.desai540@gmail.com,Regular Shopper,2024-11-20 13:09:18,6,1186081.64,Loyal Customers
105,CUST-IND-000105,Bhavna Hegde,bhavna.hegde910@gmail.com,Gold Privilege,2024-07-04 19:57:03,4,1284869.1,Loyal Customers
779,CUST-IND-000779,Kavita Saxena,kavita.saxena488@gmail.com,Gold Privilege,2024-12-05 05:09:03,5,1198377.7,Loyal Customers
1706,CUST-IND-001706,Meera Agarwal,meera.agarwal964@gmail.com,Festival Occasional,2024-11-06 14:51:01,1,741726.92,New / Single Order
795,CUST-IND-000795,Preeti Singh,preeti.singh211@gmail.com,Regular Shopper,2024-12-22 17:59:17,3,829094.1,Potential Loyalists
576,CUST-IND-000576,Bhavna Mishra,bhavna.mishra246@gmail.com,Regular Shopper,2024-11-19 22:48:34,6,1584581.79,Loyal Customers
1695,CUST-IND-001695,Ritu Iyer,ritu.iyer6@gmail.com,Regular Shopper,2024-12-13 23:23:32,6,984615.12,Loyal Customers
1452,CUST-IND-001452,Divya Agarwal,divya.agarwal690@gmail.com,Regular Shopper,2024-07-14 00:11:54,5,585940.54,Loyal Customers
690,CUST-IND-000690,Rohan Reddy,rohan.reddy977@gmail.com,Regular Shopper,2024-12-25 06:36:32,3,923852.24,Potential Loyalists
1642,CUST-IND-001642,Meera Kulkarni,meera.kulkarni598@gmail.com,Regular Shopper,2024-08-29 22:27:46,4,1035596.16,Loyal Customers
1775,CUST-IND-001775,Deepak Chaudhary,deepak.chaudhary901@gmail.com,Festival Occasional,2024-12-09 23:06:44,9,1366589.43,Champions
760,CUST-IND-000760,Manoj Sharma,manoj.sharma502@gmail.com,VIP Club Premier,2024-09-15 01:19:16,2,417192.45,Potential Loyalists
579,CUST-IND-000579,Swati Chaudhary,unregistered@retail.com,Regular Shopper,2024-12-02 00:23:42,6,1796428.45,Loyal Customers
1300,CUST-IND-001300,Meera Das,meera.das720@gmail.com,Regular Shopper,2024-11-19 21:30:50,4,666461.11,Loyal Customers
82,CUST-IND-000082,Dev Dutta,dev.dutta58@gmail.com,VIP Club Premier,2024-11-22 13:02:21,3,704343.73,Potential Loyalists
1326,CUST-IND-001326,Deepika Kulkarni,deepika.kulkarni464@gmail.com,VIP Club Premier,2024-10-27 05:51:58,5,1238432.09,Loyal Customers
752,CUST-IND-000752,Sunita Jha,sunita.jha142@gmail.com,VIP Club Premier,2024-10-03 05:19:46,2,420098.5,Potential Loyalists
377,CUST-IND-000377,Divya Mukherjee,divya.mukherjee372@gmail.com,Gold Privilege,2024-12-13 17:34:07,3,630487.38,Potential Loyalists
1266,CUST-IND-001266,Dev Joshi,dev.joshi256@gmail.com,Regular Shopper,2024-11-14 04:04:26,6,889698.81,Loyal Customers
535,CUST-IND-000535,Alok Malhotra,alok.malhotra809@gmail.com,Festival Occasional,2024-12-30 05:20:24,6,1732490.84,Loyal Customers
339,CUST-IND-000339,Rahul Kumar,rahul.kumar24@gmail.com,Gold Privilege,2024-09-09 12:31:57,5,1752536.66,Loyal Customers
280,CUST-IND-000280,Sunita Singh,sunita.singh541@gmail.com,Gold Privilege,2024-12-11 16:53:07,5,1386562.28,Loyal Customers
408,CUST-IND-000408,Manoj Das,manoj.das958@gmail.com,Regular Shopper,2024-12-30 19:42:49,5,1126357.23,Loyal Customers
99,CUST-IND-000099,Karthik Bansal,karthik.bansal37@gmail.com,Festival Occasional,2024-11-04 17:11:30,4,1672777.77,Loyal Customers
992,CUST-IND-000992,Meera Agarwal,meera.agarwal390@gmail.com,Festival Occasional,2024-10-07 01:41:15,3,498483.48,Potential Loyalists
1276,CUST-IND-001276,Anjali Deshmukh,anjali.deshmukh39@gmail.com,Gold Privilege,2024-09-03 13:22:08,2,1100075.66,Potential Loyalists
2263,CUST-IND-002263,Anjali Chatterjee,anjali.chatterjee619@gmail.com,Gold Privilege,2024-05-05 17:20:46,1,225026.52,New / Single Order
147,CUST-IND-000147,Vikram Das,unregistered@retail.com,Gold Privilege,2024-08-22 16:34:05,6,736853.56,Loyal Customers
1037,CUST-IND-001037,Aarav Mukherjee,aarav.mukherjee205@gmail.com,VIP Club Premier,2024-08-26 12:57:44,2,563605.05,Potential Loyalists
1303,CUST-IND-001303,Kavita Gupta,kavita.gupta598@gmail.com,Regular Shopper,2024-04-08 00:55:13,2,257489.97,Potential Loyalists
2122,CUST-IND-002122,Neha Jha,neha.jha355@gmail.com,Festival Occasional,2024-10-24 00:17:16,2,76619.35,Potential Loyalists
2256,CUST-IND-002256,Manoj Jha,manoj.jha217@gmail.com,Gold Privilege,2024-11-16 13:05:39,6,1596676.45,Loyal Customers
425,CUST-IND-000425,Arjun Mishra,arjun.mishra691@gmail.com,Regular Shopper,2024-07-27 14:04:37,3,519319.9,Potential Loyalists
2121,CUST-IND-002121,Lakshmi Saxena,lakshmi.saxena938@gmail.com,Gold Privilege,2024-11-23 17:07:30,4,874953.37,Loyal Customers
1041,CUST-IND-001041,Priya Chatterjee,priya.chatterjee219@gmail.com,VIP Club Premier,2024-12-16 22:14:03,4,704880.07,Loyal Customers
910,CUST-IND-000910,Pooja Chaudhary,pooja.chaudhary688@gmail.com,Regular Shopper,2024-12-05 14:00:04,3,456716.3,Potential Loyalists
852,CUST-IND-000852,Pooja Chatterjee,pooja.chatterjee975@gmail.com,Regular Shopper,2024-12-24 21:18:12,2,642832.56,Potential Loyalists
1798,CUST-IND-001798,Vikram Jha,vikram.jha342@gmail.com,Gold Privilege,2024-12-28 22:46:56,3,1052294.44,Potential Loyalists
739,CUST-IND-000739,Anjali Trivedi,anjali.trivedi363@gmail.com,Gold Privilege,2024-12-09 08:37:28,4,904373.09,Loyal Customers
659,CUST-IND-000659,Vikram Mehta,vikram.mehta152@gmail.com,Regular Shopper,2024-11-18 21:38:58,5,1636845.4,Loyal Customers
1010,CUST-IND-001010,Pooja Malhotra,pooja.malhotra957@gmail.com,Gold Privilege,2024-01-31 21:03:56,1,392577.88,New / Single Order
341,CUST-IND-000341,Sanjay Trivedi,sanjay.trivedi695@gmail.com,Gold Privilege,2024-03-20 18:02:09,3,829945.78,Potential Loyalists
1479,CUST-IND-001479,Bhavna Mukherjee,bhavna.mukherjee503@gmail.com,Gold Privilege,2024-11-02 05:54:35,2,636701.04,Potential Loyalists
2124,CUST-IND-002124,Rajesh Dutta,rajesh.dutta697@gmail.com,Regular Shopper,2024-09-30 13:01:01,2,227740.31,Potential Loyalists
2450,CUST-IND-002450,Deepak Pillai,deepak.pillai655@gmail.com,Festival Occasional,2024-09-23 23:54:03,5,1127935.97,Loyal Customers
2236,CUST-IND-002236,Divya Kumar,divya.kumar163@gmail.com,Regular Shopper,2024-10-29 04:33:03,1,69956.12,New / Single Order
67,CUST-IND-000067,Rahul Malhotra,rahul.malhotra844@gmail.com,Regular Shopper,2024-03-20 18:39:28,1,62045.5,New / Single Order
1816,CUST-IND-001816,Neha Trivedi,neha.trivedi533@gmail.com,Gold Privilege,2024-09-30 09:25:10,2,427969.33,Potential Loyalists
658,CUST-IND-000658,Preeti Iyer,preeti.iyer5@gmail.com,VIP Club Premier,2024-02-07 01:55:10,1,68834.9,New / Single Order
1348,CUST-IND-001348,Suresh Verma,suresh.verma565@gmail.com,Regular Shopper,,0,0.0,Inactive
332,CUST-IND-000332,Manoj Verma,manoj.verma815@gmail.com,Festival Occasional,2024-11-13 15:06:04,4,1155336.49,Loyal Customers
456,CUST-IND-000456,Neha Bansal,neha.bansal273@gmail.com,Regular Shopper,2024-12-01 14:09:02,9,2279620.28,Champions
2272,CUST-IND-002272,Anjali Chatterjee,anjali.chatterjee947@gmail.com,Festival Occasional,2024-08-30 09:05:44,2,388777.42,Potential Loyalists
1771,CUST-IND-001771,Arjun Das,arjun.das205@gmail.com,Regular Shopper,2024-11-18 17:08:38,8,2098137.91,Champions
1197,CUST-IND-001197,Karthik Iyer,karthik.iyer731@gmail.com,Regular Shopper,2024-05-02 10:38:08,5,1113116.8,Loyal Customers
1677,CUST-IND-001677,Aarav Kumar,aarav.kumar484@gmail.com,Gold Privilege,2024-12-17 14:30:26,5,1110848.51,Loyal Customers
1820,CUST-IND-001820,Kavita Hegde,kavita.hegde687@gmail.com,Regular Shopper,2024-12-30 08:41:19,11,2549777.62,Champions
1705,CUST-IND-001705,Alok Pillai,alok.pillai311@gmail.com,Gold Privilege,2024-08-14 00:58:18,3,201675.57,Potential Loyalists
913,CUST-IND-000913,Bhavna Kumar,bhavna.kumar496@gmail.com,Gold Privilege,2024-12-13 17:47:51,9,2081900.12,Champions
2382,CUST-IND-002382,Tarun Verma,tarun.verma139@gmail.com,Regular Shopper,2024-05-08 12:55:10,4,701181.95,Loyal Customers
2245,CUST-IND-002245,Alok Sen,alok.sen349@gmail.com,Regular Shopper,2024-12-18 18:32:06,4,634413.63,Loyal Customers
768,CUST-IND-000768,Suresh Mukherjee,suresh.mukherjee455@gmail.com,VIP Club Premier,2024-12-19 10:50:46,8,2669981.31,Champions
1123,CUST-IND-001123,Amit Malhotra,amit.malhotra986@gmail.com,Regular Shopper,2024-10-21 11:10:39,3,927130.21,Potential Loyalists
1684,CUST-IND-001684,Preeti Malhotra,preeti.malhotra875@gmail.com,VIP Club Premier,2024-12-09 17:51:09,3,795014.72,Potential Loyalists
1961,CUST-IND-001961,Anjali Bhat,anjali.bhat376@gmail.com,Gold Privilege,2024-08-29 06:48:31,5,1458351.69,Loyal Customers
364,CUST-IND-000364,Anjali Mishra,anjali.mishra871@gmail.com,Regular Shopper,2024-08-21 11:00:35,8,1284940.5,Champions
1619,CUST-IND-001619,Anjali Rao,anjali.rao873@gmail.com,VIP Club Premier,2024-11-07 07:49:58,6,1681143.86,Loyal Customers
2199,CUST-IND-002199,Aditya Dutta,aditya.dutta435@gmail.com,Gold Privilege,2024-11-01 12:15:30,4,594479.79,Loyal Customers
2085,CUST-IND-002085,Anita Das,anita.das863@gmail.com,Regular Shopper,2024-10-11 04:24:58,6,1216753.08,Loyal Customers
2132,CUST-IND-002132,Meera Kumar,meera.kumar582@gmail.com,Regular Shopper,2024-12-07 15:04:43,6,1755423.03,Loyal Customers
1157,CUST-IND-001157,Swati Mehta,swati.mehta50@gmail.com,Regular Shopper,2024-12-31 06:42:47,8,2193801.78,Champions
646,CUST-IND-000646,Niharika Mishra,niharika.mishra545@gmail.com,Festival Occasional,2024-12-26 22:27:58,4,695061.95,Loyal Customers
1085,CUST-IND-001085,Sanjay Mishra,sanjay.mishra66@gmail.com,Gold Privilege,2024-10-17 19:53:48,6,1079490.36,Loyal Customers
2337,CUST-IND-002337,Swati Shetty,swati.shetty331@gmail.com,Gold Privilege,2024-12-25 01:40:28,9,2554374.34,Champions
2154,CUST-IND-002154,Dev Kumar,dev.kumar592@gmail.com,Regular Shopper,2024-07-31 09:03:49,2,350126.18,Potential Loyalists
1985,CUST-IND-001985,Ritu Saxena,ritu.saxena751@gmail.com,VIP Club Premier,2024-08-24 13:05:06,5,393367.16,Loyal Customers
1811,CUST-IND-001811,Rahul Jha,rahul.jha779@gmail.com,Regular Shopper,2024-09-25 21:51:55,4,1516973.43,Loyal Customers
841,CUST-IND-000841,Vikram Dutta,vikram.dutta480@gmail.com,Festival Occasional,2024-12-19 04:19:20,8,1402864.17,Champions
668,CUST-IND-000668,Anita Joshi,anita.joshi629@gmail.com,Regular Shopper,2024-09-24 22:58:51,5,1205542.47,Loyal Customers
1314,CUST-IND-001314,Sunita Shetty,sunita.shetty384@gmail.com,Gold Privilege,2024-10-15 10:14:02,10,3114510.13,Champions
419,CUST-IND-000419,Anita Joshi,anita.joshi373@gmail.com,VIP Club Premier,2024-11-20 16:48:34,6,1351950.9,Loyal Customers
1320,CUST-IND-001320,Rohan Kumar,rohan.kumar817@gmail.com,Gold Privilege,2024-11-21 11:03:13,4,285277.23,Loyal Customers
1048,CUST-IND-001048,Arjun Chatterjee,arjun.chatterjee541@gmail.com,Regular Shopper,2024-12-18 08:25:08,4,1163245.29,Loyal Customers
965,CUST-IND-000965,Tarun Desai,tarun.desai825@gmail.com,Regular Shopper,2024-08-29 12:40:13,3,1033199.04,Potential Loyalists
475,CUST-IND-000475,Meera Mishra,meera.mishra437@gmail.com,Regular Shopper,2024-11-06 04:07:34,5,1352184.96,Loyal Customers
238,CUST-IND-000238,Deepak Mehta,deepak.mehta821@gmail.com,VIP Club Premier,2024-11-04 19:40:52,7,916668.38,Loyal Customers
2200,CUST-IND-002200,Tarun Kumar,tarun.kumar167@gmail.com,Regular Shopper,2024-11-30 22:37:15,4,970687.3,Loyal Customers
37,CUST-IND-000037,Alok Rao,alok.rao70@gmail.com,Festival Occasional,2024-12-03 23:32:44,2,679013.48,Potential Loyalists
462,CUST-IND-000462,Deepika Kulkarni,deepika.kulkarni995@gmail.com,Regular Shopper,2024-09-14 05:03:37,4,1131730.36,Loyal Customers
1858,CUST-IND-001858,Pooja Iyer,pooja.iyer79@gmail.com,VIP Club Premier,2024-08-01 01:32:32,3,1013887.79,Potential Loyalists
1474,CUST-IND-001474,Shweta Desai,shweta.desai872@gmail.com,Regular Shopper,2024-12-12 20:33:44,5,693054.93,Loyal Customers
1838,CUST-IND-001838,Ritu Verma,ritu.verma258@gmail.com,Gold Privilege,2024-12-20 11:15:24,6,1693572.01,Loyal Customers
688,CUST-IND-000688,Deepika Bansal,deepika.bansal80@gmail.com,Regular Shopper,2024-08-04 13:56:50,1,112206.68,New / Single Order
570,CUST-IND-000570,Deepika Hegde,deepika.hegde738@gmail.com,Festival Occasional,2024-12-10 10:45:03,5,1433867.12,Loyal Customers
972,CUST-IND-000972,Anita Desai,anita.desai547@gmail.com,Regular Shopper,2024-09-10 21:20:33,3,949926.75,Potential Loyalists
244,CUST-IND-000244,Lakshmi Deshmukh,lakshmi.deshmukh462@gmail.com,Regular Shopper,2024-08-06 01:52:11,6,1501615.94,Loyal Customers
319,CUST-IND-000319,Pooja Gupta,pooja.gupta653@gmail.com,Regular Shopper,2024-11-23 20:37:29,6,1730703.54,Loyal Customers
2305,CUST-IND-002305,Karthik Das,karthik.das367@gmail.com,Gold Privilege,2024-12-14 15:08:08,7,865509.55,Loyal Customers
2072,CUST-IND-002072,Kavita Shetty,kavita.shetty508@gmail.com,Gold Privilege,2024-06-26 02:31:41,3,422511.64,Potential Loyalists
14,CUST-IND-000014,Sunita Bhat,unregistered@retail.com,Gold Privilege,2024-10-16 05:56:09,6,1282698.72,Loyal Customers
638,CUST-IND-000638,Preeti Nanda,unregistered@retail.com,Gold Privilege,2024-09-17 12:15:22,4,950118.75,Loyal Customers
2083,CUST-IND-002083,Anjali Agarwal,anjali.agarwal794@gmail.com,Regular Shopper,2024-06-13 15:19:25,3,942191.1,Potential Loyalists
1205,CUST-IND-001205,Amit Iyer,amit.iyer178@gmail.com,Festival Occasional,2024-12-05 00:33:20,6,964478.12,Loyal Customers
889,CUST-IND-000889,Aditya Mukherjee,aditya.mukherjee502@gmail.com,Regular Shopper,2024-12-20 13:04:25,6,1783784.91,Loyal Customers
1814,CUST-IND-001814,Tarun Hegde,tarun.hegde186@gmail.com,Regular Shopper,2024-12-23 06:49:33,7,1767268.98,Loyal Customers
2090,CUST-IND-002090,Vishal Bansal,vishal.bansal858@gmail.com,Regular Shopper,2024-09-30 07:36:11,4,1344857.83,Loyal Customers
1498,CUST-IND-001498,Sanjay Reddy,sanjay.reddy103@gmail.com,Regular Shopper,2024-10-17 18:34:37,6,1085960.73,Loyal Customers
2159,CUST-IND-002159,Manoj Saxena,manoj.saxena483@gmail.com,Regular Shopper,2024-10-28 21:48:57,8,2264151.05,Champions
1485,CUST-IND-001485,Deepak Bhat,deepak.bhat562@gmail.com,Festival Occasional,2024-11-10 01:33:03,4,1189814.68,Loyal Customers
1238,CUST-IND-001238,Shweta Kumar,shweta.kumar303@gmail.com,VIP Club Premier,2024-08-31 11:26:47,2,409656.07,Potential Loyalists
1767,CUST-IND-001767,Deepika Jha,deepika.jha816@gmail.com,Regular Shopper,2024-11-03 09:03:44,5,1119644.11,Loyal Customers
985,CUST-IND-000985,Sanjay Singh,sanjay.singh98@gmail.com,Regular Shopper,2024-11-15 14:53:50,3,230939.38,Potential Loyalists
424,CUST-IND-000424,Pooja Shetty,pooja.shetty863@gmail.com,Regular Shopper,2024-11-10 21:52:44,5,2062031.09,Loyal Customers
876,CUST-IND-000876,Swati Das,swati.das225@gmail.com,Gold Privilege,2024-04-05 13:23:43,2,1069411.42,Potential Loyalists
1631,CUST-IND-001631,Swati Jha,swati.jha885@gmail.com,Festival Occasional,2024-06-25 11:04:45,6,1603159.31,Loyal Customers
1140,CUST-IND-001140,Kavita Gupta,kavita.gupta631@gmail.com,Regular Shopper,2024-12-22 23:00:32,7,1790916.34,Loyal Customers
627,CUST-IND-000627,Ritu Malhotra,ritu.malhotra544@gmail.com,Festival Occasional,2024-12-25 10:58:11,6,1103818.74,Loyal Customers
1832,CUST-IND-001832,Deepak Patel,deepak.patel632@gmail.com,Festival Occasional,2024-10-22 04:51:23,5,1171385.94,Loyal Customers
1625,CUST-IND-001625,Tarun Singh,tarun.singh781@gmail.com,VIP Club Premier,2024-12-19 00:28:43,4,717371.36,Loyal Customers
236,CUST-IND-000236,Alok Jha,alok.jha298@gmail.com,Regular Shopper,2024-12-26 23:14:28,4,1033116.97,Loyal Customers
850,CUST-IND-000850,Aarav Verma,aarav.verma63@gmail.com,Regular Shopper,2024-06-29 00:27:35,2,797887.11,Potential Loyalists
1779,CUST-IND-001779,Arjun Saxena,arjun.saxena191@gmail.com,Gold Privilege,2024-10-12 06:04:27,5,754539.96,Loyal Customers
2443,CUST-IND-002443,Tarun Nair,tarun.nair951@gmail.com,Regular Shopper,2024-10-07 21:48:14,2,275519.96,Potential Loyalists
140,CUST-IND-000140,Aarav Hegde,aarav.hegde119@gmail.com,Regular Shopper,2024-06-18 09:22:07,2,590074.46,Potential Loyalists
1294,CUST-IND-001294,Ananya Das,ananya.das74@gmail.com,Gold Privilege,2024-02-23 06:33:56,1,378752.04,New / Single Order
401,CUST-IND-000401,Arjun Reddy,arjun.reddy796@gmail.com,Regular Shopper,2024-07-06 10:29:37,5,1492638.9,Loyal Customers
181,CUST-IND-000181,Preeti Chaudhary,preeti.chaudhary546@gmail.com,Regular Shopper,2024-10-21 11:08:28,4,733301.69,Loyal Customers
1992,CUST-IND-001992,Ananya Nair,ananya.nair843@gmail.com,Festival Occasional,2024-12-03 08:47:02,9,2522348.3,Champions
2280,CUST-IND-002280,Deepak Rao,deepak.rao991@gmail.com,Festival Occasional,2024-04-24 10:09:14,5,1588825.1,Loyal Customers
2297,CUST-IND-002297,Aarav Sharma,aarav.sharma345@gmail.com,Regular Shopper,2024-11-28 11:40:12,4,717043.36,Loyal Customers
188,CUST-IND-000188,Niharika Malhotra,niharika.malhotra634@gmail.com,VIP Club Premier,2024-12-06 10:55:26,6,1620528.66,Loyal Customers
781,CUST-IND-000781,Deepika Kulkarni,deepika.kulkarni243@gmail.com,Gold Privilege,2024-09-25 14:18:20,1,245012.73,New / Single Order
1623,CUST-IND-001623,Anita Nair,anita.nair482@gmail.com,Gold Privilege,2024-12-04 19:34:14,3,688187.92,Potential Loyalists
1649,CUST-IND-001649,Amit Iyer,amit.iyer321@gmail.com,Festival Occasional,2024-11-20 03:34:47,3,779327.51,Potential Loyalists
216,CUST-IND-000216,Swati Chaudhary,swati.chaudhary364@gmail.com,Gold Privilege,2024-08-19 10:40:00,4,781341.38,Loyal Customers
1179,CUST-IND-001179,Priya Das,priya.das718@gmail.com,Regular Shopper,2024-10-13 08:05:29,5,538956.96,Loyal Customers
863,CUST-IND-000863,Preeti Singh,preeti.singh871@gmail.com,Regular Shopper,2024-12-09 21:04:35,12,2600958.81,Champions
2012,CUST-IND-002012,Anita Jha,anita.jha723@gmail.com,Gold Privilege,2024-10-22 13:10:12,6,1294716.68,Loyal Customers
2080,CUST-IND-002080,Pooja Deshmukh,pooja.deshmukh546@gmail.com,Gold Privilege,2024-11-01 03:34:47,4,765500.31,Loyal Customers
223,CUST-IND-000223,Karthik Rao,karthik.rao691@gmail.com,Gold Privilege,2024-12-30 21:03:45,4,660685.88,Loyal Customers
2360,CUST-IND-002360,Tarun Malhotra,tarun.malhotra986@gmail.com,Festival Occasional,2024-10-17 02:05:46,6,1670214.05,Loyal Customers
2148,CUST-IND-002148,Dev Mukherjee,dev.mukherjee266@gmail.com,VIP Club Premier,2024-12-18 14:42:47,3,584148.71,Potential Loyalists
1545,CUST-IND-001545,Alok Rao,alok.rao520@gmail.com,Regular Shopper,2024-12-18 16:02:45,5,857163.14,Loyal Customers
2018,CUST-IND-002018,Amit Chaudhary,amit.chaudhary596@gmail.com,Regular Shopper,2024-07-27 05:15:10,4,1006077.13,Loyal Customers
375,CUST-IND-000375,Deepak Kumar,deepak.kumar421@gmail.com,Regular Shopper,2024-10-24 16:08:14,3,997607.73,Potential Loyalists
2406,CUST-IND-002406,Bhavna Singh,bhavna.singh976@gmail.com,Festival Occasional,2024-12-22 13:32:52,4,816827.66,Loyal Customers
1232,CUST-IND-001232,Alok Deshmukh,alok.deshmukh884@gmail.com,Gold Privilege,2024-11-10 14:10:00,5,1314019.34,Loyal Customers
559,CUST-IND-000559,Suresh Saxena,suresh.saxena170@gmail.com,Regular Shopper,2024-10-09 04:26:53,3,530326.27,Potential Loyalists
270,CUST-IND-000270,Anita Mishra,anita.mishra162@gmail.com,Regular Shopper,2024-08-24 17:21:58,6,1327403.91,Loyal Customers
624,CUST-IND-000624,Amit Nair,amit.nair873@gmail.com,Regular Shopper,2024-05-03 15:13:00,3,653421.44,Potential Loyalists
229,CUST-IND-000229,Suresh Iyer,suresh.iyer105@gmail.com,Gold Privilege,2024-10-05 06:07:11,4,830308.49,Loyal Customers
2424,CUST-IND-002424,Vishal Nair,vishal.nair534@gmail.com,Regular Shopper,2024-08-24 11:07:01,4,648002.01,Loyal Customers
2078,CUST-IND-002078,Rahul Hegde,rahul.hegde428@gmail.com,Regular Shopper,2024-12-07 21:39:32,5,1661124.28,Loyal Customers
877,CUST-IND-000877,Tarun Das,tarun.das775@gmail.com,Gold Privilege,2024-12-14 16:09:07,3,423193.63,Potential Loyalists
2321,CUST-IND-002321,Aditya Trivedi,aditya.trivedi114@gmail.com,Gold Privilege,2024-06-27 20:24:41,4,447458.72,Loyal Customers
1319,CUST-IND-001319,Meera Saxena,meera.saxena443@gmail.com,VIP Club Premier,2024-03-31 22:47:32,2,425368.0,Potential Loyalists
2327,CUST-IND-002327,Lakshmi Bhat,lakshmi.bhat234@gmail.com,Regular Shopper,2024-12-15 20:33:51,5,1134856.72,Loyal Customers
150,CUST-IND-000150,Rahul Chaudhary,rahul.chaudhary563@gmail.com,Gold Privilege,2024-12-12 11:55:24,4,490819.36,Loyal Customers
1921,CUST-IND-001921,Deepika Kapoor,deepika.kapoor624@gmail.com,Gold Privilege,2024-12-21 14:25:13,3,1285411.53,Potential Loyalists
1427,CUST-IND-001427,Ritu Joshi,ritu.joshi77@gmail.com,Regular Shopper,2024-08-16 08:35:22,2,598155.56,Potential Loyalists
1736,CUST-IND-001736,Niharika Sen,niharika.sen630@gmail.com,Festival Occasional,2024-12-15 19:14:51,4,1338255.74,Loyal Customers
630,CUST-IND-000630,Rohan Das,rohan.das695@gmail.com,Regular Shopper,2024-11-29 14:11:50,4,695874.97,Loyal Customers
725,CUST-IND-000725,Amit Pillai,amit.pillai81@gmail.com,Festival Occasional,2024-11-07 19:57:32,4,354997.15,Loyal Customers
83,CUST-IND-000083,Manoj Singh,manoj.singh474@gmail.com,Festival Occasional,2024-12-06 22:24:05,5,1422195.56,Loyal Customers
2404,CUST-IND-002404,Rohan Gupta,rohan.gupta434@gmail.com,Festival Occasional,2024-11-22 21:08:58,5,1528478.8,Loyal Customers
2416,CUST-IND-002416,Meera Sen,meera.sen580@gmail.com,Regular Shopper,2024-05-12 10:24:34,3,450207.73,Potential Loyalists
1685,CUST-IND-001685,Arjun Mishra,arjun.mishra779@gmail.com,Gold Privilege,2024-12-23 13:39:12,9,3031543.46,Champions
1594,CUST-IND-001594,Vikram Joshi,vikram.joshi433@gmail.com,Festival Occasional,2024-11-06 06:12:18,8,1846658.6,Champions
1496,CUST-IND-001496,Rajesh Jha,rajesh.jha254@gmail.com,Regular Shopper,2024-07-21 20:22:56,2,755675.57,Potential Loyalists
304,CUST-IND-000304,Niharika Iyer,niharika.iyer452@gmail.com,Gold Privilege,2024-09-26 23:32:55,5,732822.32,Loyal Customers
386,CUST-IND-000386,Deepak Deshmukh,deepak.deshmukh385@gmail.com,Regular Shopper,2024-09-06 23:51:58,3,457060.52,Potential Loyalists
763,CUST-IND-000763,Manoj Rao,manoj.rao220@gmail.com,Gold Privilege,2024-12-31 21:03:27,5,1578083.05,Loyal Customers
211,CUST-IND-000211,Suresh Nair,suresh.nair461@gmail.com,Regular Shopper,2024-12-31 19:46:21,6,1218037.08,Loyal Customers
1883,CUST-IND-001883,Preeti Kumar,preeti.kumar80@gmail.com,Festival Occasional,2024-12-25 20:03:39,7,2182814.48,Loyal Customers
1128,CUST-IND-001128,Karthik Saxena,karthik.saxena605@gmail.com,Festival Occasional,2024-12-09 10:20:27,5,1051108.13,Loyal Customers
1541,CUST-IND-001541,Rohan Trivedi,rohan.trivedi179@gmail.com,Gold Privilege,2024-12-31 15:48:40,5,1149260.75,Loyal Customers
179,CUST-IND-000179,Rahul Trivedi,rahul.trivedi656@gmail.com,Regular Shopper,2024-08-12 09:11:41,3,618831.75,Potential Loyalists
400,CUST-IND-000400,Dev Reddy,dev.reddy40@gmail.com,Festival Occasional,2024-12-24 03:07:57,2,500998.14,Potential Loyalists
2027,CUST-IND-002027,Divya Chatterjee,divya.chatterjee623@gmail.com,Regular Shopper,2024-11-03 18:41:53,3,617885.48,Potential Loyalists
500,CUST-IND-000500,Karthik Malhotra,karthik.malhotra158@gmail.com,Regular Shopper,2024-12-18 12:45:11,2,657326.52,Potential Loyalists
693,CUST-IND-000693,Neha Jha,neha.jha33@gmail.com,Festival Occasional,2024-12-17 05:41:26,5,1542910.19,Loyal Customers
1766,CUST-IND-001766,Anita Kulkarni,anita.kulkarni601@gmail.com,Gold Privilege,2024-08-13 14:31:24,3,748226.92,Potential Loyalists
47,CUST-IND-000047,Sunita Sharma,sunita.sharma369@gmail.com,VIP Club Premier,2024-11-11 12:52:43,2,821677.91,Potential Loyalists
1587,CUST-IND-001587,Manoj Dutta,manoj.dutta662@gmail.com,Gold Privilege,2024-10-11 19:38:49,5,1077769.11,Loyal Customers
1537,CUST-IND-001537,Niharika Kumar,niharika.kumar987@gmail.com,Regular Shopper,2024-10-23 02:38:48,4,1129059.77,Loyal Customers
2491,CUST-IND-002491,Lakshmi Hegde,lakshmi.hegde224@gmail.com,Regular Shopper,2024-12-16 01:13:04,5,1340488.49,Loyal Customers
594,CUST-IND-000594,Sunita Sharma,sunita.sharma638@gmail.com,Gold Privilege,2024-11-20 08:10:36,4,831607.49,Loyal Customers
2259,CUST-IND-002259,Amit Joshi,amit.joshi318@gmail.com,Regular Shopper,2024-12-13 23:54:04,5,1204640.97,Loyal Customers
1718,CUST-IND-001718,Ritu Bhat,ritu.bhat366@gmail.com,Gold Privilege,2024-06-10 01:31:39,3,817111.42,Potential Loyalists
713,CUST-IND-000713,Ananya Deshmukh,ananya.deshmukh621@gmail.com,Regular Shopper,2024-11-29 22:45:48,4,733978.73,Loyal Customers
2158,CUST-IND-002158,Sanjay Sen,sanjay.sen276@gmail.com,Gold Privilege,2024-12-25 16:03:31,2,556252.71,Potential Loyalists
604,CUST-IND-000604,Sunita Malhotra,sunita.malhotra92@gmail.com,Festival Occasional,2024-12-20 12:29:58,2,747608.56,Potential Loyalists
2188,CUST-IND-002188,Suresh Gupta,suresh.gupta655@gmail.com,Gold Privilege,2024-12-15 21:19:48,8,1581717.93,Champions
1117,CUST-IND-001117,Aarav Reddy,aarav.reddy155@gmail.com,Festival Occasional,2024-11-19 15:41:04,3,286651.74,Potential Loyalists
2253,CUST-IND-002253,Suresh Reddy,suresh.reddy733@gmail.com,Gold Privilege,2024-11-13 01:39:35,4,605146.03,Loyal Customers
1813,CUST-IND-001813,Sunita Bansal,sunita.bansal284@gmail.com,Gold Privilege,2024-05-14 08:53:32,2,299587.4,Potential Loyalists
1111,CUST-IND-001111,Preeti Mehta,preeti.mehta164@gmail.com,Gold Privilege,2024-05-08 10:14:39,2,562974.37,Potential Loyalists
1168,CUST-IND-001168,Vikram Sen,vikram.sen197@gmail.com,Regular Shopper,2024-12-08 19:54:18,3,990838.9,Potential Loyalists
1713,CUST-IND-001713,Vikram Singh,vikram.singh135@gmail.com,Festival Occasional,2024-04-19 10:39:28,1,401609.32,New / Single Order
2500,CUST-IND-002500,Tarun Sharma,tarun.sharma514@gmail.com,Gold Privilege,2024-08-04 12:42:18,2,298602.86,Potential Loyalists
458,CUST-IND-000458,Vikram Mishra,vikram.mishra722@gmail.com,Festival Occasional,2024-12-02 08:50:58,4,542037.21,Loyal Customers
2168,CUST-IND-002168,Sunita Pillai,sunita.pillai288@gmail.com,Regular Shopper,2024-09-06 06:47:49,2,593629.01,Potential Loyalists
199,CUST-IND-000199,Kavita Mukherjee,kavita.mukherjee32@gmail.com,Gold Privilege,2024-10-27 04:33:31,3,510052.38,Potential Loyalists
293,CUST-IND-000293,Rohan Nair,rohan.nair739@gmail.com,Gold Privilege,2024-12-19 05:21:11,4,433246.6,Loyal Customers
2336,CUST-IND-002336,Anjali Singh,anjali.singh120@gmail.com,Gold Privilege,2024-08-22 16:31:54,2,505886.67,Potential Loyalists
275,CUST-IND-000275,Priya Nair,priya.nair83@gmail.com,Regular Shopper,2024-09-11 20:46:48,2,25915.07,Potential Loyalists
935,CUST-IND-000935,Bhavna Chaudhary,bhavna.chaudhary875@gmail.com,Regular Shopper,2024-09-30 10:14:52,4,1014096.52,Loyal Customers
2311,CUST-IND-002311,Vikram Mehta,vikram.mehta423@gmail.com,Gold Privilege,2024-11-11 00:24:12,4,1069602.89,Loyal Customers
1908,CUST-IND-001908,Swati Nair,swati.nair158@gmail.com,VIP Club Premier,2024-07-04 03:21:51,3,317879.79,Potential Loyalists
1375,CUST-IND-001375,Priya Trivedi,priya.trivedi433@gmail.com,VIP Club Premier,2024-09-04 22:55:11,2,493827.43,Potential Loyalists
1748,CUST-IND-001748,Karthik Mishra,karthik.mishra231@gmail.com,Festival Occasional,2024-07-26 01:09:38,1,24816.46,New / Single Order
1793,CUST-IND-001793,Deepika Malhotra,deepika.malhotra227@gmail.com,Gold Privilege,2024-09-10 18:55:20,2,701284.69,Potential Loyalists
2081,CUST-IND-002081,Lakshmi Joshi,lakshmi.joshi999@gmail.com,Regular Shopper,2024-08-08 07:05:12,2,337360.7,Potential Loyalists
2196,CUST-IND-002196,Rahul Desai,rahul.desai189@gmail.com,Regular Shopper,2024-11-17 09:20:26,2,842320.4,Potential Loyalists
1659,CUST-IND-001659,Preeti Jha,preeti.jha821@gmail.com,Gold Privilege,,0,0.0,Inactive
1008,CUST-IND-001008,Neha Desai,neha.desai433@gmail.com,Regular Shopper,,0,0.0,Inactive
835,CUST-IND-000835,Shweta Verma,shweta.verma35@gmail.com,Regular Shopper,,0,0.0,Inactive
821,CUST-IND-000821,Alok Shetty,alok.shetty930@gmail.com,Regular Shopper,,0,0.0,Inactive
2367,CUST-IND-002367,Dev Rao,dev.rao833@gmail.com,Regular Shopper,2024-10-29 09:23:35,6,1160343.92,Loyal Customers
540,CUST-IND-000540,Deepika Gupta,deepika.gupta650@gmail.com,Regular Shopper,2024-12-16 13:10:54,4,441366.6,Loyal Customers
1709,CUST-IND-001709,Neha Nanda,neha.nanda495@gmail.com,Gold Privilege,2024-12-10 10:04:49,11,2953231.02,Champions
1368,CUST-IND-001368,Tarun Malhotra,tarun.malhotra629@gmail.com,Regular Shopper,2024-11-13 00:48:27,4,578271.95,Loyal Customers
1757,CUST-IND-001757,Kavita Shetty,kavita.shetty471@gmail.com,VIP Club Premier,2024-11-08 06:05:28,5,710680.47,Loyal Customers
996,CUST-IND-000996,Karthik Reddy,karthik.reddy642@gmail.com,VIP Club Premier,2024-09-27 15:48:34,5,1236461.87,Loyal Customers
2216,CUST-IND-002216,Deepak Mehta,deepak.mehta560@gmail.com,Regular Shopper,2024-11-09 20:18:49,3,1030577.06,Potential Loyalists
567,CUST-IND-000567,Deepak Mishra,deepak.mishra970@gmail.com,VIP Club Premier,2024-11-03 17:10:55,6,1868774.52,Loyal Customers
1984,CUST-IND-001984,Lakshmi Kulkarni,lakshmi.kulkarni23@gmail.com,Gold Privilege,2024-12-28 12:55:20,4,672160.67,Loyal Customers
1346,CUST-IND-001346,Deepika Das,deepika.das726@gmail.com,Gold Privilege,2024-11-28 13:54:23,5,1274935.25,Loyal Customers
1000,CUST-IND-001000,Deepak Mehta,deepak.mehta343@gmail.com,Regular Shopper,2024-11-24 03:33:52,10,1881690.44,Champions
806,CUST-IND-000806,Ananya Kapoor,ananya.kapoor958@gmail.com,Festival Occasional,2024-12-03 15:01:28,6,1292096.61,Loyal Customers
819,CUST-IND-000819,Suresh Iyer,suresh.iyer908@gmail.com,Gold Privilege,2024-08-23 08:14:32,4,592708.4,Loyal Customers
151,CUST-IND-000151,Arjun Sharma,arjun.sharma386@gmail.com,VIP Club Premier,2024-09-10 09:59:22,4,205373.22,Loyal Customers
1949,CUST-IND-001949,Deepak Sharma,deepak.sharma933@gmail.com,Regular Shopper,2024-11-26 01:21:29,8,1906129.96,Champions
684,CUST-IND-000684,Tarun Chaudhary,tarun.chaudhary218@gmail.com,Regular Shopper,2024-11-09 04:41:28,5,619428.0,Loyal Customers
1802,CUST-IND-001802,Rohan Mehta,rohan.mehta471@gmail.com,Festival Occasional,2024-10-07 13:57:17,2,186609.8,Potential Loyalists
2101,CUST-IND-002101,Sanjay Chatterjee,sanjay.chatterjee928@gmail.com,Gold Privilege,2024-07-25 08:15:08,6,1860731.58,Loyal Customers
629,CUST-IND-000629,Suresh Kapoor,suresh.kapoor222@gmail.com,Gold Privilege,2024-12-11 08:32:51,3,1093912.33,Potential Loyalists
2301,CUST-IND-002301,Preeti Iyer,preeti.iyer824@gmail.com,Regular Shopper,2024-12-25 11:13:12,5,1032411.84,Loyal Customers
413,CUST-IND-000413,Dev Rao,dev.rao413@gmail.com,VIP Club Premier,2024-11-21 19:16:32,6,2281811.18,Loyal Customers
334,CUST-IND-000334,Anita Nair,anita.nair548@gmail.com,Regular Shopper,2024-12-04 23:58:29,4,1023459.18,Loyal Customers
233,CUST-IND-000233,Ananya Saxena,ananya.saxena855@gmail.com,VIP Club Premier,2024-07-19 06:23:24,3,923210.9,Potential Loyalists
2226,CUST-IND-002226,Alok Chaudhary,alok.chaudhary356@gmail.com,Gold Privilege,2024-11-01 17:07:50,6,1006903.8,Loyal Customers
141,CUST-IND-000141,Sunita Patel,sunita.patel94@gmail.com,Regular Shopper,2024-12-28 21:51:37,8,921759.87,Champions
1102,CUST-IND-001102,Sunita Mishra,sunita.mishra517@gmail.com,Regular Shopper,2024-08-09 11:18:30,6,665987.95,Loyal Customers
584,CUST-IND-000584,Deepika Sen,deepika.sen82@gmail.com,VIP Club Premier,2024-07-21 04:58:11,3,660751.22,Potential Loyalists
1670,CUST-IND-001670,Divya Singh,divya.singh774@gmail.com,Gold Privilege,2024-12-05 22:38:38,10,2968016.0,Champions
374,CUST-IND-000374,Arjun Kulkarni,arjun.kulkarni245@gmail.com,Regular Shopper,2024-10-09 00:20:03,6,1017216.88,Loyal Customers
164,CUST-IND-000164,Rahul Verma,rahul.verma419@gmail.com,Regular Shopper,2024-12-25 20:37:52,10,2673745.84,Champions
323,CUST-IND-000323,Dev Kumar,dev.kumar839@gmail.com,Regular Shopper,2024-12-11 19:06:15,6,1310150.58,Loyal Customers
543,CUST-IND-000543,Bhavna Deshmukh,bhavna.deshmukh330@gmail.com,Festival Occasional,2024-12-15 12:22:59,4,1151437.36,Loyal Customers
2275,CUST-IND-002275,Rahul Kumar,rahul.kumar712@gmail.com,Regular Shopper,2024-12-02 15:45:15,7,1916807.22,Loyal Customers
1872,CUST-IND-001872,Swati Kapoor,swati.kapoor791@gmail.com,Festival Occasional,2024-10-11 08:50:21,5,295535.77,Loyal Customers
1407,CUST-IND-001407,Anita Nair,anita.nair548@gmail.com,Gold Privilege,2024-12-04 06:35:42,5,1158958.67,Loyal Customers
2448,CUST-IND-002448,Lakshmi Deshmukh,lakshmi.deshmukh4@gmail.com,Regular Shopper,2024-11-13 03:05:09,6,2232469.19,Loyal Customers
1433,CUST-IND-001433,Niharika Malhotra,niharika.malhotra747@gmail.com,Regular Shopper,2024-12-05 12:39:23,8,1566720.77,Champions
512,CUST-IND-000512,Priya Trivedi,priya.trivedi216@gmail.com,Regular Shopper,2024-06-21 00:27:38,3,949739.4,Potential Loyalists
1267,CUST-IND-001267,Deepak Nair,deepak.nair972@gmail.com,Festival Occasional,2024-12-19 15:40:04,10,2727024.3,Champions
590,CUST-IND-000590,Ritu Mishra,ritu.mishra329@gmail.com,Gold Privilege,2024-08-08 05:05:51,4,1116913.64,Loyal Customers
952,CUST-IND-000952,Vikram Mukherjee,vikram.mukherjee261@gmail.com,Festival Occasional,2024-12-14 02:43:46,10,2476605.73,Champions
953,CUST-IND-000953,Aditya Das,aditya.das861@gmail.com,Regular Shopper,2024-12-28 15:45:56,6,1481415.62,Loyal Customers
1912,CUST-IND-001912,Deepika Kumar,deepika.kumar333@gmail.com,VIP Club Premier,2024-12-16 21:05:24,10,2668076.3,Champions
2152,CUST-IND-002152,Priya Mukherjee,priya.mukherjee932@gmail.com,Regular Shopper,2024-09-08 13:54:22,2,606744.57,Potential Loyalists
2356,CUST-IND-002356,Deepika Chatterjee,deepika.chatterjee67@gmail.com,Regular Shopper,2024-12-21 08:45:10,4,1022160.86,Loyal Customers
2114,CUST-IND-002114,Suresh Verma,suresh.verma319@gmail.com,Gold Privilege,2024-12-29 02:26:41,5,869940.39,Loyal Customers
329,CUST-IND-000329,Sunita Gupta,sunita.gupta468@gmail.com,Regular Shopper,2024-11-24 07:34:05,6,1373116.69,Loyal Customers
2153,CUST-IND-002153,Meera Sharma,meera.sharma566@gmail.com,Festival Occasional,2024-10-19 20:49:33,8,1569267.48,Champions
859,CUST-IND-000859,Pooja Kumar,pooja.kumar216@gmail.com,VIP Club Premier,2024-12-28 06:49:51,5,779416.96,Loyal Customers
1957,CUST-IND-001957,Kavita Iyer,kavita.iyer498@gmail.com,Regular Shopper,2024-11-04 00:00:28,3,414629.32,Potential Loyalists
1038,CUST-IND-001038,Amit Singh,amit.singh989@gmail.com,Gold Privilege,2024-12-12 00:30:09,7,1214670.16,Loyal Customers
451,CUST-IND-000451,Rajesh Rao,rajesh.rao192@gmail.com,Regular Shopper,2024-09-15 14:41:14,4,505457.61,Loyal Customers
797,CUST-IND-000797,Aditya Mishra,aditya.mishra490@gmail.com,Gold Privilege,2024-12-24 17:11:31,8,2413065.55,Champions
2315,CUST-IND-002315,Anita Bansal,anita.bansal472@gmail.com,Regular Shopper,2024-11-28 18:37:21,4,1891298.52,Loyal Customers
1845,CUST-IND-001845,Rahul Pillai,rahul.pillai553@gmail.com,Regular Shopper,2024-11-11 23:15:29,6,1550549.7,Loyal Customers
2025,CUST-IND-002025,Amit Mukherjee,amit.mukherjee385@gmail.com,Regular Shopper,2024-12-27 13:03:29,6,1128536.8,Loyal Customers
860,CUST-IND-000860,Neha Kumar,neha.kumar8@gmail.com,Gold Privilege,2024-08-01 05:24:04,4,484566.9,Loyal Customers
1794,CUST-IND-001794,Niharika Kulkarni,niharika.kulkarni578@gmail.com,Gold Privilege,2024-10-03 01:40:10,4,427088.88,Loyal Customers
1005,CUST-IND-001005,Sanjay Chaudhary,sanjay.chaudhary80@gmail.com,Gold Privilege,2024-10-23 06:40:13,7,1500136.2,Loyal Customers
1265,CUST-IND-001265,Dev Malhotra,dev.malhotra85@gmail.com,Regular Shopper,2024-12-16 15:16:03,6,1015417.11,Loyal Customers
455,CUST-IND-000455,Swati Chatterjee,swati.chatterjee793@gmail.com,Regular Shopper,2024-12-19 19:29:34,7,1764420.42,Loyal Customers
234,CUST-IND-000234,Rajesh Sen,rajesh.sen676@gmail.com,Regular Shopper,2024-12-04 10:53:29,2,653924.22,Potential Loyalists
1996,CUST-IND-001996,Aarav Trivedi,aarav.trivedi393@gmail.com,Gold Privilege,2024-12-17 13:15:02,6,1288020.97,Loyal Customers
707,CUST-IND-000707,Rohan Malhotra,rohan.malhotra388@gmail.com,Regular Shopper,2024-10-30 01:32:05,3,448374.24,Potential Loyalists
1417,CUST-IND-001417,Kavita Saxena,kavita.saxena255@gmail.com,Festival Occasional,2024-12-19 04:26:14,4,1033173.49,Loyal Customers
343,CUST-IND-000343,Sunita Mehta,sunita.mehta963@gmail.com,VIP Club Premier,2024-12-21 05:50:31,6,901673.57,Loyal Customers
932,CUST-IND-000932,Lakshmi Chaudhary,lakshmi.chaudhary162@gmail.com,VIP Club Premier,2024-06-17 19:28:32,4,367603.35,Loyal Customers
402,CUST-IND-000402,Neha Joshi,neha.joshi909@gmail.com,Gold Privilege,2024-10-15 18:40:37,4,526391.65,Loyal Customers
1784,CUST-IND-001784,Arjun Shetty,arjun.shetty32@gmail.com,Gold Privilege,2024-11-28 14:38:27,6,1457929.49,Loyal Customers
1454,CUST-IND-001454,Sanjay Desai,sanjay.desai279@gmail.com,Regular Shopper,2024-12-05 08:08:34,4,631389.59,Loyal Customers
1860,CUST-IND-001860,Rajesh Mehta,rajesh.mehta711@gmail.com,VIP Club Premier,2024-10-02 06:44:05,7,1296996.82,Loyal Customers
310,CUST-IND-000310,Manoj Malhotra,manoj.malhotra367@gmail.com,Regular Shopper,2024-09-22 00:51:41,4,986568.0,Loyal Customers
1776,CUST-IND-001776,Meera Desai,meera.desai984@gmail.com,Festival Occasional,2024-11-30 08:55:16,5,1227102.12,Loyal Customers
1974,CUST-IND-001974,Preeti Trivedi,preeti.trivedi402@gmail.com,Gold Privilege,2024-10-07 03:07:10,5,1141715.51,Loyal Customers
1155,CUST-IND-001155,Anita Jha,anita.jha135@gmail.com,Festival Occasional,2024-09-27 13:53:17,3,1263766.96,Potential Loyalists
892,CUST-IND-000892,Rahul Mukherjee,rahul.mukherjee34@gmail.com,Regular Shopper,2024-12-08 15:44:01,2,489868.27,Potential Loyalists
266,CUST-IND-000266,Deepika Hegde,deepika.hegde32@gmail.com,Regular Shopper,2024-10-06 08:51:42,3,678418.16,Potential Loyalists
2497,CUST-IND-002497,Tarun Desai,tarun.desai258@gmail.com,Festival Occasional,2024-09-02 20:19:53,3,629893.78,Potential Loyalists
1230,CUST-IND-001230,Sanjay Das,sanjay.das311@gmail.com,Festival Occasional,2024-11-08 12:35:53,2,195442.26,Potential Loyalists
1888,CUST-IND-001888,Suresh Bhat,suresh.bhat294@gmail.com,VIP Club Premier,2024-07-12 23:01:58,5,1574699.56,Loyal Customers
1290,CUST-IND-001290,Deepak Chaudhary,deepak.chaudhary961@gmail.com,VIP Club Premier,2024-11-12 17:46:26,5,1387413.84,Loyal Customers
2432,CUST-IND-002432,Lakshmi Chaudhary,lakshmi.chaudhary837@gmail.com,Gold Privilege,2024-12-29 12:22:07,6,547078.08,Loyal Customers
657,CUST-IND-000657,Rohan Dutta,rohan.dutta13@gmail.com,Regular Shopper,2024-12-22 02:37:25,4,980619.36,Loyal Customers
2281,CUST-IND-002281,Alok Das,alok.das281@gmail.com,Gold Privilege,2024-10-19 08:32:33,6,1064568.38,Loyal Customers
1610,CUST-IND-001610,Rajesh Iyer,rajesh.iyer234@gmail.com,Regular Shopper,2024-12-19 19:46:45,11,2216271.68,Champions
64,CUST-IND-000064,Preeti Chatterjee,preeti.chatterjee591@gmail.com,Gold Privilege,2024-11-14 20:55:37,3,601336.82,Potential Loyalists
1467,CUST-IND-001467,Ritu Sen,ritu.sen529@gmail.com,Festival Occasional,2024-08-24 16:44:23,2,461372.1,Potential Loyalists
1502,CUST-IND-001502,Sunita Singh,sunita.singh558@gmail.com,Regular Shopper,2024-07-10 11:43:19,7,1713559.26,Loyal Customers
880,CUST-IND-000880,Manoj Desai,manoj.desai713@gmail.com,Gold Privilege,2024-08-16 03:57:36,7,1526770.51,Loyal Customers
315,CUST-IND-000315,Aarav Mehta,aarav.mehta184@gmail.com,Regular Shopper,2024-12-22 21:42:40,5,1566795.06,Loyal Customers
274,CUST-IND-000274,Deepak Patel,deepak.patel873@gmail.com,Gold Privilege,2024-10-14 02:59:40,5,1303706.5,Loyal Customers
2238,CUST-IND-002238,Niharika Reddy,niharika.reddy384@gmail.com,Gold Privilege,2024-11-09 14:39:11,3,478033.99,Potential Loyalists
759,CUST-IND-000759,Arjun Sharma,arjun.sharma404@gmail.com,Regular Shopper,2024-06-30 20:51:02,5,1714074.74,Loyal Customers
57,CUST-IND-000057,Rohan Nair,rohan.nair880@gmail.com,Gold Privilege,2024-06-30 22:45:37,5,784526.69,Loyal Customers
2022,CUST-IND-002022,Bhavna Hegde,bhavna.hegde918@gmail.com,Gold Privilege,2024-11-07 22:35:38,7,1350515.02,Loyal Customers
661,CUST-IND-000661,Rohan Pillai,rohan.pillai655@gmail.com,Gold Privilege,2024-08-06 02:59:28,7,1864544.8,Loyal Customers
2157,CUST-IND-002157,Priya Gupta,priya.gupta570@gmail.com,Regular Shopper,2024-07-24 03:03:12,3,540196.93,Potential Loyalists
2133,CUST-IND-002133,Sanjay Gupta,sanjay.gupta134@gmail.com,Regular Shopper,2024-12-17 05:27:16,6,1763307.96,Loyal Customers
916,CUST-IND-000916,Karthik Bhat,karthik.bhat871@gmail.com,Festival Occasional,2024-11-05 00:13:48,6,851605.16,Loyal Customers
983,CUST-IND-000983,Alok Kulkarni,alok.kulkarni516@gmail.com,Gold Privilege,2024-10-14 21:17:15,7,2501946.87,Loyal Customers
660,CUST-IND-000660,Karthik Deshmukh,karthik.deshmukh915@gmail.com,Regular Shopper,2024-12-14 20:29:21,5,1208924.6,Loyal Customers
2138,CUST-IND-002138,Neha Mukherjee,neha.mukherjee831@gmail.com,Regular Shopper,2024-11-24 05:41:56,8,2043801.27,Champions
1933,CUST-IND-001933,Dev Desai,dev.desai915@gmail.com,Gold Privilege,2024-12-22 03:31:01,7,1989143.15,Loyal Customers
101,CUST-IND-000101,Niharika Desai,niharika.desai671@gmail.com,Gold Privilege,2024-07-30 07:42:56,5,1530360.53,Loyal Customers
242,CUST-IND-000242,Neha Pillai,neha.pillai109@gmail.com,Festival Occasional,2024-10-21 12:46:03,7,1691866.4,Loyal Customers
1174,CUST-IND-001174,Sunita Patel,sunita.patel441@gmail.com,Regular Shopper,2024-11-06 14:33:18,5,1270799.78,Loyal Customers
1646,CUST-IND-001646,Preeti Sharma,preeti.sharma146@gmail.com,Gold Privilege,2024-09-07 17:04:16,5,1515699.31,Loyal Customers
2053,CUST-IND-002053,Rahul Dutta,rahul.dutta867@gmail.com,Festival Occasional,2024-12-08 23:20:46,6,1580390.61,Loyal Customers
1349,CUST-IND-001349,Sunita Shetty,sunita.shetty442@gmail.com,VIP Club Premier,2024-10-23 05:42:03,5,870300.37,Loyal Customers
838,CUST-IND-000838,Deepak Deshmukh,deepak.deshmukh804@gmail.com,VIP Club Premier,2024-11-11 16:59:03,3,947779.5,Potential Loyalists
587,CUST-IND-000587,Pooja Saxena,pooja.saxena749@gmail.com,Regular Shopper,2024-03-25 12:14:45,3,638569.61,Potential Loyalists
1630,CUST-IND-001630,Rahul Mukherjee,rahul.mukherjee117@gmail.com,Regular Shopper,2024-10-03 01:08:44,3,275766.51,Potential Loyalists
900,CUST-IND-000900,Rahul Nair,rahul.nair881@gmail.com,Gold Privilege,2024-12-31 04:52:45,6,1763401.17,Loyal Customers
157,CUST-IND-000157,Priya Rao,priya.rao363@gmail.com,Gold Privilege,2024-11-18 17:29:24,4,705963.32,Loyal Customers
1031,CUST-IND-001031,Rahul Pillai,rahul.pillai682@gmail.com,Regular Shopper,2024-12-31 15:25:42,3,299969.59,Potential Loyalists
1900,CUST-IND-001900,Neha Iyer,neha.iyer433@gmail.com,VIP Club Premier,2024-11-09 22:56:20,3,1059522.15,Potential Loyalists
566,CUST-IND-000566,Karthik Iyer,karthik.iyer355@gmail.com,Regular Shopper,2024-09-15 00:39:45,4,1341467.93,Loyal Customers
248,CUST-IND-000248,Pooja Nanda,pooja.nanda810@gmail.com,Gold Privilege,2024-07-17 05:12:44,4,645683.63,Loyal Customers
79,CUST-IND-000079,Shweta Deshmukh,shweta.deshmukh395@gmail.com,Festival Occasional,2024-10-31 04:50:51,4,1094410.13,Loyal Customers
1898,CUST-IND-001898,Aarav Verma,aarav.verma735@gmail.com,Gold Privilege,2024-09-14 15:33:30,3,1097458.58,Potential Loyalists
1909,CUST-IND-001909,Alok Pillai,alok.pillai267@gmail.com,Regular Shopper,2024-12-24 16:16:15,5,1296837.64,Loyal Customers
1963,CUST-IND-001963,Anita Verma,anita.verma943@gmail.com,Regular Shopper,2024-04-23 03:15:23,3,60747.52,Potential Loyalists
1591,CUST-IND-001591,Alok Kapoor,alok.kapoor489@gmail.com,Festival Occasional,2024-11-16 21:14:26,3,507379.73,Potential Loyalists
1604,CUST-IND-001604,Bhavna Bansal,bhavna.bansal886@gmail.com,Regular Shopper,2024-12-18 16:00:20,5,1311574.82,Loyal Customers
1491,CUST-IND-001491,Amit Bansal,amit.bansal623@gmail.com,Regular Shopper,2024-05-30 16:08:11,3,821999.48,Potential Loyalists
74,CUST-IND-000074,Manoj Nair,manoj.nair636@gmail.com,Regular Shopper,2024-11-25 16:35:34,6,1843148.55,Loyal Customers
502,CUST-IND-000502,Rajesh Gupta,rajesh.gupta355@gmail.com,Regular Shopper,2024-12-14 22:55:34,12,2871654.57,Champions
967,CUST-IND-000967,Anita Chatterjee,anita.chatterjee587@gmail.com,Gold Privilege,2024-10-23 18:48:36,4,1032824.14,Loyal Customers
381,CUST-IND-000381,Deepak Gupta,deepak.gupta463@gmail.com,Regular Shopper,2024-11-26 03:36:05,5,1515553.03,Loyal Customers
1249,CUST-IND-001249,Dev Malhotra,dev.malhotra916@gmail.com,Regular Shopper,2024-04-16 00:34:33,2,541636.68,Potential Loyalists
299,CUST-IND-000299,Niharika Pillai,niharika.pillai339@gmail.com,Gold Privilege,2024-10-26 13:59:41,1,256748.82,New / Single Order
917,CUST-IND-000917,Kavita Chaudhary,kavita.chaudhary583@gmail.com,Festival Occasional,2024-12-09 18:25:04,3,1187357.58,Potential Loyalists
1987,CUST-IND-001987,Priya Nanda,priya.nanda703@gmail.com,Festival Occasional,2024-12-07 16:21:33,4,808864.14,Loyal Customers
1664,CUST-IND-001664,Preeti Patel,preeti.patel533@gmail.com,Regular Shopper,2024-05-12 04:55:19,3,788760.78,Potential Loyalists
1226,CUST-IND-001226,Priya Rao,priya.rao338@gmail.com,Festival Occasional,2024-11-07 00:44:36,4,793434.62,Loyal Customers
2117,CUST-IND-002117,Deepak Sharma,deepak.sharma928@gmail.com,Regular Shopper,2024-12-31 06:59:29,5,2032446.46,Loyal Customers
2099,CUST-IND-002099,Priya Kapoor,priya.kapoor20@gmail.com,Gold Privilege,2024-08-08 02:04:08,2,519670.31,Potential Loyalists
1934,CUST-IND-001934,Arjun Shetty,arjun.shetty374@gmail.com,VIP Club Premier,2024-12-26 21:00:03,7,1410287.26,Loyal Customers
1618,CUST-IND-001618,Ritu Rao,ritu.rao364@gmail.com,VIP Club Premier,2024-10-04 04:13:34,2,501020.55,Potential Loyalists
1834,CUST-IND-001834,Alok Mukherjee,alok.mukherjee411@gmail.com,Regular Shopper,2024-10-25 17:44:38,3,608383.39,Potential Loyalists
865,CUST-IND-000865,Aditya Pillai,aditya.pillai52@gmail.com,Festival Occasional,2024-12-22 09:25:16,2,601834.67,Potential Loyalists
2136,CUST-IND-002136,Suresh Chaudhary,suresh.chaudhary665@gmail.com,Regular Shopper,2024-11-04 01:35:20,4,985608.47,Loyal Customers
1799,CUST-IND-001799,Rajesh Bansal,rajesh.bansal265@gmail.com,Festival Occasional,2024-11-30 22:03:46,4,779796.89,Loyal Customers
1493,CUST-IND-001493,Kavita Nair,kavita.nair167@gmail.com,Regular Shopper,2024-10-22 03:18:42,2,309145.71,Potential Loyalists
2474,CUST-IND-002474,Aditya Nair,aditya.nair272@gmail.com,Gold Privilege,2024-02-15 02:47:05,1,170567.65,New / Single Order
1663,CUST-IND-001663,Neha Dutta,neha.dutta741@gmail.com,Regular Shopper,2024-09-12 04:21:35,4,1283372.68,Loyal Customers
197,CUST-IND-000197,Anjali Agarwal,anjali.agarwal434@gmail.com,Regular Shopper,2024-12-01 05:01:10,3,747324.68,Potential Loyalists
765,CUST-IND-000765,Meera Singh,meera.singh116@gmail.com,Festival Occasional,2024-10-19 23:55:23,4,757039.7,Loyal Customers
385,CUST-IND-000385,Dev Singh,dev.singh314@gmail.com,Gold Privilege,2024-12-30 21:57:11,2,376803.94,Potential Loyalists
804,CUST-IND-000804,Preeti Rao,preeti.rao285@gmail.com,Gold Privilege,2024-12-01 06:50:34,5,1710374.54,Loyal Customers
1515,CUST-IND-001515,Anjali Kulkarni,anjali.kulkarni676@gmail.com,Regular Shopper,2024-02-01 18:00:41,2,796694.37,Potential Loyalists
1810,CUST-IND-001810,Deepika Kumar,deepika.kumar235@gmail.com,Gold Privilege,2024-09-21 01:44:11,4,1109180.16,Loyal Customers
2288,CUST-IND-002288,Suresh Desai,suresh.desai945@gmail.com,Festival Occasional,2024-10-27 23:21:21,3,330142.95,Potential Loyalists
2089,CUST-IND-002089,Shweta Patel,shweta.patel249@gmail.com,Festival Occasional,2024-10-25 18:25:58,3,187196.87,Potential Loyalists
1081,CUST-IND-001081,Tarun Bhat,tarun.bhat455@gmail.com,Gold Privilege,2024-08-08 06:34:41,2,426446.38,Potential Loyalists
1712,CUST-IND-001712,Amit Saxena,amit.saxena120@gmail.com,Gold Privilege,2024-06-17 08:38:56,1,144818.8,New / Single Order
1261,CUST-IND-001261,Ritu Rao,ritu.rao637@gmail.com,Gold Privilege,2024-11-02 19:45:27,1,608649.16,New / Single Order
1192,CUST-IND-001192,Amit Nanda,amit.nanda319@gmail.com,Regular Shopper,2024-12-30 08:52:05,6,1037099.75,Loyal Customers
426,CUST-IND-000426,Manoj Reddy,manoj.reddy714@gmail.com,Regular Shopper,2024-11-22 11:22:26,9,1827438.45,Champions
933,CUST-IND-000933,Rahul Trivedi,rahul.trivedi566@gmail.com,Gold Privilege,2024-12-11 03:18:17,4,533229.13,Loyal Customers
607,CUST-IND-000607,Rajesh Nair,rajesh.nair776@gmail.com,Gold Privilege,2024-10-20 05:46:20,5,723206.26,Loyal Customers
2440,CUST-IND-002440,Bhavna Mishra,bhavna.mishra45@gmail.com,Regular Shopper,2024-12-22 19:02:15,8,1764508.11,Champions
820,CUST-IND-000820,Dev Kumar,dev.kumar793@gmail.com,Gold Privilege,2024-08-09 19:51:40,3,436277.82,Potential Loyalists
137,CUST-IND-000137,Divya Verma,divya.verma359@gmail.com,VIP Club Premier,2024-11-17 16:36:45,6,882864.44,Loyal Customers
2071,CUST-IND-002071,Kavita Mishra,kavita.mishra398@gmail.com,Festival Occasional,2024-09-03 06:44:48,2,608249.23,Potential Loyalists
704,CUST-IND-000704,Shweta Nanda,shweta.nanda713@gmail.com,Regular Shopper,2024-10-24 00:05:40,8,1408796.66,Champions
1688,CUST-IND-001688,Kavita Deshmukh,kavita.deshmukh503@gmail.com,Regular Shopper,2024-12-15 22:03:35,7,2213106.95,Loyal Customers
2478,CUST-IND-002478,Arjun Mishra,arjun.mishra118@gmail.com,VIP Club Premier,2024-11-09 09:17:28,4,1153833.65,Loyal Customers
1234,CUST-IND-001234,Ananya Saxena,ananya.saxena568@gmail.com,VIP Club Premier,2024-05-26 22:35:59,5,1158484.45,Loyal Customers
2181,CUST-IND-002181,Pooja Agarwal,pooja.agarwal438@gmail.com,Regular Shopper,2024-12-02 17:57:07,4,1269149.08,Loyal Customers
19,CUST-IND-000019,Pooja Verma,pooja.verma433@gmail.com,Regular Shopper,2024-10-13 05:34:48,7,1700181.57,Loyal Customers
1439,CUST-IND-001439,Bhavna Reddy,bhavna.reddy965@gmail.com,Gold Privilege,2024-09-09 17:15:13,6,838525.17,Loyal Customers
518,CUST-IND-000518,Deepika Sharma,deepika.sharma812@gmail.com,Gold Privilege,2024-12-11 07:13:06,5,731369.23,Loyal Customers
1951,CUST-IND-001951,Pooja Mukherjee,pooja.mukherjee12@gmail.com,Regular Shopper,2024-11-06 18:07:15,8,1331149.79,Champions
289,CUST-IND-000289,Dev Nair,unregistered@retail.com,Festival Occasional,2024-12-27 05:33:57,7,1599990.6,Loyal Customers
41,CUST-IND-000041,Meera Singh,meera.singh605@gmail.com,Regular Shopper,2024-11-23 10:26:57,3,441489.35,Potential Loyalists
808,CUST-IND-000808,Meera Sharma,meera.sharma589@gmail.com,Gold Privilege,2024-12-08 17:02:50,5,603820.14,Loyal Customers
1907,CUST-IND-001907,Rahul Pillai,rahul.pillai521@gmail.com,Regular Shopper,2024-11-01 22:44:02,6,1768986.54,Loyal Customers
1178,CUST-IND-001178,Arjun Malhotra,arjun.malhotra375@gmail.com,Regular Shopper,2024-12-26 09:51:55,6,1046357.27,Loyal Customers
2097,CUST-IND-002097,Deepak Singh,deepak.singh146@gmail.com,Regular Shopper,2024-07-03 08:18:28,3,951814.78,Potential Loyalists
1526,CUST-IND-001526,Aditya Reddy,aditya.reddy779@gmail.com,Regular Shopper,2024-07-24 00:52:59,2,378839.02,Potential Loyalists
539,CUST-IND-000539,Kavita Dutta,kavita.dutta97@gmail.com,Regular Shopper,2024-12-12 08:31:41,7,1185491.84,Loyal Customers
2452,CUST-IND-002452,Rahul Deshmukh,rahul.deshmukh47@gmail.com,Festival Occasional,2024-07-22 04:56:45,3,335790.14,Potential Loyalists
1538,CUST-IND-001538,Aarav Agarwal,aarav.agarwal176@gmail.com,Gold Privilege,2024-05-14 02:43:09,3,733901.87,Potential Loyalists
1578,CUST-IND-001578,Aditya Sharma,aditya.sharma328@gmail.com,Festival Occasional,2024-11-23 05:14:50,4,840517.4,Loyal Customers
1021,CUST-IND-001021,Manoj Dutta,manoj.dutta887@gmail.com,Regular Shopper,2024-11-10 01:36:29,3,720378.19,Potential Loyalists
1531,CUST-IND-001531,Shweta Sen,shweta.sen619@gmail.com,Gold Privilege,2024-07-15 14:56:18,4,653839.99,Loyal Customers
696,CUST-IND-000696,Suresh Agarwal,suresh.agarwal543@gmail.com,Regular Shopper,2024-12-20 06:43:42,7,1850077.53,Loyal Customers
71,CUST-IND-000071,Tarun Hegde,tarun.hegde809@gmail.com,Regular Shopper,2024-11-27 00:22:58,7,1578493.23,Loyal Customers
2191,CUST-IND-002191,Priya Hegde,unregistered@retail.com,Gold Privilege,2024-10-31 10:01:14,7,2168752.6,Loyal Customers
1886,CUST-IND-001886,Deepak Trivedi,deepak.trivedi877@gmail.com,Festival Occasional,2024-09-20 19:08:06,4,899496.06,Loyal Customers
746,CUST-IND-000746,Swati Deshmukh,swati.deshmukh131@gmail.com,Gold Privilege,2024-09-01 23:23:21,5,545382.29,Loyal Customers
549,CUST-IND-000549,Ananya Malhotra,ananya.malhotra881@gmail.com,Regular Shopper,2024-09-01 05:14:30,4,626127.25,Loyal Customers
2234,CUST-IND-002234,Divya Rao,divya.rao681@gmail.com,Gold Privilege,2024-10-19 12:08:57,7,1833251.0,Loyal Customers
1184,CUST-IND-001184,Kavita Deshmukh,kavita.deshmukh355@gmail.com,Festival Occasional,2024-12-05 07:12:32,4,854921.57,Loyal Customers
1297,CUST-IND-001297,Deepak Rao,deepak.rao147@gmail.com,Regular Shopper,2024-04-24 01:06:43,3,736116.28,Potential Loyalists
513,CUST-IND-000513,Pooja Bhat,pooja.bhat150@gmail.com,Gold Privilege,2024-09-20 22:21:11,5,814043.56,Loyal Customers
361,CUST-IND-000361,Deepak Nanda,deepak.nanda830@gmail.com,Gold Privilege,2024-07-22 01:03:36,3,760888.29,Potential Loyalists
874,CUST-IND-000874,Alok Nair,alok.nair526@gmail.com,Gold Privilege,2024-08-25 22:00:15,6,1592773.43,Loyal Customers
2082,CUST-IND-002082,Sanjay Verma,sanjay.verma30@gmail.com,Regular Shopper,2024-11-05 09:42:27,7,1964331.52,Loyal Customers
209,CUST-IND-000209,Priya Kulkarni,priya.kulkarni963@gmail.com,Regular Shopper,2024-12-19 10:32:13,7,1055932.76,Loyal Customers
870,CUST-IND-000870,Anjali Mehta,anjali.mehta346@gmail.com,Gold Privilege,2024-08-24 15:09:39,5,2005706.84,Loyal Customers
1378,CUST-IND-001378,Divya Kulkarni,divya.kulkarni744@gmail.com,Gold Privilege,2024-11-27 22:59:52,6,1281587.95,Loyal Customers
177,CUST-IND-000177,Divya Dutta,divya.dutta692@gmail.com,Gold Privilege,2024-09-28 11:47:16,6,1682681.99,Loyal Customers
974,CUST-IND-000974,Bhavna Singh,bhavna.singh392@gmail.com,Gold Privilege,2024-12-05 19:39:25,8,2322672.02,Champions
2094,CUST-IND-002094,Alok Bansal,alok.bansal973@gmail.com,Gold Privilege,2024-12-07 15:10:13,5,1361760.3,Loyal Customers
285,CUST-IND-000285,Deepika Dutta,deepika.dutta283@gmail.com,Regular Shopper,2024-08-16 08:14:41,5,1219869.19,Loyal Customers
2139,CUST-IND-002139,Deepika Rao,deepika.rao411@gmail.com,Gold Privilege,2024-11-03 03:41:31,4,804079.7,Loyal Customers
1302,CUST-IND-001302,Swati Bansal,swati.bansal667@gmail.com,Regular Shopper,2024-08-25 01:32:08,7,1858378.42,Loyal Customers
2048,CUST-IND-002048,Sunita Nanda,sunita.nanda229@gmail.com,Festival Occasional,2024-12-10 20:59:45,10,3298533.23,Champions
152,CUST-IND-000152,Karthik Iyer,karthik.iyer605@gmail.com,Regular Shopper,2024-08-13 16:24:50,5,891957.66,Loyal Customers
214,CUST-IND-000214,Niharika Kumar,niharika.kumar634@gmail.com,Gold Privilege,2024-10-18 10:39:45,8,1773887.13,Champions
307,CUST-IND-000307,Aditya Trivedi,aditya.trivedi600@gmail.com,Festival Occasional,2024-04-29 06:06:36,5,1091361.1,Loyal Customers
136,CUST-IND-000136,Rajesh Pillai,rajesh.pillai186@gmail.com,Regular Shopper,2024-11-20 23:25:09,6,1271196.69,Loyal Customers
2232,CUST-IND-002232,Manoj Agarwal,manoj.agarwal551@gmail.com,Regular Shopper,2024-11-11 20:42:17,4,1045012.53,Loyal Customers
1567,CUST-IND-001567,Shweta Malhotra,shweta.malhotra353@gmail.com,Festival Occasional,2024-12-25 10:06:35,7,1962002.82,Loyal Customers
1672,CUST-IND-001672,Meera Kumar,meera.kumar764@gmail.com,VIP Club Premier,2024-07-10 23:22:12,5,775700.97,Loyal Customers
700,CUST-IND-000700,Ananya Nair,ananya.nair269@gmail.com,Gold Privilege,2024-11-12 23:57:56,4,906863.44,Loyal Customers
46,CUST-IND-000046,Divya Reddy,divya.reddy251@gmail.com,VIP Club Premier,2024-10-07 13:14:00,2,393142.38,Potential Loyalists
2185,CUST-IND-002185,Kavita Chatterjee,kavita.chatterjee220@gmail.com,Regular Shopper,2024-09-26 14:27:00,5,1068296.71,Loyal Customers
1969,CUST-IND-001969,Anita Kulkarni,anita.kulkarni64@gmail.com,Festival Occasional,2024-12-21 18:09:07,5,1351454.37,Loyal Customers
792,CUST-IND-000792,Dev Kumar,dev.kumar704@gmail.com,Gold Privilege,2024-09-06 11:29:36,3,333937.05,Potential Loyalists
1329,CUST-IND-001329,Arjun Iyer,arjun.iyer653@gmail.com,Gold Privilege,2024-09-22 08:01:17,6,1495877.42,Loyal Customers
2471,CUST-IND-002471,Niharika Chatterjee,niharika.chatterjee130@gmail.com,Festival Occasional,2024-10-10 17:55:23,6,1671455.61,Loyal Customers
1,CUST-IND-000001,Tarun Saxena,tarun.saxena14@gmail.com,Regular Shopper,2024-12-19 01:41:42,6,1327204.07,Loyal Customers
2171,CUST-IND-002171,Ritu Agarwal,ritu.agarwal351@gmail.com,Regular Shopper,2024-06-10 12:33:36,5,518926.16,Loyal Customers
1778,CUST-IND-001778,Aarav Sen,aarav.sen484@gmail.com,Gold Privilege,2024-10-16 18:11:40,6,967566.56,Loyal Customers
407,CUST-IND-000407,Pooja Dutta,pooja.dutta309@gmail.com,Regular Shopper,2024-10-14 15:12:30,6,1976063.82,Loyal Customers
542,CUST-IND-000542,Dev Sharma,dev.sharma432@gmail.com,VIP Club Premier,2024-11-07 15:19:55,4,355050.71,Loyal Customers
1331,CUST-IND-001331,Anjali Deshmukh,unregistered@retail.com,Regular Shopper,2024-11-17 00:16:00,3,708303.21,Potential Loyalists
39,CUST-IND-000039,Anjali Pillai,anjali.pillai135@gmail.com,Festival Occasional,2024-12-29 03:27:14,5,691640.15,Loyal Customers
469,CUST-IND-000469,Vikram Hegde,vikram.hegde602@gmail.com,Regular Shopper,2024-12-26 03:31:56,7,1086346.91,Loyal Customers
1449,CUST-IND-001449,Aarav Kulkarni,aarav.kulkarni33@gmail.com,Regular Shopper,2024-12-12 21:07:33,5,1482857.57,Loyal Customers
489,CUST-IND-000489,Sunita Mukherjee,sunita.mukherjee387@gmail.com,Regular Shopper,2024-09-07 16:58:30,4,859706.13,Loyal Customers
1932,CUST-IND-001932,Manoj Chatterjee,manoj.chatterjee545@gmail.com,Festival Occasional,2024-11-14 05:37:42,5,744309.33,Loyal Customers
309,CUST-IND-000309,Rohan Kulkarni,rohan.kulkarni138@gmail.com,Festival Occasional,2024-12-27 00:25:15,7,1402289.28,Loyal Customers
612,CUST-IND-000612,Sanjay Dutta,sanjay.dutta564@gmail.com,Regular Shopper,2024-12-01 15:59:22,5,860928.3,Loyal Customers
1635,CUST-IND-001635,Aarav Das,aarav.das411@gmail.com,Regular Shopper,2024-12-04 04:15:46,7,1327723.28,Loyal Customers
2219,CUST-IND-002219,Bhavna Mehta,bhavna.mehta55@gmail.com,Festival Occasional,2024-11-17 07:06:23,3,287783.73,Potential Loyalists
2211,CUST-IND-002211,Aarav Pillai,aarav.pillai113@gmail.com,Regular Shopper,2024-06-14 02:41:55,4,605677.26,Loyal Customers
1506,CUST-IND-001506,Amit Verma,amit.verma523@gmail.com,Regular Shopper,2024-11-26 10:23:28,5,2153797.76,Loyal Customers
1104,CUST-IND-001104,Vikram Singh,vikram.singh633@gmail.com,Gold Privilege,2024-12-21 12:14:35,6,1721240.44,Loyal Customers
271,CUST-IND-000271,Anita Kapoor,anita.kapoor40@gmail.com,Regular Shopper,2024-07-16 03:49:20,7,2247161.95,Loyal Customers
873,CUST-IND-000873,Tarun Pillai,tarun.pillai652@gmail.com,VIP Club Premier,2024-12-27 16:54:14,6,1029423.24,Loyal Customers
435,CUST-IND-000435,Tarun Gupta,tarun.gupta13@gmail.com,Gold Privilege,2024-11-21 11:46:22,5,1498416.69,Loyal Customers
831,CUST-IND-000831,Vikram Gupta,vikram.gupta345@gmail.com,Regular Shopper,2024-12-27 14:41:45,8,1830682.87,Champions
1463,CUST-IND-001463,Anjali Patel,anjali.patel401@gmail.com,Gold Privilege,2024-12-19 02:47:53,4,861270.3,Loyal Customers
1165,CUST-IND-001165,Karthik Nair,karthik.nair996@gmail.com,Gold Privilege,2024-11-19 10:40:09,8,1725616.52,Champions
158,CUST-IND-000158,Priya Bhat,priya.bhat440@gmail.com,Regular Shopper,2024-11-08 16:21:25,6,877924.07,Loyal Customers
1106,CUST-IND-001106,Deepika Agarwal,deepika.agarwal951@gmail.com,Festival Occasional,2024-10-31 01:22:27,8,1569191.28,Champions
2182,CUST-IND-002182,Pooja Sen,pooja.sen494@gmail.com,VIP Club Premier,2024-12-26 15:07:54,4,713822.89,Loyal Customers
1629,CUST-IND-001629,Anjali Kumar,anjali.kumar708@gmail.com,Festival Occasional,2024-12-10 11:08:10,5,632852.74,Loyal Customers
1477,CUST-IND-001477,Ananya Verma,unregistered@retail.com,Gold Privilege,2024-12-30 09:38:55,5,753371.68,Loyal Customers
2468,CUST-IND-002468,Tarun Reddy,tarun.reddy16@gmail.com,VIP Club Premier,2024-10-03 09:17:13,4,662439.18,Loyal Customers
2399,CUST-IND-002399,Niharika Gupta,niharika.gupta663@gmail.com,Regular Shopper,2024-10-27 06:33:18,3,818809.6,Potential Loyalists
1733,CUST-IND-001733,Manoj Reddy,manoj.reddy95@gmail.com,Regular Shopper,2024-12-26 02:53:37,3,321488.78,Potential Loyalists
2289,CUST-IND-002289,Dev Trivedi,dev.trivedi280@gmail.com,VIP Club Premier,2024-11-02 14:40:46,5,1316193.03,Loyal Customers
735,CUST-IND-000735,Alok Gupta,alok.gupta385@gmail.com,Regular Shopper,2024-11-15 21:54:52,3,999226.34,Potential Loyalists
957,CUST-IND-000957,Vishal Singh,vishal.singh9@gmail.com,Regular Shopper,2024-12-01 05:02:59,6,1409388.7,Loyal Customers
433,CUST-IND-000433,Niharika Saxena,niharika.saxena867@gmail.com,Regular Shopper,2024-11-30 12:19:22,6,1214865.56,Loyal Customers
6,CUST-IND-000006,Ritu Chatterjee,ritu.chatterjee295@gmail.com,Regular Shopper,2024-10-20 07:12:09,1,124597.59,New / Single Order
399,CUST-IND-000399,Deepak Bhat,deepak.bhat513@gmail.com,Regular Shopper,2024-07-05 10:43:47,4,727299.73,Loyal Customers
2220,CUST-IND-002220,Meera Sen,meera.sen128@gmail.com,Gold Privilege,2024-12-30 05:18:10,4,586887.11,Loyal Customers
536,CUST-IND-000536,Arjun Dutta,arjun.dutta72@gmail.com,Regular Shopper,2024-08-06 01:32:19,7,1461197.37,Loyal Customers
809,CUST-IND-000809,Anjali Chaudhary,anjali.chaudhary122@gmail.com,VIP Club Premier,2024-08-21 12:02:53,4,1140441.25,Loyal Customers
321,CUST-IND-000321,Arjun Kapoor,arjun.kapoor856@gmail.com,Gold Privilege,2024-09-24 17:49:30,6,1221861.94,Loyal Customers
1006,CUST-IND-001006,Aarav Saxena,aarav.saxena63@gmail.com,Gold Privilege,2024-12-07 00:06:20,2,214386.98,Potential Loyalists
1524,CUST-IND-001524,Anjali Nanda,anjali.nanda866@gmail.com,Regular Shopper,2024-06-25 21:41:59,2,243970.84,Potential Loyalists
2,CUST-IND-000002,Dev Kulkarni,dev.kulkarni154@gmail.com,Regular Shopper,2024-07-21 08:08:18,3,301970.86,Potential Loyalists
1840,CUST-IND-001840,Arjun Bhat,arjun.bhat59@gmail.com,Regular Shopper,2024-11-26 04:49:38,4,584039.31,Loyal Customers
878,CUST-IND-000878,Karthik Nanda,karthik.nanda108@gmail.com,Festival Occasional,2024-10-08 22:30:25,3,474242.32,Potential Loyalists
1523,CUST-IND-001523,Alok Mehta,alok.mehta302@gmail.com,Regular Shopper,2024-11-18 11:02:42,4,854846.54,Loyal Customers
2126,CUST-IND-002126,Tarun Desai,tarun.desai295@gmail.com,VIP Club Premier,2024-12-24 10:53:04,4,981795.4,Loyal Customers
240,CUST-IND-000240,Meera Kumar,meera.kumar373@gmail.com,Gold Privilege,2024-10-02 16:40:01,3,598906.93,Potential Loyalists
1181,CUST-IND-001181,Tarun Jha,tarun.jha186@gmail.com,Gold Privilege,2024-12-27 04:47:53,5,942326.85,Loyal Customers
417,CUST-IND-000417,Dev Pillai,dev.pillai749@gmail.com,Gold Privilege,2024-12-13 08:14:20,5,894349.31,Loyal Customers
2223,CUST-IND-002223,Neha Jha,neha.jha388@gmail.com,Gold Privilege,2024-11-09 17:05:10,5,1118994.54,Loyal Customers
2295,CUST-IND-002295,Rahul Gupta,rahul.gupta205@gmail.com,Regular Shopper,2024-06-23 19:32:58,3,659089.82,Potential Loyalists
431,CUST-IND-000431,Rajesh Shetty,rajesh.shetty596@gmail.com,Regular Shopper,2024-08-19 09:15:18,5,1045738.79,Loyal Customers
1394,CUST-IND-001394,Neha Sen,neha.sen688@gmail.com,Regular Shopper,2024-12-06 06:34:02,4,699439.94,Loyal Customers
1955,CUST-IND-001955,Karthik Kulkarni,karthik.kulkarni919@gmail.com,Regular Shopper,2024-10-19 02:45:09,3,1123148.07,Potential Loyalists
2210,CUST-IND-002210,Pooja Mukherjee,pooja.mukherjee585@gmail.com,Festival Occasional,2024-06-20 05:18:06,3,203886.97,Potential Loyalists
436,CUST-IND-000436,Niharika Verma,unregistered@retail.com,Regular Shopper,2024-09-07 10:12:39,2,370540.29,Potential Loyalists
382,CUST-IND-000382,Deepika Mehta,deepika.mehta198@gmail.com,Gold Privilege,2024-06-07 04:36:07,2,492362.71,Potential Loyalists
338,CUST-IND-000338,Bhavna Jha,bhavna.jha922@gmail.com,Festival Occasional,2024-11-18 15:29:07,10,1807706.06,Champions
314,CUST-IND-000314,Alok Nanda,alok.nanda187@gmail.com,Regular Shopper,2024-12-13 02:49:46,3,370261.6,Potential Loyalists
1480,CUST-IND-001480,Divya Agarwal,divya.agarwal124@gmail.com,Festival Occasional,2024-06-09 03:25:28,1,486848.26,New / Single Order
1246,CUST-IND-001246,Aarav Bansal,aarav.bansal206@gmail.com,VIP Club Premier,2024-11-21 16:39:00,4,864839.93,Loyal Customers
1940,CUST-IND-001940,Meera Kumar,meera.kumar539@gmail.com,Festival Occasional,2024-12-18 04:52:49,4,245577.75,Loyal Customers
1432,CUST-IND-001432,Sanjay Bhat,sanjay.bhat690@gmail.com,Regular Shopper,2024-04-16 15:27:27,2,201434.59,Potential Loyalists
468,CUST-IND-000468,Alok Joshi,alok.joshi593@gmail.com,Regular Shopper,2024-09-28 21:50:30,2,396020.0,Potential Loyalists
1946,CUST-IND-001946,Priya Gupta,priya.gupta779@gmail.com,Regular Shopper,2024-12-26 10:00:39,5,917386.48,Loyal Customers
561,CUST-IND-000561,Meera Jha,meera.jha4@gmail.com,Regular Shopper,2024-11-24 10:24:26,5,1382630.96,Loyal Customers
842,CUST-IND-000842,Meera Chaudhary,meera.chaudhary637@gmail.com,Festival Occasional,2024-09-16 02:54:18,2,644056.39,Potential Loyalists
849,CUST-IND-000849,Anjali Bhat,anjali.bhat761@gmail.com,Gold Privilege,2024-06-17 04:42:41,3,428513.33,Potential Loyalists
1058,CUST-IND-001058,Anita Kapoor,anita.kapoor857@gmail.com,Regular Shopper,2024-11-26 00:12:02,2,900013.96,Potential Loyalists
2330,CUST-IND-002330,Dev Saxena,dev.saxena669@gmail.com,Regular Shopper,2024-10-25 16:27:07,2,228247.23,Potential Loyalists
2328,CUST-IND-002328,Manoj Kumar,manoj.kumar262@gmail.com,Regular Shopper,2024-12-22 06:15:32,5,984157.93,Loyal Customers
8,CUST-IND-000008,Preeti Nanda,preeti.nanda846@gmail.com,VIP Club Premier,2024-11-09 06:08:26,5,994701.19,Loyal Customers
837,CUST-IND-000837,Shweta Patel,shweta.patel376@gmail.com,Festival Occasional,2024-12-28 10:15:21,2,283616.84,Potential Loyalists
864,CUST-IND-000864,Sanjay Chatterjee,sanjay.chatterjee2@gmail.com,Festival Occasional,2024-09-18 09:45:34,4,1130132.82,Loyal Customers
3,CUST-IND-000003,Swati Joshi,swati.joshi234@gmail.com,Festival Occasional,2024-08-17 06:15:45,2,630220.71,Potential Loyalists
786,CUST-IND-000786,Kavita Gupta,kavita.gupta745@gmail.com,Gold Privilege,2024-11-06 04:58:52,3,666918.31,Potential Loyalists
427,CUST-IND-000427,Swati Kumar,swati.kumar894@gmail.com,Regular Shopper,2024-12-15 06:19:05,5,586771.08,Loyal Customers
1518,CUST-IND-001518,Neha Patel,unregistered@retail.com,Gold Privilege,2024-12-03 09:19:55,3,445365.94,Potential Loyalists
1056,CUST-IND-001056,Neha Das,neha.das493@gmail.com,Regular Shopper,2024-04-15 21:24:27,3,750571.14,Potential Loyalists
503,CUST-IND-000503,Vishal Malhotra,vishal.malhotra889@gmail.com,Regular Shopper,2024-12-14 15:26:17,8,2484941.64,Champions
705,CUST-IND-000705,Pooja Chaudhary,pooja.chaudhary980@gmail.com,Gold Privilege,2024-12-12 04:13:58,7,1113821.3,Loyal Customers
1953,CUST-IND-001953,Manoj Patel,manoj.patel403@gmail.com,VIP Club Premier,2024-04-05 02:10:32,1,592832.92,New / Single Order
505,CUST-IND-000505,Neha Singh,neha.singh783@gmail.com,Gold Privilege,2024-06-06 22:11:49,3,756259.76,Potential Loyalists
1792,CUST-IND-001792,Neha Joshi,neha.joshi115@gmail.com,Regular Shopper,2024-09-20 17:02:05,2,754951.61,Potential Loyalists
1148,CUST-IND-001148,Priya Gupta,priya.gupta474@gmail.com,Festival Occasional,2024-10-17 04:54:22,2,465981.94,Potential Loyalists
787,CUST-IND-000787,Rahul Chatterjee,rahul.chatterjee383@gmail.com,Regular Shopper,2024-12-06 15:12:36,2,585964.15,Potential Loyalists
1366,CUST-IND-001366,Amit Bhat,amit.bhat484@gmail.com,Gold Privilege,2024-06-15 02:56:33,2,46340.01,Potential Loyalists
1410,CUST-IND-001410,Anita Joshi,anita.joshi839@gmail.com,Regular Shopper,2024-07-27 21:30:58,1,86022.69,New / Single Order
2074,CUST-IND-002074,Vishal Das,vishal.das53@gmail.com,Festival Occasional,2024-07-11 19:37:01,2,250039.14,Potential Loyalists
1652,CUST-IND-001652,Sanjay Shetty,sanjay.shetty211@gmail.com,Festival Occasional,2024-04-11 10:06:31,1,35420.51,New / Single Order
1715,CUST-IND-001715,Aarav Malhotra,aarav.malhotra806@gmail.com,Gold Privilege,2024-09-03 06:53:53,1,16734.91,New / Single Order
679,CUST-IND-000679,Deepak Sharma,deepak.sharma829@gmail.com,Regular Shopper,2024-12-05 11:35:34,8,1689127.99,Champions
2161,CUST-IND-002161,Lakshmi Nair,lakshmi.nair914@gmail.com,Festival Occasional,2024-10-12 20:25:19,7,1109577.06,Loyal Customers
430,CUST-IND-000430,Manoj Chatterjee,manoj.chatterjee758@gmail.com,Regular Shopper,2024-09-10 09:01:01,3,547220.79,Potential Loyalists
857,CUST-IND-000857,Manoj Dutta,manoj.dutta896@gmail.com,Regular Shopper,2024-12-26 07:49:11,6,1760617.8,Loyal Customers
1100,CUST-IND-001100,Alok Bansal,alok.bansal782@gmail.com,Festival Occasional,2024-12-11 19:34:04,9,1593716.6,Champions
1865,CUST-IND-001865,Tarun Sharma,tarun.sharma6@gmail.com,Festival Occasional,2024-09-19 00:15:57,5,438021.38,Loyal Customers
201,CUST-IND-000201,Deepika Kapoor,deepika.kapoor592@gmail.com,Regular Shopper,2024-10-20 13:47:33,8,2030104.38,Champions
987,CUST-IND-000987,Arjun Jha,arjun.jha737@gmail.com,Regular Shopper,2024-12-19 18:08:26,5,1049458.19,Loyal Customers
1730,CUST-IND-001730,Aditya Bansal,aditya.bansal186@gmail.com,Gold Privilege,2024-12-19 08:34:52,3,678760.99,Potential Loyalists
2006,CUST-IND-002006,Tarun Malhotra,tarun.malhotra784@gmail.com,Regular Shopper,2024-07-19 18:01:53,3,1290813.4,Potential Loyalists
1927,CUST-IND-001927,Vikram Nanda,vikram.nanda930@gmail.com,Regular Shopper,2024-08-26 11:33:21,7,1591357.0,Loyal Customers
2482,CUST-IND-002482,Kavita Das,kavita.das774@gmail.com,VIP Club Premier,2024-09-24 03:44:57,5,1534091.7,Loyal Customers
758,CUST-IND-000758,Sunita Gupta,sunita.gupta264@gmail.com,VIP Club Premier,2024-11-23 07:59:20,9,2056354.8,Champions
1552,CUST-IND-001552,Shweta Chaudhary,shweta.chaudhary260@gmail.com,Regular Shopper,2024-07-28 11:52:55,2,225474.69,Potential Loyalists
617,CUST-IND-000617,Rajesh Mukherjee,rajesh.mukherjee145@gmail.com,Regular Shopper,2024-08-05 01:06:01,6,1332478.92,Loyal Customers
2055,CUST-IND-002055,Deepak Mukherjee,deepak.mukherjee822@gmail.com,VIP Club Premier,2024-12-31 08:20:48,8,1358571.33,Champions
2362,CUST-IND-002362,Aarav Deshmukh,aarav.deshmukh823@gmail.com,Regular Shopper,2024-11-07 09:25:21,6,1419346.21,Loyal Customers
538,CUST-IND-000538,Deepika Singh,deepika.singh640@gmail.com,VIP Club Premier,2024-11-24 02:13:27,7,1534230.37,Loyal Customers
169,CUST-IND-000169,Amit Singh,amit.singh467@gmail.com,Gold Privilege,2024-12-27 07:47:45,7,1341973.24,Loyal Customers
1931,CUST-IND-001931,Deepak Bansal,deepak.bansal837@gmail.com,Regular Shopper,2024-11-29 16:25:08,5,1187558.93,Loyal Customers
1482,CUST-IND-001482,Pooja Sharma,pooja.sharma122@gmail.com,Gold Privilege,2024-11-30 22:26:57,4,1352830.67,Loyal Customers
187,CUST-IND-000187,Meera Gupta,meera.gupta18@gmail.com,Regular Shopper,2024-09-20 22:58:31,6,1952888.42,Loyal Customers
2451,CUST-IND-002451,Suresh Dutta,suresh.dutta991@gmail.com,Gold Privilege,2024-09-21 07:42:47,2,945453.05,Potential Loyalists
1607,CUST-IND-001607,Kavita Deshmukh,kavita.deshmukh625@gmail.com,Festival Occasional,2024-12-10 07:32:55,8,1807350.39,Champions
16,CUST-IND-000016,Shweta Mishra,shweta.mishra971@gmail.com,Festival Occasional,2024-11-15 06:13:32,9,2326258.61,Champions
439,CUST-IND-000439,Sunita Hegde,sunita.hegde808@gmail.com,Gold Privilege,2024-12-15 12:55:10,6,1542854.26,Loyal Customers
2306,CUST-IND-002306,Arjun Hegde,arjun.hegde686@gmail.com,Gold Privilege,2024-08-28 20:34:39,8,2671167.56,Champions
54,CUST-IND-000054,Sunita Singh,sunita.singh385@gmail.com,Regular Shopper,2024-12-25 14:50:36,6,2037106.67,Loyal Customers
1018,CUST-IND-001018,Sanjay Chaudhary,sanjay.chaudhary585@gmail.com,VIP Club Premier,2024-08-26 10:58:29,6,1742699.18,Loyal Customers
228,CUST-IND-000228,Rajesh Shetty,rajesh.shetty993@gmail.com,Gold Privilege,2024-11-02 22:06:54,4,1577493.19,Loyal Customers
1455,CUST-IND-001455,Anjali Malhotra,anjali.malhotra810@gmail.com,Gold Privilege,2024-12-12 20:10:28,10,2799810.36,Champions
1369,CUST-IND-001369,Rahul Jha,rahul.jha135@gmail.com,Gold Privilege,2024-05-25 04:11:11,4,516618.49,Loyal Customers
2378,CUST-IND-002378,Vikram Kulkarni,vikram.kulkarni28@gmail.com,VIP Club Premier,2024-11-24 05:35:15,9,1697065.17,Champions
156,CUST-IND-000156,Pooja Jha,pooja.jha676@gmail.com,Gold Privilege,2024-12-13 05:16:22,8,1853837.37,Champions
2011,CUST-IND-002011,Vikram Reddy,vikram.reddy299@gmail.com,Regular Shopper,2024-11-25 01:52:25,4,323445.44,Loyal Customers
1547,CUST-IND-001547,Sunita Bhat,sunita.bhat878@gmail.com,Gold Privilege,2024-12-25 11:07:21,6,1886453.2,Loyal Customers
1532,CUST-IND-001532,Deepika Nanda,deepika.nanda195@gmail.com,Gold Privilege,2024-12-08 10:18:30,3,425388.02,Potential Loyalists
888,CUST-IND-000888,Kavita Bansal,kavita.bansal280@gmail.com,Regular Shopper,2024-12-26 07:08:22,8,1609159.7,Champions
553,CUST-IND-000553,Bhavna Trivedi,bhavna.trivedi210@gmail.com,Regular Shopper,2024-08-12 15:11:46,4,1081781.69,Loyal Customers
2015,CUST-IND-002015,Ritu Mukherjee,ritu.mukherjee317@gmail.com,Gold Privilege,2024-12-29 09:35:45,3,392444.1,Potential Loyalists
949,CUST-IND-000949,Deepika Malhotra,deepika.malhotra945@gmail.com,Festival Occasional,2024-04-08 14:13:53,1,120785.41,New / Single Order
1679,CUST-IND-001679,Tarun Trivedi,tarun.trivedi727@gmail.com,VIP Club Premier,2024-12-19 10:56:55,7,1206242.91,Loyal Customers
261,CUST-IND-000261,Vikram Chatterjee,vikram.chatterjee651@gmail.com,Regular Shopper,2024-10-30 00:59:05,2,182773.55,Potential Loyalists
1882,CUST-IND-001882,Divya Rao,divya.rao293@gmail.com,Gold Privilege,2024-10-08 09:16:26,9,1214969.77,Champions
2499,CUST-IND-002499,Anita Mishra,anita.mishra442@gmail.com,Gold Privilege,2024-09-18 17:05:39,3,1073607.38,Potential Loyalists
165,CUST-IND-000165,Shweta Kulkarni,shweta.kulkarni978@gmail.com,Regular Shopper,2024-07-01 19:44:56,4,921673.05,Loyal Customers
1209,CUST-IND-001209,Neha Saxena,neha.saxena550@gmail.com,Regular Shopper,2024-12-10 20:53:03,5,980753.49,Loyal Customers
2252,CUST-IND-002252,Swati Mishra,swati.mishra394@gmail.com,Festival Occasional,2024-01-29 10:07:01,3,283242.77,Potential Loyalists
432,CUST-IND-000432,Deepak Shetty,deepak.shetty874@gmail.com,Gold Privilege,2024-11-10 22:32:53,3,505515.74,Potential Loyalists
1387,CUST-IND-001387,Dev Verma,dev.verma916@gmail.com,Festival Occasional,2024-07-26 17:09:05,4,623578.42,Loyal Customers
2494,CUST-IND-002494,Vikram Chaudhary,vikram.chaudhary241@gmail.com,Gold Privilege,2024-04-21 01:38:27,6,971949.08,Loyal Customers
1939,CUST-IND-001939,Sanjay Kumar,sanjay.kumar486@gmail.com,Gold Privilege,2024-12-03 22:24:20,7,1842521.97,Loyal Customers
1099,CUST-IND-001099,Deepika Mukherjee,deepika.mukherjee771@gmail.com,Gold Privilege,2024-12-31 16:00:25,6,2001388.43,Loyal Customers
2385,CUST-IND-002385,Deepak Pillai,deepak.pillai921@gmail.com,Gold Privilege,2024-07-22 09:35:18,3,399789.35,Potential Loyalists
1573,CUST-IND-001573,Ritu Das,ritu.das790@gmail.com,Regular Shopper,2024-12-27 14:18:04,8,2051552.69,Champions
173,CUST-IND-000173,Aarav Hegde,aarav.hegde894@gmail.com,Regular Shopper,2024-12-20 02:28:43,7,2236780.53,Loyal Customers
971,CUST-IND-000971,Suresh Bhat,suresh.bhat930@gmail.com,Regular Shopper,2024-11-18 18:58:20,6,1275507.72,Loyal Customers
1569,CUST-IND-001569,Rahul Kapoor,rahul.kapoor316@gmail.com,Gold Privilege,2024-09-14 05:13:23,7,1814625.48,Loyal Customers
198,CUST-IND-000198,Anita Gupta,anita.gupta767@gmail.com,Gold Privilege,2024-10-29 18:28:02,4,587654.8,Loyal Customers
1125,CUST-IND-001125,Deepika Nair,deepika.nair739@gmail.com,Festival Occasional,2024-12-20 00:15:38,7,1425108.67,Loyal Customers
1665,CUST-IND-001665,Rahul Bansal,rahul.bansal230@gmail.com,Regular Shopper,2024-12-16 17:18:15,3,449554.52,Potential Loyalists
2427,CUST-IND-002427,Sunita Kumar,sunita.kumar701@gmail.com,Regular Shopper,2024-12-06 06:20:43,7,1462651.38,Loyal Customers
1132,CUST-IND-001132,Vikram Shetty,unregistered@retail.com,Regular Shopper,2024-12-25 14:00:34,2,345243.23,Potential Loyalists
2391,CUST-IND-002391,Ritu Malhotra,ritu.malhotra631@gmail.com,Regular Shopper,2024-12-25 03:27:40,6,1385255.42,Loyal Customers
990,CUST-IND-000990,Ananya Reddy,ananya.reddy9@gmail.com,Regular Shopper,2024-12-28 10:39:15,5,961531.45,Loyal Customers
551,CUST-IND-000551,Niharika Kulkarni,niharika.kulkarni476@gmail.com,Regular Shopper,2024-02-28 04:28:48,1,203358.57,New / Single Order
1253,CUST-IND-001253,Manoj Dutta,manoj.dutta830@gmail.com,Regular Shopper,2024-10-22 11:11:04,4,811102.37,Loyal Customers
565,CUST-IND-000565,Sanjay Jha,sanjay.jha733@gmail.com,Festival Occasional,2024-09-12 14:50:53,3,591602.61,Potential Loyalists
1222,CUST-IND-001222,Bhavna Sharma,bhavna.sharma177@gmail.com,Regular Shopper,2024-12-26 13:46:35,4,480221.52,Loyal Customers
24,CUST-IND-000024,Shweta Jha,shweta.jha632@gmail.com,Regular Shopper,2024-10-15 17:04:14,7,2167281.9,Loyal Customers
960,CUST-IND-000960,Deepika Malhotra,deepika.malhotra554@gmail.com,Regular Shopper,2024-11-09 16:02:08,4,580392.07,Loyal Customers
1505,CUST-IND-001505,Dev Kumar,dev.kumar58@gmail.com,Regular Shopper,2024-11-27 00:53:59,5,1212974.09,Loyal Customers
448,CUST-IND-000448,Karthik Mishra,karthik.mishra748@gmail.com,Gold Privilege,2024-08-30 16:10:59,3,675761.65,Potential Loyalists
1216,CUST-IND-001216,Aarav Gupta,aarav.gupta763@gmail.com,VIP Club Premier,2024-10-22 19:40:47,4,801553.05,Loyal Customers
1833,CUST-IND-001833,Sunita Malhotra,sunita.malhotra100@gmail.com,Regular Shopper,2024-09-20 06:41:40,4,1006644.08,Loyal Customers
287,CUST-IND-000287,Priya Verma,priya.verma662@gmail.com,Regular Shopper,2024-07-20 01:29:51,3,307496.66,Potential Loyalists
139,CUST-IND-000139,Niharika Bhat,niharika.bhat560@gmail.com,Gold Privilege,2024-09-27 13:14:01,4,1380659.46,Loyal Customers
1759,CUST-IND-001759,Aarav Mukherjee,aarav.mukherjee100@gmail.com,Regular Shopper,2024-11-28 14:27:04,4,1115470.01,Loyal Customers
773,CUST-IND-000773,Deepak Verma,deepak.verma957@gmail.com,Regular Shopper,2024-11-02 07:32:53,4,1339287.04,Loyal Customers
613,CUST-IND-000613,Rajesh Reddy,rajesh.reddy486@gmail.com,Gold Privilege,2024-09-20 23:29:04,4,1058591.82,Loyal Customers
1519,CUST-IND-001519,Amit Bhat,unregistered@retail.com,Regular Shopper,2024-12-23 10:43:57,5,1377511.31,Loyal Customers
2310,CUST-IND-002310,Kavita Malhotra,kavita.malhotra862@gmail.com,Gold Privilege,2024-10-19 03:02:20,8,932888.1,Champions
75,CUST-IND-000075,Anjali Dutta,anjali.dutta332@gmail.com,Gold Privilege,2024-07-02 00:04:31,4,1423853.33,Loyal Customers
1868,CUST-IND-001868,Deepak Iyer,deepak.iyer391@gmail.com,Regular Shopper,2024-11-24 03:39:38,7,2105913.02,Loyal Customers
1895,CUST-IND-001895,Neha Pillai,neha.pillai460@gmail.com,Gold Privilege,2024-10-23 20:10:57,7,1695854.0,Loyal Customers
1221,CUST-IND-001221,Meera Hegde,meera.hegde563@gmail.com,Festival Occasional,2024-09-26 03:53:58,3,384349.27,Potential Loyalists
1626,CUST-IND-001626,Aditya Sen,aditya.sen737@gmail.com,Regular Shopper,2024-12-16 22:02:18,3,916491.98,Potential Loyalists
2267,CUST-IND-002267,Ananya Shetty,ananya.shetty481@gmail.com,Regular Shopper,2024-12-21 14:05:14,5,470257.93,Loyal Customers
1089,CUST-IND-001089,Niharika Mehta,niharika.mehta830@gmail.com,Gold Privilege,2024-11-13 14:50:13,5,1166326.9,Loyal Customers
317,CUST-IND-000317,Swati Chatterjee,swati.chatterjee718@gmail.com,VIP Club Premier,2024-06-24 18:03:57,5,943056.96,Loyal Customers
1826,CUST-IND-001826,Deepika Pillai,deepika.pillai995@gmail.com,Gold Privilege,2024-12-17 01:46:25,5,1000807.35,Loyal Customers
1014,CUST-IND-001014,Aditya Joshi,aditya.joshi933@gmail.com,Festival Occasional,2024-09-06 06:07:03,3,465794.52,Potential Loyalists
2214,CUST-IND-002214,Ritu Sharma,ritu.sharma252@gmail.com,Regular Shopper,2024-11-10 22:16:50,4,1228715.11,Loyal Customers
1450,CUST-IND-001450,Ritu Kumar,ritu.kumar489@gmail.com,Regular Shopper,2024-10-20 06:39:43,5,1174065.44,Loyal Customers
35,CUST-IND-000035,Neha Kulkarni,neha.kulkarni364@gmail.com,Regular Shopper,2024-10-29 22:58:10,6,2480228.92,Loyal Customers
414,CUST-IND-000414,Suresh Saxena,suresh.saxena611@gmail.com,Gold Privilege,2024-10-23 19:37:16,6,1398555.93,Loyal Customers
598,CUST-IND-000598,Anita Sen,anita.sen695@gmail.com,Gold Privilege,2024-12-10 01:42:01,2,482963.98,Potential Loyalists
178,CUST-IND-000178,Vikram Singh,vikram.singh241@gmail.com,VIP Club Premier,2024-12-11 10:16:53,2,95491.26,Potential Loyalists
1647,CUST-IND-001647,Deepika Malhotra,deepika.malhotra628@gmail.com,Gold Privilege,2024-10-23 00:25:37,3,845894.81,Potential Loyalists
1862,CUST-IND-001862,Deepika Pillai,deepika.pillai51@gmail.com,VIP Club Premier,2024-05-10 17:33:00,3,672565.39,Potential Loyalists
1150,CUST-IND-001150,Manoj Hegde,manoj.hegde680@gmail.com,Regular Shopper,2024-09-23 03:40:10,5,810263.01,Loyal Customers
2243,CUST-IND-002243,Anita Deshmukh,anita.deshmukh798@gmail.com,Festival Occasional,2024-12-25 09:47:06,2,560346.6,Potential Loyalists
2204,CUST-IND-002204,Neha Nair,neha.nair983@gmail.com,Gold Privilege,2024-09-10 21:39:49,5,837342.79,Loyal Customers
1383,CUST-IND-001383,Ritu Das,ritu.das654@gmail.com,Regular Shopper,2024-12-22 21:35:56,9,1421816.61,Champions
1413,CUST-IND-001413,Divya Mishra,divya.mishra551@gmail.com,Regular Shopper,2024-10-16 02:05:42,7,1509286.47,Loyal Customers
1697,CUST-IND-001697,Sanjay Dutta,sanjay.dutta493@gmail.com,Regular Shopper,2024-12-05 10:27:48,5,1493789.33,Loyal Customers
1856,CUST-IND-001856,Suresh Mishra,suresh.mishra944@gmail.com,Regular Shopper,2024-10-29 00:06:08,5,1190697.43,Loyal Customers
1405,CUST-IND-001405,Alok Deshmukh,alok.deshmukh135@gmail.com,Festival Occasional,2024-12-10 18:54:31,6,1079575.34,Loyal Customers
477,CUST-IND-000477,Aditya Dutta,aditya.dutta55@gmail.com,Festival Occasional,2024-12-14 01:53:07,5,1039995.22,Loyal Customers
941,CUST-IND-000941,Vikram Patel,vikram.patel72@gmail.com,Regular Shopper,2024-05-02 22:33:18,5,1250714.62,Loyal Customers
1924,CUST-IND-001924,Manoj Mukherjee,manoj.mukherjee560@gmail.com,Regular Shopper,2024-11-10 11:40:04,2,517588.14,Potential Loyalists
1691,CUST-IND-001691,Aarav Pillai,aarav.pillai786@gmail.com,Regular Shopper,2024-11-22 15:43:07,2,493010.6,Potential Loyalists
2177,CUST-IND-002177,Vishal Mukherjee,vishal.mukherjee234@gmail.com,Gold Privilege,2024-08-21 06:38:44,4,1488780.89,Loyal Customers
1615,CUST-IND-001615,Pooja Pillai,pooja.pillai675@gmail.com,Festival Occasional,2024-01-08 16:54:56,1,160078.54,New / Single Order
608,CUST-IND-000608,Alok Verma,alok.verma266@gmail.com,VIP Club Premier,2024-09-19 01:01:32,1,176976.65,New / Single Order
1139,CUST-IND-001139,Dev Shetty,dev.shetty698@gmail.com,VIP Club Premier,2024-10-04 14:32:44,2,416587.85,Potential Loyalists
1028,CUST-IND-001028,Amit Saxena,amit.saxena317@gmail.com,Regular Shopper,2024-12-22 10:27:59,4,655839.0,Loyal Customers
2283,CUST-IND-002283,Arjun Saxena,arjun.saxena959@gmail.com,Regular Shopper,2024-12-05 13:23:44,3,633857.36,Potential Loyalists
1466,CUST-IND-001466,Kavita Chatterjee,unregistered@retail.com,Gold Privilege,2024-11-22 01:58:44,4,1455947.78,Loyal Customers
2030,CUST-IND-002030,Sunita Mehta,sunita.mehta821@gmail.com,Gold Privilege,2024-08-28 20:12:34,6,786658.88,Loyal Customers
1842,CUST-IND-001842,Ananya Deshmukh,ananya.deshmukh74@gmail.com,VIP Club Premier,2024-09-11 17:30:52,4,955359.96,Loyal Customers
1426,CUST-IND-001426,Rohan Mishra,rohan.mishra690@gmail.com,Regular Shopper,2024-09-30 11:52:08,3,819124.39,Potential Loyalists
585,CUST-IND-000585,Deepika Hegde,deepika.hegde236@gmail.com,Regular Shopper,2024-11-20 01:09:35,4,854438.77,Loyal Customers
615,CUST-IND-000615,Aditya Deshmukh,aditya.deshmukh768@gmail.com,Festival Occasional,2024-09-15 22:54:00,3,952893.96,Potential Loyalists
2487,CUST-IND-002487,Niharika Deshmukh,niharika.deshmukh344@gmail.com,Festival Occasional,2024-12-23 16:18:26,2,443092.37,Potential Loyalists
362,CUST-IND-000362,Amit Rao,amit.rao621@gmail.com,Regular Shopper,2024-06-03 00:45:31,2,626614.36,Potential Loyalists
846,CUST-IND-000846,Karthik Shetty,karthik.shetty11@gmail.com,Regular Shopper,2024-08-29 01:09:22,4,1038452.58,Loyal Customers
1995,CUST-IND-001995,Manoj Bansal,manoj.bansal397@gmail.com,Regular Shopper,2024-10-27 20:49:56,2,415829.42,Potential Loyalists
297,CUST-IND-000297,Alok Shetty,alok.shetty933@gmail.com,Gold Privilege,2024-10-06 06:40:26,5,983667.05,Loyal Customers
1292,CUST-IND-001292,Sanjay Jha,sanjay.jha56@gmail.com,Regular Shopper,2024-10-14 06:30:36,7,1946650.99,Loyal Customers
1796,CUST-IND-001796,Arjun Chaudhary,arjun.chaudhary180@gmail.com,Regular Shopper,2024-07-19 16:10:59,1,84155.01,New / Single Order
17,CUST-IND-000017,Rahul Joshi,rahul.joshi54@gmail.com,Festival Occasional,2024-12-24 20:27:08,3,804201.32,Potential Loyalists
2233,CUST-IND-002233,Rajesh Das,rajesh.das603@gmail.com,Regular Shopper,2024-09-26 09:53:39,4,943740.05,Loyal Customers
1529,CUST-IND-001529,Aarav Iyer,unregistered@retail.com,Gold Privilege,2024-12-15 22:54:22,3,482268.41,Potential Loyalists
259,CUST-IND-000259,Neha Saxena,neha.saxena888@gmail.com,VIP Club Premier,2024-12-04 05:44:32,4,458648.89,Loyal Customers
196,CUST-IND-000196,Dev Mukherjee,dev.mukherjee525@gmail.com,Gold Privilege,2024-09-14 13:59:43,2,393273.96,Potential Loyalists
898,CUST-IND-000898,Sanjay Nair,sanjay.nair498@gmail.com,Regular Shopper,2024-12-05 13:25:55,3,977117.45,Potential Loyalists
220,CUST-IND-000220,Manoj Reddy,manoj.reddy41@gmail.com,VIP Club Premier,2024-10-28 21:38:00,4,1201164.42,Loyal Customers
801,CUST-IND-000801,Kavita Malhotra,kavita.malhotra442@gmail.com,Regular Shopper,2024-11-10 02:53:46,2,324252.33,Potential Loyalists
2231,CUST-IND-002231,Vikram Dutta,vikram.dutta802@gmail.com,Regular Shopper,2024-11-27 07:15:13,5,1274938.88,Loyal Customers
28,CUST-IND-000028,Tarun Iyer,tarun.iyer22@gmail.com,Regular Shopper,2024-06-17 01:03:40,2,483045.7,Potential Loyalists
2106,CUST-IND-002106,Neha Mishra,unregistered@retail.com,VIP Club Premier,2024-12-19 23:28:25,5,1021783.02,Loyal Customers
2308,CUST-IND-002308,Aarav Patel,aarav.patel496@gmail.com,Regular Shopper,2024-12-18 14:52:26,2,653365.21,Potential Loyalists
1756,CUST-IND-001756,Anita Nanda,unregistered@retail.com,Regular Shopper,2024-04-22 15:41:56,1,82957.12,New / Single Order
1269,CUST-IND-001269,Deepika Deshmukh,unregistered@retail.com,Gold Privilege,2024-12-08 20:09:12,3,717670.08,Potential Loyalists
963,CUST-IND-000963,Ritu Singh,ritu.singh311@gmail.com,Gold Privilege,2024-08-12 17:00:47,2,201512.13,Potential Loyalists
1551,CUST-IND-001551,Anita Iyer,anita.iyer372@gmail.com,Gold Privilege,2024-07-31 11:28:34,1,396450.91,New / Single Order
1970,CUST-IND-001970,Tarun Bhat,tarun.bhat731@gmail.com,Regular Shopper,2024-01-04 13:16:31,1,421016.54,New / Single Order
1566,CUST-IND-001566,Manoj Chatterjee,manoj.chatterjee383@gmail.com,Regular Shopper,2024-10-29 01:43:43,6,594432.66,Loyal Customers
1158,CUST-IND-001158,Rohan Sharma,rohan.sharma516@gmail.com,Regular Shopper,2024-12-31 10:08:53,8,1866967.75,Champions
409,CUST-IND-000409,Vikram Gupta,vikram.gupta296@gmail.com,Festival Occasional,2024-12-01 18:46:27,6,842566.88,Loyal Customers
2335,CUST-IND-002335,Divya Mukherjee,divya.mukherjee724@gmail.com,Regular Shopper,2024-11-20 23:08:17,5,1041488.98,Loyal Customers
1003,CUST-IND-001003,Anjali Singh,anjali.singh207@gmail.com,Festival Occasional,2024-11-18 04:04:20,8,1908448.57,Champions
1275,CUST-IND-001275,Aarav Das,aarav.das522@gmail.com,Festival Occasional,2024-12-20 10:17:10,5,1591345.36,Loyal Customers
1325,CUST-IND-001325,Aditya Kumar,aditya.kumar475@gmail.com,Regular Shopper,2024-12-02 01:01:04,11,3752506.57,Champions
1978,CUST-IND-001978,Dev Jha,dev.jha208@gmail.com,Regular Shopper,2024-12-01 23:02:43,9,2915972.17,Champions
1967,CUST-IND-001967,Niharika Mehta,niharika.mehta166@gmail.com,Regular Shopper,2024-12-17 12:24:48,6,1183569.62,Loyal Customers
1137,CUST-IND-001137,Deepika Verma,unregistered@retail.com,Gold Privilege,2024-05-29 12:16:26,2,378038.38,Potential Loyalists
2205,CUST-IND-002205,Manoj Rao,manoj.rao486@gmail.com,Festival Occasional,2024-12-17 02:28:00,4,850825.67,Loyal Customers
2319,CUST-IND-002319,Anjali Agarwal,anjali.agarwal407@gmail.com,Regular Shopper,2024-12-23 08:59:31,6,1547380.94,Loyal Customers
2323,CUST-IND-002323,Arjun Sharma,arjun.sharma747@gmail.com,Regular Shopper,2024-12-20 01:34:53,5,667371.96,Loyal Customers
2473,CUST-IND-002473,Pooja Kapoor,pooja.kapoor684@gmail.com,Regular Shopper,2024-09-20 04:50:27,6,2375867.17,Loyal Customers
2104,CUST-IND-002104,Divya Dutta,divya.dutta496@gmail.com,Gold Privilege,2024-10-30 20:21:30,4,455735.13,Loyal Customers
2376,CUST-IND-002376,Divya Malhotra,divya.malhotra737@gmail.com,Regular Shopper,2024-12-20 21:25:55,9,2664383.46,Champions
1656,CUST-IND-001656,Sanjay Patel,sanjay.patel631@gmail.com,Gold Privilege,2024-12-15 10:55:18,6,969965.02,Loyal Customers
1703,CUST-IND-001703,Deepika Desai,deepika.desai864@gmail.com,Gold Privilege,2024-12-04 08:51:10,8,2054158.06,Champions
1009,CUST-IND-001009,Aarav Chatterjee,aarav.chatterjee613@gmail.com,Gold Privilege,2024-11-19 19:28:12,9,2015421.51,Champions
2354,CUST-IND-002354,Sunita Nanda,sunita.nanda580@gmail.com,Gold Privilege,2024-08-22 03:10:29,4,1155998.55,Loyal Customers
1574,CUST-IND-001574,Kavita Kulkarni,kavita.kulkarni772@gmail.com,Regular Shopper,2024-11-18 21:48:40,8,1497500.81,Champions
118,CUST-IND-000118,Preeti Dutta,preeti.dutta143@gmail.com,Gold Privilege,2024-08-11 10:55:45,4,780411.62,Loyal Customers
1469,CUST-IND-001469,Karthik Jha,karthik.jha576@gmail.com,Regular Shopper,2024-12-28 07:30:42,4,734541.69,Loyal Customers
530,CUST-IND-000530,Deepak Hegde,deepak.hegde323@gmail.com,Festival Occasional,2024-12-18 17:51:41,7,1536572.12,Loyal Customers
1744,CUST-IND-001744,Suresh Chatterjee,suresh.chatterjee586@gmail.com,Gold Privilege,2024-12-04 22:05:07,7,1537084.1,Loyal Customers
1013,CUST-IND-001013,Manoj Kumar,unregistered@retail.com,Regular Shopper,2024-09-26 11:10:23,3,579697.09,Potential Loyalists
499,CUST-IND-000499,Aditya Pillai,aditya.pillai267@gmail.com,Regular Shopper,2024-10-31 05:46:36,8,1689701.29,Champions
2206,CUST-IND-002206,Rajesh Reddy,rajesh.reddy668@gmail.com,VIP Club Premier,2024-06-02 08:29:25,4,818552.43,Loyal Customers
1892,CUST-IND-001892,Niharika Singh,niharika.singh213@gmail.com,Regular Shopper,2024-12-07 11:27:14,9,1870259.03,Champions
593,CUST-IND-000593,Bhavna Jha,bhavna.jha522@gmail.com,VIP Club Premier,2024-05-29 03:48:31,3,684322.21,Potential Loyalists
1704,CUST-IND-001704,Pooja Rao,pooja.rao24@gmail.com,Regular Shopper,2024-12-13 22:45:23,8,1343747.38,Champions
783,CUST-IND-000783,Ananya Patel,unregistered@retail.com,Regular Shopper,2024-12-25 11:42:17,5,835707.35,Loyal Customers
1890,CUST-IND-001890,Kavita Patel,kavita.patel309@gmail.com,VIP Club Premier,2024-12-03 21:36:14,4,876735.02,Loyal Customers
1827,CUST-IND-001827,Meera Pillai,meera.pillai848@gmail.com,Regular Shopper,2024-09-12 17:24:22,2,393175.41,Potential Loyalists
1522,CUST-IND-001522,Bhavna Nair,bhavna.nair198@gmail.com,Regular Shopper,2024-12-23 17:17:44,6,1479275.6,Loyal Customers
252,CUST-IND-000252,Tarun Shetty,tarun.shetty989@gmail.com,VIP Club Premier,2024-11-21 22:40:10,7,1381974.79,Loyal Customers
2135,CUST-IND-002135,Tarun Mukherjee,tarun.mukherjee457@gmail.com,Gold Privilege,2024-12-22 17:59:37,4,418245.69,Loyal Customers
257,CUST-IND-000257,Shweta Nanda,shweta.nanda726@gmail.com,Gold Privilege,2024-10-13 01:02:20,6,1847233.17,Loyal Customers
288,CUST-IND-000288,Suresh Trivedi,suresh.trivedi477@gmail.com,Festival Occasional,2024-11-11 20:39:31,5,1601891.19,Loyal Customers
1582,CUST-IND-001582,Rajesh Chatterjee,rajesh.chatterjee950@gmail.com,Regular Shopper,2024-08-15 15:37:27,3,509956.5,Potential Loyalists
1217,CUST-IND-001217,Tarun Mehta,tarun.mehta203@gmail.com,Festival Occasional,2024-12-28 20:44:57,8,1795359.7,Champions
711,CUST-IND-000711,Sanjay Verma,sanjay.verma983@gmail.com,Regular Shopper,2024-09-24 02:03:31,4,1587015.34,Loyal Customers
215,CUST-IND-000215,Sunita Chatterjee,sunita.chatterjee30@gmail.com,Festival Occasional,2024-07-29 16:48:17,4,651336.09,Loyal Customers
1563,CUST-IND-001563,Vishal Agarwal,vishal.agarwal512@gmail.com,Regular Shopper,2024-10-11 00:17:19,5,1262150.25,Loyal Customers
691,CUST-IND-000691,Rohan Das,rohan.das940@gmail.com,Regular Shopper,2024-09-12 08:18:09,1,199219.86,New / Single Order
2353,CUST-IND-002353,Vikram Sharma,vikram.sharma890@gmail.com,Regular Shopper,2024-11-18 19:43:09,12,4511774.24,Champions
1374,CUST-IND-001374,Preeti Jha,preeti.jha805@gmail.com,Regular Shopper,2024-12-04 15:14:46,4,917349.96,Loyal Customers
186,CUST-IND-000186,Tarun Shetty,tarun.shetty252@gmail.com,Gold Privilege,2024-10-18 00:00:53,6,1207950.07,Loyal Customers
491,CUST-IND-000491,Rohan Mukherjee,rohan.mukherjee310@gmail.com,Regular Shopper,2024-10-07 21:51:57,4,749900.58,Loyal Customers
1156,CUST-IND-001156,Swati Mishra,swati.mishra716@gmail.com,Festival Occasional,2024-10-07 22:23:04,9,2594620.67,Champions
403,CUST-IND-000403,Preeti Bhat,preeti.bhat348@gmail.com,Gold Privilege,2024-12-14 03:50:16,7,1064348.76,Loyal Customers
1588,CUST-IND-001588,Vikram Pillai,vikram.pillai858@gmail.com,Regular Shopper,2024-12-08 20:25:36,7,1219316.34,Loyal Customers
55,CUST-IND-000055,Vikram Kapoor,vikram.kapoor74@gmail.com,Gold Privilege,2024-11-23 09:54:21,6,1618619.54,Loyal Customers
1991,CUST-IND-001991,Priya Nair,priya.nair482@gmail.com,Festival Occasional,2024-09-20 00:50:08,8,1843944.04,Champions
2184,CUST-IND-002184,Shweta Shetty,shweta.shetty989@gmail.com,Regular Shopper,2024-12-26 12:11:53,6,1593580.65,Loyal Customers
2489,CUST-IND-002489,Vikram Nair,vikram.nair967@gmail.com,Festival Occasional,2024-12-02 16:04:08,4,389077.35,Loyal Customers
80,CUST-IND-000080,Ananya Nair,unregistered@retail.com,VIP Club Premier,2024-10-23 12:58:42,8,2205715.55,Champions
2334,CUST-IND-002334,Aarav Kapoor,aarav.kapoor550@gmail.com,Regular Shopper,2024-12-25 23:43:02,7,1426594.12,Loyal Customers
295,CUST-IND-000295,Anita Deshmukh,unregistered@retail.com,Regular Shopper,2024-12-25 11:24:25,8,1450456.47,Champions
800,CUST-IND-000800,Amit Nanda,amit.nanda964@gmail.com,Gold Privilege,2024-10-23 00:21:34,3,1011352.61,Potential Loyalists
1051,CUST-IND-001051,Vishal Desai,vishal.desai420@gmail.com,Regular Shopper,2024-12-20 06:33:26,3,551928.94,Potential Loyalists
1241,CUST-IND-001241,Deepak Chatterjee,deepak.chatterjee925@gmail.com,Regular Shopper,2024-07-27 04:43:00,4,1349321.02,Loyal Customers
1877,CUST-IND-001877,Sanjay Dutta,sanjay.dutta57@gmail.com,Regular Shopper,2024-11-16 11:21:34,8,1954042.28,Champions
771,CUST-IND-000771,Preeti Desai,preeti.desai379@gmail.com,Gold Privilege,2024-11-26 11:40:57,7,1364651.04,Loyal Customers
1893,CUST-IND-001893,Lakshmi Joshi,lakshmi.joshi410@gmail.com,VIP Club Premier,2024-11-26 19:21:42,4,458281.66,Loyal Customers
1700,CUST-IND-001700,Amit Pillai,amit.pillai157@gmail.com,Regular Shopper,2024-12-15 22:34:44,4,680128.71,Loyal Customers
796,CUST-IND-000796,Karthik Chaudhary,karthik.chaudhary771@gmail.com,Gold Privilege,2024-12-16 17:30:08,3,825167.35,Potential Loyalists
2449,CUST-IND-002449,Arjun Pillai,arjun.pillai760@gmail.com,Regular Shopper,2024-11-15 18:05:37,4,1613373.48,Loyal Customers
610,CUST-IND-000610,Dev Deshmukh,dev.deshmukh609@gmail.com,Festival Occasional,2024-10-10 12:13:19,3,535495.19,Potential Loyalists
2488,CUST-IND-002488,Dev Kumar,dev.kumar58@gmail.com,Gold Privilege,2024-12-27 05:29:26,4,752032.86,Loyal Customers
306,CUST-IND-000306,Aditya Sharma,aditya.sharma999@gmail.com,Regular Shopper,2024-10-27 21:46:24,9,2647620.21,Champions
546,CUST-IND-000546,Bhavna Sen,bhavna.sen155@gmail.com,Gold Privilege,2024-12-28 08:00:02,5,1588863.49,Loyal Customers
562,CUST-IND-000562,Rohan Sen,rohan.sen877@gmail.com,Regular Shopper,2024-02-27 18:55:30,1,182662.29,New / Single Order
493,CUST-IND-000493,Rajesh Verma,rajesh.verma686@gmail.com,Regular Shopper,2024-11-24 16:44:24,4,1366871.29,Loyal Customers
879,CUST-IND-000879,Deepika Patel,deepika.patel578@gmail.com,Regular Shopper,2024-09-01 16:05:29,6,1051229.14,Loyal Customers
1803,CUST-IND-001803,Dev Patel,dev.patel52@gmail.com,Regular Shopper,2024-12-09 02:21:01,5,1664460.21,Loyal Customers
1808,CUST-IND-001808,Deepak Saxena,deepak.saxena591@gmail.com,Gold Privilege,2024-10-28 16:55:48,4,985176.94,Loyal Customers
217,CUST-IND-000217,Arjun Shetty,arjun.shetty716@gmail.com,Festival Occasional,2024-11-21 23:21:27,6,1452191.51,Loyal Customers
1982,CUST-IND-001982,Sunita Kulkarni,sunita.kulkarni432@gmail.com,Festival Occasional,2024-12-20 01:14:44,9,2217940.89,Champions
1116,CUST-IND-001116,Divya Das,divya.das2@gmail.com,Regular Shopper,2024-10-02 20:40:01,5,1238735.12,Loyal Customers
761,CUST-IND-000761,Rajesh Pillai,rajesh.pillai201@gmail.com,Regular Shopper,2024-12-15 22:45:52,2,646237.39,Potential Loyalists
392,CUST-IND-000392,Lakshmi Agarwal,lakshmi.agarwal586@gmail.com,VIP Club Premier,2024-05-11 21:01:50,3,342707.09,Potential Loyalists
924,CUST-IND-000924,Rajesh Pillai,rajesh.pillai139@gmail.com,Regular Shopper,2024-09-17 20:50:58,3,1098457.09,Potential Loyalists
942,CUST-IND-000942,Ananya Kulkarni,ananya.kulkarni166@gmail.com,Festival Occasional,2024-10-20 06:06:48,7,2390663.89,Loyal Customers
1049,CUST-IND-001049,Manoj Kumar,manoj.kumar740@gmail.com,Regular Shopper,2024-12-24 03:03:44,3,717679.12,Potential Loyalists
1929,CUST-IND-001929,Sanjay Agarwal,sanjay.agarwal434@gmail.com,VIP Club Premier,2024-12-27 07:15:13,4,725439.03,Loyal Customers
1499,CUST-IND-001499,Anjali Iyer,anjali.iyer238@gmail.com,Gold Privilege,2024-12-25 10:59:56,4,1299262.25,Loyal Customers
2076,CUST-IND-002076,Dev Hegde,dev.hegde37@gmail.com,Regular Shopper,2024-06-28 01:59:51,5,846941.35,Loyal Customers
1392,CUST-IND-001392,Niharika Nair,niharika.nair853@gmail.com,Regular Shopper,2024-09-30 20:07:50,4,1877453.08,Loyal Customers
2262,CUST-IND-002262,Bhavna Bhat,bhavna.bhat465@gmail.com,Regular Shopper,2024-08-30 06:56:40,7,1255228.48,Loyal Customers
1668,CUST-IND-001668,Tarun Chatterjee,tarun.chatterjee987@gmail.com,Regular Shopper,2024-12-20 20:39:13,7,2102086.09,Loyal Customers
2339,CUST-IND-002339,Preeti Iyer,preeti.iyer753@gmail.com,Festival Occasional,2024-10-17 07:09:54,5,754663.46,Loyal Customers
2164,CUST-IND-002164,Deepika Nanda,deepika.nanda504@gmail.com,Festival Occasional,2024-07-23 19:43:11,3,603509.38,Potential Loyalists
980,CUST-IND-000980,Manoj Pillai,manoj.pillai520@gmail.com,VIP Club Premier,2024-08-27 19:31:53,5,1167732.03,Loyal Customers
1539,CUST-IND-001539,Rajesh Kumar,rajesh.kumar766@gmail.com,Regular Shopper,2024-11-22 11:21:34,4,1698931.5,Loyal Customers
1086,CUST-IND-001086,Ritu Nanda,ritu.nanda701@gmail.com,Festival Occasional,2024-12-03 03:06:22,5,1171082.97,Loyal Customers
1714,CUST-IND-001714,Divya Jha,divya.jha17@gmail.com,Gold Privilege,2024-12-29 20:45:36,7,1177555.09,Loyal Customers
2215,CUST-IND-002215,Anjali Joshi,anjali.joshi648@gmail.com,Regular Shopper,2024-11-20 06:01:51,6,1397824.6,Loyal Customers
263,CUST-IND-000263,Dev Nanda,dev.nanda380@gmail.com,Regular Shopper,2024-04-11 10:52:32,3,431841.13,Potential Loyalists
964,CUST-IND-000964,Divya Dutta,divya.dutta543@gmail.com,Festival Occasional,2024-10-30 11:43:33,6,914720.3,Loyal Customers
721,CUST-IND-000721,Rahul Joshi,rahul.joshi522@gmail.com,Festival Occasional,2024-12-04 16:44:43,4,1183770.62,Loyal Customers
1487,CUST-IND-001487,Rahul Shetty,rahul.shetty63@gmail.com,Regular Shopper,2024-10-02 12:55:17,6,1795560.45,Loyal Customers
822,CUST-IND-000822,Anjali Sen,anjali.sen651@gmail.com,Regular Shopper,2024-10-11 11:31:56,3,856980.44,Potential Loyalists
944,CUST-IND-000944,Sunita Joshi,sunita.joshi493@gmail.com,Regular Shopper,2024-12-30 18:38:31,1,456903.22,New / Single Order
2460,CUST-IND-002460,Alok Verma,alok.verma118@gmail.com,Regular Shopper,2024-12-28 13:04:40,2,185819.35,Potential Loyalists
1360,CUST-IND-001360,Ananya Reddy,ananya.reddy688@gmail.com,Regular Shopper,2024-07-28 04:06:16,5,663712.54,Loyal Customers
1669,CUST-IND-001669,Ananya Iyer,ananya.iyer105@gmail.com,Regular Shopper,2024-12-24 00:56:34,6,1332956.39,Loyal Customers
1728,CUST-IND-001728,Niharika Shetty,unregistered@retail.com,Regular Shopper,2024-11-23 18:45:15,7,996440.65,Loyal Customers
672,CUST-IND-000672,Kavita Agarwal,kavita.agarwal402@gmail.com,Gold Privilege,2024-11-03 22:47:27,4,799090.83,Loyal Customers
1199,CUST-IND-001199,Aarav Kapoor,aarav.kapoor460@gmail.com,Regular Shopper,2024-11-24 15:54:21,10,2314854.22,Champions
190,CUST-IND-000190,Kavita Nanda,kavita.nanda894@gmail.com,Gold Privilege,2024-08-28 04:00:57,4,1122309.67,Loyal Customers
770,CUST-IND-000770,Vishal Sen,vishal.sen780@gmail.com,Gold Privilege,2024-12-30 18:10:58,4,863750.98,Loyal Customers
2162,CUST-IND-002162,Ritu Singh,ritu.singh113@gmail.com,Regular Shopper,2024-11-09 12:41:01,2,31229.74,Potential Loyalists
363,CUST-IND-000363,Bhavna Nanda,bhavna.nanda775@gmail.com,VIP Club Premier,2024-10-17 07:31:15,6,1333240.15,Loyal Customers
984,CUST-IND-000984,Bhavna Mishra,bhavna.mishra976@gmail.com,Gold Privilege,2024-10-20 14:14:48,4,1045860.06,Loyal Customers
1806,CUST-IND-001806,Swati Iyer,swati.iyer136@gmail.com,Regular Shopper,2024-12-27 19:37:37,7,2036054.25,Loyal Customers
350,CUST-IND-000350,Suresh Deshmukh,suresh.deshmukh298@gmail.com,Regular Shopper,2024-12-03 17:45:08,2,65580.65,Potential Loyalists
1004,CUST-IND-001004,Niharika Joshi,niharika.joshi828@gmail.com,Regular Shopper,2024-12-16 12:28:42,2,557255.19,Potential Loyalists
1936,CUST-IND-001936,Anita Nanda,anita.nanda302@gmail.com,Regular Shopper,2024-09-18 07:34:59,3,354859.75,Potential Loyalists
2251,CUST-IND-002251,Bhavna Chatterjee,bhavna.chatterjee483@gmail.com,Regular Shopper,2024-06-14 04:17:17,3,500158.32,Potential Loyalists
2229,CUST-IND-002229,Ananya Nanda,ananya.nanda449@gmail.com,Regular Shopper,2024-12-15 03:22:59,5,1205007.05,Loyal Customers
687,CUST-IND-000687,Karthik Sharma,karthik.sharma575@gmail.com,VIP Club Premier,2024-11-17 16:37:22,6,860759.18,Loyal Customers
460,CUST-IND-000460,Karthik Deshmukh,karthik.deshmukh17@gmail.com,Gold Privilege,2024-02-01 04:24:43,1,220134.04,New / Single Order
656,CUST-IND-000656,Divya Jha,divya.jha136@gmail.com,Festival Occasional,2024-11-18 19:29:36,3,1025332.17,Potential Loyalists
1651,CUST-IND-001651,Preeti Nair,preeti.nair458@gmail.com,Regular Shopper,2024-08-11 17:18:03,5,1361107.4,Loyal Customers
1962,CUST-IND-001962,Niharika Jha,niharika.jha871@gmail.com,Gold Privilege,2024-07-31 11:21:54,5,1080875.63,Loyal Customers
89,CUST-IND-000089,Amit Trivedi,unregistered@retail.com,Regular Shopper,2024-12-28 02:03:36,7,1543545.32,Loyal Customers
671,CUST-IND-000671,Deepika Bansal,deepika.bansal374@gmail.com,VIP Club Premier,2024-06-13 14:29:03,5,1123177.2,Loyal Customers
677,CUST-IND-000677,Dev Patel,unregistered@retail.com,VIP Club Premier,2024-07-05 12:59:13,4,963357.83,Loyal Customers
1083,CUST-IND-001083,Amit Kapoor,amit.kapoor773@gmail.com,VIP Club Premier,2024-10-17 10:26:01,6,1558937.66,Loyal Customers
1062,CUST-IND-001062,Tarun Mishra,tarun.mishra502@gmail.com,Gold Privilege,2024-11-09 20:25:35,5,1414582.9,Loyal Customers
146,CUST-IND-000146,Meera Patel,meera.patel98@gmail.com,VIP Club Premier,2024-12-02 01:38:48,6,1987888.53,Loyal Customers
1986,CUST-IND-001986,Aditya Agarwal,aditya.agarwal712@gmail.com,VIP Club Premier,2024-12-30 22:41:57,5,1212416.75,Loyal Customers
2178,CUST-IND-002178,Karthik Shetty,karthik.shetty943@gmail.com,Festival Occasional,2024-11-03 01:01:39,5,1387531.18,Loyal Customers
7,CUST-IND-000007,Arjun Rao,arjun.rao134@gmail.com,Regular Shopper,2024-07-19 13:51:24,3,664147.85,Potential Loyalists
1839,CUST-IND-001839,Suresh Reddy,suresh.reddy187@gmail.com,Regular Shopper,2024-12-22 05:57:16,6,1106330.37,Loyal Customers
470,CUST-IND-000470,Anjali Agarwal,anjali.agarwal660@gmail.com,Festival Occasional,2024-09-26 01:07:25,3,545085.66,Potential Loyalists
1445,CUST-IND-001445,Pooja Patel,pooja.patel596@gmail.com,Regular Shopper,2024-05-13 04:33:32,1,268782.47,New / Single Order
2145,CUST-IND-002145,Manoj Singh,manoj.singh538@gmail.com,Regular Shopper,2024-10-19 18:21:30,2,541099.13,Potential Loyalists
2026,CUST-IND-002026,Priya Bhat,priya.bhat840@gmail.com,Festival Occasional,2024-09-16 07:14:40,4,1026694.79,Loyal Customers
2179,CUST-IND-002179,Vikram Dutta,vikram.dutta110@gmail.com,VIP Club Premier,2024-10-31 21:39:43,6,1760619.25,Loyal Customers
2123,CUST-IND-002123,Suresh Jha,suresh.jha91@gmail.com,Gold Privilege,2024-12-12 05:20:09,4,1637688.39,Loyal Customers
1228,CUST-IND-001228,Ritu Trivedi,ritu.trivedi146@gmail.com,Gold Privilege,2024-05-15 09:18:28,2,946895.56,Potential Loyalists
596,CUST-IND-000596,Rohan Deshmukh,rohan.deshmukh180@gmail.com,Festival Occasional,2024-11-20 02:39:24,5,1134986.16,Loyal Customers
2286,CUST-IND-002286,Shweta Shetty,shweta.shetty418@gmail.com,Regular Shopper,2024-09-26 03:36:29,3,840919.23,Potential Loyalists
1185,CUST-IND-001185,Pooja Trivedi,pooja.trivedi772@gmail.com,Festival Occasional,2024-09-01 06:41:14,3,318184.5,Potential Loyalists
2208,CUST-IND-002208,Ananya Kumar,ananya.kumar998@gmail.com,Regular Shopper,2024-03-21 11:26:58,2,492048.52,Potential Loyalists
1090,CUST-IND-001090,Karthik Agarwal,karthik.agarwal933@gmail.com,Gold Privilege,2024-10-28 00:52:59,6,805220.94,Loyal Customers
2493,CUST-IND-002493,Anjali Bansal,anjali.bansal735@gmail.com,Gold Privilege,2024-11-22 04:24:06,5,1119120.08,Loyal Customers
114,CUST-IND-000114,Arjun Joshi,arjun.joshi122@gmail.com,Festival Occasional,2024-10-16 01:52:24,4,1003482.5,Loyal Customers
1283,CUST-IND-001283,Divya Singh,divya.singh296@gmail.com,VIP Club Premier,2024-04-02 16:04:31,1,484646.19,New / Single Order
91,CUST-IND-000091,Rajesh Trivedi,rajesh.trivedi49@gmail.com,VIP Club Premier,2024-02-29 18:42:42,1,76211.64,New / Single Order
2102,CUST-IND-002102,Pooja Rao,pooja.rao495@gmail.com,Regular Shopper,2024-06-19 11:59:20,2,744572.29,Potential Loyalists
357,CUST-IND-000357,Deepak Das,deepak.das981@gmail.com,Regular Shopper,2024-10-29 12:58:39,2,299061.13,Potential Loyalists
2119,CUST-IND-002119,Deepika Kulkarni,deepika.kulkarni181@gmail.com,Regular Shopper,2024-11-24 22:15:57,2,762224.59,Potential Loyalists
2444,CUST-IND-002444,Meera Rao,meera.rao310@gmail.com,Gold Privilege,2024-12-14 03:40:09,2,396926.45,Potential Loyalists
912,CUST-IND-000912,Rohan Kumar,rohan.kumar121@gmail.com,Regular Shopper,2024-03-30 12:49:59,2,594423.92,Potential Loyalists
923,CUST-IND-000923,Anjali Jha,anjali.jha256@gmail.com,Regular Shopper,2024-06-03 16:54:24,1,28789.18,New / Single Order
410,CUST-IND-000410,Tarun Trivedi,tarun.trivedi824@gmail.com,VIP Club Premier,2024-11-15 16:20:50,4,502401.12,Loyal Customers
88,CUST-IND-000088,Alok Dutta,alok.dutta403@gmail.com,Regular Shopper,2024-12-19 17:25:57,5,1576009.17,Loyal Customers
1741,CUST-IND-001741,Alok Patel,alok.patel149@gmail.com,VIP Club Premier,2024-09-04 09:51:45,4,334074.51,Loyal Customers
1692,CUST-IND-001692,Ritu Shetty,ritu.shetty5@gmail.com,VIP Club Premier,2024-08-06 02:32:43,6,1166645.84,Loyal Customers
995,CUST-IND-000995,Karthik Kumar,karthik.kumar921@gmail.com,Gold Privilege,2024-11-15 17:53:23,7,1771530.28,Loyal Customers
344,CUST-IND-000344,Lakshmi Nanda,lakshmi.nanda648@gmail.com,Gold Privilege,2024-12-08 02:00:37,10,2105736.83,Champions
961,CUST-IND-000961,Neha Das,neha.das519@gmail.com,Festival Occasional,2024-12-08 18:22:26,7,1128474.44,Loyal Customers
371,CUST-IND-000371,Niharika Chaudhary,niharika.chaudhary511@gmail.com,Regular Shopper,2024-09-04 12:53:44,5,611644.55,Loyal Customers
1901,CUST-IND-001901,Divya Pillai,divya.pillai552@gmail.com,Festival Occasional,2024-11-24 02:58:56,10,2093464.37,Champions
1323,CUST-IND-001323,Kavita Bhat,kavita.bhat524@gmail.com,Regular Shopper,2024-10-02 23:00:06,6,1339642.99,Loyal Customers
1979,CUST-IND-001979,Ananya Bhat,ananya.bhat943@gmail.com,Festival Occasional,2024-09-14 17:21:41,4,1108092.8,Loyal Customers
1159,CUST-IND-001159,Niharika Hegde,niharika.hegde419@gmail.com,Festival Occasional,2024-07-14 10:16:33,3,1017033.05,Potential Loyalists
2170,CUST-IND-002170,Tarun Hegde,unregistered@retail.com,Gold Privilege,2024-11-01 06:33:33,8,1549546.36,Champions
1770,CUST-IND-001770,Aarav Bansal,aarav.bansal737@gmail.com,Regular Shopper,2024-12-24 22:48:50,6,1213234.56,Loyal Customers
1334,CUST-IND-001334,Vishal Hegde,vishal.hegde688@gmail.com,Regular Shopper,2024-12-10 12:12:22,4,766089.5,Loyal Customers
1257,CUST-IND-001257,Ananya Chaudhary,ananya.chaudhary837@gmail.com,Gold Privilege,2024-12-03 22:00:24,5,1068823.87,Loyal Customers
1863,CUST-IND-001863,Ritu Jha,ritu.jha953@gmail.com,Regular Shopper,2024-12-06 23:15:16,4,1509098.71,Loyal Customers
1281,CUST-IND-001281,Vikram Chaudhary,vikram.chaudhary349@gmail.com,Gold Privilege,2024-09-19 11:17:49,4,469514.17,Loyal Customers
1446,CUST-IND-001446,Priya Reddy,priya.reddy934@gmail.com,Regular Shopper,2024-12-15 10:57:37,6,1750911.92,Loyal Customers
1917,CUST-IND-001917,Ritu Rao,ritu.rao838@gmail.com,Regular Shopper,2024-11-21 09:46:17,4,1182719.87,Loyal Customers
465,CUST-IND-000465,Ritu Das,ritu.das207@gmail.com,Festival Occasional,2024-12-21 17:08:39,10,1827314.26,Champions
2463,CUST-IND-002463,Karthik Jha,karthik.jha805@gmail.com,VIP Club Premier,2024-12-21 10:38:00,4,716869.17,Loyal Customers
110,CUST-IND-000110,Alok Pillai,alok.pillai283@gmail.com,Regular Shopper,2024-12-30 20:36:06,3,1206969.09,Potential Loyalists
1160,CUST-IND-001160,Swati Mishra,swati.mishra704@gmail.com,Regular Shopper,2024-09-11 21:10:23,4,696676.26,Loyal Customers
442,CUST-IND-000442,Dev Bhat,dev.bhat350@gmail.com,Regular Shopper,2024-12-08 01:05:28,6,1355909.07,Loyal Customers
1133,CUST-IND-001133,Preeti Trivedi,preeti.trivedi856@gmail.com,Gold Privilege,2024-09-19 18:04:46,6,1005462.34,Loyal Customers
749,CUST-IND-000749,Dev Das,dev.das953@gmail.com,Regular Shopper,2024-08-27 15:57:46,7,863993.34,Loyal Customers
2299,CUST-IND-002299,Kavita Mukherjee,kavita.mukherjee8@gmail.com,Gold Privilege,2024-12-31 23:15:48,2,500067.65,Potential Loyalists
192,CUST-IND-000192,Neha Jha,neha.jha558@gmail.com,Gold Privilege,2024-09-07 13:28:01,5,505323.69,Loyal Customers
1067,CUST-IND-001067,Neha Deshmukh,neha.deshmukh700@gmail.com,Gold Privilege,2024-09-27 09:18:51,3,779632.05,Potential Loyalists
2058,CUST-IND-002058,Manoj Trivedi,unregistered@retail.com,Gold Privilege,2024-07-07 05:13:04,4,744740.72,Loyal Customers
326,CUST-IND-000326,Aditya Deshmukh,aditya.deshmukh382@gmail.com,Regular Shopper,2024-12-22 20:38:41,7,1043102.67,Loyal Customers
243,CUST-IND-000243,Shweta Pillai,shweta.pillai400@gmail.com,Gold Privilege,2024-11-28 04:51:14,7,1881064.65,Loyal Customers
2221,CUST-IND-002221,Rahul Shetty,rahul.shetty894@gmail.com,Gold Privilege,2024-12-27 17:37:18,7,1164232.57,Loyal Customers
901,CUST-IND-000901,Vikram Singh,vikram.singh99@gmail.com,VIP Club Premier,2024-12-19 04:04:35,4,748802.15,Loyal Customers
920,CUST-IND-000920,Dev Hegde,dev.hegde534@gmail.com,Gold Privilege,2024-10-16 05:30:30,5,1372442.45,Loyal Customers
1223,CUST-IND-001223,Swati Das,swati.das161@gmail.com,VIP Club Premier,2024-12-21 06:22:13,5,1435449.5,Loyal Customers
1596,CUST-IND-001596,Deepika Hegde,deepika.hegde780@gmail.com,Regular Shopper,2024-12-06 00:49:17,2,277153.52,Potential Loyalists
2373,CUST-IND-002373,Neha Bhat,neha.bhat872@gmail.com,Regular Shopper,2024-12-25 05:15:40,7,1425186.09,Loyal Customers
828,CUST-IND-000828,Bhavna Reddy,bhavna.reddy740@gmail.com,Gold Privilege,2024-08-31 17:08:50,2,509467.24,Potential Loyalists
1887,CUST-IND-001887,Pooja Kapoor,pooja.kapoor18@gmail.com,Regular Shopper,2024-10-31 04:27:11,4,1024225.52,Loyal Customers
1807,CUST-IND-001807,Meera Desai,meera.desai153@gmail.com,Festival Occasional,2024-11-19 09:05:01,3,1438498.2,Potential Loyalists
2446,CUST-IND-002446,Preeti Nanda,preeti.nanda390@gmail.com,Regular Shopper,2024-12-03 06:13:40,9,1646514.66,Champions
2098,CUST-IND-002098,Anjali Dutta,anjali.dutta270@gmail.com,Festival Occasional,2024-06-29 03:33:19,5,1251548.93,Loyal Customers
847,CUST-IND-000847,Ananya Gupta,ananya.gupta806@gmail.com,Regular Shopper,2024-12-02 18:12:40,4,568774.61,Loyal Customers
2019,CUST-IND-002019,Karthik Chaudhary,karthik.chaudhary664@gmail.com,Regular Shopper,2024-10-31 12:45:20,5,1744822.67,Loyal Customers
2186,CUST-IND-002186,Sanjay Mehta,sanjay.mehta569@gmail.com,Regular Shopper,2024-05-06 23:57:11,2,362776.85,Potential Loyalists
2307,CUST-IND-002307,Rahul Jha,rahul.jha334@gmail.com,Regular Shopper,2024-08-21 09:18:06,4,438997.99,Loyal Customers
1030,CUST-IND-001030,Sanjay Chatterjee,sanjay.chatterjee395@gmail.com,Regular Shopper,2024-12-09 09:05:36,7,1376723.74,Loyal Customers
640,CUST-IND-000640,Preeti Singh,preeti.singh646@gmail.com,Regular Shopper,2024-09-26 18:57:52,4,925168.76,Loyal Customers
1564,CUST-IND-001564,Rajesh Patel,rajesh.patel559@gmail.com,Festival Occasional,2024-12-18 01:12:35,4,734783.43,Loyal Customers
1765,CUST-IND-001765,Ritu Verma,ritu.verma490@gmail.com,Regular Shopper,2024-11-13 02:42:27,6,962234.47,Loyal Customers
1345,CUST-IND-001345,Rahul Nair,rahul.nair108@gmail.com,Gold Privilege,2024-11-17 00:51:32,7,1315940.61,Loyal Customers
905,CUST-IND-000905,Niharika Bhat,niharika.bhat407@gmail.com,Regular Shopper,2024-12-08 18:28:25,5,719995.26,Loyal Customers
131,CUST-IND-000131,Ananya Jha,ananya.jha789@gmail.com,Gold Privilege,2024-12-14 06:44:38,10,1598156.2,Champions
119,CUST-IND-000119,Alok Chaudhary,alok.chaudhary774@gmail.com,Regular Shopper,2024-10-18 03:37:04,5,896959.03,Loyal Customers
2293,CUST-IND-002293,Karthik Kapoor,karthik.kapoor505@gmail.com,Gold Privilege,2024-12-19 21:59:17,6,589705.4,Loyal Customers
1017,CUST-IND-001017,Anjali Shetty,anjali.shetty990@gmail.com,Regular Shopper,2024-08-20 13:11:38,6,2045890.55,Loyal Customers
605,CUST-IND-000605,Karthik Chaudhary,karthik.chaudhary880@gmail.com,Festival Occasional,2024-09-30 15:24:20,4,1391967.93,Loyal Customers
1146,CUST-IND-001146,Manoj Saxena,manoj.saxena815@gmail.com,Regular Shopper,2024-11-21 15:47:40,3,250116.6,Potential Loyalists
2477,CUST-IND-002477,Deepak Dutta,deepak.dutta158@gmail.com,Regular Shopper,2024-09-25 23:12:13,6,1014161.58,Loyal Customers
1516,CUST-IND-001516,Manoj Dutta,manoj.dutta899@gmail.com,Festival Occasional,2024-12-01 11:35:51,5,867964.7,Loyal Customers
1057,CUST-IND-001057,Ritu Trivedi,ritu.trivedi668@gmail.com,Gold Privilege,2024-12-01 11:17:34,6,2093473.19,Loyal Customers
1997,CUST-IND-001997,Neha Reddy,neha.reddy296@gmail.com,Gold Privilege,2024-12-16 14:42:23,8,2852125.8,Champions
59,CUST-IND-000059,Lakshmi Jha,unregistered@retail.com,Regular Shopper,2024-11-26 05:47:33,2,671576.61,Potential Loyalists
1575,CUST-IND-001575,Rohan Gupta,rohan.gupta196@gmail.com,Festival Occasional,2024-07-08 20:30:27,2,516438.91,Potential Loyalists
1789,CUST-IND-001789,Neha Shetty,neha.shetty887@gmail.com,Gold Privilege,2024-10-17 13:11:30,5,1018969.67,Loyal Customers
1358,CUST-IND-001358,Rajesh Deshmukh,rajesh.deshmukh572@gmail.com,Regular Shopper,2024-12-23 14:30:46,6,1235923.86,Loyal Customers
1687,CUST-IND-001687,Sunita Kulkarni,sunita.kulkarni652@gmail.com,VIP Club Premier,2024-12-17 18:27:07,12,2660006.74,Champions
523,CUST-IND-000523,Manoj Deshmukh,manoj.deshmukh161@gmail.com,Regular Shopper,2024-12-19 17:55:25,6,1080410.33,Loyal Customers
224,CUST-IND-000224,Neha Kumar,neha.kumar121@gmail.com,Regular Shopper,2024-09-20 15:07:22,6,1443468.98,Loyal Customers
1837,CUST-IND-001837,Manoj Nanda,manoj.nanda758@gmail.com,Gold Privilege,2024-06-27 04:55:24,1,223474.46,New / Single Order
2369,CUST-IND-002369,Karthik Kulkarni,karthik.kulkarni97@gmail.com,Regular Shopper,2024-12-17 00:20:05,4,769606.11,Loyal Customers
1494,CUST-IND-001494,Dev Bansal,dev.bansal542@gmail.com,Gold Privilege,2024-10-17 04:44:28,8,1664370.53,Champions
2296,CUST-IND-002296,Aarav Desai,aarav.desai57@gmail.com,Festival Occasional,2024-12-15 00:07:35,6,992792.44,Loyal Customers
2107,CUST-IND-002107,Rohan Sharma,rohan.sharma674@gmail.com,Regular Shopper,2024-12-29 18:54:11,6,1156285.57,Loyal Customers
2068,CUST-IND-002068,Niharika Chaudhary,niharika.chaudhary61@gmail.com,Regular Shopper,2024-12-08 02:48:07,4,728403.32,Loyal Customers
1087,CUST-IND-001087,Arjun Deshmukh,arjun.deshmukh449@gmail.com,Regular Shopper,2024-12-16 22:37:00,5,1323726.65,Loyal Customers
2421,CUST-IND-002421,Sanjay Malhotra,sanjay.malhotra866@gmail.com,VIP Club Premier,2024-12-25 07:42:40,3,843351.82,Potential Loyalists
1259,CUST-IND-001259,Alok Nanda,alok.nanda495@gmail.com,Regular Shopper,2024-05-17 09:19:18,5,1313880.98,Loyal Customers
256,CUST-IND-000256,Deepika Das,deepika.das756@gmail.com,VIP Club Premier,2024-12-31 15:01:05,5,707644.23,Loyal Customers
2005,CUST-IND-002005,Meera Das,meera.das552@gmail.com,Festival Occasional,2024-09-13 03:30:31,4,880157.58,Loyal Customers
1304,CUST-IND-001304,Pooja Chatterjee,pooja.chatterjee423@gmail.com,Festival Occasional,2024-09-28 23:30:12,8,1403922.18,Champions
1240,CUST-IND-001240,Manoj Bansal,manoj.bansal145@gmail.com,Gold Privilege,2024-11-13 04:08:16,3,858963.72,Potential Loyalists
2428,CUST-IND-002428,Swati Chaudhary,swati.chaudhary198@gmail.com,Gold Privilege,2024-09-26 10:12:32,5,1039972.59,Loyal Customers
94,CUST-IND-000094,Pooja Hegde,pooja.hegde170@gmail.com,Gold Privilege,2024-08-19 14:04:05,3,472021.18,Potential Loyalists
1284,CUST-IND-001284,Manoj Deshmukh,manoj.deshmukh377@gmail.com,Regular Shopper,2024-10-31 23:49:16,6,1467448.57,Loyal Customers
208,CUST-IND-000208,Ananya Mukherjee,ananya.mukherjee634@gmail.com,Gold Privilege,2024-12-25 03:55:04,12,2621203.59,Champions
1464,CUST-IND-001464,Aditya Gupta,aditya.gupta457@gmail.com,Regular Shopper,2024-12-30 19:15:34,4,921168.16,Loyal Customers
595,CUST-IND-000595,Amit Mukherjee,amit.mukherjee649@gmail.com,VIP Club Premier,2024-11-24 01:57:22,4,1114680.39,Loyal Customers
936,CUST-IND-000936,Sunita Das,sunita.das203@gmail.com,Regular Shopper,2024-11-27 13:18:05,6,1261990.81,Loyal Customers
2189,CUST-IND-002189,Arjun Desai,arjun.desai517@gmail.com,Festival Occasional,2024-11-04 06:19:44,3,499106.94,Potential Loyalists
694,CUST-IND-000694,Tarun Shetty,tarun.shetty987@gmail.com,Regular Shopper,2024-07-24 21:38:06,2,212507.46,Potential Loyalists
218,CUST-IND-000218,Deepak Sen,deepak.sen606@gmail.com,VIP Club Premier,2024-09-25 17:14:45,2,1134598.97,Potential Loyalists
134,CUST-IND-000134,Rohan Saxena,rohan.saxena939@gmail.com,Regular Shopper,2024-12-21 21:52:43,5,1170168.44,Loyal Customers
185,CUST-IND-000185,Swati Trivedi,unregistered@retail.com,Regular Shopper,2024-11-23 08:50:36,5,1173773.06,Loyal Customers
1237,CUST-IND-001237,Neha Singh,neha.singh109@gmail.com,Regular Shopper,2024-10-28 15:25:01,4,780362.59,Loyal Customers
2498,CUST-IND-002498,Preeti Kumar,preeti.kumar87@gmail.com,Gold Privilege,2024-07-10 20:21:34,4,845770.93,Loyal Customers
2309,CUST-IND-002309,Arjun Singh,arjun.singh686@gmail.com,Festival Occasional,2024-10-04 19:34:59,6,1502149.64,Loyal Customers
1719,CUST-IND-001719,Swati Desai,swati.desai570@gmail.com,Festival Occasional,2024-10-10 21:55:38,8,1814436.33,Champions
981,CUST-IND-000981,Suresh Malhotra,suresh.malhotra490@gmail.com,Regular Shopper,2024-11-11 08:07:31,5,1291078.89,Loyal Customers
21,CUST-IND-000021,Amit Gupta,amit.gupta22@gmail.com,Gold Privilege,2024-12-23 10:39:59,5,902044.41,Loyal Customers
1172,CUST-IND-001172,Preeti Bansal,preeti.bansal660@gmail.com,Regular Shopper,2024-05-07 09:49:11,4,973722.29,Loyal Customers
848,CUST-IND-000848,Karthik Reddy,karthik.reddy195@gmail.com,Regular Shopper,2024-12-14 22:20:25,6,1667121.94,Loyal Customers
1755,CUST-IND-001755,Rohan Patel,rohan.patel140@gmail.com,VIP Club Premier,2024-11-07 16:04:32,3,755477.63,Potential Loyalists
2032,CUST-IND-002032,Lakshmi Kulkarni,lakshmi.kulkarni100@gmail.com,Gold Privilege,2024-09-11 14:48:33,4,452223.91,Loyal Customers
1400,CUST-IND-001400,Vikram Chatterjee,vikram.chatterjee701@gmail.com,Gold Privilege,2024-10-06 07:56:17,3,61815.51,Potential Loyalists
611,CUST-IND-000611,Deepak Singh,deepak.singh965@gmail.com,Regular Shopper,2024-10-17 19:21:34,5,1629738.49,Loyal Customers
1624,CUST-IND-001624,Aarav Sharma,aarav.sharma555@gmail.com,Regular Shopper,2024-11-06 21:42:10,4,1206255.63,Loyal Customers
744,CUST-IND-000744,Alok Rao,alok.rao349@gmail.com,Regular Shopper,2024-12-30 18:02:44,8,2214022.46,Champions
1701,CUST-IND-001701,Niharika Jha,niharika.jha549@gmail.com,Festival Occasional,2024-10-29 00:19:55,2,516866.42,Potential Loyalists
1749,CUST-IND-001749,Anita Reddy,anita.reddy971@gmail.com,Festival Occasional,2024-06-21 18:37:07,1,248709.5,New / Single Order
1307,CUST-IND-001307,Dev Joshi,dev.joshi210@gmail.com,Regular Shopper,2024-12-12 01:23:39,4,1715246.47,Loyal Customers
1857,CUST-IND-001857,Amit Hegde,amit.hegde243@gmail.com,Regular Shopper,2024-11-12 07:38:21,5,1005707.34,Loyal Customers
2370,CUST-IND-002370,Neha Bhat,neha.bhat809@gmail.com,Regular Shopper,2024-11-11 23:57:01,3,763877.14,Potential Loyalists
1750,CUST-IND-001750,Sunita Reddy,sunita.reddy604@gmail.com,Gold Privilege,2024-10-26 17:37:31,6,1081244.44,Loyal Customers
1196,CUST-IND-001196,Anita Kumar,anita.kumar263@gmail.com,Regular Shopper,2024-09-02 10:27:53,4,666730.89,Loyal Customers
128,CUST-IND-000128,Amit Chaudhary,amit.chaudhary926@gmail.com,Regular Shopper,2024-07-30 20:20:58,3,676283.28,Potential Loyalists
501,CUST-IND-000501,Sanjay Kumar,sanjay.kumar365@gmail.com,Festival Occasional,2024-12-07 09:32:38,5,1344876.84,Loyal Customers
1420,CUST-IND-001420,Swati Chatterjee,swati.chatterjee999@gmail.com,Festival Occasional,2024-06-30 05:15:15,3,841148.24,Potential Loyalists
674,CUST-IND-000674,Vikram Deshmukh,vikram.deshmukh444@gmail.com,Regular Shopper,2024-08-23 22:41:58,3,1346199.22,Potential Loyalists
557,CUST-IND-000557,Rahul Nair,rahul.nair574@gmail.com,Festival Occasional,2024-11-17 21:13:26,4,375590.9,Loyal Customers
1817,CUST-IND-001817,Aarav Bhat,aarav.bhat650@gmail.com,Gold Privilege,2024-11-28 03:27:26,4,1404568.33,Loyal Customers
558,CUST-IND-000558,Vishal Mehta,vishal.mehta854@gmail.com,Gold Privilege,2024-12-15 17:54:44,4,1067494.05,Loyal Customers
2389,CUST-IND-002389,Aditya Sharma,aditya.sharma370@gmail.com,Gold Privilege,2024-10-13 02:50:10,6,1593506.49,Loyal Customers
52,CUST-IND-000052,Sanjay Shetty,sanjay.shetty669@gmail.com,Regular Shopper,2024-12-22 05:26:58,3,1238470.77,Potential Loyalists
872,CUST-IND-000872,Priya Gupta,priya.gupta151@gmail.com,Regular Shopper,2024-08-21 11:35:35,5,511937.92,Loyal Customers
446,CUST-IND-000446,Alok Kapoor,alok.kapoor406@gmail.com,Gold Privilege,2024-11-05 15:49:39,5,878956.6,Loyal Customers
921,CUST-IND-000921,Niharika Dutta,niharika.dutta209@gmail.com,VIP Club Premier,2024-03-22 02:26:01,3,816899.34,Potential Loyalists
2273,CUST-IND-002273,Suresh Chaudhary,suresh.chaudhary679@gmail.com,Regular Shopper,2024-08-12 08:10:44,3,1319962.74,Potential Loyalists
962,CUST-IND-000962,Kavita Kumar,kavita.kumar164@gmail.com,Gold Privilege,2024-09-17 03:54:21,5,727104.7,Loyal Customers
1429,CUST-IND-001429,Deepika Patel,deepika.patel300@gmail.com,Regular Shopper,2024-12-24 18:17:59,1,175689.15,New / Single Order
1274,CUST-IND-001274,Sanjay Malhotra,sanjay.malhotra733@gmail.com,Regular Shopper,2024-08-07 11:40:58,3,290806.37,Potential Loyalists
1251,CUST-IND-001251,Sunita Chaudhary,sunita.chaudhary607@gmail.com,Gold Privilege,2024-09-12 02:10:59,3,1555926.64,Potential Loyalists
1891,CUST-IND-001891,Kavita Kapoor,kavita.kapoor547@gmail.com,Regular Shopper,2024-09-08 10:08:06,4,506528.47,Loyal Customers
1382,CUST-IND-001382,Rohan Joshi,rohan.joshi814@gmail.com,Gold Privilege,2024-12-20 06:28:45,5,600011.85,Loyal Customers
305,CUST-IND-000305,Karthik Nanda,karthik.nanda146@gmail.com,Festival Occasional,2024-12-22 10:20:22,3,1242752.39,Potential Loyalists
1176,CUST-IND-001176,Niharika Sen,niharika.sen215@gmail.com,Gold Privilege,2024-10-06 11:26:59,3,940828.42,Potential Loyalists
494,CUST-IND-000494,Anjali Nair,anjali.nair701@gmail.com,Gold Privilege,2024-11-27 07:43:07,2,412981.47,Potential Loyalists
982,CUST-IND-000982,Karthik Shetty,karthik.shetty686@gmail.com,Regular Shopper,2024-06-26 16:45:20,1,131876.43,New / Single Order
286,CUST-IND-000286,Alok Das,alok.das437@gmail.com,Regular Shopper,,0,0.0,Inactive
2000,CUST-IND-002000,Suresh Saxena,suresh.saxena154@gmail.com,Regular Shopper,,0,0.0,Inactive
712,CUST-IND-000712,Deepak Agarwal,deepak.agarwal786@gmail.com,Regular Shopper,,0,0.0,Inactive
1542,CUST-IND-001542,Deepak Jha,deepak.jha357@gmail.com,Regular Shopper,2024-09-05 04:43:51,3,390034.26,Potential Loyalists
728,CUST-IND-000728,Karthik Kulkarni,karthik.kulkarni52@gmail.com,Festival Occasional,2024-12-30 00:46:35,8,2676709.55,Champions
1233,CUST-IND-001233,Divya Mishra,divya.mishra653@gmail.com,VIP Club Premier,2024-12-17 07:39:44,7,1524649.38,Loyal Customers
1809,CUST-IND-001809,Shweta Hegde,shweta.hegde257@gmail.com,Festival Occasional,2024-12-26 00:31:00,5,617034.23,Loyal Customers
60,CUST-IND-000060,Swati Reddy,swati.reddy937@gmail.com,Regular Shopper,2024-08-20 10:01:13,3,709367.66,Potential Loyalists
43,CUST-IND-000043,Priya Bhat,priya.bhat624@gmail.com,VIP Club Premier,2024-12-27 00:11:19,7,1199664.83,Loyal Customers
907,CUST-IND-000907,Rajesh Das,rajesh.das154@gmail.com,Regular Shopper,2024-10-23 04:27:40,6,1400475.72,Loyal Customers
2070,CUST-IND-002070,Ritu Agarwal,ritu.agarwal11@gmail.com,Regular Shopper,2024-07-29 07:27:37,4,857311.03,Loyal Customers
1737,CUST-IND-001737,Vishal Das,vishal.das970@gmail.com,Festival Occasional,2024-10-18 23:26:26,5,1021878.77,Loyal Customers
1960,CUST-IND-001960,Karthik Saxena,karthik.saxena753@gmail.com,Regular Shopper,2024-08-05 02:05:36,6,1084401.05,Loyal Customers
2290,CUST-IND-002290,Deepika Chatterjee,deepika.chatterjee497@gmail.com,Gold Privilege,2024-12-21 15:24:15,6,875121.59,Loyal Customers
552,CUST-IND-000552,Bhavna Nanda,bhavna.nanda628@gmail.com,VIP Club Premier,2024-11-22 20:36:07,7,1484111.5,Loyal Customers
1047,CUST-IND-001047,Deepika Nair,deepika.nair634@gmail.com,Regular Shopper,2024-09-01 07:46:45,1,1719.31,New / Single Order
886,CUST-IND-000886,Anita Das,anita.das376@gmail.com,VIP Club Premier,2024-08-06 07:16:00,5,1274681.24,Loyal Customers
204,CUST-IND-000204,Divya Kapoor,divya.kapoor602@gmail.com,Regular Shopper,2024-10-27 17:42:51,6,1145581.43,Loyal Customers
1193,CUST-IND-001193,Dev Chaudhary,dev.chaudhary850@gmail.com,Festival Occasional,2024-06-25 03:19:17,2,440946.17,Potential Loyalists
1965,CUST-IND-001965,Rahul Joshi,rahul.joshi649@gmail.com,Regular Shopper,2024-11-22 03:52:43,8,2157726.09,Champions
937,CUST-IND-000937,Priya Singh,priya.singh241@gmail.com,VIP Club Premier,2024-12-13 23:58:24,7,1302436.33,Loyal Customers
129,CUST-IND-000129,Karthik Mishra,karthik.mishra341@gmail.com,Gold Privilege,2024-12-22 21:06:00,4,529862.92,Loyal Customers
1073,CUST-IND-001073,Rahul Kapoor,rahul.kapoor58@gmail.com,Regular Shopper,2024-10-05 13:11:24,7,3096547.41,Loyal Customers
301,CUST-IND-000301,Pooja Trivedi,pooja.trivedi170@gmail.com,Regular Shopper,2024-12-02 00:01:54,4,669799.29,Loyal Customers
1852,CUST-IND-001852,Preeti Malhotra,preeti.malhotra696@gmail.com,Gold Privilege,2024-10-19 14:16:19,5,1377938.05,Loyal Customers
1363,CUST-IND-001363,Preeti Desai,preeti.desai784@gmail.com,Gold Privilege,2024-03-03 20:20:14,4,1338902.01,Loyal Customers
836,CUST-IND-000836,Alok Desai,alok.desai395@gmail.com,Regular Shopper,2024-12-21 00:31:34,5,625061.35,Loyal Customers
2495,CUST-IND-002495,Divya Das,divya.das201@gmail.com,VIP Club Premier,2024-09-03 13:25:08,5,1049737.71,Loyal Customers
1622,CUST-IND-001622,Ritu Bhat,ritu.bhat849@gmail.com,Gold Privilege,2024-12-04 21:47:55,2,608883.94,Potential Loyalists
1166,CUST-IND-001166,Preeti Mukherjee,preeti.mukherjee80@gmail.com,Regular Shopper,2024-09-01 21:44:36,7,1676284.84,Loyal Customers
452,CUST-IND-000452,Rohan Rao,rohan.rao281@gmail.com,Regular Shopper,2024-11-20 10:23:27,4,566717.36,Loyal Customers
732,CUST-IND-000732,Priya Nair,priya.nair827@gmail.com,Regular Shopper,2024-12-11 23:31:22,8,2069215.23,Champions
354,CUST-IND-000354,Tarun Das,tarun.das506@gmail.com,Regular Shopper,2024-12-11 04:26:05,5,1845449.05,Loyal Customers
1356,CUST-IND-001356,Niharika Hegde,niharika.hegde149@gmail.com,Gold Privilege,2024-11-18 18:16:53,2,1081417.12,Potential Loyalists
1565,CUST-IND-001565,Sanjay Joshi,sanjay.joshi329@gmail.com,Gold Privilege,2024-06-11 22:03:31,3,439464.09,Potential Loyalists
1758,CUST-IND-001758,Amit Patel,amit.patel324@gmail.com,Gold Privilege,2024-12-31 17:46:06,10,1691651.18,Champions
894,CUST-IND-000894,Alok Agarwal,alok.agarwal506@gmail.com,Gold Privilege,2024-12-19 16:55:28,5,1152431.69,Loyal Customers
1534,CUST-IND-001534,Divya Chatterjee,divya.chatterjee915@gmail.com,Gold Privilege,2024-11-08 06:55:09,6,1656234.68,Loyal Customers
751,CUST-IND-000751,Deepak Singh,deepak.singh55@gmail.com,Gold Privilege,2024-12-28 20:14:09,5,1339664.37,Loyal Customers
487,CUST-IND-000487,Anita Malhotra,anita.malhotra524@gmail.com,Gold Privilege,2024-12-23 23:46:17,9,1866090.66,Champions
2481,CUST-IND-002481,Anita Mukherjee,anita.mukherjee245@gmail.com,Gold Privilege,2024-11-28 17:00:07,5,1085141.56,Loyal Customers
1508,CUST-IND-001508,Karthik Rao,karthik.rao801@gmail.com,Regular Shopper,2024-12-04 09:21:57,7,1429413.44,Loyal Customers
1415,CUST-IND-001415,Deepak Patel,deepak.patel569@gmail.com,Regular Shopper,2024-09-02 23:59:25,4,894052.42,Loyal Customers
393,CUST-IND-000393,Tarun Trivedi,tarun.trivedi777@gmail.com,Gold Privilege,2024-08-05 04:00:24,4,612095.35,Loyal Customers
1411,CUST-IND-001411,Anjali Sharma,anjali.sharma762@gmail.com,VIP Club Premier,2024-04-04 23:23:39,3,871043.2,Potential Loyalists
2187,CUST-IND-002187,Aarav Chaudhary,aarav.chaudhary710@gmail.com,Gold Privilege,2024-12-12 08:49:45,7,1156501.04,Loyal Customers
1330,CUST-IND-001330,Preeti Agarwal,preeti.agarwal938@gmail.com,VIP Club Premier,2024-12-13 05:19:03,5,2398889.63,Loyal Customers
328,CUST-IND-000328,Rahul Jha,rahul.jha818@gmail.com,Regular Shopper,2024-06-01 22:12:07,6,1223843.48,Loyal Customers
1264,CUST-IND-001264,Deepika Saxena,deepika.saxena124@gmail.com,Regular Shopper,2024-12-16 17:31:49,6,567050.57,Loyal Customers
516,CUST-IND-000516,Suresh Mukherjee,suresh.mukherjee809@gmail.com,Gold Privilege,2024-12-21 23:41:34,3,871932.52,Potential Loyalists
1959,CUST-IND-001959,Anjali Hegde,anjali.hegde513@gmail.com,Gold Privilege,2024-10-29 20:39:50,4,1050571.48,Loyal Customers
2287,CUST-IND-002287,Vishal Desai,vishal.desai153@gmail.com,Regular Shopper,2024-12-30 06:15:16,5,850583.07,Loyal Customers
506,CUST-IND-000506,Vikram Desai,vikram.desai501@gmail.com,Gold Privilege,2024-11-23 23:05:55,7,1183426.96,Loyal Customers
1201,CUST-IND-001201,Dev Nair,dev.nair265@gmail.com,Festival Occasional,2024-11-12 14:44:21,4,1381874.73,Loyal Customers
1122,CUST-IND-001122,Ananya Kulkarni,ananya.kulkarni226@gmail.com,Festival Occasional,2024-07-06 06:14:07,4,739824.72,Loyal Customers
1430,CUST-IND-001430,Deepika Sen,deepika.sen8@gmail.com,Regular Shopper,2024-09-11 17:22:13,4,495186.31,Loyal Customers
2355,CUST-IND-002355,Aarav Chaudhary,aarav.chaudhary848@gmail.com,VIP Club Premier,2024-08-18 16:32:14,4,705195.56,Loyal Customers
53,CUST-IND-000053,Vishal Chaudhary,vishal.chaudhary944@gmail.com,Regular Shopper,2024-11-06 15:47:52,3,349362.34,Potential Loyalists
1245,CUST-IND-001245,Shweta Deshmukh,shweta.deshmukh957@gmail.com,VIP Club Premier,2024-09-19 01:27:31,3,721744.74,Potential Loyalists
803,CUST-IND-000803,Kavita Kapoor,kavita.kapoor446@gmail.com,Gold Privilege,2024-06-09 11:03:57,2,397205.45,Potential Loyalists
2001,CUST-IND-002001,Divya Pillai,divya.pillai81@gmail.com,Regular Shopper,2024-04-30 07:53:47,5,1209927.56,Loyal Customers
379,CUST-IND-000379,Arjun Mishra,arjun.mishra200@gmail.com,Gold Privilege,2024-12-17 09:47:54,5,1151126.34,Loyal Customers
390,CUST-IND-000390,Pooja Trivedi,pooja.trivedi870@gmail.com,Regular Shopper,2024-10-12 21:38:55,5,1165224.76,Loyal Customers
2351,CUST-IND-002351,Dev Deshmukh,dev.deshmukh355@gmail.com,Regular Shopper,2024-11-04 17:16:57,5,1222117.1,Loyal Customers
623,CUST-IND-000623,Anita Mishra,anita.mishra596@gmail.com,Regular Shopper,2024-11-28 14:02:52,3,476541.96,Potential Loyalists
2454,CUST-IND-002454,Amit Rao,amit.rao32@gmail.com,Gold Privilege,2024-10-14 11:57:03,4,618344.92,Loyal Customers
1311,CUST-IND-001311,Vishal Pillai,vishal.pillai578@gmail.com,Gold Privilege,2024-12-22 01:12:44,3,1165677.77,Potential Loyalists
1074,CUST-IND-001074,Ritu Singh,ritu.singh625@gmail.com,Regular Shopper,2024-12-05 22:06:03,6,1003156.09,Loyal Customers
2377,CUST-IND-002377,Pooja Verma,pooja.verma881@gmail.com,Regular Shopper,2024-10-27 01:31:29,8,1810459.82,Champions
2197,CUST-IND-002197,Shweta Dutta,shweta.dutta385@gmail.com,Regular Shopper,2024-08-26 14:19:13,4,484534.47,Loyal Customers
2400,CUST-IND-002400,Rahul Desai,rahul.desai320@gmail.com,Regular Shopper,2024-12-13 06:19:23,5,1176211.45,Loyal Customers
1262,CUST-IND-001262,Deepak Kumar,deepak.kumar296@gmail.com,VIP Club Premier,2024-11-14 16:19:40,2,235129.94,Potential Loyalists
1952,CUST-IND-001952,Pooja Pillai,pooja.pillai699@gmail.com,Regular Shopper,2024-10-27 02:31:14,2,277757.52,Potential Loyalists
897,CUST-IND-000897,Suresh Iyer,suresh.iyer908@gmail.com,Regular Shopper,2024-12-16 05:01:06,5,981392.67,Loyal Customers
554,CUST-IND-000554,Rohan Agarwal,rohan.agarwal198@gmail.com,Regular Shopper,2024-09-12 04:55:38,3,732557.99,Potential Loyalists
142,CUST-IND-000142,Swati Desai,swati.desai464@gmail.com,Festival Occasional,2024-12-28 03:12:49,3,555771.22,Potential Loyalists
1731,CUST-IND-001731,Alok Nanda,unregistered@retail.com,Regular Shopper,2024-12-13 05:55:25,5,558639.25,Loyal Customers
2361,CUST-IND-002361,Sunita Chaudhary,sunita.chaudhary636@gmail.com,Festival Occasional,2024-08-13 05:51:30,3,1353130.83,Potential Loyalists
322,CUST-IND-000322,Suresh Patel,suresh.patel770@gmail.com,Festival Occasional,2024-12-28 11:14:39,1,291306.75,New / Single Order
1097,CUST-IND-001097,Sunita Iyer,sunita.iyer217@gmail.com,Festival Occasional,2024-12-25 06:59:17,5,1922284.74,Loyal Customers
2069,CUST-IND-002069,Tarun Reddy,tarun.reddy611@gmail.com,Regular Shopper,2024-12-14 07:10:37,7,1858300.14,Loyal Customers
172,CUST-IND-000172,Lakshmi Deshmukh,lakshmi.deshmukh567@gmail.com,Regular Shopper,2024-09-17 19:02:48,6,595379.6,Loyal Customers
1558,CUST-IND-001558,Priya Patel,priya.patel411@gmail.com,Gold Privilege,2024-12-24 03:09:44,5,1284208.42,Loyal Customers
1273,CUST-IND-001273,Suresh Bhat,suresh.bhat437@gmail.com,Regular Shopper,2024-09-25 21:50:35,5,842164.54,Loyal Customers
784,CUST-IND-000784,Kavita Das,kavita.das458@gmail.com,Regular Shopper,2024-12-20 05:01:39,2,288883.29,Potential Loyalists
625,CUST-IND-000625,Kavita Shetty,kavita.shetty345@gmail.com,VIP Club Premier,2024-07-19 10:12:31,5,339459.67,Loyal Customers
2425,CUST-IND-002425,Ananya Kapoor,ananya.kapoor54@gmail.com,Gold Privilege,2024-12-20 23:31:48,3,1091802.01,Potential Loyalists
2300,CUST-IND-002300,Neha Bansal,neha.bansal82@gmail.com,VIP Club Premier,2024-12-09 20:03:19,4,666482.32,Loyal Customers
911,CUST-IND-000911,Tarun Jha,tarun.jha511@gmail.com,Gold Privilege,2024-11-27 03:25:20,4,481026.42,Loyal Customers
2034,CUST-IND-002034,Vikram Gupta,vikram.gupta769@gmail.com,Regular Shopper,2024-10-18 13:20:56,1,362642.08,New / Single Order
1459,CUST-IND-001459,Rajesh Sharma,rajesh.sharma732@gmail.com,Regular Shopper,2024-11-17 01:19:19,4,1326595.61,Loyal Customers
2009,CUST-IND-002009,Priya Mukherjee,priya.mukherjee777@gmail.com,Regular Shopper,2024-12-26 03:23:21,8,1755857.17,Champions
1124,CUST-IND-001124,Ananya Dutta,ananya.dutta530@gmail.com,Regular Shopper,2024-12-18 13:38:22,5,1335717.33,Loyal Customers
163,CUST-IND-000163,Priya Chaudhary,priya.chaudhary415@gmail.com,Festival Occasional,2024-10-23 16:38:58,2,600003.36,Potential Loyalists
2441,CUST-IND-002441,Amit Gupta,amit.gupta760@gmail.com,Gold Privilege,2024-12-26 06:54:10,3,359621.07,Potential Loyalists
1911,CUST-IND-001911,Vikram Mehta,vikram.mehta58@gmail.com,Regular Shopper,2024-10-23 19:30:20,3,468614.12,Potential Loyalists
1380,CUST-IND-001380,Dev Dutta,dev.dutta52@gmail.com,Regular Shopper,2024-12-10 22:19:59,6,1122231.81,Loyal Customers
843,CUST-IND-000843,Niharika Mishra,niharika.mishra840@gmail.com,Regular Shopper,2024-08-28 08:57:15,4,1034860.58,Loyal Customers
655,CUST-IND-000655,Anita Pillai,anita.pillai280@gmail.com,Festival Occasional,2024-04-21 16:26:28,2,191684.7,Potential Loyalists
1212,CUST-IND-001212,Ritu Kulkarni,ritu.kulkarni134@gmail.com,Gold Privilege,2024-12-07 04:57:36,4,406069.05,Loyal Customers
1800,CUST-IND-001800,Rahul Bhat,rahul.bhat135@gmail.com,VIP Club Premier,2024-12-30 17:07:13,8,1658371.55,Champions
1409,CUST-IND-001409,Dev Deshmukh,dev.deshmukh20@gmail.com,Regular Shopper,2024-12-01 06:45:42,3,771507.97,Potential Loyalists
2064,CUST-IND-002064,Anjali Reddy,anjali.reddy654@gmail.com,Regular Shopper,2024-08-09 12:39:56,3,971724.71,Potential Loyalists
1617,CUST-IND-001617,Shweta Kapoor,shweta.kapoor422@gmail.com,Gold Privilege,2024-11-27 19:09:32,8,1983219.42,Champions
780,CUST-IND-000780,Neha Reddy,neha.reddy253@gmail.com,VIP Club Premier,2024-06-08 21:09:29,4,1221768.34,Loyal Customers
2240,CUST-IND-002240,Vishal Kulkarni,vishal.kulkarni366@gmail.com,Gold Privilege,2024-11-27 04:32:57,4,854218.42,Loyal Customers
183,CUST-IND-000183,Amit Chaudhary,amit.chaudhary479@gmail.com,Gold Privilege,2024-04-19 23:53:08,3,1052452.11,Potential Loyalists
925,CUST-IND-000925,Suresh Jha,suresh.jha445@gmail.com,Regular Shopper,2024-10-01 11:26:00,7,1421062.63,Loyal Customers
1355,CUST-IND-001355,Anita Reddy,anita.reddy514@gmail.com,Regular Shopper,2024-11-21 02:02:22,4,661460.12,Loyal Customers
1752,CUST-IND-001752,Anita Das,anita.das294@gmail.com,VIP Club Premier,2024-11-30 23:22:32,7,1558352.08,Loyal Customers
1740,CUST-IND-001740,Aarav Gupta,aarav.gupta441@gmail.com,VIP Club Premier,2024-11-04 18:43:52,10,3176002.16,Champions
548,CUST-IND-000548,Suresh Saxena,suresh.saxena952@gmail.com,Regular Shopper,2024-12-24 06:55:23,9,2027181.23,Champions
1520,CUST-IND-001520,Ritu Malhotra,ritu.malhotra47@gmail.com,Festival Occasional,2024-12-27 22:28:32,2,961876.94,Potential Loyalists
404,CUST-IND-000404,Alok Bhat,alok.bhat663@gmail.com,Festival Occasional,2024-10-11 01:30:49,7,784881.84,Loyal Customers
283,CUST-IND-000283,Divya Saxena,divya.saxena610@gmail.com,Festival Occasional,2024-09-12 22:12:36,3,1384784.69,Potential Loyalists
1680,CUST-IND-001680,Ritu Trivedi,ritu.trivedi185@gmail.com,Regular Shopper,2024-08-02 06:21:35,3,628647.57,Potential Loyalists
1869,CUST-IND-001869,Meera Singh,meera.singh622@gmail.com,Regular Shopper,2024-12-26 20:15:17,6,1555133.22,Loyal Customers
1729,CUST-IND-001729,Tarun Kumar,tarun.kumar48@gmail.com,VIP Club Premier,2024-12-21 00:52:06,6,1475149.81,Loyal Customers
87,CUST-IND-000087,Arjun Malhotra,arjun.malhotra704@gmail.com,Festival Occasional,2024-12-08 20:29:31,4,598268.23,Loyal Customers
597,CUST-IND-000597,Divya Saxena,divya.saxena136@gmail.com,Festival Occasional,2024-12-28 06:36:41,5,1163843.06,Loyal Customers
1113,CUST-IND-001113,Arjun Kumar,arjun.kumar52@gmail.com,Festival Occasional,2024-04-06 08:31:35,2,239645.73,Potential Loyalists
1134,CUST-IND-001134,Manoj Joshi,manoj.joshi277@gmail.com,Festival Occasional,2024-12-06 20:02:45,8,1859299.28,Champions
318,CUST-IND-000318,Swati Verma,swati.verma156@gmail.com,Regular Shopper,2024-10-08 18:59:44,5,1003821.21,Loyal Customers
1632,CUST-IND-001632,Priya Joshi,priya.joshi665@gmail.com,Gold Privilege,2024-07-23 20:14:28,3,870039.27,Potential Loyalists
50,CUST-IND-000050,Suresh Sharma,suresh.sharma511@gmail.com,Regular Shopper,2024-07-09 05:34:47,4,1007866.37,Loyal Customers
616,CUST-IND-000616,Aarav Das,aarav.das227@gmail.com,Regular Shopper,2024-10-25 20:19:53,3,1165849.2,Potential Loyalists
2388,CUST-IND-002388,Suresh Shetty,suresh.shetty858@gmail.com,Regular Shopper,2024-11-16 02:51:53,2,542472.73,Potential Loyalists
2008,CUST-IND-002008,Kavita Agarwal,kavita.agarwal454@gmail.com,Regular Shopper,2024-09-09 05:52:39,3,653672.04,Potential Loyalists
353,CUST-IND-000353,Karthik Nanda,karthik.nanda622@gmail.com,Festival Occasional,2024-12-11 08:53:43,4,1048693.07,Loyal Customers
2322,CUST-IND-002322,Pooja Mukherjee,pooja.mukherjee740@gmail.com,Regular Shopper,2024-12-26 07:51:16,3,863087.72,Potential Loyalists
1983,CUST-IND-001983,Deepika Rao,deepika.rao53@gmail.com,Regular Shopper,2024-08-30 00:32:56,5,1457420.91,Loyal Customers
1769,CUST-IND-001769,Rajesh Kapoor,rajesh.kapoor175@gmail.com,Festival Occasional,2024-11-29 16:52:57,2,162157.0,Potential Loyalists
2103,CUST-IND-002103,Tarun Pillai,tarun.pillai292@gmail.com,Regular Shopper,2024-09-30 08:48:40,3,418248.52,Potential Loyalists
406,CUST-IND-000406,Rahul Saxena,rahul.saxena34@gmail.com,Festival Occasional,2024-10-29 14:20:48,5,1425553.97,Loyal Customers
1194,CUST-IND-001194,Ananya Joshi,ananya.joshi754@gmail.com,Festival Occasional,2024-12-27 14:16:24,6,1511338.11,Loyal Customers
508,CUST-IND-000508,Meera Kapoor,meera.kapoor76@gmail.com,Gold Privilege,2024-07-21 18:53:46,3,393866.77,Potential Loyalists
194,CUST-IND-000194,Manoj Mishra,manoj.mishra484@gmail.com,Regular Shopper,2024-06-05 02:32:23,3,617859.95,Potential Loyalists
2405,CUST-IND-002405,Deepika Bhat,deepika.bhat794@gmail.com,Regular Shopper,2024-04-24 08:28:43,3,600073.06,Potential Loyalists
235,CUST-IND-000235,Sanjay Patel,sanjay.patel543@gmail.com,Regular Shopper,2024-10-05 20:45:48,5,1937021.97,Loyal Customers
527,CUST-IND-000527,Lakshmi Iyer,lakshmi.iyer340@gmail.com,Gold Privilege,2024-04-18 18:13:41,4,1578111.28,Loyal Customers
1395,CUST-IND-001395,Manoj Iyer,manoj.iyer626@gmail.com,VIP Club Premier,2024-11-20 20:42:17,6,1053224.84,Loyal Customers
1416,CUST-IND-001416,Bhavna Shetty,bhavna.shetty370@gmail.com,Festival Occasional,2024-10-29 17:32:43,4,786282.64,Loyal Customers
1825,CUST-IND-001825,Neha Desai,neha.desai473@gmail.com,Festival Occasional,2024-10-06 23:44:55,8,1290454.39,Champions
636,CUST-IND-000636,Rohan Nanda,rohan.nanda401@gmail.com,Regular Shopper,2024-12-27 05:16:11,4,713499.93,Loyal Customers
975,CUST-IND-000975,Niharika Gupta,niharika.gupta224@gmail.com,Regular Shopper,2024-06-14 14:24:30,3,469792.33,Potential Loyalists
1457,CUST-IND-001457,Rohan Bansal,rohan.bansal415@gmail.com,Regular Shopper,2024-07-20 04:21:59,4,689003.63,Loyal Customers
2190,CUST-IND-002190,Ananya Trivedi,ananya.trivedi561@gmail.com,Regular Shopper,2024-09-12 20:46:44,3,827639.91,Potential Loyalists
2041,CUST-IND-002041,Alok Kumar,alok.kumar974@gmail.com,Festival Occasional,2024-02-29 02:52:20,2,159500.7,Potential Loyalists
9,CUST-IND-000009,Ananya Jha,ananya.jha590@gmail.com,VIP Club Premier,2024-09-17 20:24:49,1,83454.0,New / Single Order
1386,CUST-IND-001386,Kavita Saxena,kavita.saxena512@gmail.com,Gold Privilege,2024-12-09 04:20:11,3,1005005.49,Potential Loyalists
96,CUST-IND-000096,Meera Das,meera.das592@gmail.com,Regular Shopper,2024-12-07 00:00:23,6,842117.56,Loyal Customers
748,CUST-IND-000748,Neha Joshi,neha.joshi823@gmail.com,Gold Privilege,2024-12-26 16:11:16,8,1010082.28,Champions
1559,CUST-IND-001559,Aarav Joshi,aarav.joshi356@gmail.com,Gold Privilege,2024-12-03 15:37:20,6,1310517.37,Loyal Customers
2455,CUST-IND-002455,Rajesh Bansal,rajesh.bansal523@gmail.com,Gold Privilege,2024-04-21 05:00:58,1,213388.93,New / Single Order
459,CUST-IND-000459,Deepak Das,deepak.das36@gmail.com,Festival Occasional,2024-10-23 13:17:38,2,812939.15,Potential Loyalists
1279,CUST-IND-001279,Rahul Joshi,rahul.joshi74@gmail.com,Regular Shopper,2024-12-25 15:05:52,4,606319.84,Loyal Customers
2091,CUST-IND-002091,Lakshmi Kulkarni,lakshmi.kulkarni121@gmail.com,VIP Club Premier,2024-11-07 00:56:18,1,298258.06,New / Single Order
997,CUST-IND-000997,Dev Kapoor,dev.kapoor501@gmail.com,Festival Occasional,2024-01-06 18:11:07,1,31282.09,New / Single Order
2013,CUST-IND-002013,Preeti Bhat,preeti.bhat513@gmail.com,Regular Shopper,2024-02-09 03:10:56,1,544445.02,New / Single Order
2344,CUST-IND-002344,Divya Hegde,divya.hegde179@gmail.com,Regular Shopper,,0,0.0,Inactive
1846,CUST-IND-001846,Arjun Hegde,arjun.hegde941@gmail.com,VIP Club Premier,2024-06-05 09:12:01,4,553672.75,Loyal Customers
2155,CUST-IND-002155,Alok Verma,alok.verma340@gmail.com,Regular Shopper,2024-10-09 10:54:06,10,2996369.83,Champions
1571,CUST-IND-001571,Kavita Gupta,kavita.gupta319@gmail.com,Regular Shopper,2024-12-17 03:48:27,6,1291774.25,Loyal Customers
1673,CUST-IND-001673,Lakshmi Chaudhary,lakshmi.chaudhary726@gmail.com,Regular Shopper,2024-12-01 12:42:17,7,1636074.17,Loyal Customers
1721,CUST-IND-001721,Rahul Deshmukh,rahul.deshmukh393@gmail.com,VIP Club Premier,2024-09-10 17:21:10,7,1377165.94,Loyal Customers
2141,CUST-IND-002141,Deepak Kulkarni,deepak.kulkarni472@gmail.com,Regular Shopper,2024-06-26 10:45:45,7,1440811.46,Loyal Customers
2257,CUST-IND-002257,Dev Rao,dev.rao427@gmail.com,Regular Shopper,2024-08-31 09:14:19,7,1878803.19,Loyal Customers
802,CUST-IND-000802,Niharika Mishra,niharika.mishra207@gmail.com,Gold Privilege,2024-12-04 23:52:14,8,1896910.09,Champions
777,CUST-IND-000777,Preeti Nanda,preeti.nanda4@gmail.com,Regular Shopper,2024-09-28 21:28:25,7,2323885.3,Loyal Customers
2073,CUST-IND-002073,Vikram Trivedi,vikram.trivedi750@gmail.com,Gold Privilege,2024-09-02 22:54:08,6,747485.45,Loyal Customers
176,CUST-IND-000176,Ananya Iyer,ananya.iyer505@gmail.com,Regular Shopper,2024-10-22 13:17:05,7,1828423.35,Loyal Customers
1495,CUST-IND-001495,Arjun Reddy,arjun.reddy302@gmail.com,Festival Occasional,2024-11-29 16:02:47,6,935460.9,Loyal Customers
29,CUST-IND-000029,Deepak Bansal,deepak.bansal601@gmail.com,Regular Shopper,2024-11-26 09:22:37,5,1009218.63,Loyal Customers
1002,CUST-IND-001002,Karthik Chaudhary,karthik.chaudhary441@gmail.com,Festival Occasional,2024-09-26 04:00:28,8,1206705.98,Champions
210,CUST-IND-000210,Deepak Shetty,deepak.shetty156@gmail.com,Regular Shopper,2024-12-19 22:03:41,6,1697047.44,Loyal Customers
1702,CUST-IND-001702,Amit Kumar,amit.kumar779@gmail.com,Regular Shopper,2024-12-05 07:35:38,3,864264.2,Potential Loyalists
2209,CUST-IND-002209,Vishal Nanda,vishal.nanda596@gmail.com,Gold Privilege,2024-01-22 02:23:29,2,480734.97,Potential Loyalists
40,CUST-IND-000040,Tarun Gupta,tarun.gupta796@gmail.com,Regular Shopper,2024-12-10 14:26:21,3,328479.01,Potential Loyalists
2438,CUST-IND-002438,Divya Jha,divya.jha437@gmail.com,Regular Shopper,2024-12-02 20:06:12,7,1394194.91,Loyal Customers
1875,CUST-IND-001875,Manoj Gupta,manoj.gupta895@gmail.com,Gold Privilege,2024-12-28 02:59:37,8,2384182.84,Champions
1001,CUST-IND-001001,Dev Mukherjee,dev.mukherjee531@gmail.com,Regular Shopper,2024-11-12 10:58:00,5,1352932.02,Loyal Customers
1577,CUST-IND-001577,Anita Sharma,anita.sharma76@gmail.com,Regular Shopper,2024-09-27 05:58:22,4,1155473.74,Loyal Customers
991,CUST-IND-000991,Ritu Malhotra,ritu.malhotra815@gmail.com,Regular Shopper,2024-11-11 17:17:44,6,1905257.47,Loyal Customers
1819,CUST-IND-001819,Kavita Malhotra,kavita.malhotra114@gmail.com,Regular Shopper,2024-05-01 17:07:36,1,39254.42,New / Single Order
1313,CUST-IND-001313,Niharika Singh,niharika.singh700@gmail.com,Gold Privilege,2024-07-28 20:56:16,7,1880687.08,Loyal Customers
1500,CUST-IND-001500,Divya Deshmukh,divya.deshmukh958@gmail.com,Gold Privilege,2024-12-03 21:04:57,8,1506012.28,Champions
1926,CUST-IND-001926,Deepika Hegde,deepika.hegde734@gmail.com,Regular Shopper,2024-12-12 04:07:37,4,934215.14,Loyal Customers
1650,CUST-IND-001650,Arjun Patel,arjun.patel997@gmail.com,Gold Privilege,2024-11-21 00:01:28,6,1366683.63,Loyal Customers
1761,CUST-IND-001761,Ananya Deshmukh,ananya.deshmukh489@gmail.com,Gold Privilege,2024-11-11 16:09:26,3,517946.01,Potential Loyalists
284,CUST-IND-000284,Deepika Sharma,deepika.sharma320@gmail.com,Gold Privilege,2024-11-25 04:05:42,6,1459690.04,Loyal Customers
2033,CUST-IND-002033,Divya Saxena,divya.saxena58@gmail.com,Gold Privilege,2024-11-22 03:15:16,4,743803.43,Loyal Customers
2484,CUST-IND-002484,Meera Rao,meera.rao455@gmail.com,Regular Shopper,2024-12-03 12:12:19,5,789420.87,Loyal Customers
497,CUST-IND-000497,Anjali Shetty,anjali.shetty196@gmail.com,Regular Shopper,2024-11-18 18:11:59,9,2582990.13,Champions
1973,CUST-IND-001973,Rahul Kumar,rahul.kumar259@gmail.com,Regular Shopper,2024-10-17 21:14:53,7,1654995.09,Loyal Customers
1462,CUST-IND-001462,Amit Saxena,amit.saxena22@gmail.com,Regular Shopper,2024-08-24 23:24:30,4,793486.84,Loyal Customers
678,CUST-IND-000678,Alok Malhotra,alok.malhotra626@gmail.com,Regular Shopper,2024-12-28 17:00:07,6,988213.24,Loyal Customers
2320,CUST-IND-002320,Kavita Patel,kavita.patel794@gmail.com,Regular Shopper,2024-10-07 08:50:43,4,775614.37,Loyal Customers
2303,CUST-IND-002303,Divya Joshi,divya.joshi939@gmail.com,Gold Privilege,2024-12-28 22:31:14,5,717411.92,Loyal Customers
2045,CUST-IND-002045,Sunita Kulkarni,sunita.kulkarni68@gmail.com,Regular Shopper,2024-11-12 01:14:55,3,1116271.03,Potential Loyalists
2201,CUST-IND-002201,Divya Nair,divya.nair717@gmail.com,Gold Privilege,2024-10-17 07:28:42,5,1612660.18,Loyal Customers
1612,CUST-IND-001612,Arjun Dutta,arjun.dutta324@gmail.com,Regular Shopper,2024-12-15 19:10:33,5,803072.96,Loyal Customers
277,CUST-IND-000277,Ananya Sen,ananya.sen873@gmail.com,Gold Privilege,2024-07-11 08:33:45,5,689187.22,Loyal Customers
650,CUST-IND-000650,Rahul Trivedi,rahul.trivedi995@gmail.com,Festival Occasional,2024-12-30 18:21:05,6,1473125.85,Loyal Customers
1548,CUST-IND-001548,Aarav Nanda,aarav.nanda726@gmail.com,Regular Shopper,2024-10-17 23:16:53,4,989453.8,Loyal Customers
643,CUST-IND-000643,Rohan Shetty,rohan.shetty705@gmail.com,Gold Privilege,2024-12-26 09:02:37,5,1890261.28,Loyal Customers
977,CUST-IND-000977,Bhavna Sharma,bhavna.sharma918@gmail.com,Regular Shopper,2024-06-19 02:08:31,5,1458250.24,Loyal Customers
1490,CUST-IND-001490,Shweta Bhat,shweta.bhat780@gmail.com,Regular Shopper,2024-12-28 20:45:02,3,578402.14,Potential Loyalists
441,CUST-IND-000441,Amit Pillai,amit.pillai547@gmail.com,Regular Shopper,2024-11-03 14:54:57,6,1326903.55,Loyal Customers
496,CUST-IND-000496,Swati Rao,swati.rao943@gmail.com,VIP Club Premier,2024-10-04 09:19:18,3,899041.51,Potential Loyalists
1483,CUST-IND-001483,Divya Nair,divya.nair941@gmail.com,Festival Occasional,2024-09-30 05:54:00,4,1278149.67,Loyal Customers
1207,CUST-IND-001207,Vishal Patel,vishal.patel282@gmail.com,Festival Occasional,2024-12-25 13:53:09,7,1764725.21,Loyal Customers
681,CUST-IND-000681,Shweta Patel,shweta.patel121@gmail.com,Gold Privilege,2024-11-23 04:09:32,3,925131.11,Potential Loyalists
867,CUST-IND-000867,Dev Nanda,dev.nanda172@gmail.com,Festival Occasional,2024-12-26 10:45:49,6,1350675.41,Loyal Customers
774,CUST-IND-000774,Ritu Gupta,ritu.gupta966@gmail.com,Regular Shopper,2024-12-11 09:51:24,8,1845375.38,Champions
461,CUST-IND-000461,Kavita Dutta,kavita.dutta903@gmail.com,Regular Shopper,2024-08-31 04:43:11,4,799601.52,Loyal Customers
1142,CUST-IND-001142,Dev Nair,dev.nair556@gmail.com,Regular Shopper,2024-12-11 10:27:05,5,1250847.83,Loyal Customers
2364,CUST-IND-002364,Sanjay Deshmukh,sanjay.deshmukh286@gmail.com,Festival Occasional,2024-06-27 22:51:39,5,1328265.73,Loyal Customers
1735,CUST-IND-001735,Deepak Patel,deepak.patel111@gmail.com,VIP Club Premier,2024-11-11 07:13:40,6,1346125.54,Loyal Customers
2108,CUST-IND-002108,Niharika Saxena,niharika.saxena217@gmail.com,Festival Occasional,2024-08-05 09:17:00,5,634750.36,Loyal Customers
998,CUST-IND-000998,Anita Singh,anita.singh280@gmail.com,Gold Privilege,2024-08-16 15:38:42,5,1500461.9,Loyal Customers
20,CUST-IND-000020,Neha Joshi,neha.joshi731@gmail.com,Regular Shopper,2024-12-01 07:35:04,7,1543848.03,Loyal Customers
1648,CUST-IND-001648,Manoj Kapoor,manoj.kapoor110@gmail.com,Gold Privilege,2024-12-04 11:41:10,2,468806.33,Potential Loyalists
355,CUST-IND-000355,Vishal Mehta,vishal.mehta71@gmail.com,VIP Club Premier,2024-10-10 06:44:52,5,1171404.03,Loyal Customers
753,CUST-IND-000753,Aditya Saxena,aditya.saxena252@gmail.com,Regular Shopper,2024-12-01 12:08:27,7,1496252.72,Loyal Customers
1244,CUST-IND-001244,Lakshmi Das,unregistered@retail.com,Festival Occasional,2024-11-01 08:53:19,5,657545.56,Loyal Customers
1843,CUST-IND-001843,Amit Das,amit.das348@gmail.com,Festival Occasional,2024-02-18 23:49:00,2,555993.68,Potential Loyalists
2490,CUST-IND-002490,Aarav Bansal,aarav.bansal63@gmail.com,Festival Occasional,2024-12-10 07:20:22,6,1409696.92,Loyal Customers
438,CUST-IND-000438,Aditya Mehta,aditya.mehta315@gmail.com,Regular Shopper,2024-11-01 19:42:22,7,1384100.03,Loyal Customers
1027,CUST-IND-001027,Karthik Kulkarni,karthik.kulkarni475@gmail.com,VIP Club Premier,2024-12-15 21:29:12,5,1499285.66,Loyal Customers
325,CUST-IND-000325,Neha Singh,neha.singh417@gmail.com,Festival Occasional,2024-09-06 10:21:45,1,766800.16,New / Single Order
853,CUST-IND-000853,Sunita Shetty,sunita.shetty294@gmail.com,Gold Privilege,2024-11-11 09:32:38,3,964211.85,Potential Loyalists
478,CUST-IND-000478,Dev Iyer,dev.iyer453@gmail.com,Regular Shopper,2024-12-30 01:27:48,6,1289344.54,Loyal Customers
1301,CUST-IND-001301,Suresh Trivedi,suresh.trivedi737@gmail.com,Festival Occasional,2024-12-26 21:59:04,11,2806127.51,Champions
609,CUST-IND-000609,Sunita Rao,sunita.rao946@gmail.com,VIP Club Premier,2024-09-23 01:35:24,3,1048797.05,Potential Loyalists
1312,CUST-IND-001312,Manoj Das,manoj.das901@gmail.com,Regular Shopper,2024-08-23 16:42:18,5,781252.34,Loyal Customers
1012,CUST-IND-001012,Sanjay Mehta,sanjay.mehta865@gmail.com,Regular Shopper,2024-12-15 22:35:19,6,1909187.02,Loyal Customers
1149,CUST-IND-001149,Deepika Singh,deepika.singh122@gmail.com,Regular Shopper,2024-12-31 13:40:52,6,1962301.5,Loyal Customers
1678,CUST-IND-001678,Bhavna Rao,bhavna.rao836@gmail.com,VIP Club Premier,2024-11-02 22:20:02,4,983325.22,Loyal Customers
127,CUST-IND-000127,Vikram Pillai,vikram.pillai992@gmail.com,Gold Privilege,2024-09-18 16:02:12,4,455506.69,Loyal Customers
919,CUST-IND-000919,Suresh Trivedi,suresh.trivedi413@gmail.com,Gold Privilege,2024-12-22 10:46:50,8,1477714.72,Champions
528,CUST-IND-000528,Karthik Joshi,karthik.joshi545@gmail.com,Regular Shopper,2024-12-21 09:00:52,8,1632602.32,Champions
1218,CUST-IND-001218,Meera Hegde,meera.hegde601@gmail.com,Gold Privilege,2024-10-12 03:10:18,4,944314.9,Loyal Customers
2057,CUST-IND-002057,Pooja Dutta,pooja.dutta930@gmail.com,Gold Privilege,2024-12-22 12:39:06,3,1069444.09,Potential Loyalists
772,CUST-IND-000772,Anita Mukherjee,anita.mukherjee876@gmail.com,Regular Shopper,2024-08-31 05:49:09,7,688465.31,Loyal Customers
2021,CUST-IND-002021,Arjun Reddy,arjun.reddy806@gmail.com,Regular Shopper,2024-08-31 11:08:17,5,824524.62,Loyal Customers
520,CUST-IND-000520,Preeti Mishra,preeti.mishra280@gmail.com,Regular Shopper,2024-11-08 03:12:27,3,928509.62,Potential Loyalists
1723,CUST-IND-001723,Dev Verma,dev.verma223@gmail.com,Festival Occasional,2024-07-29 17:26:18,3,1214375.62,Potential Loyalists
2176,CUST-IND-002176,Divya Saxena,divya.saxena496@gmail.com,Gold Privilege,2024-09-06 08:02:11,4,1519589.8,Loyal Customers
738,CUST-IND-000738,Neha Sharma,neha.sharma549@gmail.com,Regular Shopper,2024-12-28 20:23:56,5,2014674.14,Loyal Customers
2492,CUST-IND-002492,Manoj Kumar,manoj.kumar488@gmail.com,Regular Shopper,2024-12-16 18:22:57,6,1819622.37,Loyal Customers
1075,CUST-IND-001075,Bhavna Malhotra,bhavna.malhotra480@gmail.com,Regular Shopper,2024-11-12 21:43:50,2,1048843.48,Potential Loyalists
291,CUST-IND-000291,Ananya Singh,ananya.singh106@gmail.com,Regular Shopper,2024-08-16 12:00:42,3,462561.92,Potential Loyalists
2456,CUST-IND-002456,Amit Patel,amit.patel227@gmail.com,Regular Shopper,2024-10-26 10:29:48,5,674209.84,Loyal Customers
511,CUST-IND-000511,Alok Sharma,alok.sharma576@gmail.com,Festival Occasional,2024-12-02 14:43:19,4,1311461.46,Loyal Customers
830,CUST-IND-000830,Ananya Mishra,ananya.mishra933@gmail.com,Regular Shopper,2024-12-20 06:43:39,3,720519.71,Potential Loyalists
225,CUST-IND-000225,Neha Jha,neha.jha398@gmail.com,Regular Shopper,2024-10-28 08:16:43,4,821457.27,Loyal Customers
950,CUST-IND-000950,Pooja Malhotra,pooja.malhotra190@gmail.com,Gold Privilege,2024-07-24 02:43:32,3,745286.94,Potential Loyalists
2202,CUST-IND-002202,Rahul Das,rahul.das487@gmail.com,VIP Club Premier,2024-12-24 22:29:36,7,1456646.96,Loyal Customers
230,CUST-IND-000230,Kavita Sen,kavita.sen790@gmail.com,Festival Occasional,2024-11-11 03:26:20,2,481687.45,Potential Loyalists
222,CUST-IND-000222,Ritu Reddy,ritu.reddy440@gmail.com,Gold Privilege,2024-04-01 06:33:31,2,438799.09,Potential Loyalists
360,CUST-IND-000360,Rohan Nanda,rohan.nanda864@gmail.com,Gold Privilege,2024-05-30 03:02:48,3,178884.54,Potential Loyalists
1191,CUST-IND-001191,Vishal Bansal,vishal.bansal411@gmail.com,Gold Privilege,2024-05-31 20:51:13,4,1084638.84,Loyal Customers
813,CUST-IND-000813,Niharika Rao,niharika.rao49@gmail.com,VIP Club Premier,2024-09-20 21:11:09,2,460428.17,Potential Loyalists
2224,CUST-IND-002224,Sanjay Trivedi,sanjay.trivedi543@gmail.com,VIP Club Premier,2024-11-30 22:20:11,5,979690.65,Loyal Customers
1458,CUST-IND-001458,Ritu Kulkarni,ritu.kulkarni304@gmail.com,Regular Shopper,2024-10-14 09:00:38,4,804230.82,Loyal Customers
2407,CUST-IND-002407,Suresh Iyer,suresh.iyer432@gmail.com,Festival Occasional,2024-12-10 03:22:43,4,804847.67,Loyal Customers
883,CUST-IND-000883,Lakshmi Malhotra,lakshmi.malhotra468@gmail.com,Festival Occasional,2024-08-10 21:59:36,2,161082.97,Potential Loyalists
1443,CUST-IND-001443,Tarun Rao,tarun.rao887@gmail.com,Regular Shopper,2024-05-16 08:05:33,2,333708.15,Potential Loyalists
1045,CUST-IND-001045,Vishal Reddy,vishal.reddy634@gmail.com,Gold Privilege,2024-09-29 17:23:25,3,631969.73,Potential Loyalists
483,CUST-IND-000483,Anita Joshi,anita.joshi238@gmail.com,Festival Occasional,2024-10-07 06:37:32,4,815691.14,Loyal Customers
358,CUST-IND-000358,Sunita Mishra,sunita.mishra447@gmail.com,Regular Shopper,2024-11-13 03:38:57,4,504697.19,Loyal Customers
2003,CUST-IND-002003,Pooja Sharma,pooja.sharma562@gmail.com,Regular Shopper,2024-10-02 08:48:28,4,455042.53,Loyal Customers
555,CUST-IND-000555,Aditya Mukherjee,aditya.mukherjee575@gmail.com,Regular Shopper,2024-07-06 01:02:50,3,1173955.94,Potential Loyalists
62,CUST-IND-000062,Manoj Nanda,manoj.nanda473@gmail.com,Regular Shopper,2024-10-02 08:39:56,5,686644.89,Loyal Customers
1763,CUST-IND-001763,Divya Verma,divya.verma710@gmail.com,Regular Shopper,2024-10-11 10:04:15,3,834288.56,Potential Loyalists
1690,CUST-IND-001690,Lakshmi Kapoor,lakshmi.kapoor363@gmail.com,Regular Shopper,2024-06-26 23:14:05,2,928776.14,Potential Loyalists
2172,CUST-IND-002172,Deepika Mishra,deepika.mishra25@gmail.com,Regular Shopper,2024-12-23 09:26:44,2,211957.32,Potential Loyalists
154,CUST-IND-000154,Lakshmi Mehta,lakshmi.mehta385@gmail.com,Gold Privilege,2024-09-29 21:17:25,4,959606.61,Loyal Customers
1989,CUST-IND-001989,Karthik Shetty,karthik.shetty765@gmail.com,Regular Shopper,2024-10-23 03:31:42,5,1325002.76,Loyal Customers
365,CUST-IND-000365,Sunita Chatterjee,sunita.chatterjee973@gmail.com,Regular Shopper,2024-12-15 13:53:13,6,1954076.06,Loyal Customers
1315,CUST-IND-001315,Manoj Desai,manoj.desai121@gmail.com,Gold Privilege,2024-06-01 15:52:51,4,702556.5,Loyal Customers
2063,CUST-IND-002063,Shweta Kapoor,shweta.kapoor343@gmail.com,Regular Shopper,2024-09-18 08:23:49,3,363268.77,Potential Loyalists
2476,CUST-IND-002476,Shweta Shetty,shweta.shetty295@gmail.com,Regular Shopper,2024-12-15 21:42:52,5,861769.13,Loyal Customers
405,CUST-IND-000405,Priya Kapoor,priya.kapoor51@gmail.com,Regular Shopper,2024-11-20 21:18:58,7,1410246.97,Loyal Customers
799,CUST-IND-000799,Aditya Saxena,aditya.saxena1@gmail.com,Gold Privilege,2024-09-23 04:22:57,6,1799349.72,Loyal Customers
1753,CUST-IND-001753,Suresh Hegde,unregistered@retail.com,Gold Privilege,2024-07-23 02:39:36,6,759232.75,Loyal Customers
1211,CUST-IND-001211,Ananya Pillai,ananya.pillai123@gmail.com,Regular Shopper,2024-05-26 02:38:59,4,1447773.62,Loyal Customers
1271,CUST-IND-001271,Niharika Desai,niharika.desai821@gmail.com,VIP Club Premier,2024-12-30 03:47:24,4,1299451.74,Loyal Customers
1247,CUST-IND-001247,Vishal Patel,vishal.patel45@gmail.com,Gold Privilege,2024-08-22 21:04:25,3,1335095.56,Potential Loyalists
2213,CUST-IND-002213,Dev Shetty,dev.shetty101@gmail.com,Regular Shopper,2024-09-09 04:42:24,4,674856.28,Loyal Customers
73,CUST-IND-000073,Aditya Chaudhary,aditya.chaudhary80@gmail.com,Gold Privilege,2024-11-26 07:56:15,3,594812.15,Potential Loyalists
1787,CUST-IND-001787,Tarun Desai,tarun.desai998@gmail.com,Festival Occasional,2024-12-03 11:40:21,3,996047.53,Potential Loyalists
1072,CUST-IND-001072,Ananya Mishra,ananya.mishra426@gmail.com,Festival Occasional,2024-12-23 05:50:13,3,749989.11,Potential Loyalists
2150,CUST-IND-002150,Aarav Dutta,aarav.dutta370@gmail.com,VIP Club Premier,2024-09-11 16:32:51,3,493018.03,Potential Loyalists
2374,CUST-IND-002374,Rajesh Sen,rajesh.sen755@gmail.com,VIP Club Premier,2024-10-02 21:57:53,5,431843.43,Loyal Customers
1876,CUST-IND-001876,Rohan Nair,rohan.nair631@gmail.com,Regular Shopper,2024-09-21 20:10:36,1,144898.44,New / Single Order
1689,CUST-IND-001689,Rohan Das,rohan.das95@gmail.com,Regular Shopper,2024-11-21 01:22:32,5,851100.02,Loyal Customers
824,CUST-IND-000824,Ananya Das,ananya.das914@gmail.com,Festival Occasional,2024-10-29 11:51:45,4,739676.29,Loyal Customers
814,CUST-IND-000814,Ritu Jha,ritu.jha298@gmail.com,Regular Shopper,2024-12-24 19:19:21,6,1563299.45,Loyal Customers
171,CUST-IND-000171,Deepika Desai,deepika.desai418@gmail.com,Gold Privilege,2024-10-31 13:09:55,5,1650751.09,Loyal Customers
988,CUST-IND-000988,Suresh Gupta,suresh.gupta704@gmail.com,Regular Shopper,2024-10-12 12:10:50,7,1002201.49,Loyal Customers
651,CUST-IND-000651,Manoj Patel,manoj.patel406@gmail.com,Regular Shopper,2024-11-01 18:31:25,8,2011302.38,Champions
2174,CUST-IND-002174,Ananya Bansal,ananya.bansal980@gmail.com,Gold Privilege,2024-10-03 17:51:55,3,1168495.84,Potential Loyalists
529,CUST-IND-000529,Divya Kumar,divya.kumar262@gmail.com,Gold Privilege,2024-12-17 19:51:41,6,1711848.14,Loyal Customers
193,CUST-IND-000193,Ritu Sharma,ritu.sharma538@gmail.com,Regular Shopper,2024-12-17 13:30:29,4,1610796.42,Loyal Customers
378,CUST-IND-000378,Ritu Gupta,ritu.gupta995@gmail.com,Gold Privilege,2024-10-21 22:23:41,4,266992.98,Loyal Customers
2340,CUST-IND-002340,Shweta Chatterjee,shweta.chatterjee425@gmail.com,Gold Privilege,2024-12-14 08:27:15,4,1289038.23,Loyal Customers
544,CUST-IND-000544,Sunita Iyer,sunita.iyer361@gmail.com,Regular Shopper,2024-11-09 04:25:35,1,299156.76,New / Single Order
1105,CUST-IND-001105,Ritu Singh,ritu.singh851@gmail.com,Festival Occasional,2024-12-16 23:51:12,4,529170.08,Loyal Customers
1881,CUST-IND-001881,Kavita Deshmukh,kavita.deshmukh109@gmail.com,Regular Shopper,2024-11-10 03:59:18,3,777409.23,Potential Loyalists
1029,CUST-IND-001029,Pooja Patel,pooja.patel274@gmail.com,Regular Shopper,2024-12-19 19:28:11,2,755647.04,Potential Loyalists
345,CUST-IND-000345,Suresh Das,suresh.das935@gmail.com,Regular Shopper,2024-12-31 22:27:53,6,735235.81,Loyal Customers
1555,CUST-IND-001555,Sanjay Shetty,sanjay.shetty238@gmail.com,Regular Shopper,2024-10-08 01:26:35,6,974188.06,Loyal Customers
667,CUST-IND-000667,Sunita Patel,sunita.patel839@gmail.com,Regular Shopper,2024-09-25 08:37:06,1,460573.98,New / Single Order
1910,CUST-IND-001910,Bhavna Trivedi,bhavna.trivedi270@gmail.com,Festival Occasional,2024-09-30 01:08:58,2,450952.77,Potential Loyalists
1746,CUST-IND-001746,Preeti Nair,preeti.nair813@gmail.com,Regular Shopper,2024-07-11 17:20:50,2,423142.64,Potential Loyalists
762,CUST-IND-000762,Priya Kumar,priya.kumar604@gmail.com,Festival Occasional,2024-06-30 20:31:30,1,560581.07,New / Single Order
122,CUST-IND-000122,Sanjay Trivedi,sanjay.trivedi596@gmail.com,Gold Privilege,2024-10-31 03:17:51,3,474358.58,Potential Loyalists
1390,CUST-IND-001390,Divya Jha,divya.jha270@gmail.com,Regular Shopper,2024-08-28 02:29:27,3,626317.0,Potential Loyalists
1431,CUST-IND-001431,Preeti Chaudhary,preeti.chaudhary867@gmail.com,Regular Shopper,2024-11-20 14:50:49,2,461503.46,Potential Loyalists
887,CUST-IND-000887,Bhavna Reddy,bhavna.reddy996@gmail.com,Gold Privilege,2024-04-11 21:31:39,1,116945.12,New / Single Order
1585,CUST-IND-001585,Bhavna Bansal,bhavna.bansal538@gmail.com,Gold Privilege,2024-12-19 13:39:26,3,816270.01,Potential Loyalists
262,CUST-IND-000262,Deepak Chatterjee,deepak.chatterjee942@gmail.com,Regular Shopper,2024-09-01 02:28:57,2,487724.42,Potential Loyalists
2434,CUST-IND-002434,Ananya Shetty,ananya.shetty979@gmail.com,Gold Privilege,2024-01-31 04:52:15,2,140588.79,Potential Loyalists
15,CUST-IND-000015,Alok Joshi,alok.joshi377@gmail.com,Regular Shopper,2024-02-25 18:53:06,2,406033.07,Potential Loyalists
727,CUST-IND-000727,Rohan Deshmukh,rohan.deshmukh509@gmail.com,Gold Privilege,2024-12-13 19:50:26,4,546648.49,Loyal Customers
2067,CUST-IND-002067,Arjun Trivedi,arjun.trivedi6@gmail.com,Gold Privilege,,0,0.0,Inactive
2028,CUST-IND-002028,Swati Gupta,swati.gupta191@gmail.com,VIP Club Premier,2024-12-26 02:34:36,8,1274171.24,Champions
2054,CUST-IND-002054,Lakshmi Jha,unregistered@retail.com,Gold Privilege,2024-12-05 13:06:43,7,1650906.88,Loyal Customers
2401,CUST-IND-002401,Karthik Shetty,karthik.shetty130@gmail.com,Festival Occasional,2024-12-07 20:16:37,6,1491260.67,Loyal Customers
1556,CUST-IND-001556,Preeti Das,unregistered@retail.com,Gold Privilege,2024-10-23 02:45:02,5,871351.43,Loyal Customers
1764,CUST-IND-001764,Bhavna Patel,bhavna.patel918@gmail.com,Regular Shopper,2024-12-15 23:42:17,3,681981.78,Potential Loyalists
1204,CUST-IND-001204,Niharika Patel,unregistered@retail.com,Gold Privilege,2024-12-28 01:33:37,11,3047799.04,Champions
34,CUST-IND-000034,Anita Chatterjee,anita.chatterjee221@gmail.com,Festival Occasional,2024-12-31 19:13:41,4,1146774.04,Loyal Customers
1990,CUST-IND-001990,Alok Trivedi,alok.trivedi964@gmail.com,Festival Occasional,2024-09-29 12:48:14,4,769827.26,Loyal Customers
2332,CUST-IND-002332,Meera Bansal,meera.bansal752@gmail.com,VIP Club Premier,2024-06-10 00:23:30,3,401631.37,Potential Loyalists
182,CUST-IND-000182,Karthik Chatterjee,karthik.chatterjee182@gmail.com,Gold Privilege,2024-05-29 17:27:03,1,327519.45,New / Single Order
2462,CUST-IND-002462,Ritu Bansal,ritu.bansal154@gmail.com,Gold Privilege,2024-10-11 17:38:55,6,745937.25,Loyal Customers
444,CUST-IND-000444,Swati Reddy,swati.reddy174@gmail.com,Festival Occasional,2024-12-30 19:56:18,5,1342138.84,Loyal Customers
1994,CUST-IND-001994,Arjun Sharma,arjun.sharma4@gmail.com,VIP Club Premier,2024-05-29 05:18:40,5,1211968.62,Loyal Customers
1055,CUST-IND-001055,Neha Rao,neha.rao492@gmail.com,Gold Privilege,2024-11-14 04:57:18,3,331729.97,Potential Loyalists
510,CUST-IND-000510,Anita Chaudhary,anita.chaudhary829@gmail.com,VIP Club Premier,2024-11-16 19:53:48,5,1341464.12,Loyal Customers
926,CUST-IND-000926,Ritu Iyer,ritu.iyer327@gmail.com,Gold Privilege,2024-12-23 14:05:17,7,1569901.01,Loyal Customers
12,CUST-IND-000012,Neha Shetty,neha.shetty876@gmail.com,Gold Privilege,2024-12-31 22:48:13,8,1941465.36,Champions
2050,CUST-IND-002050,Shweta Kumar,shweta.kumar994@gmail.com,Gold Privilege,2024-07-28 08:24:05,4,1718233.41,Loyal Customers
320,CUST-IND-000320,Swati Deshmukh,swati.deshmukh155@gmail.com,Regular Shopper,2024-12-07 05:52:18,4,1332933.25,Loyal Customers
1486,CUST-IND-001486,Bhavna Patel,bhavna.patel608@gmail.com,Regular Shopper,2024-10-28 05:10:39,6,1455543.38,Loyal Customers
1095,CUST-IND-001095,Rohan Jha,unregistered@retail.com,Regular Shopper,2024-12-09 18:57:53,7,1687696.29,Loyal Customers
1478,CUST-IND-001478,Alok Rao,alok.rao906@gmail.com,VIP Club Premier,2024-09-02 14:12:29,2,451336.48,Potential Loyalists
1954,CUST-IND-001954,Aditya Kulkarni,aditya.kulkarni139@gmail.com,VIP Club Premier,2024-12-12 00:12:34,14,4036286.91,Champions
973,CUST-IND-000973,Rahul Saxena,rahul.saxena8@gmail.com,Festival Occasional,2024-06-17 18:14:01,4,1109490.15,Loyal Customers
1381,CUST-IND-001381,Shweta Nanda,shweta.nanda28@gmail.com,VIP Club Premier,2024-11-11 00:26:03,5,906221.01,Loyal Customers
1804,CUST-IND-001804,Tarun Mehta,tarun.mehta652@gmail.com,Gold Privilege,2024-08-29 02:15:07,4,565549.57,Loyal Customers
1527,CUST-IND-001527,Dev Reddy,dev.reddy427@gmail.com,Regular Shopper,2024-11-20 20:50:09,9,2548632.46,Champions
645,CUST-IND-000645,Swati Chaudhary,swati.chaudhary245@gmail.com,Gold Privilege,2024-11-09 19:09:51,6,1428636.2,Loyal Customers
428,CUST-IND-000428,Ritu Agarwal,ritu.agarwal843@gmail.com,Regular Shopper,2024-12-30 12:23:40,2,893784.96,Potential Loyalists
100,CUST-IND-000100,Alok Iyer,alok.iyer288@gmail.com,VIP Club Premier,2024-12-06 00:03:51,2,289922.84,Potential Loyalists
202,CUST-IND-000202,Amit Chaudhary,amit.chaudhary145@gmail.com,Gold Privilege,2024-12-31 03:10:55,6,1219935.17,Loyal Customers
2029,CUST-IND-002029,Tarun Joshi,tarun.joshi661@gmail.com,Regular Shopper,2024-11-16 14:06:46,4,1080312.46,Loyal Customers
1720,CUST-IND-001720,Tarun Mehta,tarun.mehta59@gmail.com,Gold Privilege,2024-09-28 23:44:46,4,1047664.87,Loyal Customers
471,CUST-IND-000471,Sanjay Das,sanjay.das258@gmail.com,Regular Shopper,2024-10-19 20:07:09,8,2157130.64,Champions
2420,CUST-IND-002420,Deepak Sen,deepak.sen884@gmail.com,Gold Privilege,2024-12-17 03:37:37,5,1155699.2,Loyal Customers
1016,CUST-IND-001016,Preeti Iyer,preeti.iyer320@gmail.com,Regular Shopper,2024-02-21 13:04:47,2,179206.26,Potential Loyalists
2486,CUST-IND-002486,Aditya Verma,aditya.verma263@gmail.com,Regular Shopper,2024-12-22 22:01:02,8,943794.3,Champions
885,CUST-IND-000885,Niharika Verma,niharika.verma982@gmail.com,Regular Shopper,2024-12-29 18:02:48,5,1525006.44,Loyal Customers
1043,CUST-IND-001043,Ananya Bansal,ananya.bansal713@gmail.com,Regular Shopper,2024-10-20 16:16:58,4,1255349.99,Loyal Customers
745,CUST-IND-000745,Deepak Singh,deepak.singh880@gmail.com,Festival Occasional,2024-09-26 10:28:40,4,1416769.8,Loyal Customers
352,CUST-IND-000352,Neha Iyer,neha.iyer106@gmail.com,VIP Club Premier,2024-12-24 19:43:13,2,724968.69,Potential Loyalists
1064,CUST-IND-001064,Alok Nair,alok.nair172@gmail.com,Regular Shopper,2024-12-17 10:24:31,4,885405.74,Loyal Customers
1026,CUST-IND-001026,Sunita Nair,sunita.nair557@gmail.com,Gold Privilege,2024-08-12 13:34:07,4,687785.24,Loyal Customers
336,CUST-IND-000336,Bhavna Agarwal,bhavna.agarwal640@gmail.com,Regular Shopper,2024-08-12 12:55:54,5,845048.84,Loyal Customers
1171,CUST-IND-001171,Karthik Joshi,karthik.joshi940@gmail.com,Gold Privilege,2024-09-05 13:04:59,10,2389257.46,Champions
1451,CUST-IND-001451,Preeti Mukherjee,preeti.mukherjee286@gmail.com,Festival Occasional,2024-12-06 03:03:46,5,1377753.57,Loyal Customers
1035,CUST-IND-001035,Alok Mehta,alok.mehta312@gmail.com,Regular Shopper,2024-12-26 22:25:29,2,431225.58,Potential Loyalists
1867,CUST-IND-001867,Swati Verma,swati.verma757@gmail.com,Gold Privilege,2024-11-30 13:23:04,1,167546.78,New / Single Order
1032,CUST-IND-001032,Suresh Sen,suresh.sen781@gmail.com,Gold Privilege,2024-11-28 16:52:18,2,458451.44,Potential Loyalists
685,CUST-IND-000685,Vikram Saxena,vikram.saxena990@gmail.com,VIP Club Premier,2024-12-26 07:45:37,4,1155020.1,Loyal Customers
509,CUST-IND-000509,Lakshmi Hegde,lakshmi.hegde476@gmail.com,Regular Shopper,2024-12-08 00:02:33,8,2026673.03,Champions
1258,CUST-IND-001258,Ananya Malhotra,ananya.malhotra110@gmail.com,Regular Shopper,2024-11-19 21:08:34,3,887211.36,Potential Loyalists
488,CUST-IND-000488,Alok Mehta,alok.mehta780@gmail.com,Gold Privilege,2024-12-11 22:07:41,5,974514.5,Loyal Customers
189,CUST-IND-000189,Aditya Dutta,aditya.dutta515@gmail.com,Gold Privilege,2024-10-15 17:01:33,8,962796.88,Champions
2429,CUST-IND-002429,Sunita Pillai,sunita.pillai378@gmail.com,Regular Shopper,2024-12-27 14:18:04,5,2086611.48,Loyal Customers
1824,CUST-IND-001824,Niharika Nanda,niharika.nanda719@gmail.com,Regular Shopper,2024-10-12 17:56:38,3,669489.82,Potential Loyalists
2024,CUST-IND-002024,Anjali Pillai,anjali.pillai952@gmail.com,Regular Shopper,2024-10-26 06:32:20,5,1275167.64,Loyal Customers
631,CUST-IND-000631,Anjali Joshi,anjali.joshi77@gmail.com,Festival Occasional,2024-12-09 09:37:09,8,1947849.08,Champions
278,CUST-IND-000278,Karthik Joshi,karthik.joshi874@gmail.com,Regular Shopper,2024-06-16 16:06:43,4,847503.84,Loyal Customers
68,CUST-IND-000068,Sunita Das,sunita.das394@gmail.com,Gold Privilege,2024-07-16 08:24:27,9,1627662.34,Champions
1549,CUST-IND-001549,Vishal Hegde,vishal.hegde67@gmail.com,Festival Occasional,2024-12-16 01:43:45,9,3596433.61,Champions
2077,CUST-IND-002077,Anjali Shetty,anjali.shetty617@gmail.com,Festival Occasional,2024-09-27 17:52:51,5,1386592.78,Loyal Customers
2279,CUST-IND-002279,Lakshmi Dutta,lakshmi.dutta481@gmail.com,Festival Occasional,2024-09-06 12:17:24,4,337749.91,Loyal Customers
276,CUST-IND-000276,Neha Sen,neha.sen675@gmail.com,VIP Club Premier,2024-12-15 03:20:23,7,1205254.53,Loyal Customers
602,CUST-IND-000602,Niharika Gupta,niharika.gupta881@gmail.com,Gold Privilege,2024-11-23 08:53:40,5,1191428.09,Loyal Customers
747,CUST-IND-000747,Vishal Shetty,vishal.shetty247@gmail.com,Regular Shopper,2024-12-17 11:19:42,9,2585832.0,Champions
1517,CUST-IND-001517,Manoj Chaudhary,manoj.chaudhary636@gmail.com,Regular Shopper,2024-08-31 03:29:56,3,745283.84,Potential Loyalists
845,CUST-IND-000845,Swati Das,swati.das739@gmail.com,Gold Privilege,2024-11-20 04:16:26,3,295041.67,Potential Loyalists
708,CUST-IND-000708,Karthik Reddy,karthik.reddy736@gmail.com,VIP Club Premier,2024-08-27 15:33:43,6,419347.26,Loyal Customers
1653,CUST-IND-001653,Priya Bansal,priya.bansal90@gmail.com,Regular Shopper,2024-10-05 17:30:21,7,1353867.46,Loyal Customers
303,CUST-IND-000303,Aarav Mehta,aarav.mehta619@gmail.com,Gold Privilege,2024-11-11 23:27:38,10,2639479.24,Champions
709,CUST-IND-000709,Aditya Kumar,aditya.kumar150@gmail.com,Gold Privilege,2024-06-16 21:05:24,4,804949.41,Loyal Customers
507,CUST-IND-000507,Rajesh Agarwal,rajesh.agarwal14@gmail.com,Regular Shopper,2024-12-18 03:01:00,6,1194154.59,Loyal Customers
1202,CUST-IND-001202,Karthik Dutta,karthik.dutta95@gmail.com,Festival Occasional,2024-07-30 23:36:38,5,1364215.61,Loyal Customers
1786,CUST-IND-001786,Sanjay Mukherjee,sanjay.mukherjee809@gmail.com,Gold Privilege,2024-11-17 03:31:16,8,1715425.99,Champions
1239,CUST-IND-001239,Shweta Malhotra,shweta.malhotra439@gmail.com,Regular Shopper,2024-10-22 23:14:47,4,974832.83,Loyal Customers
1339,CUST-IND-001339,Kavita Malhotra,kavita.malhotra625@gmail.com,Festival Occasional,2024-12-26 12:49:25,8,2004969.61,Champions
1335,CUST-IND-001335,Vishal Mukherjee,vishal.mukherjee44@gmail.com,Festival Occasional,2024-12-09 01:13:55,6,1721388.66,Loyal Customers
48,CUST-IND-000048,Aarav Desai,aarav.desai645@gmail.com,Regular Shopper,2024-12-20 20:50:06,12,4134747.39,Champions
1434,CUST-IND-001434,Ritu Saxena,unregistered@retail.com,Regular Shopper,2024-12-09 01:11:42,5,1225814.33,Loyal Customers
1861,CUST-IND-001861,Neha Nair,neha.nair349@gmail.com,Gold Privilege,2024-09-08 19:06:36,2,439579.03,Potential Loyalists
1920,CUST-IND-001920,Ananya Desai,ananya.desai20@gmail.com,Gold Privilege,2024-10-21 03:19:35,4,1111306.13,Loyal Customers
207,CUST-IND-000207,Ananya Nanda,ananya.nanda362@gmail.com,Regular Shopper,2024-12-14 17:30:16,5,1413197.85,Loyal Customers
2049,CUST-IND-002049,Priya Reddy,priya.reddy493@gmail.com,Regular Shopper,2024-10-08 04:11:10,3,653027.28,Potential Loyalists
77,CUST-IND-000077,Anjali Gupta,anjali.gupta416@gmail.com,Festival Occasional,2024-11-26 17:17:31,7,1975460.44,Loyal Customers
440,CUST-IND-000440,Bhavna Pillai,bhavna.pillai295@gmail.com,VIP Club Premier,2024-11-07 21:35:15,5,1271289.05,Loyal Customers
1034,CUST-IND-001034,Preeti Bhat,preeti.bhat142@gmail.com,Regular Shopper,2024-07-12 16:40:45,5,993063.28,Loyal Customers
989,CUST-IND-000989,Bhavna Mishra,bhavna.mishra106@gmail.com,Regular Shopper,2024-11-12 16:41:06,3,1123522.77,Potential Loyalists
1448,CUST-IND-001448,Vikram Pillai,vikram.pillai455@gmail.com,Regular Shopper,2024-08-28 10:45:37,6,1196142.97,Loyal Customers
574,CUST-IND-000574,Rahul Patel,rahul.patel265@gmail.com,Regular Shopper,2024-12-09 15:55:25,9,2291345.65,Champions
1423,CUST-IND-001423,Manoj Shetty,manoj.shetty703@gmail.com,VIP Club Premier,2024-10-03 06:22:40,8,1400222.98,Champions
1293,CUST-IND-001293,Arjun Chatterjee,arjun.chatterjee319@gmail.com,Regular Shopper,2024-07-26 02:23:19,4,755299.19,Loyal Customers
27,CUST-IND-000027,Arjun Saxena,arjun.saxena567@gmail.com,Regular Shopper,2024-11-09 03:47:50,6,595182.74,Loyal Customers
120,CUST-IND-000120,Amit Mukherjee,amit.mukherjee24@gmail.com,Regular Shopper,2024-11-27 18:02:00,5,1061937.71,Loyal Customers
2271,CUST-IND-002271,Ananya Joshi,ananya.joshi328@gmail.com,Regular Shopper,2024-11-12 18:00:31,6,848366.93,Loyal Customers
1359,CUST-IND-001359,Deepika Kulkarni,deepika.kulkarni655@gmail.com,Gold Privilege,2024-12-25 03:50:16,7,1869828.86,Loyal Customers
384,CUST-IND-000384,Rahul Deshmukh,rahul.deshmukh114@gmail.com,Regular Shopper,2024-09-15 05:30:32,5,1100421.59,Loyal Customers
2194,CUST-IND-002194,Amit Das,amit.das891@gmail.com,Regular Shopper,2024-09-30 10:03:02,8,1648080.88,Champions
389,CUST-IND-000389,Deepak Rao,deepak.rao998@gmail.com,Festival Occasional,2024-11-08 19:25:00,5,727272.86,Loyal Customers
939,CUST-IND-000939,Karthik Chatterjee,karthik.chatterjee877@gmail.com,Regular Shopper,2024-06-13 22:37:16,3,1076460.17,Potential Loyalists
1772,CUST-IND-001772,Anita Gupta,anita.gupta31@gmail.com,Regular Shopper,2024-10-14 10:30:19,4,843054.66,Loyal Customers
1103,CUST-IND-001103,Aditya Rao,aditya.rao718@gmail.com,Festival Occasional,2024-09-13 12:43:02,4,763213.04,Loyal Customers
1082,CUST-IND-001082,Deepak Shetty,deepak.shetty278@gmail.com,Regular Shopper,2024-12-17 01:50:48,7,1147179.16,Loyal Customers
2096,CUST-IND-002096,Preeti Joshi,preeti.joshi61@gmail.com,VIP Club Premier,2024-10-08 01:11:45,10,2478081.81,Champions
1059,CUST-IND-001059,Aditya Malhotra,aditya.malhotra989@gmail.com,Gold Privilege,2024-11-04 09:09:32,6,1496275.87,Loyal Customers
380,CUST-IND-000380,Aarav Iyer,aarav.iyer129@gmail.com,Regular Shopper,2024-10-12 06:36:34,7,1882209.72,Loyal Customers
1332,CUST-IND-001332,Anita Reddy,anita.reddy359@gmail.com,Regular Shopper,2024-05-29 05:17:07,4,464050.64,Loyal Customers
1350,CUST-IND-001350,Shweta Kulkarni,shweta.kulkarni236@gmail.com,Regular Shopper,2024-09-22 05:42:24,7,2258436.65,Loyal Customers
710,CUST-IND-000710,Swati Reddy,swati.reddy493@gmail.com,Festival Occasional,2024-12-24 19:54:23,3,1257217.39,Potential Loyalists
2086,CUST-IND-002086,Vikram Nanda,vikram.nanda362@gmail.com,Gold Privilege,2024-10-26 22:10:53,4,794816.05,Loyal Customers
2110,CUST-IND-002110,Rohan Pillai,rohan.pillai111@gmail.com,Festival Occasional,2024-08-08 22:03:54,6,2173690.58,Loyal Customers
1682,CUST-IND-001682,Sunita Mukherjee,sunita.mukherjee885@gmail.com,Regular Shopper,2024-11-30 05:05:28,4,1038274.87,Loyal Customers
968,CUST-IND-000968,Aditya Bhat,unregistered@retail.com,Regular Shopper,2024-10-14 16:35:24,4,670485.09,Loyal Customers
647,CUST-IND-000647,Priya Nanda,priya.nanda890@gmail.com,Regular Shopper,2024-11-20 04:14:22,3,610334.06,Potential Loyalists
2255,CUST-IND-002255,Lakshmi Jha,lakshmi.jha363@gmail.com,Festival Occasional,2024-09-19 00:15:01,5,868470.2,Loyal Customers
298,CUST-IND-000298,Vikram Deshmukh,vikram.deshmukh404@gmail.com,Regular Shopper,2024-11-30 04:58:35,6,971145.84,Loyal Customers
1066,CUST-IND-001066,Arjun Pillai,arjun.pillai896@gmail.com,VIP Club Premier,2024-08-28 01:56:48,6,1538469.8,Loyal Customers
1525,CUST-IND-001525,Divya Gupta,divya.gupta799@gmail.com,VIP Club Premier,2024-11-05 03:21:01,4,824354.21,Loyal Customers
2116,CUST-IND-002116,Divya Kapoor,divya.kapoor12@gmail.com,VIP Club Premier,2024-11-19 12:15:29,7,1190795.56,Loyal Customers
2437,CUST-IND-002437,Deepika Kulkarni,deepika.kulkarni176@gmail.com,Gold Privilege,2024-12-15 09:18:30,5,1316144.39,Loyal Customers
268,CUST-IND-000268,Tarun Bhat,tarun.bhat160@gmail.com,VIP Club Premier,2024-10-06 07:01:37,4,1237665.89,Loyal Customers
56,CUST-IND-000056,Ritu Das,ritu.das527@gmail.com,Regular Shopper,2024-09-07 22:53:59,4,1120528.54,Loyal Customers
969,CUST-IND-000969,Deepak Bhat,deepak.bhat330@gmail.com,Festival Occasional,2024-09-24 17:54:47,4,518538.51,Loyal Customers
331,CUST-IND-000331,Niharika Chaudhary,niharika.chaudhary611@gmail.com,Festival Occasional,2024-12-22 10:52:47,3,878107.9,Potential Loyalists
1603,CUST-IND-001603,Divya Dutta,divya.dutta629@gmail.com,Gold Privilege,2024-09-21 16:56:07,3,179924.33,Potential Loyalists
2241,CUST-IND-002241,Sunita Sen,sunita.sen352@gmail.com,Regular Shopper,2024-12-19 23:31:07,3,615407.22,Potential Loyalists
1471,CUST-IND-001471,Kavita Saxena,kavita.saxena26@gmail.com,Regular Shopper,2024-09-28 10:54:06,4,720089.98,Loyal Customers
95,CUST-IND-000095,Kavita Reddy,kavita.reddy169@gmail.com,Regular Shopper,2024-09-09 16:42:25,2,173331.54,Potential Loyalists
1584,CUST-IND-001584,Shweta Nair,shweta.nair671@gmail.com,Regular Shopper,2024-07-13 02:08:03,3,584594.56,Potential Loyalists
893,CUST-IND-000893,Lakshmi Iyer,lakshmi.iyer143@gmail.com,Regular Shopper,2024-10-30 11:38:49,2,297031.57,Potential Loyalists
1007,CUST-IND-001007,Ritu Kulkarni,ritu.kulkarni492@gmail.com,Gold Privilege,2024-12-26 11:15:28,3,575577.0,Potential Loyalists
1391,CUST-IND-001391,Rahul Mehta,rahul.mehta521@gmail.com,Regular Shopper,2024-12-16 14:21:08,4,599235.33,Loyal Customers
1183,CUST-IND-001183,Deepika Mehta,deepika.mehta203@gmail.com,Regular Shopper,2024-08-16 18:46:41,6,1153603.03,Loyal Customers
2431,CUST-IND-002431,Manoj Hegde,manoj.hegde765@gmail.com,Regular Shopper,2024-11-28 21:33:15,4,855346.23,Loyal Customers
2433,CUST-IND-002433,Niharika Jha,niharika.jha178@gmail.com,Regular Shopper,2024-09-28 09:46:35,3,612686.98,Potential Loyalists
1896,CUST-IND-001896,Anita Desai,anita.desai776@gmail.com,Regular Shopper,2024-11-14 00:16:53,5,1517124.28,Loyal Customers
1930,CUST-IND-001930,Vishal Pillai,vishal.pillai740@gmail.com,Gold Privilege,2024-12-12 23:11:54,2,244503.83,Potential Loyalists
1129,CUST-IND-001129,Manoj Rao,manoj.rao756@gmail.com,Gold Privilege,2024-12-06 19:12:36,6,1226957.23,Loyal Customers
1130,CUST-IND-001130,Anita Singh,anita.singh980@gmail.com,Regular Shopper,2024-10-07 21:34:03,4,939883.21,Loyal Customers
2217,CUST-IND-002217,Bhavna Kumar,bhavna.kumar128@gmail.com,Festival Occasional,2024-11-17 07:30:34,4,1279519.53,Loyal Customers
1919,CUST-IND-001919,Vikram Mehta,vikram.mehta147@gmail.com,VIP Club Premier,2024-10-01 20:44:25,6,1753481.19,Loyal Customers
1472,CUST-IND-001472,Kavita Deshmukh,kavita.deshmukh390@gmail.com,Festival Occasional,2024-12-11 10:56:19,4,729071.99,Loyal Customers
2393,CUST-IND-002393,Amit Pillai,amit.pillai260@gmail.com,Festival Occasional,2024-10-23 11:48:45,4,1120628.42,Loyal Customers
2398,CUST-IND-002398,Ritu Sen,ritu.sen261@gmail.com,Regular Shopper,2024-09-24 09:16:31,4,915267.45,Loyal Customers
881,CUST-IND-000881,Alok Iyer,alok.iyer48@gmail.com,Regular Shopper,2024-12-28 08:18:00,3,740045.6,Potential Loyalists
1710,CUST-IND-001710,Sunita Deshmukh,sunita.deshmukh767@gmail.com,VIP Club Premier,2024-12-14 06:22:28,4,1177080.8,Loyal Customers
1964,CUST-IND-001964,Arjun Malhotra,unregistered@retail.com,Regular Shopper,2024-10-28 09:38:15,3,849296.56,Potential Loyalists
729,CUST-IND-000729,Lakshmi Mishra,lakshmi.mishra138@gmail.com,Gold Privilege,2024-12-07 12:01:24,3,837155.8,Potential Loyalists
1762,CUST-IND-001762,Anita Mukherjee,unregistered@retail.com,Regular Shopper,2024-07-25 06:28:49,1,62257.65,New / Single Order
1777,CUST-IND-001777,Bhavna Mukherjee,bhavna.mukherjee878@gmail.com,Gold Privilege,2024-10-14 19:47:43,4,999202.07,Loyal Customers
1364,CUST-IND-001364,Aarav Desai,aarav.desai452@gmail.com,VIP Club Premier,2024-11-19 08:37:15,3,756732.82,Potential Loyalists
2165,CUST-IND-002165,Karthik Deshmukh,karthik.deshmukh430@gmail.com,Regular Shopper,2024-11-28 00:15:01,4,741963.23,Loyal Customers
1435,CUST-IND-001435,Suresh Joshi,suresh.joshi99@gmail.com,Gold Privilege,2024-10-12 16:00:19,2,451309.8,Potential Loyalists
716,CUST-IND-000716,Pooja Shetty,pooja.shetty268@gmail.com,Festival Occasional,2024-06-11 19:57:57,3,205396.8,Potential Loyalists
1790,CUST-IND-001790,Vishal Kapoor,vishal.kapoor602@gmail.com,Gold Privilege,2024-08-09 07:42:13,2,764789.78,Potential Loyalists
993,CUST-IND-000993,Meera Bansal,meera.bansal687@gmail.com,Regular Shopper,2024-03-08 12:17:01,1,288297.69,New / Single Order
807,CUST-IND-000807,Aditya Mukherjee,aditya.mukherjee742@gmail.com,Regular Shopper,2024-07-24 22:36:48,2,669974.2,Potential Loyalists
366,CUST-IND-000366,Deepika Nanda,unregistered@retail.com,Gold Privilege,2024-06-27 04:44:33,2,456981.62,Potential Loyalists
2349,CUST-IND-002349,Sunita Nanda,sunita.nanda864@gmail.com,Regular Shopper,2024-08-25 06:53:05,4,999668.66,Loyal Customers
1998,CUST-IND-001998,Rahul Bhat,rahul.bhat80@gmail.com,Regular Shopper,2024-12-23 09:31:21,1,111133.01,New / Single Order
1260,CUST-IND-001260,Deepak Patel,deepak.patel546@gmail.com,VIP Club Premier,2024-10-18 03:07:15,6,1169490.19,Loyal Customers
18,CUST-IND-000018,Divya Gupta,divya.gupta993@gmail.com,Gold Privilege,2024-12-25 07:29:22,7,1333952.44,Loyal Customers
519,CUST-IND-000519,Rohan Dutta,rohan.dutta706@gmail.com,Regular Shopper,2024-11-11 05:39:16,6,945435.67,Loyal Customers
851,CUST-IND-000851,Suresh Nair,suresh.nair227@gmail.com,Gold Privilege,2024-12-14 04:55:11,7,2257837.26,Loyal Customers
1536,CUST-IND-001536,Bhavna Malhotra,bhavna.malhotra176@gmail.com,Regular Shopper,2024-10-29 22:20:39,4,552050.84,Loyal Customers
2151,CUST-IND-002151,Rahul Bansal,rahul.bansal549@gmail.com,Regular Shopper,2024-12-21 21:54:45,2,1081083.59,Potential Loyalists
2302,CUST-IND-002302,Rahul Nanda,rahul.nanda139@gmail.com,Gold Privilege,2024-12-21 06:35:16,10,2875084.15,Champions
2092,CUST-IND-002092,Preeti Kumar,preeti.kumar648@gmail.com,Regular Shopper,2024-12-08 10:52:40,5,1045400.25,Loyal Customers
1602,CUST-IND-001602,Deepak Sharma,deepak.sharma394@gmail.com,Regular Shopper,2024-11-25 18:35:55,5,1124400.88,Loyal Customers
2496,CUST-IND-002496,Alok Singh,alok.singh474@gmail.com,Gold Privilege,2024-11-19 05:45:01,6,1388079.35,Loyal Customers
1077,CUST-IND-001077,Amit Chaudhary,amit.chaudhary342@gmail.com,Regular Shopper,2024-11-01 11:22:02,6,783179.46,Loyal Customers
1398,CUST-IND-001398,Pooja Kumar,pooja.kumar773@gmail.com,Gold Privilege,2024-12-16 03:11:21,3,568755.47,Potential Loyalists
959,CUST-IND-000959,Swati Patel,swati.patel559@gmail.com,Festival Occasional,2024-12-23 17:46:44,7,2386969.44,Loyal Customers
1570,CUST-IND-001570,Niharika Iyer,niharika.iyer388@gmail.com,VIP Club Premier,2024-12-25 16:50:09,6,1293308.18,Loyal Customers
1595,CUST-IND-001595,Niharika Bhat,niharika.bhat654@gmail.com,Regular Shopper,2024-12-23 05:09:54,7,2249103.57,Loyal Customers
70,CUST-IND-000070,Divya Deshmukh,divya.deshmukh189@gmail.com,Regular Shopper,2024-11-23 07:03:17,6,1563903.37,Loyal Customers
2044,CUST-IND-002044,Amit Desai,amit.desai357@gmail.com,Gold Privilege,2024-12-26 23:35:17,5,645891.26,Loyal Customers
1698,CUST-IND-001698,Manoj Bhat,manoj.bhat563@gmail.com,Regular Shopper,2024-10-14 01:34:52,4,1267917.47,Loyal Customers
2358,CUST-IND-002358,Rajesh Agarwal,rajesh.agarwal442@gmail.com,Festival Occasional,2024-11-14 08:33:10,5,650771.43,Loyal Customers
698,CUST-IND-000698,Kavita Gupta,kavita.gupta511@gmail.com,Regular Shopper,2024-11-16 05:21:52,10,2694552.19,Champions
2313,CUST-IND-002313,Arjun Das,arjun.das91@gmail.com,Regular Shopper,2024-12-04 11:43:11,5,1307938.56,Loyal Customers
103,CUST-IND-000103,Pooja Verma,pooja.verma308@gmail.com,VIP Club Premier,2024-11-24 12:20:19,3,849864.62,Potential Loyalists
882,CUST-IND-000882,Swati Sharma,swati.sharma178@gmail.com,Regular Shopper,2024-08-26 21:26:41,2,838310.45,Potential Loyalists
464,CUST-IND-000464,Anjali Shetty,anjali.shetty660@gmail.com,Gold Privilege,2024-12-09 12:57:35,6,952753.78,Loyal Customers
2088,CUST-IND-002088,Aditya Deshmukh,aditya.deshmukh361@gmail.com,Regular Shopper,2024-09-06 04:40:19,7,1137985.3,Loyal Customers
914,CUST-IND-000914,Dev Shetty,dev.shetty375@gmail.com,Regular Shopper,2024-11-07 23:21:26,10,2831301.45,Champions
978,CUST-IND-000978,Anjali Mishra,anjali.mishra122@gmail.com,Gold Privilege,2024-10-11 22:07:58,5,1204810.36,Loyal Customers
1509,CUST-IND-001509,Bhavna Reddy,bhavna.reddy127@gmail.com,Festival Occasional,2024-12-20 05:28:00,2,682884.74,Potential Loyalists
1050,CUST-IND-001050,Pooja Chaudhary,pooja.chaudhary433@gmail.com,Gold Privilege,2024-12-11 04:04:49,10,2407050.68,Champions
254,CUST-IND-000254,Bhavna Kumar,bhavna.kumar373@gmail.com,Gold Privilege,2024-07-10 14:33:54,4,1310334.15,Loyal Customers
472,CUST-IND-000472,Lakshmi Saxena,lakshmi.saxena212@gmail.com,Regular Shopper,2024-10-25 11:12:33,7,2538992.9,Loyal Customers
387,CUST-IND-000387,Amit Reddy,amit.reddy213@gmail.com,Regular Shopper,2024-12-24 20:46:42,7,1476397.33,Loyal Customers
2318,CUST-IND-002318,Dev Bhat,dev.bhat153@gmail.com,Festival Occasional,2024-12-06 01:19:16,6,2007953.26,Loyal Customers
649,CUST-IND-000649,Anjali Pillai,anjali.pillai572@gmail.com,Regular Shopper,2024-09-23 07:26:59,7,691887.62,Loyal Customers
311,CUST-IND-000311,Anita Gupta,anita.gupta716@gmail.com,Gold Privilege,2024-12-28 18:27:57,12,2200116.45,Champions
1864,CUST-IND-001864,Rahul Malhotra,rahul.malhotra548@gmail.com,Regular Shopper,2024-11-17 15:12:15,6,1289109.03,Loyal Customers
162,CUST-IND-000162,Lakshmi Hegde,lakshmi.hegde704@gmail.com,Regular Shopper,2024-09-15 13:12:32,4,1953710.29,Loyal Customers
1163,CUST-IND-001163,Rajesh Shetty,rajesh.shetty33@gmail.com,Gold Privilege,2024-11-18 09:13:43,5,1188731.49,Loyal Customers
1141,CUST-IND-001141,Aarav Trivedi,aarav.trivedi335@gmail.com,Festival Occasional,2024-12-14 02:41:53,5,627597.16,Loyal Customers
1993,CUST-IND-001993,Anita Reddy,anita.reddy758@gmail.com,Gold Privilege,2024-12-11 08:12:04,6,1567307.2,Loyal Customers
1854,CUST-IND-001854,Aarav Joshi,aarav.joshi928@gmail.com,Festival Occasional,2024-12-14 13:13:34,8,1136326.8,Champions
2218,CUST-IND-002218,Vishal Jha,vishal.jha926@gmail.com,Regular Shopper,2024-12-26 20:41:33,5,1371031.95,Loyal Customers
241,CUST-IND-000241,Deepak Reddy,deepak.reddy907@gmail.com,Regular Shopper,2024-10-26 22:44:53,6,1439269.18,Loyal Customers
1562,CUST-IND-001562,Aditya Hegde,aditya.hegde66@gmail.com,Regular Shopper,2024-11-09 21:01:00,4,670997.26,Loyal Customers
592,CUST-IND-000592,Manoj Sharma,manoj.sharma884@gmail.com,Regular Shopper,2024-12-22 06:09:43,7,1898135.96,Loyal Customers
2183,CUST-IND-002183,Manoj Nair,manoj.nair693@gmail.com,Regular Shopper,2024-11-04 09:45:41,4,1186481.97,Loyal Customers
2112,CUST-IND-002112,Neha Mishra,neha.mishra356@gmail.com,Regular Shopper,2024-11-08 10:08:39,7,1934589.29,Loyal Customers
1288,CUST-IND-001288,Suresh Kulkarni,suresh.kulkarni771@gmail.com,Regular Shopper,2024-11-08 07:17:43,6,1044478.76,Loyal Customers
1135,CUST-IND-001135,Manoj Nair,manoj.nair71@gmail.com,VIP Club Premier,2024-11-25 07:34:46,4,945438.79,Loyal Customers
1092,CUST-IND-001092,Sanjay Singh,sanjay.singh953@gmail.com,Gold Privilege,2024-12-24 15:20:07,7,949953.35,Loyal Customers
1180,CUST-IND-001180,Kavita Gupta,kavita.gupta771@gmail.com,VIP Club Premier,2024-11-18 20:33:39,4,1048871.91,Loyal Customers
457,CUST-IND-000457,Sanjay Chaudhary,sanjay.chaudhary983@gmail.com,VIP Club Premier,2024-07-14 04:54:52,4,1125240.67,Loyal Customers
1738,CUST-IND-001738,Rohan Sharma,rohan.sharma985@gmail.com,Regular Shopper,2024-11-12 20:34:55,8,1397746.98,Champions
2269,CUST-IND-002269,Karthik Iyer,karthik.iyer789@gmail.com,Regular Shopper,2024-11-29 07:42:51,2,541335.85,Potential Loyalists
76,CUST-IND-000076,Karthik Saxena,karthik.saxena687@gmail.com,VIP Club Premier,2024-12-02 17:42:02,7,1157237.17,Loyal Customers
1453,CUST-IND-001453,Sunita Dutta,sunita.dutta943@gmail.com,Gold Privilege,2024-12-16 02:18:51,8,1666383.66,Champions
1968,CUST-IND-001968,Karthik Sharma,karthik.sharma588@gmail.com,Regular Shopper,2024-07-12 16:38:02,5,1642482.58,Loyal Customers
273,CUST-IND-000273,Vishal Malhotra,vishal.malhotra995@gmail.com,Regular Shopper,2024-10-15 19:26:01,5,899291.19,Loyal Customers
356,CUST-IND-000356,Priya Desai,priya.desai891@gmail.com,Regular Shopper,2024-10-21 19:07:54,4,1133066.09,Loyal Customers
1096,CUST-IND-001096,Deepak Singh,deepak.singh906@gmail.com,Regular Shopper,2024-12-17 03:11:37,5,2204647.31,Loyal Customers
737,CUST-IND-000737,Ananya Kapoor,ananya.kapoor356@gmail.com,Gold Privilege,2024-08-05 16:51:44,5,1460207.64,Loyal Customers
368,CUST-IND-000368,Rajesh Shetty,rajesh.shetty649@gmail.com,Regular Shopper,2024-12-22 13:43:10,8,2152263.28,Champions
1404,CUST-IND-001404,Suresh Joshi,suresh.joshi102@gmail.com,Regular Shopper,2024-08-10 21:21:13,8,2267569.07,Champions
816,CUST-IND-000816,Anjali Patel,anjali.patel902@gmail.com,Festival Occasional,2024-12-04 04:51:01,5,1508218.16,Loyal Customers
480,CUST-IND-000480,Dev Kulkarni,dev.kulkarni791@gmail.com,Regular Shopper,2024-10-02 07:41:52,6,1717892.73,Loyal Customers
450,CUST-IND-000450,Anita Chatterjee,anita.chatterjee390@gmail.com,VIP Club Premier,2024-09-23 05:19:04,4,663154.8,Loyal Customers
855,CUST-IND-000855,Amit Nanda,amit.nanda400@gmail.com,Regular Shopper,2024-11-19 18:38:28,4,802030.96,Loyal Customers
2242,CUST-IND-002242,Pooja Jha,pooja.jha854@gmail.com,Festival Occasional,2024-11-30 08:53:21,6,1983774.3,Loyal Customers
927,CUST-IND-000927,Alok Chatterjee,alok.chatterjee191@gmail.com,Regular Shopper,2024-11-22 09:26:50,3,974321.15,Potential Loyalists
633,CUST-IND-000633,Karthik Chatterjee,karthik.chatterjee300@gmail.com,Gold Privilege,2024-12-01 23:08:27,6,1219520.7,Loyal Customers
1143,CUST-IND-001143,Sanjay Kumar,sanjay.kumar561@gmail.com,Regular Shopper,2024-11-22 07:11:06,4,464028.41,Loyal Customers
904,CUST-IND-000904,Dev Joshi,unregistered@retail.com,Festival Occasional,2024-07-06 03:31:52,3,699628.38,Potential Loyalists
104,CUST-IND-000104,Arjun Mehta,arjun.mehta824@gmail.com,Festival Occasional,2024-12-24 11:17:50,7,1960335.12,Loyal Customers
445,CUST-IND-000445,Manoj Mishra,manoj.mishra108@gmail.com,Regular Shopper,2024-11-26 10:35:36,5,1440871.45,Loyal Customers
2227,CUST-IND-002227,Shweta Trivedi,shweta.trivedi932@gmail.com,Regular Shopper,2024-11-08 15:44:44,6,1357704.57,Loyal Customers
467,CUST-IND-000467,Anita Kumar,anita.kumar323@gmail.com,Regular Shopper,2024-11-15 02:23:33,4,653903.93,Loyal Customers
854,CUST-IND-000854,Priya Reddy,priya.reddy870@gmail.com,Regular Shopper,2024-11-01 02:16:31,6,1025072.47,Loyal Customers
884,CUST-IND-000884,Alok Gupta,alok.gupta109@gmail.com,Festival Occasional,2024-12-04 21:55:57,4,1180102.97,Loyal Customers
2130,CUST-IND-002130,Vikram Chatterjee,vikram.chatterjee349@gmail.com,Festival Occasional,2024-12-30 05:32:12,9,2447863.42,Champions
1654,CUST-IND-001654,Tarun Kapoor,tarun.kapoor974@gmail.com,Gold Privilege,2024-12-28 08:20:51,9,2025747.14,Champions
1461,CUST-IND-001461,Alok Das,alok.das424@gmail.com,Gold Privilege,2024-10-24 10:02:23,5,1359255.33,Loyal Customers
22,CUST-IND-000022,Lakshmi Singh,lakshmi.singh931@gmail.com,Gold Privilege,2024-11-21 00:24:33,7,1378722.52,Loyal Customers
2147,CUST-IND-002147,Anita Singh,anita.singh697@gmail.com,Regular Shopper,2024-12-13 05:06:16,5,1743713.6,Loyal Customers
221,CUST-IND-000221,Niharika Singh,niharika.singh102@gmail.com,Regular Shopper,2024-09-20 02:24:44,4,1650283.49,Loyal Customers
1859,CUST-IND-001859,Aditya Deshmukh,aditya.deshmukh463@gmail.com,Gold Privilege,2024-09-20 09:50:17,3,267147.75,Potential Loyalists
1169,CUST-IND-001169,Tarun Malhotra,tarun.malhotra759@gmail.com,Regular Shopper,2024-07-29 15:09:06,5,1292910.64,Loyal Customers
1897,CUST-IND-001897,Ritu Desai,ritu.desai70@gmail.com,Gold Privilege,2024-11-30 17:04:28,6,1998478.94,Loyal Customers
1514,CUST-IND-001514,Vishal Reddy,vishal.reddy862@gmail.com,Festival Occasional,2024-09-08 14:55:02,3,701617.67,Potential Loyalists
237,CUST-IND-000237,Ananya Nanda,ananya.nanda582@gmail.com,Regular Shopper,2024-10-10 05:23:22,7,1271706.14,Loyal Customers
1254,CUST-IND-001254,Lakshmi Chatterjee,lakshmi.chatterjee322@gmail.com,Regular Shopper,2024-12-03 00:58:02,5,803284.78,Loyal Customers
1235,CUST-IND-001235,Sanjay Verma,sanjay.verma961@gmail.com,Regular Shopper,2024-12-29 23:37:01,5,950532.0,Loyal Customers
1747,CUST-IND-001747,Priya Sharma,priya.sharma982@gmail.com,Regular Shopper,2024-08-01 21:20:52,5,2054970.31,Loyal Customers
1098,CUST-IND-001098,Vishal Iyer,vishal.iyer207@gmail.com,Regular Shopper,2024-12-27 00:48:00,5,1080515.2,Loyal Customers
2166,CUST-IND-002166,Manoj Shetty,manoj.shetty218@gmail.com,Regular Shopper,2024-09-04 18:40:38,5,904351.79,Loyal Customers
264,CUST-IND-000264,Aditya Bansal,aditya.bansal757@gmail.com,Regular Shopper,2024-09-09 13:17:38,4,973104.57,Loyal Customers
1425,CUST-IND-001425,Meera Nair,meera.nair80@gmail.com,Regular Shopper,2024-12-19 22:40:23,7,1280347.86,Loyal Customers
785,CUST-IND-000785,Lakshmi Dutta,lakshmi.dutta55@gmail.com,VIP Club Premier,2024-11-25 06:05:03,7,1641756.97,Loyal Customers
282,CUST-IND-000282,Arjun Nair,arjun.nair81@gmail.com,Regular Shopper,2024-12-23 14:02:50,8,988665.93,Champions
351,CUST-IND-000351,Deepak Joshi,deepak.joshi882@gmail.com,Gold Privilege,2024-11-01 18:05:57,5,1558966.47,Loyal Customers
1544,CUST-IND-001544,Aarav Bansal,aarav.bansal402@gmail.com,Gold Privilege,2024-10-10 17:23:46,3,899238.74,Potential Loyalists
2410,CUST-IND-002410,Arjun Sen,unregistered@retail.com,Regular Shopper,2024-07-27 08:52:48,6,1233773.68,Loyal Customers
1107,CUST-IND-001107,Amit Bhat,amit.bhat659@gmail.com,Regular Shopper,2024-11-21 05:29:14,7,1827828.67,Loyal Customers
2422,CUST-IND-002422,Deepika Gupta,deepika.gupta732@gmail.com,Regular Shopper,2024-10-19 17:07:07,8,1946455.59,Champions
1828,CUST-IND-001828,Neha Kulkarni,neha.kulkarni620@gmail.com,Regular Shopper,2024-11-01 02:16:07,3,424374.73,Potential Loyalists
1739,CUST-IND-001739,Anita Trivedi,anita.trivedi60@gmail.com,Regular Shopper,2024-12-30 18:34:16,6,1315368.88,Loyal Customers
2207,CUST-IND-002207,Amit Kumar,unregistered@retail.com,Regular Shopper,2024-12-20 15:16:58,4,621488.54,Loyal Customers
614,CUST-IND-000614,Anjali Iyer,anjali.iyer209@gmail.com,Gold Privilege,2024-11-15 21:35:07,3,623656.46,Potential Loyalists
2445,CUST-IND-002445,Preeti Deshmukh,preeti.deshmukh413@gmail.com,VIP Club Premier,2024-06-13 02:41:58,3,491500.55,Potential Loyalists
641,CUST-IND-000641,Dev Gupta,dev.gupta203@gmail.com,Festival Occasional,2024-12-25 06:17:48,7,1630795.87,Loyal Customers
1902,CUST-IND-001902,Lakshmi Joshi,lakshmi.joshi718@gmail.com,Gold Privilege,2024-10-26 06:06:23,2,307893.69,Potential Loyalists
1581,CUST-IND-001581,Neha Bansal,neha.bansal972@gmail.com,VIP Club Premier,2024-08-27 04:37:00,6,1481086.0,Loyal Customers
908,CUST-IND-000908,Suresh Desai,suresh.desai305@gmail.com,Gold Privilege,2024-11-03 19:21:16,4,1154763.41,Loyal Customers
844,CUST-IND-000844,Deepak Agarwal,deepak.agarwal993@gmail.com,Gold Privilege,2024-11-29 07:15:20,6,1983580.71,Loyal Customers
2047,CUST-IND-002047,Niharika Trivedi,niharika.trivedi231@gmail.com,Gold Privilege,2024-12-12 07:37:27,8,1070905.31,Champions
1716,CUST-IND-001716,Deepika Mukherjee,deepika.mukherjee18@gmail.com,VIP Club Premier,2024-11-16 11:48:12,4,1115857.04,Loyal Customers
2372,CUST-IND-002372,Preeti Iyer,preeti.iyer124@gmail.com,Regular Shopper,2024-12-28 08:15:45,5,1155771.93,Loyal Customers
2343,CUST-IND-002343,Deepak Patel,deepak.patel613@gmail.com,Gold Privilege,2024-09-05 14:02:43,2,208794.68,Potential Loyalists
1981,CUST-IND-001981,Manoj Rao,manoj.rao659@gmail.com,Regular Shopper,2024-09-18 08:34:22,4,591859.5,Loyal Customers
1250,CUST-IND-001250,Manoj Verma,manoj.verma767@gmail.com,Gold Privilege,2024-11-21 00:58:05,4,876787.93,Loyal Customers
1871,CUST-IND-001871,Anita Saxena,anita.saxena151@gmail.com,Festival Occasional,2024-12-06 21:05:49,7,1723579.8,Loyal Customers
1353,CUST-IND-001353,Dev Mishra,dev.mishra9@gmail.com,VIP Club Premier,2024-12-20 15:14:56,4,825099.0,Loyal Customers
1598,CUST-IND-001598,Sanjay Sen,sanjay.sen488@gmail.com,Gold Privilege,2024-10-01 07:40:48,2,226372.99,Potential Loyalists
2278,CUST-IND-002278,Tarun Iyer,tarun.iyer933@gmail.com,Regular Shopper,2024-07-16 04:29:54,3,1178160.44,Potential Loyalists
1568,CUST-IND-001568,Sanjay Verma,sanjay.verma255@gmail.com,Gold Privilege,2024-11-03 10:12:36,3,1003059.6,Potential Loyalists
2403,CUST-IND-002403,Sunita Das,sunita.das385@gmail.com,VIP Club Premier,2024-10-31 07:04:02,4,491930.09,Loyal Customers
1112,CUST-IND-001112,Meera Nair,meera.nair774@gmail.com,Gold Privilege,2024-08-02 14:08:14,5,1381691.47,Loyal Customers
2442,CUST-IND-002442,Priya Rao,priya.rao97@gmail.com,Regular Shopper,2024-11-20 15:16:21,5,1051645.65,Loyal Customers
833,CUST-IND-000833,Ritu Bhat,ritu.bhat854@gmail.com,Gold Privilege,2024-11-21 07:40:28,4,607602.33,Loyal Customers
642,CUST-IND-000642,Sunita Verma,unregistered@retail.com,Regular Shopper,2024-12-16 18:22:28,4,1018638.07,Loyal Customers
943,CUST-IND-000943,Anita Sen,anita.sen897@gmail.com,Regular Shopper,2024-12-09 23:45:23,6,1389654.36,Loyal Customers
1354,CUST-IND-001354,Divya Verma,divya.verma353@gmail.com,Regular Shopper,2024-12-27 15:21:40,8,2132073.25,Champions
203,CUST-IND-000203,Amit Mehta,amit.mehta527@gmail.com,Regular Shopper,2024-12-01 05:48:10,5,1309203.0,Loyal Customers
1418,CUST-IND-001418,Ritu Kulkarni,ritu.kulkarni613@gmail.com,Festival Occasional,2024-10-09 05:42:12,5,1213713.16,Loyal Customers
1441,CUST-IND-001441,Niharika Verma,niharika.verma379@gmail.com,Festival Occasional,2024-11-07 12:34:37,3,245868.75,Potential Loyalists
1597,CUST-IND-001597,Rahul Mukherjee,rahul.mukherjee715@gmail.com,Festival Occasional,2024-11-23 22:15:55,5,1310613.67,Loyal Customers
212,CUST-IND-000212,Sanjay Desai,sanjay.desai3@gmail.com,Gold Privilege,2024-11-03 03:57:52,2,522050.0,Potential Loyalists
1338,CUST-IND-001338,Sunita Sen,sunita.sen986@gmail.com,Regular Shopper,2024-12-23 13:24:10,8,1864198.31,Champions
1053,CUST-IND-001053,Pooja Nanda,pooja.nanda659@gmail.com,Regular Shopper,2024-12-04 04:02:35,3,274854.59,Potential Loyalists
2418,CUST-IND-002418,Lakshmi Verma,lakshmi.verma10@gmail.com,Regular Shopper,2024-11-13 07:49:13,5,1429759.49,Loyal Customers
2461,CUST-IND-002461,Priya Chaudhary,priya.chaudhary530@gmail.com,VIP Club Premier,2024-12-09 09:22:15,7,1837063.03,Loyal Customers
2113,CUST-IND-002113,Anita Deshmukh,anita.deshmukh210@gmail.com,VIP Club Premier,2024-05-24 09:03:10,3,662059.85,Potential Loyalists
1906,CUST-IND-001906,Tarun Dutta,tarun.dutta76@gmail.com,Gold Privilege,2024-12-30 04:38:32,4,683085.81,Loyal Customers
2061,CUST-IND-002061,Niharika Deshmukh,niharika.deshmukh436@gmail.com,Gold Privilege,2024-09-24 15:31:44,6,1279627.4,Loyal Customers
675,CUST-IND-000675,Priya Kumar,priya.kumar209@gmail.com,Regular Shopper,2024-09-03 21:40:44,5,1574434.69,Loyal Customers
928,CUST-IND-000928,Manoj Chaudhary,manoj.chaudhary326@gmail.com,Gold Privilege,2024-12-31 23:06:44,9,2693977.03,Champions
1711,CUST-IND-001711,Kavita Rao,unregistered@retail.com,Regular Shopper,2024-12-28 02:36:35,3,167106.14,Potential Loyalists
1693,CUST-IND-001693,Vikram Hegde,unregistered@retail.com,Gold Privilege,2024-11-22 13:06:20,7,1377996.54,Loyal Customers
486,CUST-IND-000486,Karthik Kapoor,karthik.kapoor478@gmail.com,Gold Privilege,2024-12-08 05:47:28,2,322183.8,Potential Loyalists
1835,CUST-IND-001835,Manoj Patel,manoj.patel880@gmail.com,Regular Shopper,2024-12-21 19:52:22,5,1521990.97,Loyal Customers
724,CUST-IND-000724,Bhavna Gupta,bhavna.gupta54@gmail.com,Gold Privilege,2024-10-09 10:45:44,1,86775.6,New / Single Order
1164,CUST-IND-001164,Meera Singh,meera.singh652@gmail.com,Gold Privilege,2024-12-25 19:31:52,3,217723.5,Potential Loyalists
1904,CUST-IND-001904,Ananya Desai,ananya.desai393@gmail.com,Gold Privilege,2024-06-24 05:25:40,1,268047.15,New / Single Order
1707,CUST-IND-001707,Priya Nair,unregistered@retail.com,Regular Shopper,2024-07-12 20:48:54,4,800996.56,Loyal Customers
618,CUST-IND-000618,Niharika Kulkarni,niharika.kulkarni121@gmail.com,Festival Occasional,2024-10-17 02:12:29,6,2120461.74,Loyal Customers
902,CUST-IND-000902,Rahul Reddy,rahul.reddy651@gmail.com,Gold Privilege,2024-12-16 10:34:39,3,345751.07,Potential Loyalists
731,CUST-IND-000731,Rahul Sen,rahul.sen615@gmail.com,Gold Privilege,2024-10-31 17:30:00,8,1663219.14,Champions
1889,CUST-IND-001889,Deepika Nanda,deepika.nanda524@gmail.com,Regular Shopper,2024-12-30 00:54:35,3,984256.72,Potential Loyalists
588,CUST-IND-000588,Kavita Chatterjee,kavita.chatterjee736@gmail.com,Regular Shopper,2024-07-31 20:44:13,3,724922.42,Potential Loyalists
2051,CUST-IND-002051,Ritu Desai,ritu.desai212@gmail.com,Festival Occasional,2024-11-24 06:22:38,2,819978.99,Potential Loyalists
706,CUST-IND-000706,Anita Trivedi,anita.trivedi472@gmail.com,Regular Shopper,2024-11-24 11:40:19,4,526177.25,Loyal Customers
2095,CUST-IND-002095,Pooja Hegde,pooja.hegde597@gmail.com,Festival Occasional,2024-09-18 02:33:09,6,953753.97,Loyal Customers
2043,CUST-IND-002043,Deepika Agarwal,deepika.agarwal576@gmail.com,Gold Privilege,2024-06-02 14:02:51,2,465474.19,Potential Loyalists
279,CUST-IND-000279,Anita Agarwal,anita.agarwal995@gmail.com,Gold Privilege,2024-08-01 20:47:51,6,1358829.14,Loyal Customers
1580,CUST-IND-001580,Deepika Mukherjee,deepika.mukherjee361@gmail.com,Regular Shopper,2024-08-12 02:18:49,3,269212.31,Potential Loyalists
1671,CUST-IND-001671,Ananya Nanda,ananya.nanda658@gmail.com,Gold Privilege,2024-10-10 09:28:30,2,269624.84,Potential Loyalists
2375,CUST-IND-002375,Anjali Malhotra,anjali.malhotra788@gmail.com,Regular Shopper,2024-10-05 20:56:14,2,501237.67,Potential Loyalists
1389,CUST-IND-001389,Sunita Desai,sunita.desai212@gmail.com,VIP Club Premier,2024-05-07 12:22:46,2,756970.37,Potential Loyalists
1488,CUST-IND-001488,Aditya Chaudhary,aditya.chaudhary630@gmail.com,Regular Shopper,2024-06-03 17:01:08,3,807642.49,Potential Loyalists
1352,CUST-IND-001352,Niharika Bhat,niharika.bhat265@gmail.com,Regular Shopper,2024-07-28 15:35:39,3,342955.53,Potential Loyalists
826,CUST-IND-000826,Lakshmi Bansal,lakshmi.bansal673@gmail.com,Gold Privilege,2024-07-07 03:00:18,3,1047379.37,Potential Loyalists
1823,CUST-IND-001823,Dev Mehta,dev.mehta284@gmail.com,Regular Shopper,2024-10-27 21:40:10,4,558768.35,Loyal Customers
231,CUST-IND-000231,Alok Sen,alok.sen308@gmail.com,Regular Shopper,2024-04-28 08:23:27,2,191532.49,Potential Loyalists
466,CUST-IND-000466,Karthik Gupta,karthik.gupta259@gmail.com,Regular Shopper,2024-06-26 16:28:44,4,600232.91,Loyal Customers
626,CUST-IND-000626,Kavita Dutta,kavita.dutta311@gmail.com,Festival Occasional,2024-09-11 00:42:17,4,904872.32,Loyal Customers
2342,CUST-IND-002342,Swati Bhat,swati.bhat904@gmail.com,Gold Privilege,2024-08-19 14:27:46,2,687493.84,Potential Loyalists
1853,CUST-IND-001853,Vishal Iyer,vishal.iyer881@gmail.com,Regular Shopper,2024-11-03 06:35:07,2,917429.03,Potential Loyalists
1119,CUST-IND-001119,Suresh Trivedi,suresh.trivedi877@gmail.com,Regular Shopper,2024-02-10 06:21:11,2,541874.43,Potential Loyalists
1324,CUST-IND-001324,Deepak Bansal,deepak.bansal984@gmail.com,Regular Shopper,2024-11-17 02:18:40,8,1393711.65,Champions
537,CUST-IND-000537,Sunita Bansal,sunita.bansal31@gmail.com,Gold Privilege,2024-10-15 07:18:40,3,1172106.32,Potential Loyalists
1306,CUST-IND-001306,Rajesh Chaudhary,rajesh.chaudhary964@gmail.com,Regular Shopper,2024-06-13 11:12:49,1,314828.06,New / Single Order
2260,CUST-IND-002260,Neha Gupta,neha.gupta562@gmail.com,Regular Shopper,2024-09-29 16:17:04,3,406709.29,Potential Loyalists
2118,CUST-IND-002118,Deepika Pillai,deepika.pillai479@gmail.com,Regular Shopper,2024-05-10 22:41:52,2,653154.79,Potential Loyalists
1666,CUST-IND-001666,Karthik Malhotra,karthik.malhotra432@gmail.com,Gold Privilege,2024-10-13 06:23:25,1,380268.46,New / Single Order
622,CUST-IND-000622,Swati Das,swati.das480@gmail.com,Gold Privilege,2024-03-28 14:34:30,2,533621.22,Potential Loyalists
764,CUST-IND-000764,Preeti Verma,preeti.verma278@gmail.com,Gold Privilege,2024-04-24 02:23:06,3,673397.1,Potential Loyalists
2357,CUST-IND-002357,Anjali Shetty,anjali.shetty410@gmail.com,Gold Privilege,2024-10-07 08:04:39,1,238168.96,New / Single Order
412,CUST-IND-000412,Sanjay Mishra,sanjay.mishra92@gmail.com,VIP Club Premier,2024-08-01 23:11:51,2,418559.71,Potential Loyalists
267,CUST-IND-000267,Dev Joshi,dev.joshi514@gmail.com,Regular Shopper,2024-04-20 07:49:17,2,136197.69,Potential Loyalists
1088,CUST-IND-001088,Priya Mishra,priya.mishra222@gmail.com,VIP Club Premier,,0,0.0,Inactive
2167,CUST-IND-002167,Dev Bansal,dev.bansal573@gmail.com,Regular Shopper,,0,0.0,Inactive
