store_name,region,product_id,product_name,category,stock_on_hand,reorder_point,safety_stock,stock_status,recommended_reorder_qty
Ranchi Retail Center #1,East & Central India,PRD-IND-00001,Smartphones Model F985,Electronics & Gadgets,73,26,21,HEALTHY,-26
Ranchi Retail Center #1,East & Central India,PRD-IND-00002,Smartphones Model A572,Electronics & Gadgets,425,41,24,HEALTHY,-360
Ranchi Retail Center #1,East & Central India,PRD-IND-00003,Smartphones Model Z989,Electronics & Gadgets,102,40,34,HEALTHY,-28
Ranchi Retail Center #1,East & Central India,PRD-IND-00004,Smartphones Model R416,Electronics & Gadgets,449,54,18,HEALTHY,-377
Ranchi Retail Center #1,East & Central India,PRD-IND-00005,Smartphones Model L683,Electronics & Gadgets,361,56,15,HEALTHY,-290
Ranchi Retail Center #1,East & Central India,PRD-IND-00006,Smartphones Model E727,Electronics & Gadgets,395,29,19,HEALTHY,-347
Ranchi Retail Center #1,East & Central India,PRD-IND-00007,Laptops Model D381,Electronics & Gadgets,495,47,34,HEALTHY,-414
Ranchi Retail Center #1,East & Central India,PRD-IND-00008,Laptops Model V239,Electronics & Gadgets,458,45,21,HEALTHY,-392
Ranchi Retail Center #1,East & Central India,PRD-IND-00009,Laptops Model O351,Electronics & Gadgets,344,27,23,HEALTHY,-294
Ranchi Retail Center #1,East & Central India,PRD-IND-00010,Laptops Model V866,Electronics & Gadgets,125,60,26,HEALTHY,-39
Ranchi Retail Center #1,East & Central India,PRD-IND-00011,Laptops Model O858,Electronics & Gadgets,343,49,31,HEALTHY,-263
Ranchi Retail Center #1,East & Central India,PRD-IND-00012,Laptops Model B870,Electronics & Gadgets,347,54,30,HEALTHY,-263
Ranchi Retail Center #1,East & Central India,PRD-IND-00013,Audio & Headphones Model T281,Electronics & Gadgets,226,60,31,HEALTHY,-135
Ranchi Retail Center #1,East & Central India,PRD-IND-00014,Audio & Headphones Model G322,Electronics & Gadgets,127,57,28,HEALTHY,-42
Ranchi Retail Center #1,East & Central India,PRD-IND-00015,Audio & Headphones Model D324,Electronics & Gadgets,116,34,20,HEALTHY,-62
Ranchi Retail Center #1,East & Central India,PRD-IND-00016,Audio & Headphones Model T550,Electronics & Gadgets,212,28,25,HEALTHY,-159
Ranchi Retail Center #1,East & Central India,PRD-IND-00017,Audio & Headphones Model Q622,Electronics & Gadgets,342,35,25,HEALTHY,-282
Ranchi Retail Center #1,East & Central India,PRD-IND-00018,Audio & Headphones Model P509,Electronics & Gadgets,109,42,15,HEALTHY,-52
Ranchi Retail Center #1,East & Central India,PRD-IND-00019,Smartwatches Model E822,Electronics & Gadgets,232,36,19,HEALTHY,-177
Ranchi Retail Center #1,East & Central India,PRD-IND-00020,Smartwatches Model J175,Electronics & Gadgets,468,38,16,HEALTHY,-414
Ranchi Retail Center #1,East & Central India,PRD-IND-00021,Smartwatches Model O323,Electronics & Gadgets,25,41,21,WARNING: REORDER NEEDED,37
Ranchi Retail Center #1,East & Central India,PRD-IND-00022,Smartwatches Model Q954,Electronics & Gadgets,332,43,28,HEALTHY,-261
Ranchi Retail Center #1,East & Central India,PRD-IND-00023,Smartwatches Model R443,Electronics & Gadgets,48,33,15,HEALTHY,0
Ranchi Retail Center #1,East & Central India,PRD-IND-00024,Smartwatches Model G436,Electronics & Gadgets,156,34,20,HEALTHY,-102
Ranchi Retail Center #1,East & Central India,PRD-IND-00025,Home Appliances Model Q738,Electronics & Gadgets,158,48,29,HEALTHY,-81
Ranchi Retail Center #1,East & Central India,PRD-IND-00026,Home Appliances Model P768,Electronics & Gadgets,180,33,30,HEALTHY,-117
Ranchi Retail Center #1,East & Central India,PRD-IND-00027,Home Appliances Model T133,Electronics & Gadgets,495,40,16,HEALTHY,-439
Ranchi Retail Center #1,East & Central India,PRD-IND-00028,Home Appliances Model G300,Electronics & Gadgets,462,27,17,HEALTHY,-418
Ranchi Retail Center #1,East & Central India,PRD-IND-00029,Home Appliances Model H956,Electronics & Gadgets,58,30,16,HEALTHY,-12
Ranchi Retail Center #1,East & Central India,PRD-IND-00030,Home Appliances Model X534,Electronics & Gadgets,54,37,18,HEALTHY,1
Ranchi Retail Center #1,East & Central India,PRD-IND-00031,Ethnic Wear & Sarees Model S959,Apparel & Fashion,117,37,21,HEALTHY,-59
Ranchi Retail Center #1,East & Central India,PRD-IND-00032,Ethnic Wear & Sarees Model I627,Apparel & Fashion,85,28,31,HEALTHY,-26
Ranchi Retail Center #1,East & Central India,PRD-IND-00033,Ethnic Wear & Sarees Model J288,Apparel & Fashion,440,60,26,HEALTHY,-354
Ranchi Retail Center #1,East & Central India,PRD-IND-00034,Ethnic Wear & Sarees Model R189,Apparel & Fashion,33,55,20,WARNING: REORDER NEEDED,42
Ranchi Retail Center #1,East & Central India,PRD-IND-00035,Ethnic Wear & Sarees Model F942,Apparel & Fashion,60,60,26,WARNING: REORDER NEEDED,26
Ranchi Retail Center #1,East & Central India,PRD-IND-00036,Ethnic Wear & Sarees Model L531,Apparel & Fashion,305,55,17,HEALTHY,-233
Ranchi Retail Center #1,East & Central India,PRD-IND-00037,Men's Wear Model U520,Apparel & Fashion,44,37,27,HEALTHY,20
Ranchi Retail Center #1,East & Central India,PRD-IND-00038,Men's Wear Model N368,Apparel & Fashion,450,55,31,HEALTHY,-364
Ranchi Retail Center #1,East & Central India,PRD-IND-00039,Men's Wear Model G987,Apparel & Fashion,66,37,29,HEALTHY,0
Ranchi Retail Center #1,East & Central India,PRD-IND-00040,Men's Wear Model G903,Apparel & Fashion,27,55,16,WARNING: REORDER NEEDED,44
Ranchi Retail Center #1,East & Central India,PRD-IND-00041,Men's Wear Model F525,Apparel & Fashion,241,33,21,HEALTHY,-187
Ranchi Retail Center #1,East & Central India,PRD-IND-00042,Men's Wear Model O328,Apparel & Fashion,150,43,20,HEALTHY,-87
Ranchi Retail Center #1,East & Central India,PRD-IND-00043,Women's Western Model E376,Apparel & Fashion,89,59,25,HEALTHY,-5
Ranchi Retail Center #1,East & Central India,PRD-IND-00044,Women's Western Model U499,Apparel & Fashion,26,28,24,WARNING: REORDER NEEDED,26
Ranchi Retail Center #1,East & Central India,PRD-IND-00045,Women's Western Model V661,Apparel & Fashion,180,33,34,HEALTHY,-113
Ranchi Retail Center #1,East & Central India,PRD-IND-00046,Women's Western Model U771,Apparel & Fashion,72,31,27,HEALTHY,-14
Ranchi Retail Center #1,East & Central India,PRD-IND-00047,Women's Western Model O503,Apparel & Fashion,235,36,26,HEALTHY,-173
Ranchi Retail Center #1,East & Central India,PRD-IND-00048,Women's Western Model P378,Apparel & Fashion,423,47,23,HEALTHY,-353
Ranchi Retail Center #1,East & Central India,PRD-IND-00049,Footwear Model I961,Apparel & Fashion,267,28,20,HEALTHY,-219
Ranchi Retail Center #1,East & Central India,PRD-IND-00050,Footwear Model F604,Apparel & Fashion,10,48,16,HIGH RISK: BELOW SAFETY STOCK,54
Ranchi Retail Center #1,East & Central India,PRD-IND-00051,Footwear Model S668,Apparel & Fashion,432,30,31,HEALTHY,-371
Ranchi Retail Center #1,East & Central India,PRD-IND-00052,Footwear Model Z213,Apparel & Fashion,373,36,19,HEALTHY,-318
Ranchi Retail Center #1,East & Central India,PRD-IND-00053,Footwear Model L175,Apparel & Fashion,345,36,17,HEALTHY,-292
Ranchi Retail Center #1,East & Central India,PRD-IND-00054,Footwear Model U733,Apparel & Fashion,265,45,29,HEALTHY,-191
Ranchi Retail Center #1,East & Central India,PRD-IND-00055,Fashion Accessories Model Q600,Apparel & Fashion,51,33,25,HEALTHY,7
Ranchi Retail Center #1,East & Central India,PRD-IND-00056,Fashion Accessories Model H596,Apparel & Fashion,330,42,34,HEALTHY,-254
Ranchi Retail Center #1,East & Central India,PRD-IND-00057,Fashion Accessories Model C782,Apparel & Fashion,425,45,26,HEALTHY,-354
Ranchi Retail Center #1,East & Central India,PRD-IND-00058,Fashion Accessories Model J183,Apparel & Fashion,494,46,20,HEALTHY,-428
Ranchi Retail Center #1,East & Central India,PRD-IND-00059,Fashion Accessories Model R976,Apparel & Fashion,64,49,24,HEALTHY,9
Ranchi Retail Center #1,East & Central India,PRD-IND-00060,Fashion Accessories Model M677,Apparel & Fashion,373,49,27,HEALTHY,-297
Ranchi Retail Center #1,East & Central India,PRD-IND-00061,Furniture Model N132,Home & Living,331,29,18,HEALTHY,-284
Ranchi Retail Center #1,East & Central India,PRD-IND-00062,Furniture Model U448,Home & Living,201,56,28,HEALTHY,-117
Ranchi Retail Center #1,East & Central India,PRD-IND-00063,Furniture Model R565,Home & Living,294,32,31,HEALTHY,-231
Ranchi Retail Center #1,East & Central India,PRD-IND-00064,Furniture Model J215,Home & Living,482,46,34,HEALTHY,-402
Ranchi Retail Center #1,East & Central India,PRD-IND-00065,Furniture Model H138,Home & Living,14,59,18,HIGH RISK: BELOW SAFETY STOCK,63
Ranchi Retail Center #1,East & Central India,PRD-IND-00066,Furniture Model T348,Home & Living,232,51,22,HEALTHY,-159
Ranchi Retail Center #1,East & Central India,PRD-IND-00067,Cookware & Kitchen Model V298,Home & Living,60,50,32,HEALTHY,22
Ranchi Retail Center #1,East & Central India,PRD-IND-00068,Cookware & Kitchen Model M927,Home & Living,83,37,31,HEALTHY,-15
Ranchi Retail Center #1,East & Central India,PRD-IND-00069,Cookware & Kitchen Model F737,Home & Living,131,39,17,HEALTHY,-75
Ranchi Retail Center #1,East & Central India,PRD-IND-00070,Cookware & Kitchen Model H709,Home & Living,236,26,29,HEALTHY,-181
Ranchi Retail Center #1,East & Central India,PRD-IND-00071,Cookware & Kitchen Model I672,Home & Living,129,30,35,HEALTHY,-64
Ranchi Retail Center #1,East & Central India,PRD-IND-00072,Cookware & Kitchen Model T452,Home & Living,361,39,20,HEALTHY,-302
Ranchi Retail Center #1,East & Central India,PRD-IND-00073,Bedding & Linen Model C866,Home & Living,1,56,25,HIGH RISK: BELOW SAFETY STOCK,80
Ranchi Retail Center #1,East & Central India,PRD-IND-00074,Bedding & Linen Model C482,Home & Living,273,33,33,HEALTHY,-207
Ranchi Retail Center #1,East & Central India,PRD-IND-00075,Bedding & Linen Model Y927,Home & Living,96,47,18,HEALTHY,-31
Ranchi Retail Center #1,East & Central India,PRD-IND-00076,Bedding & Linen Model N717,Home & Living,371,26,24,HEALTHY,-321
Ranchi Retail Center #1,East & Central India,PRD-IND-00077,Bedding & Linen Model N231,Home & Living,333,55,23,HEALTHY,-255
Ranchi Retail Center #1,East & Central India,PRD-IND-00078,Bedding & Linen Model C251,Home & Living,90,44,30,HEALTHY,-16
Ranchi Retail Center #1,East & Central India,PRD-IND-00079,Home Decor Model E271,Home & Living,348,31,35,HEALTHY,-282
Ranchi Retail Center #1,East & Central India,PRD-IND-00080,Home Decor Model B737,Home & Living,290,35,32,HEALTHY,-223
Ranchi Retail Center #1,East & Central India,PRD-IND-00081,Home Decor Model H935,Home & Living,192,43,15,HEALTHY,-134
Ranchi Retail Center #1,East & Central India,PRD-IND-00082,Home Decor Model J863,Home & Living,286,36,16,HEALTHY,-234
Ranchi Retail Center #1,East & Central India,PRD-IND-00083,Home Decor Model S419,Home & Living,176,59,30,HEALTHY,-87
Ranchi Retail Center #1,East & Central India,PRD-IND-00084,Home Decor Model R235,Home & Living,120,54,29,HEALTHY,-37
Ranchi Retail Center #1,East & Central India,PRD-IND-00085,Pooja & Spiritual Essentials Model B542,Home & Living,482,54,20,HEALTHY,-408
Ranchi Retail Center #1,East & Central India,PRD-IND-00086,Pooja & Spiritual Essentials Model C617,Home & Living,72,28,22,HEALTHY,-22
Ranchi Retail Center #1,East & Central India,PRD-IND-00087,Pooja & Spiritual Essentials Model I388,Home & Living,128,44,24,HEALTHY,-60
Ranchi Retail Center #1,East & Central India,PRD-IND-00088,Pooja & Spiritual Essentials Model X441,Home & Living,156,47,32,HEALTHY,-77
Ranchi Retail Center #1,East & Central India,PRD-IND-00089,Pooja & Spiritual Essentials Model S453,Home & Living,8,30,33,HIGH RISK: BELOW SAFETY STOCK,55
Ranchi Retail Center #1,East & Central India,PRD-IND-00090,Pooja & Spiritual Essentials Model T756,Home & Living,48,50,16,WARNING: REORDER NEEDED,18
Ranchi Retail Center #1,East & Central India,PRD-IND-00091,Ayurvedic & Skincare Model I993,Beauty & Personal Care,95,35,21,HEALTHY,-39
Ranchi Retail Center #1,East & Central India,PRD-IND-00092,Ayurvedic & Skincare Model V453,Beauty & Personal Care,105,55,29,HEALTHY,-21
Ranchi Retail Center #1,East & Central India,PRD-IND-00093,Ayurvedic & Skincare Model R437,Beauty & Personal Care,225,59,33,HEALTHY,-133
Ranchi Retail Center #1,East & Central India,PRD-IND-00094,Ayurvedic & Skincare Model K348,Beauty & Personal Care,29,32,35,HIGH RISK: BELOW SAFETY STOCK,38
Ranchi Retail Center #1,East & Central India,PRD-IND-00095,Ayurvedic & Skincare Model S650,Beauty & Personal Care,44,39,24,HEALTHY,19
Ranchi Retail Center #1,East & Central India,PRD-IND-00096,Ayurvedic & Skincare Model E371,Beauty & Personal Care,474,49,22,HEALTHY,-403
Ranchi Retail Center #1,East & Central India,PRD-IND-00097,Personal Grooming Model X908,Beauty & Personal Care,283,55,26,HEALTHY,-202
Ranchi Retail Center #1,East & Central India,PRD-IND-00098,Personal Grooming Model V376,Beauty & Personal Care,17,25,18,HIGH RISK: BELOW SAFETY STOCK,26
Ranchi Retail Center #1,East & Central India,PRD-IND-00099,Personal Grooming Model K686,Beauty & Personal Care,71,31,35,HEALTHY,-5
Ranchi Retail Center #1,East & Central India,PRD-IND-00100,Personal Grooming Model Q489,Beauty & Personal Care,324,48,15,HEALTHY,-261
Ranchi Retail Center #1,East & Central India,PRD-IND-00101,Personal Grooming Model Y559,Beauty & Personal Care,420,40,33,HEALTHY,-347
Ranchi Retail Center #1,East & Central India,PRD-IND-00102,Personal Grooming Model N766,Beauty & Personal Care,63,57,18,HEALTHY,12
Ranchi Retail Center #1,East & Central India,PRD-IND-00103,Cosmetics Model D157,Beauty & Personal Care,130,31,21,HEALTHY,-78
Ranchi Retail Center #1,East & Central India,PRD-IND-00104,Cosmetics Model A526,Beauty & Personal Care,391,33,35,HEALTHY,-323
Ranchi Retail Center #1,East & Central India,PRD-IND-00105,Cosmetics Model J672,Beauty & Personal Care,114,48,25,HEALTHY,-41
Ranchi Retail Center #1,East & Central India,PRD-IND-00106,Cosmetics Model G541,Beauty & Personal Care,324,45,23,HEALTHY,-256
Ranchi Retail Center #1,East & Central India,PRD-IND-00107,Cosmetics Model B432,Beauty & Personal Care,188,51,23,HEALTHY,-114
Ranchi Retail Center #1,East & Central India,PRD-IND-00108,Cosmetics Model V489,Beauty & Personal Care,485,28,26,HEALTHY,-431
Ranchi Retail Center #1,East & Central India,PRD-IND-00109,Wellness & Health Model V933,Beauty & Personal Care,124,50,30,HEALTHY,-44
Ranchi Retail Center #1,East & Central India,PRD-IND-00110,Wellness & Health Model B245,Beauty & Personal Care,401,36,22,HEALTHY,-343
Ranchi Retail Center #1,East & Central India,PRD-IND-00111,Wellness & Health Model H766,Beauty & Personal Care,19,53,28,HIGH RISK: BELOW SAFETY STOCK,62
Ranchi Retail Center #1,East & Central India,PRD-IND-00112,Wellness & Health Model X718,Beauty & Personal Care,196,50,31,HEALTHY,-115
Ranchi Retail Center #1,East & Central India,PRD-IND-00113,Wellness & Health Model H456,Beauty & Personal Care,227,45,18,HEALTHY,-164
Ranchi Retail Center #1,East & Central India,PRD-IND-00114,Wellness & Health Model I109,Beauty & Personal Care,236,37,35,HEALTHY,-164
Ranchi Retail Center #1,East & Central India,PRD-IND-00115,Spices & Atta Model E734,Groceries & Pantry,326,41,26,HEALTHY,-259
Ranchi Retail Center #1,East & Central India,PRD-IND-00116,Spices & Atta Model H432,Groceries & Pantry,11,40,16,HIGH RISK: BELOW SAFETY STOCK,45
Ranchi Retail Center #1,East & Central India,PRD-IND-00117,Spices & Atta Model P601,Groceries & Pantry,198,45,26,HEALTHY,-127
Ranchi Retail Center #1,East & Central India,PRD-IND-00118,Spices & Atta Model U283,Groceries & Pantry,341,26,33,HEALTHY,-282
Ranchi Retail Center #1,East & Central India,PRD-IND-00119,Spices & Atta Model P799,Groceries & Pantry,7,55,31,HIGH RISK: BELOW SAFETY STOCK,79
Ranchi Retail Center #1,East & Central India,PRD-IND-00120,Spices & Atta Model Q229,Groceries & Pantry,399,51,20,HEALTHY,-328
Ranchi Retail Center #1,East & Central India,PRD-IND-00121,Beverages & Tea Model R726,Groceries & Pantry,446,52,27,HEALTHY,-367
Ranchi Retail Center #1,East & Central India,PRD-IND-00122,Beverages & Tea Model J769,Groceries & Pantry,433,35,29,HEALTHY,-369
Ranchi Retail Center #1,East & Central India,PRD-IND-00123,Beverages & Tea Model I326,Groceries & Pantry,185,54,34,HEALTHY,-97
Ranchi Retail Center #1,East & Central India,PRD-IND-00124,Beverages & Tea Model K557,Groceries & Pantry,39,47,22,WARNING: REORDER NEEDED,30
Ranchi Retail Center #1,East & Central India,PRD-IND-00125,Beverages & Tea Model Z358,Groceries & Pantry,192,34,23,HEALTHY,-135
Ranchi Retail Center #1,East & Central India,PRD-IND-00126,Beverages & Tea Model Z580,Groceries & Pantry,3,57,32,HIGH RISK: BELOW SAFETY STOCK,86
Ranchi Retail Center #1,East & Central India,PRD-IND-00127,Snacks & Sweets Model J315,Groceries & Pantry,198,39,30,HEALTHY,-129
Ranchi Retail Center #1,East & Central India,PRD-IND-00128,Snacks & Sweets Model F813,Groceries & Pantry,251,42,29,HEALTHY,-180
Ranchi Retail Center #1,East & Central India,PRD-IND-00129,Snacks & Sweets Model I383,Groceries & Pantry,425,47,27,HEALTHY,-351
Ranchi Retail Center #1,East & Central India,PRD-IND-00130,Snacks & Sweets Model Q321,Groceries & Pantry,426,37,35,HEALTHY,-354
Ranchi Retail Center #1,East & Central India,PRD-IND-00131,Snacks & Sweets Model K811,Groceries & Pantry,261,59,22,HEALTHY,-180
Ranchi Retail Center #1,East & Central India,PRD-IND-00132,Snacks & Sweets Model N704,Groceries & Pantry,141,31,31,HEALTHY,-79
Ranchi Retail Center #1,East & Central India,PRD-IND-00133,Organic Staples Model F135,Groceries & Pantry,446,40,18,HEALTHY,-388
Ranchi Retail Center #1,East & Central India,PRD-IND-00134,Organic Staples Model I531,Groceries & Pantry,9,39,30,HIGH RISK: BELOW SAFETY STOCK,60
Ranchi Retail Center #1,East & Central India,PRD-IND-00135,Organic Staples Model F890,Groceries & Pantry,385,25,23,HEALTHY,-337
Ranchi Retail Center #1,East & Central India,PRD-IND-00136,Organic Staples Model Q759,Groceries & Pantry,189,48,20,HEALTHY,-121
Ranchi Retail Center #1,East & Central India,PRD-IND-00137,Organic Staples Model W353,Groceries & Pantry,212,45,35,HEALTHY,-132
Ranchi Retail Center #1,East & Central India,PRD-IND-00138,Organic Staples Model O517,Groceries & Pantry,62,59,19,HEALTHY,16
Ranchi Retail Center #1,East & Central India,PRD-IND-00139,Gourmet Foods Model T469,Groceries & Pantry,226,48,26,HEALTHY,-152
Ranchi Retail Center #1,East & Central India,PRD-IND-00140,Gourmet Foods Model W779,Groceries & Pantry,289,25,32,HEALTHY,-232
Ranchi Retail Center #1,East & Central India,PRD-IND-00141,Gourmet Foods Model N139,Groceries & Pantry,11,35,24,HIGH RISK: BELOW SAFETY STOCK,48
Ranchi Retail Center #1,East & Central India,PRD-IND-00142,Gourmet Foods Model Q928,Groceries & Pantry,436,25,20,HEALTHY,-391
Ranchi Retail Center #1,East & Central India,PRD-IND-00143,Gourmet Foods Model W299,Groceries & Pantry,189,56,24,HEALTHY,-109
Ranchi Retail Center #1,East & Central India,PRD-IND-00144,Gourmet Foods Model S546,Groceries & Pantry,72,57,27,HEALTHY,12
Patna Retail Center #2,East & Central India,PRD-IND-00001,Smartphones Model F985,Electronics & Gadgets,366,30,25,HEALTHY,-311
Patna Retail Center #2,East & Central India,PRD-IND-00002,Smartphones Model A572,Electronics & Gadgets,367,27,30,HEALTHY,-310
Patna Retail Center #2,East & Central India,PRD-IND-00003,Smartphones Model Z989,Electronics & Gadgets,84,43,30,HEALTHY,-11
Patna Retail Center #2,East & Central India,PRD-IND-00004,Smartphones Model R416,Electronics & Gadgets,411,44,28,HEALTHY,-339
Patna Retail Center #2,East & Central India,PRD-IND-00005,Smartphones Model L683,Electronics & Gadgets,281,35,21,HEALTHY,-225
Patna Retail Center #2,East & Central India,PRD-IND-00006,Smartphones Model E727,Electronics & Gadgets,105,51,21,HEALTHY,-33
Patna Retail Center #2,East & Central India,PRD-IND-00007,Laptops Model D381,Electronics & Gadgets,39,44,18,WARNING: REORDER NEEDED,23
Patna Retail Center #2,East & Central India,PRD-IND-00008,Laptops Model V239,Electronics & Gadgets,403,36,31,HEALTHY,-336
Patna Retail Center #2,East & Central India,PRD-IND-00009,Laptops Model O351,Electronics & Gadgets,154,54,22,HEALTHY,-78
Patna Retail Center #2,East & Central India,PRD-IND-00010,Laptops Model V866,Electronics & Gadgets,479,41,30,HEALTHY,-408
Patna Retail Center #2,East & Central India,PRD-IND-00011,Laptops Model O858,Electronics & Gadgets,216,36,19,HEALTHY,-161
Patna Retail Center #2,East & Central India,PRD-IND-00012,Laptops Model B870,Electronics & Gadgets,96,48,29,HEALTHY,-19
Patna Retail Center #2,East & Central India,PRD-IND-00013,Audio & Headphones Model T281,Electronics & Gadgets,13,42,27,HIGH RISK: BELOW SAFETY STOCK,56
Patna Retail Center #2,East & Central India,PRD-IND-00014,Audio & Headphones Model G322,Electronics & Gadgets,353,25,27,HEALTHY,-301
Patna Retail Center #2,East & Central India,PRD-IND-00015,Audio & Headphones Model D324,Electronics & Gadgets,166,30,19,HEALTHY,-117
Patna Retail Center #2,East & Central India,PRD-IND-00016,Audio & Headphones Model T550,Electronics & Gadgets,488,49,19,HEALTHY,-420
Patna Retail Center #2,East & Central India,PRD-IND-00017,Audio & Headphones Model Q622,Electronics & Gadgets,11,52,16,HIGH RISK: BELOW SAFETY STOCK,57
Patna Retail Center #2,East & Central India,PRD-IND-00018,Audio & Headphones Model P509,Electronics & Gadgets,93,48,30,HEALTHY,-15
Patna Retail Center #2,East & Central India,PRD-IND-00019,Smartwatches Model E822,Electronics & Gadgets,68,51,19,HEALTHY,2
Patna Retail Center #2,East & Central India,PRD-IND-00020,Smartwatches Model J175,Electronics & Gadgets,162,57,21,HEALTHY,-84
Patna Retail Center #2,East & Central India,PRD-IND-00021,Smartwatches Model O323,Electronics & Gadgets,85,60,25,HEALTHY,0
Patna Retail Center #2,East & Central India,PRD-IND-00022,Smartwatches Model Q954,Electronics & Gadgets,302,37,18,HEALTHY,-247
Patna Retail Center #2,East & Central India,PRD-IND-00023,Smartwatches Model R443,Electronics & Gadgets,161,39,35,HEALTHY,-87
Patna Retail Center #2,East & Central India,PRD-IND-00024,Smartwatches Model G436,Electronics & Gadgets,132,26,34,HEALTHY,-72
Patna Retail Center #2,East & Central India,PRD-IND-00025,Home Appliances Model Q738,Electronics & Gadgets,4,39,19,HIGH RISK: BELOW SAFETY STOCK,54
Patna Retail Center #2,East & Central India,PRD-IND-00026,Home Appliances Model P768,Electronics & Gadgets,425,40,19,HEALTHY,-366
Patna Retail Center #2,East & Central India,PRD-IND-00027,Home Appliances Model T133,Electronics & Gadgets,52,30,24,HEALTHY,2
Patna Retail Center #2,East & Central India,PRD-IND-00028,Home Appliances Model G300,Electronics & Gadgets,288,25,17,HEALTHY,-246
Patna Retail Center #2,East & Central India,PRD-IND-00029,Home Appliances Model H956,Electronics & Gadgets,399,44,16,HEALTHY,-339
Patna Retail Center #2,East & Central India,PRD-IND-00030,Home Appliances Model X534,Electronics & Gadgets,189,27,22,HEALTHY,-140
Patna Retail Center #2,East & Central India,PRD-IND-00031,Ethnic Wear & Sarees Model S959,Apparel & Fashion,307,44,28,HEALTHY,-235
Patna Retail Center #2,East & Central India,PRD-IND-00032,Ethnic Wear & Sarees Model I627,Apparel & Fashion,412,58,30,HEALTHY,-324
Patna Retail Center #2,East & Central India,PRD-IND-00033,Ethnic Wear & Sarees Model J288,Apparel & Fashion,200,35,33,HEALTHY,-132
Patna Retail Center #2,East & Central India,PRD-IND-00034,Ethnic Wear & Sarees Model R189,Apparel & Fashion,120,59,25,HEALTHY,-36
Patna Retail Center #2,East & Central India,PRD-IND-00035,Ethnic Wear & Sarees Model F942,Apparel & Fashion,146,36,19,HEALTHY,-91
Patna Retail Center #2,East & Central India,PRD-IND-00036,Ethnic Wear & Sarees Model L531,Apparel & Fashion,385,41,28,HEALTHY,-316
Patna Retail Center #2,East & Central India,PRD-IND-00037,Men's Wear Model U520,Apparel & Fashion,285,41,22,HEALTHY,-222
Patna Retail Center #2,East & Central India,PRD-IND-00038,Men's Wear Model N368,Apparel & Fashion,187,44,16,HEALTHY,-127
Patna Retail Center #2,East & Central India,PRD-IND-00039,Men's Wear Model G987,Apparel & Fashion,310,25,18,HEALTHY,-267
Patna Retail Center #2,East & Central India,PRD-IND-00040,Men's Wear Model G903,Apparel & Fashion,455,49,29,HEALTHY,-377
Patna Retail Center #2,East & Central India,PRD-IND-00041,Men's Wear Model F525,Apparel & Fashion,446,49,25,HEALTHY,-372
Patna Retail Center #2,East & Central India,PRD-IND-00042,Men's Wear Model O328,Apparel & Fashion,255,41,18,HEALTHY,-196
Patna Retail Center #2,East & Central India,PRD-IND-00043,Women's Western Model E376,Apparel & Fashion,445,52,32,HEALTHY,-361
Patna Retail Center #2,East & Central India,PRD-IND-00044,Women's Western Model U499,Apparel & Fashion,320,53,15,HEALTHY,-252
Patna Retail Center #2,East & Central India,PRD-IND-00045,Women's Western Model V661,Apparel & Fashion,3,60,21,HIGH RISK: BELOW SAFETY STOCK,78
Patna Retail Center #2,East & Central India,PRD-IND-00046,Women's Western Model U771,Apparel & Fashion,361,44,17,HEALTHY,-300
Patna Retail Center #2,East & Central India,PRD-IND-00047,Women's Western Model O503,Apparel & Fashion,195,39,17,HEALTHY,-139
Patna Retail Center #2,East & Central India,PRD-IND-00048,Women's Western Model P378,Apparel & Fashion,497,42,24,HEALTHY,-431
Patna Retail Center #2,East & Central India,PRD-IND-00049,Footwear Model I961,Apparel & Fashion,333,52,23,HEALTHY,-258
Patna Retail Center #2,East & Central India,PRD-IND-00050,Footwear Model F604,Apparel & Fashion,432,59,35,HEALTHY,-338
Patna Retail Center #2,East & Central India,PRD-IND-00051,Footwear Model S668,Apparel & Fashion,392,55,24,HEALTHY,-313
Patna Retail Center #2,East & Central India,PRD-IND-00052,Footwear Model Z213,Apparel & Fashion,312,46,23,HEALTHY,-243
Patna Retail Center #2,East & Central India,PRD-IND-00053,Footwear Model L175,Apparel & Fashion,89,37,25,HEALTHY,-27
Patna Retail Center #2,East & Central India,PRD-IND-00054,Footwear Model U733,Apparel & Fashion,319,27,15,HEALTHY,-277
Patna Retail Center #2,East & Central India,PRD-IND-00055,Fashion Accessories Model Q600,Apparel & Fashion,83,55,22,HEALTHY,-6
Patna Retail Center #2,East & Central India,PRD-IND-00056,Fashion Accessories Model H596,Apparel & Fashion,349,58,19,HEALTHY,-272
Patna Retail Center #2,East & Central India,PRD-IND-00057,Fashion Accessories Model C782,Apparel & Fashion,332,31,30,HEALTHY,-271
Patna Retail Center #2,East & Central India,PRD-IND-00058,Fashion Accessories Model J183,Apparel & Fashion,460,27,16,HEALTHY,-417
Patna Retail Center #2,East & Central India,PRD-IND-00059,Fashion Accessories Model R976,Apparel & Fashion,176,47,30,HEALTHY,-99
Patna Retail Center #2,East & Central India,PRD-IND-00060,Fashion Accessories Model M677,Apparel & Fashion,165,33,24,HEALTHY,-108
Patna Retail Center #2,East & Central India,PRD-IND-00061,Furniture Model N132,Home & Living,7,60,16,HIGH RISK: BELOW SAFETY STOCK,69
Patna Retail Center #2,East & Central India,PRD-IND-00062,Furniture Model U448,Home & Living,151,37,22,HEALTHY,-92
Patna Retail Center #2,East & Central India,PRD-IND-00063,Furniture Model R565,Home & Living,88,53,32,HEALTHY,-3
Patna Retail Center #2,East & Central India,PRD-IND-00064,Furniture Model J215,Home & Living,265,57,26,HEALTHY,-182
Patna Retail Center #2,East & Central India,PRD-IND-00065,Furniture Model H138,Home & Living,30,47,33,HIGH RISK: BELOW SAFETY STOCK,50
Patna Retail Center #2,East & Central India,PRD-IND-00066,Furniture Model T348,Home & Living,282,40,35,HEALTHY,-207
Patna Retail Center #2,East & Central India,PRD-IND-00067,Cookware & Kitchen Model V298,Home & Living,306,35,20,HEALTHY,-251
Patna Retail Center #2,East & Central India,PRD-IND-00068,Cookware & Kitchen Model M927,Home & Living,315,31,21,HEALTHY,-263
Patna Retail Center #2,East & Central India,PRD-IND-00069,Cookware & Kitchen Model F737,Home & Living,68,56,16,HEALTHY,4
Patna Retail Center #2,East & Central India,PRD-IND-00070,Cookware & Kitchen Model H709,Home & Living,144,57,33,HEALTHY,-54
Patna Retail Center #2,East & Central India,PRD-IND-00071,Cookware & Kitchen Model I672,Home & Living,285,60,16,HEALTHY,-209
Patna Retail Center #2,East & Central India,PRD-IND-00072,Cookware & Kitchen Model T452,Home & Living,236,26,15,HEALTHY,-195
Patna Retail Center #2,East & Central India,PRD-IND-00073,Bedding & Linen Model C866,Home & Living,149,32,16,HEALTHY,-101
Patna Retail Center #2,East & Central India,PRD-IND-00074,Bedding & Linen Model C482,Home & Living,11,42,17,HIGH RISK: BELOW SAFETY STOCK,48
Patna Retail Center #2,East & Central India,PRD-IND-00075,Bedding & Linen Model Y927,Home & Living,231,27,28,HEALTHY,-176
Patna Retail Center #2,East & Central India,PRD-IND-00076,Bedding & Linen Model N717,Home & Living,413,36,35,HEALTHY,-342
Patna Retail Center #2,East & Central India,PRD-IND-00077,Bedding & Linen Model N231,Home & Living,242,29,21,HEALTHY,-192
Patna Retail Center #2,East & Central India,PRD-IND-00078,Bedding & Linen Model C251,Home & Living,467,26,33,HEALTHY,-408
Patna Retail Center #2,East & Central India,PRD-IND-00079,Home Decor Model E271,Home & Living,400,50,27,HEALTHY,-323
Patna Retail Center #2,East & Central India,PRD-IND-00080,Home Decor Model B737,Home & Living,118,38,34,HEALTHY,-46
Patna Retail Center #2,East & Central India,PRD-IND-00081,Home Decor Model H935,Home & Living,35,37,21,WARNING: REORDER NEEDED,23
Patna Retail Center #2,East & Central India,PRD-IND-00082,Home Decor Model J863,Home & Living,496,47,30,HEALTHY,-419
Patna Retail Center #2,East & Central India,PRD-IND-00083,Home Decor Model S419,Home & Living,4,35,32,HIGH RISK: BELOW SAFETY STOCK,63
Patna Retail Center #2,East & Central India,PRD-IND-00084,Home Decor Model R235,Home & Living,396,52,20,HEALTHY,-324
Patna Retail Center #2,East & Central India,PRD-IND-00085,Pooja & Spiritual Essentials Model B542,Home & Living,72,37,25,HEALTHY,-10
Patna Retail Center #2,East & Central India,PRD-IND-00086,Pooja & Spiritual Essentials Model C617,Home & Living,447,51,31,HEALTHY,-365
Patna Retail Center #2,East & Central India,PRD-IND-00087,Pooja & Spiritual Essentials Model I388,Home & Living,23,39,33,HIGH RISK: BELOW SAFETY STOCK,49
Patna Retail Center #2,East & Central India,PRD-IND-00088,Pooja & Spiritual Essentials Model X441,Home & Living,398,53,28,HEALTHY,-317
Patna Retail Center #2,East & Central India,PRD-IND-00089,Pooja & Spiritual Essentials Model S453,Home & Living,80,39,33,HEALTHY,-8
Patna Retail Center #2,East & Central India,PRD-IND-00090,Pooja & Spiritual Essentials Model T756,Home & Living,237,41,32,HEALTHY,-164
Patna Retail Center #2,East & Central India,PRD-IND-00091,Ayurvedic & Skincare Model I993,Beauty & Personal Care,392,25,25,HEALTHY,-342
Patna Retail Center #2,East & Central India,PRD-IND-00092,Ayurvedic & Skincare Model V453,Beauty & Personal Care,379,48,15,HEALTHY,-316
Patna Retail Center #2,East & Central India,PRD-IND-00093,Ayurvedic & Skincare Model R437,Beauty & Personal Care,490,31,19,HEALTHY,-440
Patna Retail Center #2,East & Central India,PRD-IND-00094,Ayurvedic & Skincare Model K348,Beauty & Personal Care,48,27,29,HEALTHY,8
Patna Retail Center #2,East & Central India,PRD-IND-00095,Ayurvedic & Skincare Model S650,Beauty & Personal Care,323,35,18,HEALTHY,-270
Patna Retail Center #2,East & Central India,PRD-IND-00096,Ayurvedic & Skincare Model E371,Beauty & Personal Care,69,34,17,HEALTHY,-18
Patna Retail Center #2,East & Central India,PRD-IND-00097,Personal Grooming Model X908,Beauty & Personal Care,400,42,30,HEALTHY,-328
Patna Retail Center #2,East & Central India,PRD-IND-00098,Personal Grooming Model V376,Beauty & Personal Care,36,31,32,HEALTHY,27
Patna Retail Center #2,East & Central India,PRD-IND-00099,Personal Grooming Model K686,Beauty & Personal Care,134,46,24,HEALTHY,-64
Patna Retail Center #2,East & Central India,PRD-IND-00100,Personal Grooming Model Q489,Beauty & Personal Care,106,41,32,HEALTHY,-33
Patna Retail Center #2,East & Central India,PRD-IND-00101,Personal Grooming Model Y559,Beauty & Personal Care,345,49,27,HEALTHY,-269
Patna Retail Center #2,East & Central India,PRD-IND-00102,Personal Grooming Model N766,Beauty & Personal Care,65,29,34,HEALTHY,-2
Patna Retail Center #2,East & Central India,PRD-IND-00103,Cosmetics Model D157,Beauty & Personal Care,27,42,21,WARNING: REORDER NEEDED,36
Patna Retail Center #2,East & Central India,PRD-IND-00104,Cosmetics Model A526,Beauty & Personal Care,338,57,34,HEALTHY,-247
Patna Retail Center #2,East & Central India,PRD-IND-00105,Cosmetics Model J672,Beauty & Personal Care,400,46,27,HEALTHY,-327
Patna Retail Center #2,East & Central India,PRD-IND-00106,Cosmetics Model G541,Beauty & Personal Care,433,27,33,HEALTHY,-373
Patna Retail Center #2,East & Central India,PRD-IND-00107,Cosmetics Model B432,Beauty & Personal Care,72,57,21,HEALTHY,6
Patna Retail Center #2,East & Central India,PRD-IND-00108,Cosmetics Model V489,Beauty & Personal Care,418,49,16,HEALTHY,-353
Patna Retail Center #2,East & Central India,PRD-IND-00109,Wellness & Health Model V933,Beauty & Personal Care,116,51,30,HEALTHY,-35
Patna Retail Center #2,East & Central India,PRD-IND-00110,Wellness & Health Model B245,Beauty & Personal Care,261,52,33,HEALTHY,-176
Patna Retail Center #2,East & Central India,PRD-IND-00111,Wellness & Health Model H766,Beauty & Personal Care,400,39,23,HEALTHY,-338
Patna Retail Center #2,East & Central India,PRD-IND-00112,Wellness & Health Model X718,Beauty & Personal Care,366,27,29,HEALTHY,-310
Patna Retail Center #2,East & Central India,PRD-IND-00113,Wellness & Health Model H456,Beauty & Personal Care,379,47,29,HEALTHY,-303
Patna Retail Center #2,East & Central India,PRD-IND-00114,Wellness & Health Model I109,Beauty & Personal Care,388,57,34,HEALTHY,-297
Patna Retail Center #2,East & Central India,PRD-IND-00115,Spices & Atta Model E734,Groceries & Pantry,444,40,26,HEALTHY,-378
Patna Retail Center #2,East & Central India,PRD-IND-00116,Spices & Atta Model H432,Groceries & Pantry,480,42,22,HEALTHY,-416
Patna Retail Center #2,East & Central India,PRD-IND-00117,Spices & Atta Model P601,Groceries & Pantry,161,38,35,HEALTHY,-88
Patna Retail Center #2,East & Central India,PRD-IND-00118,Spices & Atta Model U283,Groceries & Pantry,466,57,26,HEALTHY,-383
Patna Retail Center #2,East & Central India,PRD-IND-00119,Spices & Atta Model P799,Groceries & Pantry,206,54,25,HEALTHY,-127
Patna Retail Center #2,East & Central India,PRD-IND-00120,Spices & Atta Model Q229,Groceries & Pantry,288,43,22,HEALTHY,-223
Patna Retail Center #2,East & Central India,PRD-IND-00121,Beverages & Tea Model R726,Groceries & Pantry,170,55,29,HEALTHY,-86
Patna Retail Center #2,East & Central India,PRD-IND-00122,Beverages & Tea Model J769,Groceries & Pantry,48,43,34,HEALTHY,29
Patna Retail Center #2,East & Central India,PRD-IND-00123,Beverages & Tea Model I326,Groceries & Pantry,67,58,16,HEALTHY,7
Patna Retail Center #2,East & Central India,PRD-IND-00124,Beverages & Tea Model K557,Groceries & Pantry,127,34,17,HEALTHY,-76
Patna Retail Center #2,East & Central India,PRD-IND-00125,Beverages & Tea Model Z358,Groceries & Pantry,500,25,26,HEALTHY,-449
Patna Retail Center #2,East & Central India,PRD-IND-00126,Beverages & Tea Model Z580,Groceries & Pantry,224,39,31,HEALTHY,-154
Patna Retail Center #2,East & Central India,PRD-IND-00127,Snacks & Sweets Model J315,Groceries & Pantry,57,56,35,HEALTHY,34
Patna Retail Center #2,East & Central India,PRD-IND-00128,Snacks & Sweets Model F813,Groceries & Pantry,325,58,26,HEALTHY,-241
Patna Retail Center #2,East & Central India,PRD-IND-00129,Snacks & Sweets Model I383,Groceries & Pantry,469,50,23,HEALTHY,-396
Patna Retail Center #2,East & Central India,PRD-IND-00130,Snacks & Sweets Model Q321,Groceries & Pantry,300,47,28,HEALTHY,-225
Patna Retail Center #2,East & Central India,PRD-IND-00131,Snacks & Sweets Model K811,Groceries & Pantry,125,43,17,HEALTHY,-65
Patna Retail Center #2,East & Central India,PRD-IND-00132,Snacks & Sweets Model N704,Groceries & Pantry,11,50,35,HIGH RISK: BELOW SAFETY STOCK,74
Patna Retail Center #2,East & Central India,PRD-IND-00133,Organic Staples Model F135,Groceries & Pantry,355,56,32,HEALTHY,-267
Patna Retail Center #2,East & Central India,PRD-IND-00134,Organic Staples Model I531,Groceries & Pantry,403,53,20,HEALTHY,-330
Patna Retail Center #2,East & Central India,PRD-IND-00135,Organic Staples Model F890,Groceries & Pantry,349,28,20,HEALTHY,-301
Patna Retail Center #2,East & Central India,PRD-IND-00136,Organic Staples Model Q759,Groceries & Pantry,317,52,23,HEALTHY,-242
Patna Retail Center #2,East & Central India,PRD-IND-00137,Organic Staples Model W353,Groceries & Pantry,139,41,23,HEALTHY,-75
Patna Retail Center #2,East & Central India,PRD-IND-00138,Organic Staples Model O517,Groceries & Pantry,235,38,26,HEALTHY,-171
Patna Retail Center #2,East & Central India,PRD-IND-00139,Gourmet Foods Model T469,Groceries & Pantry,76,29,23,HEALTHY,-24
Patna Retail Center #2,East & Central India,PRD-IND-00140,Gourmet Foods Model W779,Groceries & Pantry,426,48,28,HEALTHY,-350
Patna Retail Center #2,East & Central India,PRD-IND-00141,Gourmet Foods Model N139,Groceries & Pantry,147,34,18,HEALTHY,-95
Patna Retail Center #2,East & Central India,PRD-IND-00142,Gourmet Foods Model Q928,Groceries & Pantry,11,40,26,HIGH RISK: BELOW SAFETY STOCK,55
Patna Retail Center #2,East & Central India,PRD-IND-00143,Gourmet Foods Model W299,Groceries & Pantry,196,36,35,HEALTHY,-125
Patna Retail Center #2,East & Central India,PRD-IND-00144,Gourmet Foods Model S546,Groceries & Pantry,175,46,28,HEALTHY,-101
Agartala Retail Center #3,North East India,PRD-IND-00001,Smartphones Model F985,Electronics & Gadgets,42,60,28,WARNING: REORDER NEEDED,46
Agartala Retail Center #3,North East India,PRD-IND-00002,Smartphones Model A572,Electronics & Gadgets,214,25,22,HEALTHY,-167
Agartala Retail Center #3,North East India,PRD-IND-00003,Smartphones Model Z989,Electronics & Gadgets,98,45,20,HEALTHY,-33
Agartala Retail Center #3,North East India,PRD-IND-00004,Smartphones Model R416,Electronics & Gadgets,414,45,30,HEALTHY,-339
Agartala Retail Center #3,North East India,PRD-IND-00005,Smartphones Model L683,Electronics & Gadgets,468,59,16,HEALTHY,-393
Agartala Retail Center #3,North East India,PRD-IND-00006,Smartphones Model E727,Electronics & Gadgets,30,57,32,HIGH RISK: BELOW SAFETY STOCK,59
Agartala Retail Center #3,North East India,PRD-IND-00007,Laptops Model D381,Electronics & Gadgets,17,27,27,HIGH RISK: BELOW SAFETY STOCK,37
Agartala Retail Center #3,North East India,PRD-IND-00008,Laptops Model V239,Electronics & Gadgets,411,38,18,HEALTHY,-355
Agartala Retail Center #3,North East India,PRD-IND-00009,Laptops Model O351,Electronics & Gadgets,297,58,20,HEALTHY,-219
Agartala Retail Center #3,North East India,PRD-IND-00010,Laptops Model V866,Electronics & Gadgets,76,46,26,HEALTHY,-4
Agartala Retail Center #3,North East India,PRD-IND-00011,Laptops Model O858,Electronics & Gadgets,203,54,31,HEALTHY,-118
Agartala Retail Center #3,North East India,PRD-IND-00012,Laptops Model B870,Electronics & Gadgets,378,35,18,HEALTHY,-325
Agartala Retail Center #3,North East India,PRD-IND-00013,Audio & Headphones Model T281,Electronics & Gadgets,156,57,21,HEALTHY,-78
Agartala Retail Center #3,North East India,PRD-IND-00014,Audio & Headphones Model G322,Electronics & Gadgets,305,40,22,HEALTHY,-243
Agartala Retail Center #3,North East India,PRD-IND-00015,Audio & Headphones Model D324,Electronics & Gadgets,477,28,32,HEALTHY,-417
Agartala Retail Center #3,North East India,PRD-IND-00016,Audio & Headphones Model T550,Electronics & Gadgets,9,42,23,HIGH RISK: BELOW SAFETY STOCK,56
Agartala Retail Center #3,North East India,PRD-IND-00017,Audio & Headphones Model Q622,Electronics & Gadgets,226,54,35,HEALTHY,-137
Agartala Retail Center #3,North East India,PRD-IND-00018,Audio & Headphones Model P509,Electronics & Gadgets,311,48,34,HEALTHY,-229
Agartala Retail Center #3,North East India,PRD-IND-00019,Smartwatches Model E822,Electronics & Gadgets,170,46,31,HEALTHY,-93
Agartala Retail Center #3,North East India,PRD-IND-00020,Smartwatches Model J175,Electronics & Gadgets,231,39,21,HEALTHY,-171
Agartala Retail Center #3,North East India,PRD-IND-00021,Smartwatches Model O323,Electronics & Gadgets,53,36,30,HEALTHY,13
Agartala Retail Center #3,North East India,PRD-IND-00022,Smartwatches Model Q954,Electronics & Gadgets,103,56,34,HEALTHY,-13
Agartala Retail Center #3,North East India,PRD-IND-00023,Smartwatches Model R443,Electronics & Gadgets,78,47,17,HEALTHY,-14
Agartala Retail Center #3,North East India,PRD-IND-00024,Smartwatches Model G436,Electronics & Gadgets,134,42,34,HEALTHY,-58
Agartala Retail Center #3,North East India,PRD-IND-00025,Home Appliances Model Q738,Electronics & Gadgets,264,47,34,HEALTHY,-183
Agartala Retail Center #3,North East India,PRD-IND-00026,Home Appliances Model P768,Electronics & Gadgets,134,37,25,HEALTHY,-72
Agartala Retail Center #3,North East India,PRD-IND-00027,Home Appliances Model T133,Electronics & Gadgets,468,36,29,HEALTHY,-403
Agartala Retail Center #3,North East India,PRD-IND-00028,Home Appliances Model G300,Electronics & Gadgets,40,54,22,WARNING: REORDER NEEDED,36
Agartala Retail Center #3,North East India,PRD-IND-00029,Home Appliances Model H956,Electronics & Gadgets,222,47,16,HEALTHY,-159
Agartala Retail Center #3,North East India,PRD-IND-00030,Home Appliances Model X534,Electronics & Gadgets,335,51,32,HEALTHY,-252
Agartala Retail Center #3,North East India,PRD-IND-00031,Ethnic Wear & Sarees Model S959,Apparel & Fashion,157,35,28,HEALTHY,-94
Agartala Retail Center #3,North East India,PRD-IND-00032,Ethnic Wear & Sarees Model I627,Apparel & Fashion,141,53,23,HEALTHY,-65
Agartala Retail Center #3,North East India,PRD-IND-00033,Ethnic Wear & Sarees Model J288,Apparel & Fashion,85,44,30,HEALTHY,-11
Agartala Retail Center #3,North East India,PRD-IND-00034,Ethnic Wear & Sarees Model R189,Apparel & Fashion,323,43,25,HEALTHY,-255
Agartala Retail Center #3,North East India,PRD-IND-00035,Ethnic Wear & Sarees Model F942,Apparel & Fashion,475,42,31,HEALTHY,-402
Agartala Retail Center #3,North East India,PRD-IND-00036,Ethnic Wear & Sarees Model L531,Apparel & Fashion,10,51,18,HIGH RISK: BELOW SAFETY STOCK,59
Agartala Retail Center #3,North East India,PRD-IND-00037,Men's Wear Model U520,Apparel & Fashion,461,59,33,HEALTHY,-369
Agartala Retail Center #3,North East India,PRD-IND-00038,Men's Wear Model N368,Apparel & Fashion,468,32,15,HEALTHY,-421
Agartala Retail Center #3,North East India,PRD-IND-00039,Men's Wear Model G987,Apparel & Fashion,92,34,30,HEALTHY,-28
Agartala Retail Center #3,North East India,PRD-IND-00040,Men's Wear Model G903,Apparel & Fashion,300,53,28,HEALTHY,-219
Agartala Retail Center #3,North East India,PRD-IND-00041,Men's Wear Model F525,Apparel & Fashion,426,54,26,HEALTHY,-346
Agartala Retail Center #3,North East India,PRD-IND-00042,Men's Wear Model O328,Apparel & Fashion,495,43,35,HEALTHY,-417
Agartala Retail Center #3,North East India,PRD-IND-00043,Women's Western Model E376,Apparel & Fashion,140,37,26,HEALTHY,-77
Agartala Retail Center #3,North East India,PRD-IND-00044,Women's Western Model U499,Apparel & Fashion,17,41,26,HIGH RISK: BELOW SAFETY STOCK,50
Agartala Retail Center #3,North East India,PRD-IND-00045,Women's Western Model V661,Apparel & Fashion,42,53,17,WARNING: REORDER NEEDED,28
Agartala Retail Center #3,North East India,PRD-IND-00046,Women's Western Model U771,Apparel & Fashion,351,40,28,HEALTHY,-283
Agartala Retail Center #3,North East India,PRD-IND-00047,Women's Western Model O503,Apparel & Fashion,188,26,27,HEALTHY,-135
Agartala Retail Center #3,North East India,PRD-IND-00048,Women's Western Model P378,Apparel & Fashion,164,29,17,HEALTHY,-118
Agartala Retail Center #3,North East India,PRD-IND-00049,Footwear Model I961,Apparel & Fashion,492,45,20,HEALTHY,-427
Agartala Retail Center #3,North East India,PRD-IND-00050,Footwear Model F604,Apparel & Fashion,162,60,30,HEALTHY,-72
Agartala Retail Center #3,North East India,PRD-IND-00051,Footwear Model S668,Apparel & Fashion,103,29,29,HEALTHY,-45
Agartala Retail Center #3,North East India,PRD-IND-00052,Footwear Model Z213,Apparel & Fashion,309,38,25,HEALTHY,-246
Agartala Retail Center #3,North East India,PRD-IND-00053,Footwear Model L175,Apparel & Fashion,332,54,20,HEALTHY,-258
Agartala Retail Center #3,North East India,PRD-IND-00054,Footwear Model U733,Apparel & Fashion,325,36,33,HEALTHY,-256
Agartala Retail Center #3,North East India,PRD-IND-00055,Fashion Accessories Model Q600,Apparel & Fashion,379,36,31,HEALTHY,-312
Agartala Retail Center #3,North East India,PRD-IND-00056,Fashion Accessories Model H596,Apparel & Fashion,397,58,30,HEALTHY,-309
Agartala Retail Center #3,North East India,PRD-IND-00057,Fashion Accessories Model C782,Apparel & Fashion,162,56,24,HEALTHY,-82
Agartala Retail Center #3,North East India,PRD-IND-00058,Fashion Accessories Model J183,Apparel & Fashion,7,45,27,HIGH RISK: BELOW SAFETY STOCK,65
Agartala Retail Center #3,North East India,PRD-IND-00059,Fashion Accessories Model R976,Apparel & Fashion,395,44,21,HEALTHY,-330
Agartala Retail Center #3,North East India,PRD-IND-00060,Fashion Accessories Model M677,Apparel & Fashion,418,32,34,HEALTHY,-352
Agartala Retail Center #3,North East India,PRD-IND-00061,Furniture Model N132,Home & Living,490,30,22,HEALTHY,-438
Agartala Retail Center #3,North East India,PRD-IND-00062,Furniture Model U448,Home & Living,20,32,18,WARNING: REORDER NEEDED,30
Agartala Retail Center #3,North East India,PRD-IND-00063,Furniture Model R565,Home & Living,26,29,28,HIGH RISK: BELOW SAFETY STOCK,31
Agartala Retail Center #3,North East India,PRD-IND-00064,Furniture Model J215,Home & Living,138,55,26,HEALTHY,-57
Agartala Retail Center #3,North East India,PRD-IND-00065,Furniture Model H138,Home & Living,420,38,20,HEALTHY,-362
Agartala Retail Center #3,North East India,PRD-IND-00066,Furniture Model T348,Home & Living,164,54,27,HEALTHY,-83
Agartala Retail Center #3,North East India,PRD-IND-00067,Cookware & Kitchen Model V298,Home & Living,367,60,21,HEALTHY,-286
Agartala Retail Center #3,North East India,PRD-IND-00068,Cookware & Kitchen Model M927,Home & Living,238,53,16,HEALTHY,-169
Agartala Retail Center #3,North East India,PRD-IND-00069,Cookware & Kitchen Model F737,Home & Living,374,31,30,HEALTHY,-313
Agartala Retail Center #3,North East India,PRD-IND-00070,Cookware & Kitchen Model H709,Home & Living,469,36,29,HEALTHY,-404
Agartala Retail Center #3,North East India,PRD-IND-00071,Cookware & Kitchen Model I672,Home & Living,212,43,27,HEALTHY,-142
Agartala Retail Center #3,North East India,PRD-IND-00072,Cookware & Kitchen Model T452,Home & Living,334,30,16,HEALTHY,-288
Agartala Retail Center #3,North East India,PRD-IND-00073,Bedding & Linen Model C866,Home & Living,59,59,18,WARNING: REORDER NEEDED,18
Agartala Retail Center #3,North East India,PRD-IND-00074,Bedding & Linen Model C482,Home & Living,133,60,33,HEALTHY,-40
Agartala Retail Center #3,North East India,PRD-IND-00075,Bedding & Linen Model Y927,Home & Living,335,54,29,HEALTHY,-252
Agartala Retail Center #3,North East India,PRD-IND-00076,Bedding & Linen Model N717,Home & Living,71,39,33,HEALTHY,1
Agartala Retail Center #3,North East India,PRD-IND-00077,Bedding & Linen Model N231,Home & Living,78,34,15,HEALTHY,-29
Agartala Retail Center #3,North East India,PRD-IND-00078,Bedding & Linen Model C251,Home & Living,204,28,28,HEALTHY,-148
Agartala Retail Center #3,North East India,PRD-IND-00079,Home Decor Model E271,Home & Living,143,35,17,HEALTHY,-91
Agartala Retail Center #3,North East India,PRD-IND-00080,Home Decor Model B737,Home & Living,173,47,17,HEALTHY,-109
Agartala Retail Center #3,North East India,PRD-IND-00081,Home Decor Model H935,Home & Living,454,48,35,HEALTHY,-371
Agartala Retail Center #3,North East India,PRD-IND-00082,Home Decor Model J863,Home & Living,470,30,20,HEALTHY,-420
Agartala Retail Center #3,North East India,PRD-IND-00083,Home Decor Model S419,Home & Living,404,47,21,HEALTHY,-336
Agartala Retail Center #3,North East India,PRD-IND-00084,Home Decor Model R235,Home & Living,72,27,34,HEALTHY,-11
Agartala Retail Center #3,North East India,PRD-IND-00085,Pooja & Spiritual Essentials Model B542,Home & Living,498,42,18,HEALTHY,-438
Agartala Retail Center #3,North East India,PRD-IND-00086,Pooja & Spiritual Essentials Model C617,Home & Living,335,27,22,HEALTHY,-286
Agartala Retail Center #3,North East India,PRD-IND-00087,Pooja & Spiritual Essentials Model I388,Home & Living,428,41,33,HEALTHY,-354
Agartala Retail Center #3,North East India,PRD-IND-00088,Pooja & Spiritual Essentials Model X441,Home & Living,86,56,28,HEALTHY,-2
Agartala Retail Center #3,North East India,PRD-IND-00089,Pooja & Spiritual Essentials Model S453,Home & Living,363,41,27,HEALTHY,-295
Agartala Retail Center #3,North East India,PRD-IND-00090,Pooja & Spiritual Essentials Model T756,Home & Living,419,50,18,HEALTHY,-351
Agartala Retail Center #3,North East India,PRD-IND-00091,Ayurvedic & Skincare Model I993,Beauty & Personal Care,225,41,20,HEALTHY,-164
Agartala Retail Center #3,North East India,PRD-IND-00092,Ayurvedic & Skincare Model V453,Beauty & Personal Care,236,30,27,HEALTHY,-179
Agartala Retail Center #3,North East India,PRD-IND-00093,Ayurvedic & Skincare Model R437,Beauty & Personal Care,425,58,34,HEALTHY,-333
Agartala Retail Center #3,North East India,PRD-IND-00094,Ayurvedic & Skincare Model K348,Beauty & Personal Care,231,25,32,HEALTHY,-174
Agartala Retail Center #3,North East India,PRD-IND-00095,Ayurvedic & Skincare Model S650,Beauty & Personal Care,293,31,22,HEALTHY,-240
Agartala Retail Center #3,North East India,PRD-IND-00096,Ayurvedic & Skincare Model E371,Beauty & Personal Care,462,38,23,HEALTHY,-401
Agartala Retail Center #3,North East India,PRD-IND-00097,Personal Grooming Model X908,Beauty & Personal Care,387,43,30,HEALTHY,-314
Agartala Retail Center #3,North East India,PRD-IND-00098,Personal Grooming Model V376,Beauty & Personal Care,181,51,19,HEALTHY,-111
Agartala Retail Center #3,North East India,PRD-IND-00099,Personal Grooming Model K686,Beauty & Personal Care,144,46,29,HEALTHY,-69
Agartala Retail Center #3,North East India,PRD-IND-00100,Personal Grooming Model Q489,Beauty & Personal Care,135,25,31,HEALTHY,-79
Agartala Retail Center #3,North East India,PRD-IND-00101,Personal Grooming Model Y559,Beauty & Personal Care,490,54,30,HEALTHY,-406
Agartala Retail Center #3,North East India,PRD-IND-00102,Personal Grooming Model N766,Beauty & Personal Care,479,50,27,HEALTHY,-402
Agartala Retail Center #3,North East India,PRD-IND-00103,Cosmetics Model D157,Beauty & Personal Care,70,44,33,HEALTHY,7
Agartala Retail Center #3,North East India,PRD-IND-00104,Cosmetics Model A526,Beauty & Personal Care,316,30,24,HEALTHY,-262
Agartala Retail Center #3,North East India,PRD-IND-00105,Cosmetics Model J672,Beauty & Personal Care,436,36,17,HEALTHY,-383
Agartala Retail Center #3,North East India,PRD-IND-00106,Cosmetics Model G541,Beauty & Personal Care,251,46,32,HEALTHY,-173
Agartala Retail Center #3,North East India,PRD-IND-00107,Cosmetics Model B432,Beauty & Personal Care,373,48,27,HEALTHY,-298
Agartala Retail Center #3,North East India,PRD-IND-00108,Cosmetics Model V489,Beauty & Personal Care,48,33,31,HEALTHY,16
Agartala Retail Center #3,North East India,PRD-IND-00109,Wellness & Health Model V933,Beauty & Personal Care,409,43,25,HEALTHY,-341
Agartala Retail Center #3,North East India,PRD-IND-00110,Wellness & Health Model B245,Beauty & Personal Care,309,28,28,HEALTHY,-253
Agartala Retail Center #3,North East India,PRD-IND-00111,Wellness & Health Model H766,Beauty & Personal Care,86,55,33,HEALTHY,2
Agartala Retail Center #3,North East India,PRD-IND-00112,Wellness & Health Model X718,Beauty & Personal Care,208,45,17,HEALTHY,-146
Agartala Retail Center #3,North East India,PRD-IND-00113,Wellness & Health Model H456,Beauty & Personal Care,77,48,15,HEALTHY,-14
Agartala Retail Center #3,North East India,PRD-IND-00114,Wellness & Health Model I109,Beauty & Personal Care,447,51,29,HEALTHY,-367
Agartala Retail Center #3,North East India,PRD-IND-00115,Spices & Atta Model E734,Groceries & Pantry,24,45,24,HIGH RISK: BELOW SAFETY STOCK,45
Agartala Retail Center #3,North East India,PRD-IND-00116,Spices & Atta Model H432,Groceries & Pantry,20,40,25,HIGH RISK: BELOW SAFETY STOCK,45
Agartala Retail Center #3,North East India,PRD-IND-00117,Spices & Atta Model P601,Groceries & Pantry,295,54,30,HEALTHY,-211
Agartala Retail Center #3,North East India,PRD-IND-00118,Spices & Atta Model U283,Groceries & Pantry,207,37,34,HEALTHY,-136
Agartala Retail Center #3,North East India,PRD-IND-00119,Spices & Atta Model P799,Groceries & Pantry,180,54,17,HEALTHY,-109
Agartala Retail Center #3,North East India,PRD-IND-00120,Spices & Atta Model Q229,Groceries & Pantry,360,45,22,HEALTHY,-293
Agartala Retail Center #3,North East India,PRD-IND-00121,Beverages & Tea Model R726,Groceries & Pantry,389,43,19,HEALTHY,-327
Agartala Retail Center #3,North East India,PRD-IND-00122,Beverages & Tea Model J769,Groceries & Pantry,147,53,25,HEALTHY,-69
Agartala Retail Center #3,North East India,PRD-IND-00123,Beverages & Tea Model I326,Groceries & Pantry,429,40,26,HEALTHY,-363
Agartala Retail Center #3,North East India,PRD-IND-00124,Beverages & Tea Model K557,Groceries & Pantry,79,54,18,HEALTHY,-7
Agartala Retail Center #3,North East India,PRD-IND-00125,Beverages & Tea Model Z358,Groceries & Pantry,3,44,24,HIGH RISK: BELOW SAFETY STOCK,65
Agartala Retail Center #3,North East India,PRD-IND-00126,Beverages & Tea Model Z580,Groceries & Pantry,474,48,22,HEALTHY,-404
Agartala Retail Center #3,North East India,PRD-IND-00127,Snacks & Sweets Model J315,Groceries & Pantry,120,40,19,HEALTHY,-61
Agartala Retail Center #3,North East India,PRD-IND-00128,Snacks & Sweets Model F813,Groceries & Pantry,337,44,20,HEALTHY,-273
Agartala Retail Center #3,North East India,PRD-IND-00129,Snacks & Sweets Model I383,Groceries & Pantry,362,53,31,HEALTHY,-278
Agartala Retail Center #3,North East India,PRD-IND-00130,Snacks & Sweets Model Q321,Groceries & Pantry,403,42,17,HEALTHY,-344
Agartala Retail Center #3,North East India,PRD-IND-00131,Snacks & Sweets Model K811,Groceries & Pantry,479,45,35,HEALTHY,-399
Agartala Retail Center #3,North East India,PRD-IND-00132,Snacks & Sweets Model N704,Groceries & Pantry,50,46,32,HEALTHY,28
Agartala Retail Center #3,North East India,PRD-IND-00133,Organic Staples Model F135,Groceries & Pantry,265,45,29,HEALTHY,-191
Agartala Retail Center #3,North East India,PRD-IND-00134,Organic Staples Model I531,Groceries & Pantry,197,42,23,HEALTHY,-132
Agartala Retail Center #3,North East India,PRD-IND-00135,Organic Staples Model F890,Groceries & Pantry,472,25,19,HEALTHY,-428
Agartala Retail Center #3,North East India,PRD-IND-00136,Organic Staples Model Q759,Groceries & Pantry,385,26,15,HEALTHY,-344
Agartala Retail Center #3,North East India,PRD-IND-00137,Organic Staples Model W353,Groceries & Pantry,299,55,21,HEALTHY,-223
Agartala Retail Center #3,North East India,PRD-IND-00138,Organic Staples Model O517,Groceries & Pantry,3,27,19,HIGH RISK: BELOW SAFETY STOCK,43
Agartala Retail Center #3,North East India,PRD-IND-00139,Gourmet Foods Model T469,Groceries & Pantry,224,50,18,HEALTHY,-156
Agartala Retail Center #3,North East India,PRD-IND-00140,Gourmet Foods Model W779,Groceries & Pantry,473,51,20,HEALTHY,-402
Agartala Retail Center #3,North East India,PRD-IND-00141,Gourmet Foods Model N139,Groceries & Pantry,316,53,30,HEALTHY,-233
Agartala Retail Center #3,North East India,PRD-IND-00142,Gourmet Foods Model Q928,Groceries & Pantry,161,26,24,HEALTHY,-111
Agartala Retail Center #3,North East India,PRD-IND-00143,Gourmet Foods Model W299,Groceries & Pantry,14,50,15,HIGH RISK: BELOW SAFETY STOCK,51
Agartala Retail Center #3,North East India,PRD-IND-00144,Gourmet Foods Model S546,Groceries & Pantry,321,56,25,HEALTHY,-240
Ranchi Retail Center #4,East & Central India,PRD-IND-00001,Smartphones Model F985,Electronics & Gadgets,476,36,17,HEALTHY,-423
Ranchi Retail Center #4,East & Central India,PRD-IND-00002,Smartphones Model A572,Electronics & Gadgets,228,40,29,HEALTHY,-159
Ranchi Retail Center #4,East & Central India,PRD-IND-00003,Smartphones Model Z989,Electronics & Gadgets,489,57,20,HEALTHY,-412
Ranchi Retail Center #4,East & Central India,PRD-IND-00004,Smartphones Model R416,Electronics & Gadgets,202,47,21,HEALTHY,-134
Ranchi Retail Center #4,East & Central India,PRD-IND-00005,Smartphones Model L683,Electronics & Gadgets,269,58,16,HEALTHY,-195
Ranchi Retail Center #4,East & Central India,PRD-IND-00006,Smartphones Model E727,Electronics & Gadgets,45,33,20,HEALTHY,8
Ranchi Retail Center #4,East & Central India,PRD-IND-00007,Laptops Model D381,Electronics & Gadgets,181,38,16,HEALTHY,-127
Ranchi Retail Center #4,East & Central India,PRD-IND-00008,Laptops Model V239,Electronics & Gadgets,113,58,28,HEALTHY,-27
Ranchi Retail Center #4,East & Central India,PRD-IND-00009,Laptops Model O351,Electronics & Gadgets,310,41,25,HEALTHY,-244
Ranchi Retail Center #4,East & Central India,PRD-IND-00010,Laptops Model V866,Electronics & Gadgets,236,45,23,HEALTHY,-168
Ranchi Retail Center #4,East & Central India,PRD-IND-00011,Laptops Model O858,Electronics & Gadgets,427,30,19,HEALTHY,-378
Ranchi Retail Center #4,East & Central India,PRD-IND-00012,Laptops Model B870,Electronics & Gadgets,73,36,29,HEALTHY,-8
Ranchi Retail Center #4,East & Central India,PRD-IND-00013,Audio & Headphones Model T281,Electronics & Gadgets,375,56,15,HEALTHY,-304
Ranchi Retail Center #4,East & Central India,PRD-IND-00014,Audio & Headphones Model G322,Electronics & Gadgets,181,37,18,HEALTHY,-126
Ranchi Retail Center #4,East & Central India,PRD-IND-00015,Audio & Headphones Model D324,Electronics & Gadgets,365,59,18,HEALTHY,-288
Ranchi Retail Center #4,East & Central India,PRD-IND-00016,Audio & Headphones Model T550,Electronics & Gadgets,209,59,27,HEALTHY,-123
Ranchi Retail Center #4,East & Central India,PRD-IND-00017,Audio & Headphones Model Q622,Electronics & Gadgets,106,58,31,HEALTHY,-17
Ranchi Retail Center #4,East & Central India,PRD-IND-00018,Audio & Headphones Model P509,Electronics & Gadgets,279,46,18,HEALTHY,-215
Ranchi Retail Center #4,East & Central India,PRD-IND-00019,Smartwatches Model E822,Electronics & Gadgets,347,56,15,HEALTHY,-276
Ranchi Retail Center #4,East & Central India,PRD-IND-00020,Smartwatches Model J175,Electronics & Gadgets,38,41,19,WARNING: REORDER NEEDED,22
Ranchi Retail Center #4,East & Central India,PRD-IND-00021,Smartwatches Model O323,Electronics & Gadgets,80,26,23,HEALTHY,-31
Ranchi Retail Center #4,East & Central India,PRD-IND-00022,Smartwatches Model Q954,Electronics & Gadgets,97,29,35,HEALTHY,-33
Ranchi Retail Center #4,East & Central India,PRD-IND-00023,Smartwatches Model R443,Electronics & Gadgets,417,36,23,HEALTHY,-358
Ranchi Retail Center #4,East & Central India,PRD-IND-00024,Smartwatches Model G436,Electronics & Gadgets,232,45,21,HEALTHY,-166
Ranchi Retail Center #4,East & Central India,PRD-IND-00025,Home Appliances Model Q738,Electronics & Gadgets,468,28,29,HEALTHY,-411
Ranchi Retail Center #4,East & Central India,PRD-IND-00026,Home Appliances Model P768,Electronics & Gadgets,10,40,34,HIGH RISK: BELOW SAFETY STOCK,64
Ranchi Retail Center #4,East & Central India,PRD-IND-00027,Home Appliances Model T133,Electronics & Gadgets,486,25,35,HEALTHY,-426
Ranchi Retail Center #4,East & Central India,PRD-IND-00028,Home Appliances Model G300,Electronics & Gadgets,40,36,18,HEALTHY,14
Ranchi Retail Center #4,East & Central India,PRD-IND-00029,Home Appliances Model H956,Electronics & Gadgets,156,41,28,HEALTHY,-87
Ranchi Retail Center #4,East & Central India,PRD-IND-00030,Home Appliances Model X534,Electronics & Gadgets,132,54,31,HEALTHY,-47
Ranchi Retail Center #4,East & Central India,PRD-IND-00031,Ethnic Wear & Sarees Model S959,Apparel & Fashion,191,49,35,HEALTHY,-107
Ranchi Retail Center #4,East & Central India,PRD-IND-00032,Ethnic Wear & Sarees Model I627,Apparel & Fashion,326,28,34,HEALTHY,-264
Ranchi Retail Center #4,East & Central India,PRD-IND-00033,Ethnic Wear & Sarees Model J288,Apparel & Fashion,192,56,15,HEALTHY,-121
Ranchi Retail Center #4,East & Central India,PRD-IND-00034,Ethnic Wear & Sarees Model R189,Apparel & Fashion,251,31,26,HEALTHY,-194
Ranchi Retail Center #4,East & Central India,PRD-IND-00035,Ethnic Wear & Sarees Model F942,Apparel & Fashion,423,47,20,HEALTHY,-356
Ranchi Retail Center #4,East & Central India,PRD-IND-00036,Ethnic Wear & Sarees Model L531,Apparel & Fashion,417,43,24,HEALTHY,-350
Ranchi Retail Center #4,East & Central India,PRD-IND-00037,Men's Wear Model U520,Apparel & Fashion,117,53,18,HEALTHY,-46
Ranchi Retail Center #4,East & Central India,PRD-IND-00038,Men's Wear Model N368,Apparel & Fashion,220,59,23,HEALTHY,-138
Ranchi Retail Center #4,East & Central India,PRD-IND-00039,Men's Wear Model G987,Apparel & Fashion,395,49,28,HEALTHY,-318
Ranchi Retail Center #4,East & Central India,PRD-IND-00040,Men's Wear Model G903,Apparel & Fashion,32,49,16,WARNING: REORDER NEEDED,33
Ranchi Retail Center #4,East & Central India,PRD-IND-00041,Men's Wear Model F525,Apparel & Fashion,301,40,35,HEALTHY,-226
Ranchi Retail Center #4,East & Central India,PRD-IND-00042,Men's Wear Model O328,Apparel & Fashion,11,51,28,HIGH RISK: BELOW SAFETY STOCK,68
Ranchi Retail Center #4,East & Central India,PRD-IND-00043,Women's Western Model E376,Apparel & Fashion,351,42,28,HEALTHY,-281
Ranchi Retail Center #4,East & Central India,PRD-IND-00044,Women's Western Model U499,Apparel & Fashion,181,26,17,HEALTHY,-138
Ranchi Retail Center #4,East & Central India,PRD-IND-00045,Women's Western Model V661,Apparel & Fashion,19,47,35,HIGH RISK: BELOW SAFETY STOCK,63
Ranchi Retail Center #4,East & Central India,PRD-IND-00046,Women's Western Model U771,Apparel & Fashion,158,36,32,HEALTHY,-90
Ranchi Retail Center #4,East & Central India,PRD-IND-00047,Women's Western Model O503,Apparel & Fashion,81,31,27,HEALTHY,-23
Ranchi Retail Center #4,East & Central India,PRD-IND-00048,Women's Western Model P378,Apparel & Fashion,478,32,33,HEALTHY,-413
Ranchi Retail Center #4,East & Central India,PRD-IND-00049,Footwear Model I961,Apparel & Fashion,212,40,22,HEALTHY,-150
Ranchi Retail Center #4,East & Central India,PRD-IND-00050,Footwear Model F604,Apparel & Fashion,86,35,30,HEALTHY,-21
Ranchi Retail Center #4,East & Central India,PRD-IND-00051,Footwear Model S668,Apparel & Fashion,402,40,34,HEALTHY,-328
Ranchi Retail Center #4,East & Central India,PRD-IND-00052,Footwear Model Z213,Apparel & Fashion,417,57,21,HEALTHY,-339
Ranchi Retail Center #4,East & Central India,PRD-IND-00053,Footwear Model L175,Apparel & Fashion,104,45,18,HEALTHY,-41
Ranchi Retail Center #4,East & Central India,PRD-IND-00054,Footwear Model U733,Apparel & Fashion,375,52,19,HEALTHY,-304
Ranchi Retail Center #4,East & Central India,PRD-IND-00055,Fashion Accessories Model Q600,Apparel & Fashion,55,59,19,WARNING: REORDER NEEDED,23
Ranchi Retail Center #4,East & Central India,PRD-IND-00056,Fashion Accessories Model H596,Apparel & Fashion,48,27,22,HEALTHY,1
Ranchi Retail Center #4,East & Central India,PRD-IND-00057,Fashion Accessories Model C782,Apparel & Fashion,496,43,29,HEALTHY,-424
Ranchi Retail Center #4,East & Central India,PRD-IND-00058,Fashion Accessories Model J183,Apparel & Fashion,198,53,32,HEALTHY,-113
Ranchi Retail Center #4,East & Central India,PRD-IND-00059,Fashion Accessories Model R976,Apparel & Fashion,116,40,18,HEALTHY,-58
Ranchi Retail Center #4,East & Central India,PRD-IND-00060,Fashion Accessories Model M677,Apparel & Fashion,214,26,26,HEALTHY,-162
Ranchi Retail Center #4,East & Central India,PRD-IND-00061,Furniture Model N132,Home & Living,26,52,28,HIGH RISK: BELOW SAFETY STOCK,54
Ranchi Retail Center #4,East & Central India,PRD-IND-00062,Furniture Model U448,Home & Living,224,34,33,HEALTHY,-157
Ranchi Retail Center #4,East & Central India,PRD-IND-00063,Furniture Model R565,Home & Living,104,47,16,HEALTHY,-41
Ranchi Retail Center #4,East & Central India,PRD-IND-00064,Furniture Model J215,Home & Living,290,33,29,HEALTHY,-228
Ranchi Retail Center #4,East & Central India,PRD-IND-00065,Furniture Model H138,Home & Living,346,52,21,HEALTHY,-273
Ranchi Retail Center #4,East & Central India,PRD-IND-00066,Furniture Model T348,Home & Living,285,43,16,HEALTHY,-226
Ranchi Retail Center #4,East & Central India,PRD-IND-00067,Cookware & Kitchen Model V298,Home & Living,268,59,30,HEALTHY,-179
Ranchi Retail Center #4,East & Central India,PRD-IND-00068,Cookware & Kitchen Model M927,Home & Living,341,49,33,HEALTHY,-259
Ranchi Retail Center #4,East & Central India,PRD-IND-00069,Cookware & Kitchen Model F737,Home & Living,136,52,30,HEALTHY,-54
Ranchi Retail Center #4,East & Central India,PRD-IND-00070,Cookware & Kitchen Model H709,Home & Living,360,30,28,HEALTHY,-302
Ranchi Retail Center #4,East & Central India,PRD-IND-00071,Cookware & Kitchen Model I672,Home & Living,302,48,20,HEALTHY,-234
Ranchi Retail Center #4,East & Central India,PRD-IND-00072,Cookware & Kitchen Model T452,Home & Living,156,44,19,HEALTHY,-93
Ranchi Retail Center #4,East & Central India,PRD-IND-00073,Bedding & Linen Model C866,Home & Living,467,26,21,HEALTHY,-420
Ranchi Retail Center #4,East & Central India,PRD-IND-00074,Bedding & Linen Model C482,Home & Living,173,43,28,HEALTHY,-102
Ranchi Retail Center #4,East & Central India,PRD-IND-00075,Bedding & Linen Model Y927,Home & Living,13,52,32,HIGH RISK: BELOW SAFETY STOCK,71
Ranchi Retail Center #4,East & Central India,PRD-IND-00076,Bedding & Linen Model N717,Home & Living,490,54,33,HEALTHY,-403
Ranchi Retail Center #4,East & Central India,PRD-IND-00077,Bedding & Linen Model N231,Home & Living,123,60,24,HEALTHY,-39
Ranchi Retail Center #4,East & Central India,PRD-IND-00078,Bedding & Linen Model C251,Home & Living,348,51,32,HEALTHY,-265
Ranchi Retail Center #4,East & Central India,PRD-IND-00079,Home Decor Model E271,Home & Living,117,28,26,HEALTHY,-63
Ranchi Retail Center #4,East & Central India,PRD-IND-00080,Home Decor Model B737,Home & Living,364,26,24,HEALTHY,-314
Ranchi Retail Center #4,East & Central India,PRD-IND-00081,Home Decor Model H935,Home & Living,192,58,17,HEALTHY,-117
Ranchi Retail Center #4,East & Central India,PRD-IND-00082,Home Decor Model J863,Home & Living,80,39,27,HEALTHY,-14
Ranchi Retail Center #4,East & Central India,PRD-IND-00083,Home Decor Model S419,Home & Living,261,50,31,HEALTHY,-180
Ranchi Retail Center #4,East & Central India,PRD-IND-00084,Home Decor Model R235,Home & Living,234,35,29,HEALTHY,-170
Ranchi Retail Center #4,East & Central India,PRD-IND-00085,Pooja & Spiritual Essentials Model B542,Home & Living,237,42,21,HEALTHY,-174
Ranchi Retail Center #4,East & Central India,PRD-IND-00086,Pooja & Spiritual Essentials Model C617,Home & Living,4,30,18,HIGH RISK: BELOW SAFETY STOCK,44
Ranchi Retail Center #4,East & Central India,PRD-IND-00087,Pooja & Spiritual Essentials Model I388,Home & Living,383,53,19,HEALTHY,-311
Ranchi Retail Center #4,East & Central India,PRD-IND-00088,Pooja & Spiritual Essentials Model X441,Home & Living,333,28,32,HEALTHY,-273
Ranchi Retail Center #4,East & Central India,PRD-IND-00089,Pooja & Spiritual Essentials Model S453,Home & Living,109,48,24,HEALTHY,-37
Ranchi Retail Center #4,East & Central India,PRD-IND-00090,Pooja & Spiritual Essentials Model T756,Home & Living,268,43,24,HEALTHY,-201
Ranchi Retail Center #4,East & Central India,PRD-IND-00091,Ayurvedic & Skincare Model I993,Beauty & Personal Care,213,52,22,HEALTHY,-139
Ranchi Retail Center #4,East & Central India,PRD-IND-00092,Ayurvedic & Skincare Model V453,Beauty & Personal Care,134,45,23,HEALTHY,-66
Ranchi Retail Center #4,East & Central India,PRD-IND-00093,Ayurvedic & Skincare Model R437,Beauty & Personal Care,218,56,22,HEALTHY,-140
Ranchi Retail Center #4,East & Central India,PRD-IND-00094,Ayurvedic & Skincare Model K348,Beauty & Personal Care,248,53,35,HEALTHY,-160
Ranchi Retail Center #4,East & Central India,PRD-IND-00095,Ayurvedic & Skincare Model S650,Beauty & Personal Care,459,50,16,HEALTHY,-393
Ranchi Retail Center #4,East & Central India,PRD-IND-00096,Ayurvedic & Skincare Model E371,Beauty & Personal Care,344,49,34,HEALTHY,-261
Ranchi Retail Center #4,East & Central India,PRD-IND-00097,Personal Grooming Model X908,Beauty & Personal Care,30,57,22,WARNING: REORDER NEEDED,49
Ranchi Retail Center #4,East & Central India,PRD-IND-00098,Personal Grooming Model V376,Beauty & Personal Care,29,33,25,WARNING: REORDER NEEDED,29
Ranchi Retail Center #4,East & Central India,PRD-IND-00099,Personal Grooming Model K686,Beauty & Personal Care,461,38,27,HEALTHY,-396
Ranchi Retail Center #4,East & Central India,PRD-IND-00100,Personal Grooming Model Q489,Beauty & Personal Care,373,26,16,HEALTHY,-331
Ranchi Retail Center #4,East & Central India,PRD-IND-00101,Personal Grooming Model Y559,Beauty & Personal Care,364,40,27,HEALTHY,-297
Ranchi Retail Center #4,East & Central India,PRD-IND-00102,Personal Grooming Model N766,Beauty & Personal Care,423,35,18,HEALTHY,-370
Ranchi Retail Center #4,East & Central India,PRD-IND-00103,Cosmetics Model D157,Beauty & Personal Care,160,37,22,HEALTHY,-101
Ranchi Retail Center #4,East & Central India,PRD-IND-00104,Cosmetics Model A526,Beauty & Personal Care,393,51,33,HEALTHY,-309
Ranchi Retail Center #4,East & Central India,PRD-IND-00105,Cosmetics Model J672,Beauty & Personal Care,318,37,26,HEALTHY,-255
Ranchi Retail Center #4,East & Central India,PRD-IND-00106,Cosmetics Model G541,Beauty & Personal Care,400,54,27,HEALTHY,-319
Ranchi Retail Center #4,East & Central India,PRD-IND-00107,Cosmetics Model B432,Beauty & Personal Care,74,33,33,HEALTHY,-8
Ranchi Retail Center #4,East & Central India,PRD-IND-00108,Cosmetics Model V489,Beauty & Personal Care,399,46,17,HEALTHY,-336
Ranchi Retail Center #4,East & Central India,PRD-IND-00109,Wellness & Health Model V933,Beauty & Personal Care,317,38,27,HEALTHY,-252
Ranchi Retail Center #4,East & Central India,PRD-IND-00110,Wellness & Health Model B245,Beauty & Personal Care,390,53,35,HEALTHY,-302
Ranchi Retail Center #4,East & Central India,PRD-IND-00111,Wellness & Health Model H766,Beauty & Personal Care,276,56,19,HEALTHY,-201
Ranchi Retail Center #4,East & Central India,PRD-IND-00112,Wellness & Health Model X718,Beauty & Personal Care,204,45,18,HEALTHY,-141
Ranchi Retail Center #4,East & Central India,PRD-IND-00113,Wellness & Health Model H456,Beauty & Personal Care,383,36,16,HEALTHY,-331
Ranchi Retail Center #4,East & Central India,PRD-IND-00114,Wellness & Health Model I109,Beauty & Personal Care,100,59,33,HEALTHY,-8
Ranchi Retail Center #4,East & Central India,PRD-IND-00115,Spices & Atta Model E734,Groceries & Pantry,319,40,25,HEALTHY,-254
Ranchi Retail Center #4,East & Central India,PRD-IND-00116,Spices & Atta Model H432,Groceries & Pantry,332,34,21,HEALTHY,-277
Ranchi Retail Center #4,East & Central India,PRD-IND-00117,Spices & Atta Model P601,Groceries & Pantry,309,41,34,HEALTHY,-234
Ranchi Retail Center #4,East & Central India,PRD-IND-00118,Spices & Atta Model U283,Groceries & Pantry,306,57,35,HEALTHY,-214
Ranchi Retail Center #4,East & Central India,PRD-IND-00119,Spices & Atta Model P799,Groceries & Pantry,219,27,16,HEALTHY,-176
Ranchi Retail Center #4,East & Central India,PRD-IND-00120,Spices & Atta Model Q229,Groceries & Pantry,155,28,32,HEALTHY,-95
Ranchi Retail Center #4,East & Central India,PRD-IND-00121,Beverages & Tea Model R726,Groceries & Pantry,221,55,28,HEALTHY,-138
Ranchi Retail Center #4,East & Central India,PRD-IND-00122,Beverages & Tea Model J769,Groceries & Pantry,400,47,25,HEALTHY,-328
Ranchi Retail Center #4,East & Central India,PRD-IND-00123,Beverages & Tea Model I326,Groceries & Pantry,224,34,21,HEALTHY,-169
Ranchi Retail Center #4,East & Central India,PRD-IND-00124,Beverages & Tea Model K557,Groceries & Pantry,436,25,35,HEALTHY,-376
Ranchi Retail Center #4,East & Central India,PRD-IND-00125,Beverages & Tea Model Z358,Groceries & Pantry,77,31,18,HEALTHY,-28
Ranchi Retail Center #4,East & Central India,PRD-IND-00126,Beverages & Tea Model Z580,Groceries & Pantry,309,41,21,HEALTHY,-247
Ranchi Retail Center #4,East & Central India,PRD-IND-00127,Snacks & Sweets Model J315,Groceries & Pantry,224,45,33,HEALTHY,-146
Ranchi Retail Center #4,East & Central India,PRD-IND-00128,Snacks & Sweets Model F813,Groceries & Pantry,71,43,17,HEALTHY,-11
Ranchi Retail Center #4,East & Central India,PRD-IND-00129,Snacks & Sweets Model I383,Groceries & Pantry,490,32,27,HEALTHY,-431
Ranchi Retail Center #4,East & Central India,PRD-IND-00130,Snacks & Sweets Model Q321,Groceries & Pantry,179,60,30,HEALTHY,-89
Ranchi Retail Center #4,East & Central India,PRD-IND-00131,Snacks & Sweets Model K811,Groceries & Pantry,29,35,22,WARNING: REORDER NEEDED,28
Ranchi Retail Center #4,East & Central India,PRD-IND-00132,Snacks & Sweets Model N704,Groceries & Pantry,383,58,21,HEALTHY,-304
Ranchi Retail Center #4,East & Central India,PRD-IND-00133,Organic Staples Model F135,Groceries & Pantry,220,30,25,HEALTHY,-165
Ranchi Retail Center #4,East & Central India,PRD-IND-00134,Organic Staples Model I531,Groceries & Pantry,383,48,25,HEALTHY,-310
Ranchi Retail Center #4,East & Central India,PRD-IND-00135,Organic Staples Model F890,Groceries & Pantry,73,44,21,HEALTHY,-8
Ranchi Retail Center #4,East & Central India,PRD-IND-00136,Organic Staples Model Q759,Groceries & Pantry,70,53,15,HEALTHY,-2
Ranchi Retail Center #4,East & Central India,PRD-IND-00137,Organic Staples Model W353,Groceries & Pantry,147,47,23,HEALTHY,-77
Ranchi Retail Center #4,East & Central India,PRD-IND-00138,Organic Staples Model O517,Groceries & Pantry,439,41,21,HEALTHY,-377
Ranchi Retail Center #4,East & Central India,PRD-IND-00139,Gourmet Foods Model T469,Groceries & Pantry,49,59,15,WARNING: REORDER NEEDED,25
Ranchi Retail Center #4,East & Central India,PRD-IND-00140,Gourmet Foods Model W779,Groceries & Pantry,459,58,26,HEALTHY,-375
Ranchi Retail Center #4,East & Central India,PRD-IND-00141,Gourmet Foods Model N139,Groceries & Pantry,205,47,24,HEALTHY,-134
Ranchi Retail Center #4,East & Central India,PRD-IND-00142,Gourmet Foods Model Q928,Groceries & Pantry,34,59,28,WARNING: REORDER NEEDED,53
Ranchi Retail Center #4,East & Central India,PRD-IND-00143,Gourmet Foods Model W299,Groceries & Pantry,76,45,31,HEALTHY,0
Ranchi Retail Center #4,East & Central India,PRD-IND-00144,Gourmet Foods Model S546,Groceries & Pantry,69,42,30,HEALTHY,3
Bhubaneswar Retail Center #5,East & Central India,PRD-IND-00001,Smartphones Model F985,Electronics & Gadgets,237,42,16,HEALTHY,-179
Bhubaneswar Retail Center #5,East & Central India,PRD-IND-00002,Smartphones Model A572,Electronics & Gadgets,372,28,22,HEALTHY,-322
Bhubaneswar Retail Center #5,East & Central India,PRD-IND-00003,Smartphones Model Z989,Electronics & Gadgets,144,35,27,HEALTHY,-82
Bhubaneswar Retail Center #5,East & Central India,PRD-IND-00004,Smartphones Model R416,Electronics & Gadgets,256,37,16,HEALTHY,-203
Bhubaneswar Retail Center #5,East & Central India,PRD-IND-00005,Smartphones Model L683,Electronics & Gadgets,462,33,21,HEALTHY,-408
Bhubaneswar Retail Center #5,East & Central India,PRD-IND-00006,Smartphones Model E727,Electronics & Gadgets,458,56,35,HEALTHY,-367
Bhubaneswar Retail Center #5,East & Central India,PRD-IND-00007,Laptops Model D381,Electronics & Gadgets,138,45,22,HEALTHY,-71
Bhubaneswar Retail Center #5,East & Central India,PRD-IND-00008,Laptops Model V239,Electronics & Gadgets,29,49,29,HIGH RISK: BELOW SAFETY STOCK,49
Bhubaneswar Retail Center #5,East & Central India,PRD-IND-00009,Laptops Model O351,Electronics & Gadgets,195,32,31,HEALTHY,-132
Bhubaneswar Retail Center #5,East & Central India,PRD-IND-00010,Laptops Model V866,Electronics & Gadgets,139,37,17,HEALTHY,-85
Bhubaneswar Retail Center #5,East & Central India,PRD-IND-00011,Laptops Model O858,Electronics & Gadgets,464,39,33,HEALTHY,-392
Bhubaneswar Retail Center #5,East & Central India,PRD-IND-00012,Laptops Model B870,Electronics & Gadgets,336,35,27,HEALTHY,-274
Bhubaneswar Retail Center #5,East & Central India,PRD-IND-00013,Audio & Headphones Model T281,Electronics & Gadgets,186,25,34,HEALTHY,-127
Bhubaneswar Retail Center #5,East & Central India,PRD-IND-00014,Audio & Headphones Model G322,Electronics & Gadgets,405,60,22,HEALTHY,-323
Bhubaneswar Retail Center #5,East & Central India,PRD-IND-00015,Audio & Headphones Model D324,Electronics & Gadgets,277,42,25,HEALTHY,-210
Bhubaneswar Retail Center #5,East & Central India,PRD-IND-00016,Audio & Headphones Model T550,Electronics & Gadgets,500,55,23,HEALTHY,-422
Bhubaneswar Retail Center #5,East & Central India,PRD-IND-00017,Audio & Headphones Model Q622,Electronics & Gadgets,60,54,31,HEALTHY,25
Bhubaneswar Retail Center #5,East & Central India,PRD-IND-00018,Audio & Headphones Model P509,Electronics & Gadgets,301,33,23,HEALTHY,-245
Bhubaneswar Retail Center #5,East & Central India,PRD-IND-00019,Smartwatches Model E822,Electronics & Gadgets,121,37,32,HEALTHY,-52
Bhubaneswar Retail Center #5,East & Central India,PRD-IND-00020,Smartwatches Model J175,Electronics & Gadgets,317,32,30,HEALTHY,-255
Bhubaneswar Retail Center #5,East & Central India,PRD-IND-00021,Smartwatches Model O323,Electronics & Gadgets,345,29,34,HEALTHY,-282
Bhubaneswar Retail Center #5,East & Central India,PRD-IND-00022,Smartwatches Model Q954,Electronics & Gadgets,179,58,26,HEALTHY,-95
Bhubaneswar Retail Center #5,East & Central India,PRD-IND-00023,Smartwatches Model R443,Electronics & Gadgets,229,55,23,HEALTHY,-151
Bhubaneswar Retail Center #5,East & Central India,PRD-IND-00024,Smartwatches Model G436,Electronics & Gadgets,293,40,25,HEALTHY,-228
Bhubaneswar Retail Center #5,East & Central India,PRD-IND-00025,Home Appliances Model Q738,Electronics & Gadgets,97,38,16,HEALTHY,-43
Bhubaneswar Retail Center #5,East & Central India,PRD-IND-00026,Home Appliances Model P768,Electronics & Gadgets,391,47,23,HEALTHY,-321
Bhubaneswar Retail Center #5,East & Central India,PRD-IND-00027,Home Appliances Model T133,Electronics & Gadgets,260,38,25,HEALTHY,-197
Bhubaneswar Retail Center #5,East & Central India,PRD-IND-00028,Home Appliances Model G300,Electronics & Gadgets,177,43,16,HEALTHY,-118
Bhubaneswar Retail Center #5,East & Central India,PRD-IND-00029,Home Appliances Model H956,Electronics & Gadgets,82,57,21,HEALTHY,-4
Bhubaneswar Retail Center #5,East & Central India,PRD-IND-00030,Home Appliances Model X534,Electronics & Gadgets,321,53,24,HEALTHY,-244
Bhubaneswar Retail Center #5,East & Central India,PRD-IND-00031,Ethnic Wear & Sarees Model S959,Apparel & Fashion,496,40,18,HEALTHY,-438
Bhubaneswar Retail Center #5,East & Central India,PRD-IND-00032,Ethnic Wear & Sarees Model I627,Apparel & Fashion,367,28,24,HEALTHY,-315
Bhubaneswar Retail Center #5,East & Central India,PRD-IND-00033,Ethnic Wear & Sarees Model J288,Apparel & Fashion,482,40,29,HEALTHY,-413
Bhubaneswar Retail Center #5,East & Central India,PRD-IND-00034,Ethnic Wear & Sarees Model R189,Apparel & Fashion,353,48,34,HEALTHY,-271
Bhubaneswar Retail Center #5,East & Central India,PRD-IND-00035,Ethnic Wear & Sarees Model F942,Apparel & Fashion,89,27,19,HEALTHY,-43
Bhubaneswar Retail Center #5,East & Central India,PRD-IND-00036,Ethnic Wear & Sarees Model L531,Apparel & Fashion,382,46,30,HEALTHY,-306
Bhubaneswar Retail Center #5,East & Central India,PRD-IND-00037,Men's Wear Model U520,Apparel & Fashion,218,36,33,HEALTHY,-149
Bhubaneswar Retail Center #5,East & Central India,PRD-IND-00038,Men's Wear Model N368,Apparel & Fashion,306,26,21,HEALTHY,-259
Bhubaneswar Retail Center #5,East & Central India,PRD-IND-00039,Men's Wear Model G987,Apparel & Fashion,98,48,26,HEALTHY,-24
Bhubaneswar Retail Center #5,East & Central India,PRD-IND-00040,Men's Wear Model G903,Apparel & Fashion,470,50,30,HEALTHY,-390
Bhubaneswar Retail Center #5,East & Central India,PRD-IND-00041,Men's Wear Model F525,Apparel & Fashion,253,55,28,HEALTHY,-170
Bhubaneswar Retail Center #5,East & Central India,PRD-IND-00042,Men's Wear Model O328,Apparel & Fashion,216,40,28,HEALTHY,-148
Bhubaneswar Retail Center #5,East & Central India,PRD-IND-00043,Women's Western Model E376,Apparel & Fashion,80,41,21,HEALTHY,-18
Bhubaneswar Retail Center #5,East & Central India,PRD-IND-00044,Women's Western Model U499,Apparel & Fashion,203,49,32,HEALTHY,-122
Bhubaneswar Retail Center #5,East & Central India,PRD-IND-00045,Women's Western Model V661,Apparel & Fashion,126,57,26,HEALTHY,-43
Bhubaneswar Retail Center #5,East & Central India,PRD-IND-00046,Women's Western Model U771,Apparel & Fashion,95,25,31,HEALTHY,-39
Bhubaneswar Retail Center #5,East & Central India,PRD-IND-00047,Women's Western Model O503,Apparel & Fashion,162,33,26,HEALTHY,-103
Bhubaneswar Retail Center #5,East & Central India,PRD-IND-00048,Women's Western Model P378,Apparel & Fashion,238,37,20,HEALTHY,-181
Bhubaneswar Retail Center #5,East & Central India,PRD-IND-00049,Footwear Model I961,Apparel & Fashion,191,53,25,HEALTHY,-113
Bhubaneswar Retail Center #5,East & Central India,PRD-IND-00050,Footwear Model F604,Apparel & Fashion,323,46,18,HEALTHY,-259
Bhubaneswar Retail Center #5,East & Central India,PRD-IND-00051,Footwear Model S668,Apparel & Fashion,62,53,35,HEALTHY,26
Bhubaneswar Retail Center #5,East & Central India,PRD-IND-00052,Footwear Model Z213,Apparel & Fashion,202,39,29,HEALTHY,-134
Bhubaneswar Retail Center #5,East & Central India,PRD-IND-00053,Footwear Model L175,Apparel & Fashion,359,55,35,HEALTHY,-269
Bhubaneswar Retail Center #5,East & Central India,PRD-IND-00054,Footwear Model U733,Apparel & Fashion,477,43,32,HEALTHY,-402
Bhubaneswar Retail Center #5,East & Central India,PRD-IND-00055,Fashion Accessories Model Q600,Apparel & Fashion,169,57,27,HEALTHY,-85
Bhubaneswar Retail Center #5,East & Central India,PRD-IND-00056,Fashion Accessories Model H596,Apparel & Fashion,421,53,20,HEALTHY,-348
Bhubaneswar Retail Center #5,East & Central India,PRD-IND-00057,Fashion Accessories Model C782,Apparel & Fashion,251,28,35,HEALTHY,-188
Bhubaneswar Retail Center #5,East & Central India,PRD-IND-00058,Fashion Accessories Model J183,Apparel & Fashion,461,56,25,HEALTHY,-380
Bhubaneswar Retail Center #5,East & Central India,PRD-IND-00059,Fashion Accessories Model R976,Apparel & Fashion,317,58,15,HEALTHY,-244
Bhubaneswar Retail Center #5,East & Central India,PRD-IND-00060,Fashion Accessories Model M677,Apparel & Fashion,450,33,31,HEALTHY,-386
Bhubaneswar Retail Center #5,East & Central India,PRD-IND-00061,Furniture Model N132,Home & Living,467,50,18,HEALTHY,-399
Bhubaneswar Retail Center #5,East & Central India,PRD-IND-00062,Furniture Model U448,Home & Living,327,41,26,HEALTHY,-260
Bhubaneswar Retail Center #5,East & Central India,PRD-IND-00063,Furniture Model R565,Home & Living,316,58,33,HEALTHY,-225
Bhubaneswar Retail Center #5,East & Central India,PRD-IND-00064,Furniture Model J215,Home & Living,448,46,31,HEALTHY,-371
Bhubaneswar Retail Center #5,East & Central India,PRD-IND-00065,Furniture Model H138,Home & Living,408,32,32,HEALTHY,-344
Bhubaneswar Retail Center #5,East & Central India,PRD-IND-00066,Furniture Model T348,Home & Living,65,40,33,HEALTHY,8
Bhubaneswar Retail Center #5,East & Central India,PRD-IND-00067,Cookware & Kitchen Model V298,Home & Living,224,34,26,HEALTHY,-164
Bhubaneswar Retail Center #5,East & Central India,PRD-IND-00068,Cookware & Kitchen Model M927,Home & Living,470,53,29,HEALTHY,-388
Bhubaneswar Retail Center #5,East & Central India,PRD-IND-00069,Cookware & Kitchen Model F737,Home & Living,356,60,30,HEALTHY,-266
Bhubaneswar Retail Center #5,East & Central India,PRD-IND-00070,Cookware & Kitchen Model H709,Home & Living,288,44,30,HEALTHY,-214
Bhubaneswar Retail Center #5,East & Central India,PRD-IND-00071,Cookware & Kitchen Model I672,Home & Living,55,40,35,HEALTHY,20
Bhubaneswar Retail Center #5,East & Central India,PRD-IND-00072,Cookware & Kitchen Model T452,Home & Living,212,33,25,HEALTHY,-154
Bhubaneswar Retail Center #5,East & Central India,PRD-IND-00073,Bedding & Linen Model C866,Home & Living,148,41,30,HEALTHY,-77
Bhubaneswar Retail Center #5,East & Central India,PRD-IND-00074,Bedding & Linen Model C482,Home & Living,413,33,22,HEALTHY,-358
Bhubaneswar Retail Center #5,East & Central India,PRD-IND-00075,Bedding & Linen Model Y927,Home & Living,43,39,15,HEALTHY,11
Bhubaneswar Retail Center #5,East & Central India,PRD-IND-00076,Bedding & Linen Model N717,Home & Living,119,50,32,HEALTHY,-37
Bhubaneswar Retail Center #5,East & Central India,PRD-IND-00077,Bedding & Linen Model N231,Home & Living,0,53,35,CRITICAL: OUT OF STOCK,88
Bhubaneswar Retail Center #5,East & Central India,PRD-IND-00078,Bedding & Linen Model C251,Home & Living,13,54,27,HIGH RISK: BELOW SAFETY STOCK,68
Bhubaneswar Retail Center #5,East & Central India,PRD-IND-00079,Home Decor Model E271,Home & Living,355,49,33,HEALTHY,-273
Bhubaneswar Retail Center #5,East & Central India,PRD-IND-00080,Home Decor Model B737,Home & Living,26,51,34,HIGH RISK: BELOW SAFETY STOCK,59
Bhubaneswar Retail Center #5,East & Central India,PRD-IND-00081,Home Decor Model H935,Home & Living,59,58,31,HEALTHY,30
Bhubaneswar Retail Center #5,East & Central India,PRD-IND-00082,Home Decor Model J863,Home & Living,448,36,22,HEALTHY,-390
Bhubaneswar Retail Center #5,East & Central India,PRD-IND-00083,Home Decor Model S419,Home & Living,371,58,22,HEALTHY,-291
Bhubaneswar Retail Center #5,East & Central India,PRD-IND-00084,Home Decor Model R235,Home & Living,485,52,22,HEALTHY,-411
Bhubaneswar Retail Center #5,East & Central India,PRD-IND-00085,Pooja & Spiritual Essentials Model B542,Home & Living,220,35,18,HEALTHY,-167
Bhubaneswar Retail Center #5,East & Central India,PRD-IND-00086,Pooja & Spiritual Essentials Model C617,Home & Living,255,41,29,HEALTHY,-185
Bhubaneswar Retail Center #5,East & Central India,PRD-IND-00087,Pooja & Spiritual Essentials Model I388,Home & Living,112,30,26,HEALTHY,-56
Bhubaneswar Retail Center #5,East & Central India,PRD-IND-00088,Pooja & Spiritual Essentials Model X441,Home & Living,410,59,29,HEALTHY,-322
Bhubaneswar Retail Center #5,East & Central India,PRD-IND-00089,Pooja & Spiritual Essentials Model S453,Home & Living,368,53,24,HEALTHY,-291
Bhubaneswar Retail Center #5,East & Central India,PRD-IND-00090,Pooja & Spiritual Essentials Model T756,Home & Living,189,42,18,HEALTHY,-129
Bhubaneswar Retail Center #5,East & Central India,PRD-IND-00091,Ayurvedic & Skincare Model I993,Beauty & Personal Care,121,43,24,HEALTHY,-54
Bhubaneswar Retail Center #5,East & Central India,PRD-IND-00092,Ayurvedic & Skincare Model V453,Beauty & Personal Care,125,60,15,HEALTHY,-50
Bhubaneswar Retail Center #5,East & Central India,PRD-IND-00093,Ayurvedic & Skincare Model R437,Beauty & Personal Care,105,46,33,HEALTHY,-26
Bhubaneswar Retail Center #5,East & Central India,PRD-IND-00094,Ayurvedic & Skincare Model K348,Beauty & Personal Care,344,41,28,HEALTHY,-275
Bhubaneswar Retail Center #5,East & Central India,PRD-IND-00095,Ayurvedic & Skincare Model S650,Beauty & Personal Care,120,57,35,HEALTHY,-28
Bhubaneswar Retail Center #5,East & Central India,PRD-IND-00096,Ayurvedic & Skincare Model E371,Beauty & Personal Care,431,28,28,HEALTHY,-375
Bhubaneswar Retail Center #5,East & Central India,PRD-IND-00097,Personal Grooming Model X908,Beauty & Personal Care,42,43,27,WARNING: REORDER NEEDED,28
Bhubaneswar Retail Center #5,East & Central India,PRD-IND-00098,Personal Grooming Model V376,Beauty & Personal Care,8,26,34,HIGH RISK: BELOW SAFETY STOCK,52
Bhubaneswar Retail Center #5,East & Central India,PRD-IND-00099,Personal Grooming Model K686,Beauty & Personal Care,203,33,20,HEALTHY,-150
Bhubaneswar Retail Center #5,East & Central India,PRD-IND-00100,Personal Grooming Model Q489,Beauty & Personal Care,136,30,17,HEALTHY,-89
Bhubaneswar Retail Center #5,East & Central India,PRD-IND-00101,Personal Grooming Model Y559,Beauty & Personal Care,264,58,28,HEALTHY,-178
Bhubaneswar Retail Center #5,East & Central India,PRD-IND-00102,Personal Grooming Model N766,Beauty & Personal Care,213,33,21,HEALTHY,-159
Bhubaneswar Retail Center #5,East & Central India,PRD-IND-00103,Cosmetics Model D157,Beauty & Personal Care,191,49,30,HEALTHY,-112
Bhubaneswar Retail Center #5,East & Central India,PRD-IND-00104,Cosmetics Model A526,Beauty & Personal Care,239,41,35,HEALTHY,-163
Bhubaneswar Retail Center #5,East & Central India,PRD-IND-00105,Cosmetics Model J672,Beauty & Personal Care,202,46,27,HEALTHY,-129
Bhubaneswar Retail Center #5,East & Central India,PRD-IND-00106,Cosmetics Model G541,Beauty & Personal Care,92,43,28,HEALTHY,-21
Bhubaneswar Retail Center #5,East & Central India,PRD-IND-00107,Cosmetics Model B432,Beauty & Personal Care,86,27,29,HEALTHY,-30
Bhubaneswar Retail Center #5,East & Central India,PRD-IND-00108,Cosmetics Model V489,Beauty & Personal Care,262,37,17,HEALTHY,-208
Bhubaneswar Retail Center #5,East & Central India,PRD-IND-00109,Wellness & Health Model V933,Beauty & Personal Care,151,60,28,HEALTHY,-63
Bhubaneswar Retail Center #5,East & Central India,PRD-IND-00110,Wellness & Health Model B245,Beauty & Personal Care,131,42,15,HEALTHY,-74
Bhubaneswar Retail Center #5,East & Central India,PRD-IND-00111,Wellness & Health Model H766,Beauty & Personal Care,408,59,22,HEALTHY,-327
Bhubaneswar Retail Center #5,East & Central India,PRD-IND-00112,Wellness & Health Model X718,Beauty & Personal Care,9,38,29,HIGH RISK: BELOW SAFETY STOCK,58
Bhubaneswar Retail Center #5,East & Central India,PRD-IND-00113,Wellness & Health Model H456,Beauty & Personal Care,309,32,23,HEALTHY,-254
Bhubaneswar Retail Center #5,East & Central India,PRD-IND-00114,Wellness & Health Model I109,Beauty & Personal Care,425,35,17,HEALTHY,-373
Bhubaneswar Retail Center #5,East & Central India,PRD-IND-00115,Spices & Atta Model E734,Groceries & Pantry,12,54,30,HIGH RISK: BELOW SAFETY STOCK,72
Bhubaneswar Retail Center #5,East & Central India,PRD-IND-00116,Spices & Atta Model H432,Groceries & Pantry,311,25,18,HEALTHY,-268
Bhubaneswar Retail Center #5,East & Central India,PRD-IND-00117,Spices & Atta Model P601,Groceries & Pantry,134,45,15,HEALTHY,-74
Bhubaneswar Retail Center #5,East & Central India,PRD-IND-00118,Spices & Atta Model U283,Groceries & Pantry,485,56,26,HEALTHY,-403
Bhubaneswar Retail Center #5,East & Central India,PRD-IND-00119,Spices & Atta Model P799,Groceries & Pantry,49,49,26,WARNING: REORDER NEEDED,26
Bhubaneswar Retail Center #5,East & Central India,PRD-IND-00120,Spices & Atta Model Q229,Groceries & Pantry,220,28,28,HEALTHY,-164
Bhubaneswar Retail Center #5,East & Central India,PRD-IND-00121,Beverages & Tea Model R726,Groceries & Pantry,105,50,32,HEALTHY,-23
Bhubaneswar Retail Center #5,East & Central India,PRD-IND-00122,Beverages & Tea Model J769,Groceries & Pantry,349,30,22,HEALTHY,-297
Bhubaneswar Retail Center #5,East & Central India,PRD-IND-00123,Beverages & Tea Model I326,Groceries & Pantry,267,57,15,HEALTHY,-195
Bhubaneswar Retail Center #5,East & Central India,PRD-IND-00124,Beverages & Tea Model K557,Groceries & Pantry,245,47,30,HEALTHY,-168
Bhubaneswar Retail Center #5,East & Central India,PRD-IND-00125,Beverages & Tea Model Z358,Groceries & Pantry,29,48,17,WARNING: REORDER NEEDED,36
Bhubaneswar Retail Center #5,East & Central India,PRD-IND-00126,Beverages & Tea Model Z580,Groceries & Pantry,178,33,23,HEALTHY,-122
Bhubaneswar Retail Center #5,East & Central India,PRD-IND-00127,Snacks & Sweets Model J315,Groceries & Pantry,107,47,23,HEALTHY,-37
Bhubaneswar Retail Center #5,East & Central India,PRD-IND-00128,Snacks & Sweets Model F813,Groceries & Pantry,388,59,31,HEALTHY,-298
Bhubaneswar Retail Center #5,East & Central India,PRD-IND-00129,Snacks & Sweets Model I383,Groceries & Pantry,4,36,26,HIGH RISK: BELOW SAFETY STOCK,58
Bhubaneswar Retail Center #5,East & Central India,PRD-IND-00130,Snacks & Sweets Model Q321,Groceries & Pantry,184,60,23,HEALTHY,-101
Bhubaneswar Retail Center #5,East & Central India,PRD-IND-00131,Snacks & Sweets Model K811,Groceries & Pantry,415,25,15,HEALTHY,-375
Bhubaneswar Retail Center #5,East & Central India,PRD-IND-00132,Snacks & Sweets Model N704,Groceries & Pantry,413,55,33,HEALTHY,-325
Bhubaneswar Retail Center #5,East & Central India,PRD-IND-00133,Organic Staples Model F135,Groceries & Pantry,316,30,23,HEALTHY,-263
Bhubaneswar Retail Center #5,East & Central India,PRD-IND-00134,Organic Staples Model I531,Groceries & Pantry,271,44,25,HEALTHY,-202
Bhubaneswar Retail Center #5,East & Central India,PRD-IND-00135,Organic Staples Model F890,Groceries & Pantry,147,41,19,HEALTHY,-87
Bhubaneswar Retail Center #5,East & Central India,PRD-IND-00136,Organic Staples Model Q759,Groceries & Pantry,50,51,23,WARNING: REORDER NEEDED,24
Bhubaneswar Retail Center #5,East & Central India,PRD-IND-00137,Organic Staples Model W353,Groceries & Pantry,183,39,15,HEALTHY,-129
Bhubaneswar Retail Center #5,East & Central India,PRD-IND-00138,Organic Staples Model O517,Groceries & Pantry,1,31,21,HIGH RISK: BELOW SAFETY STOCK,51
Bhubaneswar Retail Center #5,East & Central India,PRD-IND-00139,Gourmet Foods Model T469,Groceries & Pantry,155,43,23,HEALTHY,-89
Bhubaneswar Retail Center #5,East & Central India,PRD-IND-00140,Gourmet Foods Model W779,Groceries & Pantry,15,33,30,HIGH RISK: BELOW SAFETY STOCK,48
Bhubaneswar Retail Center #5,East & Central India,PRD-IND-00141,Gourmet Foods Model N139,Groceries & Pantry,458,52,23,HEALTHY,-383
Bhubaneswar Retail Center #5,East & Central India,PRD-IND-00142,Gourmet Foods Model Q928,Groceries & Pantry,111,55,21,HEALTHY,-35
Bhubaneswar Retail Center #5,East & Central India,PRD-IND-00143,Gourmet Foods Model W299,Groceries & Pantry,496,30,34,HEALTHY,-432
Bhubaneswar Retail Center #5,East & Central India,PRD-IND-00144,Gourmet Foods Model S546,Groceries & Pantry,436,50,21,HEALTHY,-365
Bengaluru Retail Center #6,South India,PRD-IND-00001,Smartphones Model F985,Electronics & Gadgets,328,49,26,HEALTHY,-253
Bengaluru Retail Center #6,South India,PRD-IND-00002,Smartphones Model A572,Electronics & Gadgets,356,51,29,HEALTHY,-276
Bengaluru Retail Center #6,South India,PRD-IND-00003,Smartphones Model Z989,Electronics & Gadgets,270,29,35,HEALTHY,-206
Bengaluru Retail Center #6,South India,PRD-IND-00004,Smartphones Model R416,Electronics & Gadgets,471,50,18,HEALTHY,-403
Bengaluru Retail Center #6,South India,PRD-IND-00005,Smartphones Model L683,Electronics & Gadgets,197,35,27,HEALTHY,-135
Bengaluru Retail Center #6,South India,PRD-IND-00006,Smartphones Model E727,Electronics & Gadgets,487,36,30,HEALTHY,-421
Bengaluru Retail Center #6,South India,PRD-IND-00007,Laptops Model D381,Electronics & Gadgets,53,27,23,HEALTHY,-3
Bengaluru Retail Center #6,South India,PRD-IND-00008,Laptops Model V239,Electronics & Gadgets,83,56,30,HEALTHY,3
Bengaluru Retail Center #6,South India,PRD-IND-00009,Laptops Model O351,Electronics & Gadgets,386,51,34,HEALTHY,-301
Bengaluru Retail Center #6,South India,PRD-IND-00010,Laptops Model V866,Electronics & Gadgets,251,51,28,HEALTHY,-172
Bengaluru Retail Center #6,South India,PRD-IND-00011,Laptops Model O858,Electronics & Gadgets,208,56,18,HEALTHY,-134
Bengaluru Retail Center #6,South India,PRD-IND-00012,Laptops Model B870,Electronics & Gadgets,171,54,34,HEALTHY,-83
Bengaluru Retail Center #6,South India,PRD-IND-00013,Audio & Headphones Model T281,Electronics & Gadgets,354,30,25,HEALTHY,-299
Bengaluru Retail Center #6,South India,PRD-IND-00014,Audio & Headphones Model G322,Electronics & Gadgets,354,33,31,HEALTHY,-290
Bengaluru Retail Center #6,South India,PRD-IND-00015,Audio & Headphones Model D324,Electronics & Gadgets,336,33,27,HEALTHY,-276
Bengaluru Retail Center #6,South India,PRD-IND-00016,Audio & Headphones Model T550,Electronics & Gadgets,110,25,29,HEALTHY,-56
Bengaluru Retail Center #6,South India,PRD-IND-00017,Audio & Headphones Model Q622,Electronics & Gadgets,372,58,19,HEALTHY,-295
Bengaluru Retail Center #6,South India,PRD-IND-00018,Audio & Headphones Model P509,Electronics & Gadgets,440,40,21,HEALTHY,-379
Bengaluru Retail Center #6,South India,PRD-IND-00019,Smartwatches Model E822,Electronics & Gadgets,221,27,35,HEALTHY,-159
Bengaluru Retail Center #6,South India,PRD-IND-00020,Smartwatches Model J175,Electronics & Gadgets,13,60,31,HIGH RISK: BELOW SAFETY STOCK,78
Bengaluru Retail Center #6,South India,PRD-IND-00021,Smartwatches Model O323,Electronics & Gadgets,119,44,32,HEALTHY,-43
Bengaluru Retail Center #6,South India,PRD-IND-00022,Smartwatches Model Q954,Electronics & Gadgets,423,54,31,HEALTHY,-338
Bengaluru Retail Center #6,South India,PRD-IND-00023,Smartwatches Model R443,Electronics & Gadgets,201,53,26,HEALTHY,-122
Bengaluru Retail Center #6,South India,PRD-IND-00024,Smartwatches Model G436,Electronics & Gadgets,204,34,33,HEALTHY,-137
Bengaluru Retail Center #6,South India,PRD-IND-00025,Home Appliances Model Q738,Electronics & Gadgets,352,31,28,HEALTHY,-293
Bengaluru Retail Center #6,South India,PRD-IND-00026,Home Appliances Model P768,Electronics & Gadgets,27,43,23,WARNING: REORDER NEEDED,39
Bengaluru Retail Center #6,South India,PRD-IND-00027,Home Appliances Model T133,Electronics & Gadgets,331,58,30,HEALTHY,-243
Bengaluru Retail Center #6,South India,PRD-IND-00028,Home Appliances Model G300,Electronics & Gadgets,23,38,24,HIGH RISK: BELOW SAFETY STOCK,39
Bengaluru Retail Center #6,South India,PRD-IND-00029,Home Appliances Model H956,Electronics & Gadgets,441,42,31,HEALTHY,-368
Bengaluru Retail Center #6,South India,PRD-IND-00030,Home Appliances Model X534,Electronics & Gadgets,474,30,21,HEALTHY,-423
Bengaluru Retail Center #6,South India,PRD-IND-00031,Ethnic Wear & Sarees Model S959,Apparel & Fashion,117,58,29,HEALTHY,-30
Bengaluru Retail Center #6,South India,PRD-IND-00032,Ethnic Wear & Sarees Model I627,Apparel & Fashion,122,48,18,HEALTHY,-56
Bengaluru Retail Center #6,South India,PRD-IND-00033,Ethnic Wear & Sarees Model J288,Apparel & Fashion,69,55,31,HEALTHY,17
Bengaluru Retail Center #6,South India,PRD-IND-00034,Ethnic Wear & Sarees Model R189,Apparel & Fashion,349,43,16,HEALTHY,-290
Bengaluru Retail Center #6,South India,PRD-IND-00035,Ethnic Wear & Sarees Model F942,Apparel & Fashion,167,27,28,HEALTHY,-112
Bengaluru Retail Center #6,South India,PRD-IND-00036,Ethnic Wear & Sarees Model L531,Apparel & Fashion,381,51,15,HEALTHY,-315
Bengaluru Retail Center #6,South India,PRD-IND-00037,Men's Wear Model U520,Apparel & Fashion,122,47,18,HEALTHY,-57
Bengaluru Retail Center #6,South India,PRD-IND-00038,Men's Wear Model N368,Apparel & Fashion,114,31,21,HEALTHY,-62
Bengaluru Retail Center #6,South India,PRD-IND-00039,Men's Wear Model G987,Apparel & Fashion,98,37,32,HEALTHY,-29
Bengaluru Retail Center #6,South India,PRD-IND-00040,Men's Wear Model G903,Apparel & Fashion,468,34,31,HEALTHY,-403
Bengaluru Retail Center #6,South India,PRD-IND-00041,Men's Wear Model F525,Apparel & Fashion,199,27,19,HEALTHY,-153
Bengaluru Retail Center #6,South India,PRD-IND-00042,Men's Wear Model O328,Apparel & Fashion,458,43,34,HEALTHY,-381
Bengaluru Retail Center #6,South India,PRD-IND-00043,Women's Western Model E376,Apparel & Fashion,7,54,17,HIGH RISK: BELOW SAFETY STOCK,64
Bengaluru Retail Center #6,South India,PRD-IND-00044,Women's Western Model U499,Apparel & Fashion,278,50,33,HEALTHY,-195
Bengaluru Retail Center #6,South India,PRD-IND-00045,Women's Western Model V661,Apparel & Fashion,306,37,19,HEALTHY,-250
Bengaluru Retail Center #6,South India,PRD-IND-00046,Women's Western Model U771,Apparel & Fashion,419,58,21,HEALTHY,-340
Bengaluru Retail Center #6,South India,PRD-IND-00047,Women's Western Model O503,Apparel & Fashion,296,28,33,HEALTHY,-235
Bengaluru Retail Center #6,South India,PRD-IND-00048,Women's Western Model P378,Apparel & Fashion,292,43,22,HEALTHY,-227
Bengaluru Retail Center #6,South India,PRD-IND-00049,Footwear Model I961,Apparel & Fashion,390,33,31,HEALTHY,-326
Bengaluru Retail Center #6,South India,PRD-IND-00050,Footwear Model F604,Apparel & Fashion,499,29,28,HEALTHY,-442
Bengaluru Retail Center #6,South India,PRD-IND-00051,Footwear Model S668,Apparel & Fashion,313,27,16,HEALTHY,-270
Bengaluru Retail Center #6,South India,PRD-IND-00052,Footwear Model Z213,Apparel & Fashion,141,29,22,HEALTHY,-90
Bengaluru Retail Center #6,South India,PRD-IND-00053,Footwear Model L175,Apparel & Fashion,177,56,21,HEALTHY,-100
Bengaluru Retail Center #6,South India,PRD-IND-00054,Footwear Model U733,Apparel & Fashion,150,29,28,HEALTHY,-93
Bengaluru Retail Center #6,South India,PRD-IND-00055,Fashion Accessories Model Q600,Apparel & Fashion,352,59,34,HEALTHY,-259
Bengaluru Retail Center #6,South India,PRD-IND-00056,Fashion Accessories Model H596,Apparel & Fashion,318,30,29,HEALTHY,-259
Bengaluru Retail Center #6,South India,PRD-IND-00057,Fashion Accessories Model C782,Apparel & Fashion,173,35,27,HEALTHY,-111
Bengaluru Retail Center #6,South India,PRD-IND-00058,Fashion Accessories Model J183,Apparel & Fashion,486,27,29,HEALTHY,-430
Bengaluru Retail Center #6,South India,PRD-IND-00059,Fashion Accessories Model R976,Apparel & Fashion,377,35,24,HEALTHY,-318
Bengaluru Retail Center #6,South India,PRD-IND-00060,Fashion Accessories Model M677,Apparel & Fashion,215,43,24,HEALTHY,-148
Bengaluru Retail Center #6,South India,PRD-IND-00061,Furniture Model N132,Home & Living,426,34,20,HEALTHY,-372
Bengaluru Retail Center #6,South India,PRD-IND-00062,Furniture Model U448,Home & Living,298,53,20,HEALTHY,-225
Bengaluru Retail Center #6,South India,PRD-IND-00063,Furniture Model R565,Home & Living,493,56,17,HEALTHY,-420
Bengaluru Retail Center #6,South India,PRD-IND-00064,Furniture Model J215,Home & Living,306,41,25,HEALTHY,-240
Bengaluru Retail Center #6,South India,PRD-IND-00065,Furniture Model H138,Home & Living,203,44,26,HEALTHY,-133
Bengaluru Retail Center #6,South India,PRD-IND-00066,Furniture Model T348,Home & Living,160,44,16,HEALTHY,-100
Bengaluru Retail Center #6,South India,PRD-IND-00067,Cookware & Kitchen Model V298,Home & Living,461,37,28,HEALTHY,-396
Bengaluru Retail Center #6,South India,PRD-IND-00068,Cookware & Kitchen Model M927,Home & Living,266,29,27,HEALTHY,-210
Bengaluru Retail Center #6,South India,PRD-IND-00069,Cookware & Kitchen Model F737,Home & Living,181,26,32,HEALTHY,-123
Bengaluru Retail Center #6,South India,PRD-IND-00070,Cookware & Kitchen Model H709,Home & Living,4,40,28,HIGH RISK: BELOW SAFETY STOCK,64
Bengaluru Retail Center #6,South India,PRD-IND-00071,Cookware & Kitchen Model I672,Home & Living,332,35,32,HEALTHY,-265
Bengaluru Retail Center #6,South India,PRD-IND-00072,Cookware & Kitchen Model T452,Home & Living,217,44,20,HEALTHY,-153
Bengaluru Retail Center #6,South India,PRD-IND-00073,Bedding & Linen Model C866,Home & Living,291,52,31,HEALTHY,-208
Bengaluru Retail Center #6,South India,PRD-IND-00074,Bedding & Linen Model C482,Home & Living,297,52,29,HEALTHY,-216
Bengaluru Retail Center #6,South India,PRD-IND-00075,Bedding & Linen Model Y927,Home & Living,388,59,34,HEALTHY,-295
Bengaluru Retail Center #6,South India,PRD-IND-00076,Bedding & Linen Model N717,Home & Living,47,57,24,WARNING: REORDER NEEDED,34
Bengaluru Retail Center #6,South India,PRD-IND-00077,Bedding & Linen Model N231,Home & Living,299,36,32,HEALTHY,-231
Bengaluru Retail Center #6,South India,PRD-IND-00078,Bedding & Linen Model C251,Home & Living,95,35,16,HEALTHY,-44
Bengaluru Retail Center #6,South India,PRD-IND-00079,Home Decor Model E271,Home & Living,349,54,15,HEALTHY,-280
Bengaluru Retail Center #6,South India,PRD-IND-00080,Home Decor Model B737,Home & Living,350,43,17,HEALTHY,-290
Bengaluru Retail Center #6,South India,PRD-IND-00081,Home Decor Model H935,Home & Living,97,41,24,HEALTHY,-32
Bengaluru Retail Center #6,South India,PRD-IND-00082,Home Decor Model J863,Home & Living,151,53,31,HEALTHY,-67
Bengaluru Retail Center #6,South India,PRD-IND-00083,Home Decor Model S419,Home & Living,116,55,27,HEALTHY,-34
Bengaluru Retail Center #6,South India,PRD-IND-00084,Home Decor Model R235,Home & Living,237,42,20,HEALTHY,-175
Bengaluru Retail Center #6,South India,PRD-IND-00085,Pooja & Spiritual Essentials Model B542,Home & Living,478,57,20,HEALTHY,-401
Bengaluru Retail Center #6,South India,PRD-IND-00086,Pooja & Spiritual Essentials Model C617,Home & Living,450,40,30,HEALTHY,-380
Bengaluru Retail Center #6,South India,PRD-IND-00087,Pooja & Spiritual Essentials Model I388,Home & Living,221,39,15,HEALTHY,-167
Bengaluru Retail Center #6,South India,PRD-IND-00088,Pooja & Spiritual Essentials Model X441,Home & Living,257,27,31,HEALTHY,-199
Bengaluru Retail Center #6,South India,PRD-IND-00089,Pooja & Spiritual Essentials Model S453,Home & Living,455,51,15,HEALTHY,-389
Bengaluru Retail Center #6,South India,PRD-IND-00090,Pooja & Spiritual Essentials Model T756,Home & Living,275,32,20,HEALTHY,-223
Bengaluru Retail Center #6,South India,PRD-IND-00091,Ayurvedic & Skincare Model I993,Beauty & Personal Care,8,32,20,HIGH RISK: BELOW SAFETY STOCK,44
Bengaluru Retail Center #6,South India,PRD-IND-00092,Ayurvedic & Skincare Model V453,Beauty & Personal Care,401,33,27,HEALTHY,-341
Bengaluru Retail Center #6,South India,PRD-IND-00093,Ayurvedic & Skincare Model R437,Beauty & Personal Care,251,37,24,HEALTHY,-190
Bengaluru Retail Center #6,South India,PRD-IND-00094,Ayurvedic & Skincare Model K348,Beauty & Personal Care,430,53,21,HEALTHY,-356
Bengaluru Retail Center #6,South India,PRD-IND-00095,Ayurvedic & Skincare Model S650,Beauty & Personal Care,49,45,34,HEALTHY,30
Bengaluru Retail Center #6,South India,PRD-IND-00096,Ayurvedic & Skincare Model E371,Beauty & Personal Care,462,39,22,HEALTHY,-401
Bengaluru Retail Center #6,South India,PRD-IND-00097,Personal Grooming Model X908,Beauty & Personal Care,95,42,31,HEALTHY,-22
Bengaluru Retail Center #6,South India,PRD-IND-00098,Personal Grooming Model V376,Beauty & Personal Care,409,43,25,HEALTHY,-341
Bengaluru Retail Center #6,South India,PRD-IND-00099,Personal Grooming Model K686,Beauty & Personal Care,306,30,30,HEALTHY,-246
Bengaluru Retail Center #6,South India,PRD-IND-00100,Personal Grooming Model Q489,Beauty & Personal Care,15,36,23,HIGH RISK: BELOW SAFETY STOCK,44
Bengaluru Retail Center #6,South India,PRD-IND-00101,Personal Grooming Model Y559,Beauty & Personal Care,221,35,27,HEALTHY,-159
Bengaluru Retail Center #6,South India,PRD-IND-00102,Personal Grooming Model N766,Beauty & Personal Care,492,44,31,HEALTHY,-417
Bengaluru Retail Center #6,South India,PRD-IND-00103,Cosmetics Model D157,Beauty & Personal Care,270,34,23,HEALTHY,-213
Bengaluru Retail Center #6,South India,PRD-IND-00104,Cosmetics Model A526,Beauty & Personal Care,327,55,15,HEALTHY,-257
Bengaluru Retail Center #6,South India,PRD-IND-00105,Cosmetics Model J672,Beauty & Personal Care,27,55,35,HIGH RISK: BELOW SAFETY STOCK,63
Bengaluru Retail Center #6,South India,PRD-IND-00106,Cosmetics Model G541,Beauty & Personal Care,95,55,26,HEALTHY,-14
Bengaluru Retail Center #6,South India,PRD-IND-00107,Cosmetics Model B432,Beauty & Personal Care,16,46,28,HIGH RISK: BELOW SAFETY STOCK,58
Bengaluru Retail Center #6,South India,PRD-IND-00108,Cosmetics Model V489,Beauty & Personal Care,336,35,34,HEALTHY,-267
Bengaluru Retail Center #6,South India,PRD-IND-00109,Wellness & Health Model V933,Beauty & Personal Care,360,35,16,HEALTHY,-309
Bengaluru Retail Center #6,South India,PRD-IND-00110,Wellness & Health Model B245,Beauty & Personal Care,200,36,26,HEALTHY,-138
Bengaluru Retail Center #6,South India,PRD-IND-00111,Wellness & Health Model H766,Beauty & Personal Care,403,34,35,HEALTHY,-334
Bengaluru Retail Center #6,South India,PRD-IND-00112,Wellness & Health Model X718,Beauty & Personal Care,407,52,24,HEALTHY,-331
Bengaluru Retail Center #6,South India,PRD-IND-00113,Wellness & Health Model H456,Beauty & Personal Care,26,57,24,WARNING: REORDER NEEDED,55
Bengaluru Retail Center #6,South India,PRD-IND-00114,Wellness & Health Model I109,Beauty & Personal Care,424,46,15,HEALTHY,-363
Bengaluru Retail Center #6,South India,PRD-IND-00115,Spices & Atta Model E734,Groceries & Pantry,482,42,35,HEALTHY,-405
Bengaluru Retail Center #6,South India,PRD-IND-00116,Spices & Atta Model H432,Groceries & Pantry,277,38,24,HEALTHY,-215
Bengaluru Retail Center #6,South India,PRD-IND-00117,Spices & Atta Model P601,Groceries & Pantry,372,45,16,HEALTHY,-311
Bengaluru Retail Center #6,South India,PRD-IND-00118,Spices & Atta Model U283,Groceries & Pantry,289,49,20,HEALTHY,-220
Bengaluru Retail Center #6,South India,PRD-IND-00119,Spices & Atta Model P799,Groceries & Pantry,451,42,15,HEALTHY,-394
Bengaluru Retail Center #6,South India,PRD-IND-00120,Spices & Atta Model Q229,Groceries & Pantry,125,46,28,HEALTHY,-51
Bengaluru Retail Center #6,South India,PRD-IND-00121,Beverages & Tea Model R726,Groceries & Pantry,261,30,25,HEALTHY,-206
Bengaluru Retail Center #6,South India,PRD-IND-00122,Beverages & Tea Model J769,Groceries & Pantry,499,35,23,HEALTHY,-441
Bengaluru Retail Center #6,South India,PRD-IND-00123,Beverages & Tea Model I326,Groceries & Pantry,214,57,33,HEALTHY,-124
Bengaluru Retail Center #6,South India,PRD-IND-00124,Beverages & Tea Model K557,Groceries & Pantry,207,52,16,HEALTHY,-139
Bengaluru Retail Center #6,South India,PRD-IND-00125,Beverages & Tea Model Z358,Groceries & Pantry,89,36,31,HEALTHY,-22
Bengaluru Retail Center #6,South India,PRD-IND-00126,Beverages & Tea Model Z580,Groceries & Pantry,87,56,29,HEALTHY,-2
Bengaluru Retail Center #6,South India,PRD-IND-00127,Snacks & Sweets Model J315,Groceries & Pantry,39,29,21,HEALTHY,11
Bengaluru Retail Center #6,South India,PRD-IND-00128,Snacks & Sweets Model F813,Groceries & Pantry,282,39,30,HEALTHY,-213
Bengaluru Retail Center #6,South India,PRD-IND-00129,Snacks & Sweets Model I383,Groceries & Pantry,423,40,17,HEALTHY,-366
Bengaluru Retail Center #6,South India,PRD-IND-00130,Snacks & Sweets Model Q321,Groceries & Pantry,295,31,20,HEALTHY,-244
Bengaluru Retail Center #6,South India,PRD-IND-00131,Snacks & Sweets Model K811,Groceries & Pantry,159,39,16,HEALTHY,-104
Bengaluru Retail Center #6,South India,PRD-IND-00132,Snacks & Sweets Model N704,Groceries & Pantry,186,54,31,HEALTHY,-101
Bengaluru Retail Center #6,South India,PRD-IND-00133,Organic Staples Model F135,Groceries & Pantry,206,42,24,HEALTHY,-140
Bengaluru Retail Center #6,South India,PRD-IND-00134,Organic Staples Model I531,Groceries & Pantry,404,48,17,HEALTHY,-339
Bengaluru Retail Center #6,South India,PRD-IND-00135,Organic Staples Model F890,Groceries & Pantry,396,55,35,HEALTHY,-306
Bengaluru Retail Center #6,South India,PRD-IND-00136,Organic Staples Model Q759,Groceries & Pantry,160,42,28,HEALTHY,-90
Bengaluru Retail Center #6,South India,PRD-IND-00137,Organic Staples Model W353,Groceries & Pantry,264,29,19,HEALTHY,-216
Bengaluru Retail Center #6,South India,PRD-IND-00138,Organic Staples Model O517,Groceries & Pantry,2,33,18,HIGH RISK: BELOW SAFETY STOCK,49
Bengaluru Retail Center #6,South India,PRD-IND-00139,Gourmet Foods Model T469,Groceries & Pantry,195,43,19,HEALTHY,-133
Bengaluru Retail Center #6,South India,PRD-IND-00140,Gourmet Foods Model W779,Groceries & Pantry,221,46,31,HEALTHY,-144
Bengaluru Retail Center #6,South India,PRD-IND-00141,Gourmet Foods Model N139,Groceries & Pantry,0,42,21,CRITICAL: OUT OF STOCK,63
Bengaluru Retail Center #6,South India,PRD-IND-00142,Gourmet Foods Model Q928,Groceries & Pantry,333,34,35,HEALTHY,-264
Bengaluru Retail Center #6,South India,PRD-IND-00143,Gourmet Foods Model W299,Groceries & Pantry,227,34,26,HEALTHY,-167
Bengaluru Retail Center #6,South India,PRD-IND-00144,Gourmet Foods Model S546,Groceries & Pantry,208,54,16,HEALTHY,-138
Chennai Retail Center #7,South India,PRD-IND-00001,Smartphones Model F985,Electronics & Gadgets,456,38,22,HEALTHY,-396
Chennai Retail Center #7,South India,PRD-IND-00002,Smartphones Model A572,Electronics & Gadgets,31,59,21,WARNING: REORDER NEEDED,49
Chennai Retail Center #7,South India,PRD-IND-00003,Smartphones Model Z989,Electronics & Gadgets,297,52,28,HEALTHY,-217
Chennai Retail Center #7,South India,PRD-IND-00004,Smartphones Model R416,Electronics & Gadgets,213,32,28,HEALTHY,-153
Chennai Retail Center #7,South India,PRD-IND-00005,Smartphones Model L683,Electronics & Gadgets,113,50,22,HEALTHY,-41
Chennai Retail Center #7,South India,PRD-IND-00006,Smartphones Model E727,Electronics & Gadgets,62,36,15,HEALTHY,-11
Chennai Retail Center #7,South India,PRD-IND-00007,Laptops Model D381,Electronics & Gadgets,119,38,31,HEALTHY,-50
Chennai Retail Center #7,South India,PRD-IND-00008,Laptops Model V239,Electronics & Gadgets,38,44,25,WARNING: REORDER NEEDED,31
Chennai Retail Center #7,South India,PRD-IND-00009,Laptops Model O351,Electronics & Gadgets,400,56,19,HEALTHY,-325
Chennai Retail Center #7,South India,PRD-IND-00010,Laptops Model V866,Electronics & Gadgets,50,40,15,HEALTHY,5
Chennai Retail Center #7,South India,PRD-IND-00011,Laptops Model O858,Electronics & Gadgets,274,52,35,HEALTHY,-187
Chennai Retail Center #7,South India,PRD-IND-00012,Laptops Model B870,Electronics & Gadgets,118,32,31,HEALTHY,-55
Chennai Retail Center #7,South India,PRD-IND-00013,Audio & Headphones Model T281,Electronics & Gadgets,438,27,31,HEALTHY,-380
Chennai Retail Center #7,South India,PRD-IND-00014,Audio & Headphones Model G322,Electronics & Gadgets,377,29,16,HEALTHY,-332
Chennai Retail Center #7,South India,PRD-IND-00015,Audio & Headphones Model D324,Electronics & Gadgets,436,55,34,HEALTHY,-347
Chennai Retail Center #7,South India,PRD-IND-00016,Audio & Headphones Model T550,Electronics & Gadgets,85,41,19,HEALTHY,-25
Chennai Retail Center #7,South India,PRD-IND-00017,Audio & Headphones Model Q622,Electronics & Gadgets,445,43,18,HEALTHY,-384
Chennai Retail Center #7,South India,PRD-IND-00018,Audio & Headphones Model P509,Electronics & Gadgets,143,34,26,HEALTHY,-83
Chennai Retail Center #7,South India,PRD-IND-00019,Smartwatches Model E822,Electronics & Gadgets,58,30,31,HEALTHY,3
Chennai Retail Center #7,South India,PRD-IND-00020,Smartwatches Model J175,Electronics & Gadgets,497,27,20,HEALTHY,-450
Chennai Retail Center #7,South India,PRD-IND-00021,Smartwatches Model O323,Electronics & Gadgets,304,49,22,HEALTHY,-233
Chennai Retail Center #7,South India,PRD-IND-00022,Smartwatches Model Q954,Electronics & Gadgets,185,25,15,HEALTHY,-145
Chennai Retail Center #7,South India,PRD-IND-00023,Smartwatches Model R443,Electronics & Gadgets,158,59,23,HEALTHY,-76
Chennai Retail Center #7,South India,PRD-IND-00024,Smartwatches Model G436,Electronics & Gadgets,363,45,24,HEALTHY,-294
Chennai Retail Center #7,South India,PRD-IND-00025,Home Appliances Model Q738,Electronics & Gadgets,202,39,23,HEALTHY,-140
Chennai Retail Center #7,South India,PRD-IND-00026,Home Appliances Model P768,Electronics & Gadgets,281,43,17,HEALTHY,-221
Chennai Retail Center #7,South India,PRD-IND-00027,Home Appliances Model T133,Electronics & Gadgets,425,37,22,HEALTHY,-366
Chennai Retail Center #7,South India,PRD-IND-00028,Home Appliances Model G300,Electronics & Gadgets,330,42,29,HEALTHY,-259
Chennai Retail Center #7,South India,PRD-IND-00029,Home Appliances Model H956,Electronics & Gadgets,324,56,35,HEALTHY,-233
Chennai Retail Center #7,South India,PRD-IND-00030,Home Appliances Model X534,Electronics & Gadgets,499,33,32,HEALTHY,-434
Chennai Retail Center #7,South India,PRD-IND-00031,Ethnic Wear & Sarees Model S959,Apparel & Fashion,450,32,20,HEALTHY,-398
Chennai Retail Center #7,South India,PRD-IND-00032,Ethnic Wear & Sarees Model I627,Apparel & Fashion,169,50,25,HEALTHY,-94
Chennai Retail Center #7,South India,PRD-IND-00033,Ethnic Wear & Sarees Model J288,Apparel & Fashion,361,36,27,HEALTHY,-298
Chennai Retail Center #7,South India,PRD-IND-00034,Ethnic Wear & Sarees Model R189,Apparel & Fashion,46,55,35,WARNING: REORDER NEEDED,44
Chennai Retail Center #7,South India,PRD-IND-00035,Ethnic Wear & Sarees Model F942,Apparel & Fashion,476,42,22,HEALTHY,-412
Chennai Retail Center #7,South India,PRD-IND-00036,Ethnic Wear & Sarees Model L531,Apparel & Fashion,131,49,23,HEALTHY,-59
Chennai Retail Center #7,South India,PRD-IND-00037,Men's Wear Model U520,Apparel & Fashion,444,28,29,HEALTHY,-387
Chennai Retail Center #7,South India,PRD-IND-00038,Men's Wear Model N368,Apparel & Fashion,179,41,19,HEALTHY,-119
Chennai Retail Center #7,South India,PRD-IND-00039,Men's Wear Model G987,Apparel & Fashion,355,33,29,HEALTHY,-293
Chennai Retail Center #7,South India,PRD-IND-00040,Men's Wear Model G903,Apparel & Fashion,103,57,24,HEALTHY,-22
Chennai Retail Center #7,South India,PRD-IND-00041,Men's Wear Model F525,Apparel & Fashion,336,47,20,HEALTHY,-269
Chennai Retail Center #7,South India,PRD-IND-00042,Men's Wear Model O328,Apparel & Fashion,447,39,32,HEALTHY,-376
Chennai Retail Center #7,South India,PRD-IND-00043,Women's Western Model E376,Apparel & Fashion,363,48,15,HEALTHY,-300
Chennai Retail Center #7,South India,PRD-IND-00044,Women's Western Model U499,Apparel & Fashion,458,57,33,HEALTHY,-368
Chennai Retail Center #7,South India,PRD-IND-00045,Women's Western Model V661,Apparel & Fashion,33,50,20,WARNING: REORDER NEEDED,37
Chennai Retail Center #7,South India,PRD-IND-00046,Women's Western Model U771,Apparel & Fashion,439,45,22,HEALTHY,-372
Chennai Retail Center #7,South India,PRD-IND-00047,Women's Western Model O503,Apparel & Fashion,328,39,33,HEALTHY,-256
Chennai Retail Center #7,South India,PRD-IND-00048,Women's Western Model P378,Apparel & Fashion,233,41,19,HEALTHY,-173
Chennai Retail Center #7,South India,PRD-IND-00049,Footwear Model I961,Apparel & Fashion,261,31,27,HEALTHY,-203
Chennai Retail Center #7,South India,PRD-IND-00050,Footwear Model F604,Apparel & Fashion,40,52,16,WARNING: REORDER NEEDED,28
Chennai Retail Center #7,South India,PRD-IND-00051,Footwear Model S668,Apparel & Fashion,453,59,25,HEALTHY,-369
Chennai Retail Center #7,South India,PRD-IND-00052,Footwear Model Z213,Apparel & Fashion,317,50,17,HEALTHY,-250
Chennai Retail Center #7,South India,PRD-IND-00053,Footwear Model L175,Apparel & Fashion,120,58,35,HEALTHY,-27
Chennai Retail Center #7,South India,PRD-IND-00054,Footwear Model U733,Apparel & Fashion,488,36,15,HEALTHY,-437
Chennai Retail Center #7,South India,PRD-IND-00055,Fashion Accessories Model Q600,Apparel & Fashion,400,29,15,HEALTHY,-356
Chennai Retail Center #7,South India,PRD-IND-00056,Fashion Accessories Model H596,Apparel & Fashion,147,56,27,HEALTHY,-64
Chennai Retail Center #7,South India,PRD-IND-00057,Fashion Accessories Model C782,Apparel & Fashion,330,41,16,HEALTHY,-273
Chennai Retail Center #7,South India,PRD-IND-00058,Fashion Accessories Model J183,Apparel & Fashion,271,29,24,HEALTHY,-218
Chennai Retail Center #7,South India,PRD-IND-00059,Fashion Accessories Model R976,Apparel & Fashion,298,28,34,HEALTHY,-236
Chennai Retail Center #7,South India,PRD-IND-00060,Fashion Accessories Model M677,Apparel & Fashion,401,43,29,HEALTHY,-329
Chennai Retail Center #7,South India,PRD-IND-00061,Furniture Model N132,Home & Living,34,45,20,WARNING: REORDER NEEDED,31
Chennai Retail Center #7,South India,PRD-IND-00062,Furniture Model U448,Home & Living,203,27,28,HEALTHY,-148
Chennai Retail Center #7,South India,PRD-IND-00063,Furniture Model R565,Home & Living,335,26,19,HEALTHY,-290
Chennai Retail Center #7,South India,PRD-IND-00064,Furniture Model J215,Home & Living,69,40,15,HEALTHY,-14
Chennai Retail Center #7,South India,PRD-IND-00065,Furniture Model H138,Home & Living,448,44,16,HEALTHY,-388
Chennai Retail Center #7,South India,PRD-IND-00066,Furniture Model T348,Home & Living,266,41,35,HEALTHY,-190
Chennai Retail Center #7,South India,PRD-IND-00067,Cookware & Kitchen Model V298,Home & Living,453,35,15,HEALTHY,-403
Chennai Retail Center #7,South India,PRD-IND-00068,Cookware & Kitchen Model M927,Home & Living,137,48,26,HEALTHY,-63
Chennai Retail Center #7,South India,PRD-IND-00069,Cookware & Kitchen Model F737,Home & Living,476,41,27,HEALTHY,-408
Chennai Retail Center #7,South India,PRD-IND-00070,Cookware & Kitchen Model H709,Home & Living,320,52,17,HEALTHY,-251
Chennai Retail Center #7,South India,PRD-IND-00071,Cookware & Kitchen Model I672,Home & Living,69,31,31,HEALTHY,-7
Chennai Retail Center #7,South India,PRD-IND-00072,Cookware & Kitchen Model T452,Home & Living,398,52,23,HEALTHY,-323
Chennai Retail Center #7,South India,PRD-IND-00073,Bedding & Linen Model C866,Home & Living,495,45,35,HEALTHY,-415
Chennai Retail Center #7,South India,PRD-IND-00074,Bedding & Linen Model C482,Home & Living,453,47,23,HEALTHY,-383
Chennai Retail Center #7,South India,PRD-IND-00075,Bedding & Linen Model Y927,Home & Living,385,58,34,HEALTHY,-293
Chennai Retail Center #7,South India,PRD-IND-00076,Bedding & Linen Model N717,Home & Living,103,57,31,HEALTHY,-15
Chennai Retail Center #7,South India,PRD-IND-00077,Bedding & Linen Model N231,Home & Living,218,28,16,HEALTHY,-174
Chennai Retail Center #7,South India,PRD-IND-00078,Bedding & Linen Model C251,Home & Living,25,54,32,HIGH RISK: BELOW SAFETY STOCK,61
Chennai Retail Center #7,South India,PRD-IND-00079,Home Decor Model E271,Home & Living,460,34,28,HEALTHY,-398
Chennai Retail Center #7,South India,PRD-IND-00080,Home Decor Model B737,Home & Living,358,35,19,HEALTHY,-304
Chennai Retail Center #7,South India,PRD-IND-00081,Home Decor Model H935,Home & Living,82,38,26,HEALTHY,-18
Chennai Retail Center #7,South India,PRD-IND-00082,Home Decor Model J863,Home & Living,377,34,25,HEALTHY,-318
Chennai Retail Center #7,South India,PRD-IND-00083,Home Decor Model S419,Home & Living,457,43,16,HEALTHY,-398
Chennai Retail Center #7,South India,PRD-IND-00084,Home Decor Model R235,Home & Living,383,48,22,HEALTHY,-313
Chennai Retail Center #7,South India,PRD-IND-00085,Pooja & Spiritual Essentials Model B542,Home & Living,417,53,33,HEALTHY,-331
Chennai Retail Center #7,South India,PRD-IND-00086,Pooja & Spiritual Essentials Model C617,Home & Living,259,57,26,HEALTHY,-176
Chennai Retail Center #7,South India,PRD-IND-00087,Pooja & Spiritual Essentials Model I388,Home & Living,178,49,23,HEALTHY,-106
Chennai Retail Center #7,South India,PRD-IND-00088,Pooja & Spiritual Essentials Model X441,Home & Living,450,60,26,HEALTHY,-364
Chennai Retail Center #7,South India,PRD-IND-00089,Pooja & Spiritual Essentials Model S453,Home & Living,107,26,26,HEALTHY,-55
Chennai Retail Center #7,South India,PRD-IND-00090,Pooja & Spiritual Essentials Model T756,Home & Living,225,32,24,HEALTHY,-169
Chennai Retail Center #7,South India,PRD-IND-00091,Ayurvedic & Skincare Model I993,Beauty & Personal Care,253,38,26,HEALTHY,-189
Chennai Retail Center #7,South India,PRD-IND-00092,Ayurvedic & Skincare Model V453,Beauty & Personal Care,354,35,34,HEALTHY,-285
Chennai Retail Center #7,South India,PRD-IND-00093,Ayurvedic & Skincare Model R437,Beauty & Personal Care,408,31,21,HEALTHY,-356
Chennai Retail Center #7,South India,PRD-IND-00094,Ayurvedic & Skincare Model K348,Beauty & Personal Care,211,25,23,HEALTHY,-163
Chennai Retail Center #7,South India,PRD-IND-00095,Ayurvedic & Skincare Model S650,Beauty & Personal Care,337,48,20,HEALTHY,-269
Chennai Retail Center #7,South India,PRD-IND-00096,Ayurvedic & Skincare Model E371,Beauty & Personal Care,366,45,29,HEALTHY,-292
Chennai Retail Center #7,South India,PRD-IND-00097,Personal Grooming Model X908,Beauty & Personal Care,163,50,22,HEALTHY,-91
Chennai Retail Center #7,South India,PRD-IND-00098,Personal Grooming Model V376,Beauty & Personal Care,280,44,23,HEALTHY,-213
Chennai Retail Center #7,South India,PRD-IND-00099,Personal Grooming Model K686,Beauty & Personal Care,172,48,35,HEALTHY,-89
Chennai Retail Center #7,South India,PRD-IND-00100,Personal Grooming Model Q489,Beauty & Personal Care,354,40,19,HEALTHY,-295
Chennai Retail Center #7,South India,PRD-IND-00101,Personal Grooming Model Y559,Beauty & Personal Care,382,46,28,HEALTHY,-308
Chennai Retail Center #7,South India,PRD-IND-00102,Personal Grooming Model N766,Beauty & Personal Care,451,26,31,HEALTHY,-394
Chennai Retail Center #7,South India,PRD-IND-00103,Cosmetics Model D157,Beauty & Personal Care,307,46,30,HEALTHY,-231
Chennai Retail Center #7,South India,PRD-IND-00104,Cosmetics Model A526,Beauty & Personal Care,349,28,20,HEALTHY,-301
Chennai Retail Center #7,South India,PRD-IND-00105,Cosmetics Model J672,Beauty & Personal Care,392,28,15,HEALTHY,-349
Chennai Retail Center #7,South India,PRD-IND-00106,Cosmetics Model G541,Beauty & Personal Care,372,29,26,HEALTHY,-317
Chennai Retail Center #7,South India,PRD-IND-00107,Cosmetics Model B432,Beauty & Personal Care,24,54,23,WARNING: REORDER NEEDED,53
Chennai Retail Center #7,South India,PRD-IND-00108,Cosmetics Model V489,Beauty & Personal Care,320,33,20,HEALTHY,-267
Chennai Retail Center #7,South India,PRD-IND-00109,Wellness & Health Model V933,Beauty & Personal Care,452,41,27,HEALTHY,-384
Chennai Retail Center #7,South India,PRD-IND-00110,Wellness & Health Model B245,Beauty & Personal Care,475,46,15,HEALTHY,-414
Chennai Retail Center #7,South India,PRD-IND-00111,Wellness & Health Model H766,Beauty & Personal Care,198,42,32,HEALTHY,-124
Chennai Retail Center #7,South India,PRD-IND-00112,Wellness & Health Model X718,Beauty & Personal Care,199,51,28,HEALTHY,-120
Chennai Retail Center #7,South India,PRD-IND-00113,Wellness & Health Model H456,Beauty & Personal Care,366,47,32,HEALTHY,-287
Chennai Retail Center #7,South India,PRD-IND-00114,Wellness & Health Model I109,Beauty & Personal Care,286,54,16,HEALTHY,-216
Chennai Retail Center #7,South India,PRD-IND-00115,Spices & Atta Model E734,Groceries & Pantry,94,41,35,HEALTHY,-18
Chennai Retail Center #7,South India,PRD-IND-00116,Spices & Atta Model H432,Groceries & Pantry,244,50,20,HEALTHY,-174
Chennai Retail Center #7,South India,PRD-IND-00117,Spices & Atta Model P601,Groceries & Pantry,282,45,18,HEALTHY,-219
Chennai Retail Center #7,South India,PRD-IND-00118,Spices & Atta Model U283,Groceries & Pantry,382,54,31,HEALTHY,-297
Chennai Retail Center #7,South India,PRD-IND-00119,Spices & Atta Model P799,Groceries & Pantry,289,38,34,HEALTHY,-217
Chennai Retail Center #7,South India,PRD-IND-00120,Spices & Atta Model Q229,Groceries & Pantry,348,40,15,HEALTHY,-293
Chennai Retail Center #7,South India,PRD-IND-00121,Beverages & Tea Model R726,Groceries & Pantry,110,40,24,HEALTHY,-46
Chennai Retail Center #7,South India,PRD-IND-00122,Beverages & Tea Model J769,Groceries & Pantry,274,43,34,HEALTHY,-197
Chennai Retail Center #7,South India,PRD-IND-00123,Beverages & Tea Model I326,Groceries & Pantry,496,51,25,HEALTHY,-420
Chennai Retail Center #7,South India,PRD-IND-00124,Beverages & Tea Model K557,Groceries & Pantry,340,59,28,HEALTHY,-253
Chennai Retail Center #7,South India,PRD-IND-00125,Beverages & Tea Model Z358,Groceries & Pantry,315,28,33,HEALTHY,-254
Chennai Retail Center #7,South India,PRD-IND-00126,Beverages & Tea Model Z580,Groceries & Pantry,473,29,18,HEALTHY,-426
Chennai Retail Center #7,South India,PRD-IND-00127,Snacks & Sweets Model J315,Groceries & Pantry,175,28,15,HEALTHY,-132
Chennai Retail Center #7,South India,PRD-IND-00128,Snacks & Sweets Model F813,Groceries & Pantry,377,44,35,HEALTHY,-298
Chennai Retail Center #7,South India,PRD-IND-00129,Snacks & Sweets Model I383,Groceries & Pantry,405,39,30,HEALTHY,-336
Chennai Retail Center #7,South India,PRD-IND-00130,Snacks & Sweets Model Q321,Groceries & Pantry,128,40,20,HEALTHY,-68
Chennai Retail Center #7,South India,PRD-IND-00131,Snacks & Sweets Model K811,Groceries & Pantry,237,56,16,HEALTHY,-165
Chennai Retail Center #7,South India,PRD-IND-00132,Snacks & Sweets Model N704,Groceries & Pantry,263,42,31,HEALTHY,-190
Chennai Retail Center #7,South India,PRD-IND-00133,Organic Staples Model F135,Groceries & Pantry,179,35,34,HEALTHY,-110
Chennai Retail Center #7,South India,PRD-IND-00134,Organic Staples Model I531,Groceries & Pantry,406,57,26,HEALTHY,-323
Chennai Retail Center #7,South India,PRD-IND-00135,Organic Staples Model F890,Groceries & Pantry,303,37,34,HEALTHY,-232
Chennai Retail Center #7,South India,PRD-IND-00136,Organic Staples Model Q759,Groceries & Pantry,2,42,28,HIGH RISK: BELOW SAFETY STOCK,68
Chennai Retail Center #7,South India,PRD-IND-00137,Organic Staples Model W353,Groceries & Pantry,17,55,25,HIGH RISK: BELOW SAFETY STOCK,63
Chennai Retail Center #7,South India,PRD-IND-00138,Organic Staples Model O517,Groceries & Pantry,374,35,22,HEALTHY,-317
Chennai Retail Center #7,South India,PRD-IND-00139,Gourmet Foods Model T469,Groceries & Pantry,213,28,16,HEALTHY,-169
Chennai Retail Center #7,South India,PRD-IND-00140,Gourmet Foods Model W779,Groceries & Pantry,285,49,19,HEALTHY,-217
Chennai Retail Center #7,South India,PRD-IND-00141,Gourmet Foods Model N139,Groceries & Pantry,168,34,21,HEALTHY,-113
Chennai Retail Center #7,South India,PRD-IND-00142,Gourmet Foods Model Q928,Groceries & Pantry,435,57,28,HEALTHY,-350
Chennai Retail Center #7,South India,PRD-IND-00143,Gourmet Foods Model W299,Groceries & Pantry,47,30,26,HEALTHY,9
Chennai Retail Center #7,South India,PRD-IND-00144,Gourmet Foods Model S546,Groceries & Pantry,65,39,31,HEALTHY,5
Ahmedabad Retail Center #8,West India,PRD-IND-00001,Smartphones Model F985,Electronics & Gadgets,391,33,35,HEALTHY,-323
Ahmedabad Retail Center #8,West India,PRD-IND-00002,Smartphones Model A572,Electronics & Gadgets,315,52,35,HEALTHY,-228
Ahmedabad Retail Center #8,West India,PRD-IND-00003,Smartphones Model Z989,Electronics & Gadgets,317,42,25,HEALTHY,-250
Ahmedabad Retail Center #8,West India,PRD-IND-00004,Smartphones Model R416,Electronics & Gadgets,346,36,17,HEALTHY,-293
Ahmedabad Retail Center #8,West India,PRD-IND-00005,Smartphones Model L683,Electronics & Gadgets,31,33,27,WARNING: REORDER NEEDED,29
Ahmedabad Retail Center #8,West India,PRD-IND-00006,Smartphones Model E727,Electronics & Gadgets,287,31,30,HEALTHY,-226
Ahmedabad Retail Center #8,West India,PRD-IND-00007,Laptops Model D381,Electronics & Gadgets,404,55,26,HEALTHY,-323
Ahmedabad Retail Center #8,West India,PRD-IND-00008,Laptops Model V239,Electronics & Gadgets,151,48,27,HEALTHY,-76
Ahmedabad Retail Center #8,West India,PRD-IND-00009,Laptops Model O351,Electronics & Gadgets,379,52,24,HEALTHY,-303
Ahmedabad Retail Center #8,West India,PRD-IND-00010,Laptops Model V866,Electronics & Gadgets,458,41,30,HEALTHY,-387
Ahmedabad Retail Center #8,West India,PRD-IND-00011,Laptops Model O858,Electronics & Gadgets,194,41,28,HEALTHY,-125
Ahmedabad Retail Center #8,West India,PRD-IND-00012,Laptops Model B870,Electronics & Gadgets,445,53,15,HEALTHY,-377
Ahmedabad Retail Center #8,West India,PRD-IND-00013,Audio & Headphones Model T281,Electronics & Gadgets,232,48,23,HEALTHY,-161
Ahmedabad Retail Center #8,West India,PRD-IND-00014,Audio & Headphones Model G322,Electronics & Gadgets,289,40,27,HEALTHY,-222
Ahmedabad Retail Center #8,West India,PRD-IND-00015,Audio & Headphones Model D324,Electronics & Gadgets,395,51,24,HEALTHY,-320
Ahmedabad Retail Center #8,West India,PRD-IND-00016,Audio & Headphones Model T550,Electronics & Gadgets,352,25,15,HEALTHY,-312
Ahmedabad Retail Center #8,West India,PRD-IND-00017,Audio & Headphones Model Q622,Electronics & Gadgets,368,39,33,HEALTHY,-296
Ahmedabad Retail Center #8,West India,PRD-IND-00018,Audio & Headphones Model P509,Electronics & Gadgets,296,56,19,HEALTHY,-221
Ahmedabad Retail Center #8,West India,PRD-IND-00019,Smartwatches Model E822,Electronics & Gadgets,85,51,24,HEALTHY,-10
Ahmedabad Retail Center #8,West India,PRD-IND-00020,Smartwatches Model J175,Electronics & Gadgets,151,39,30,HEALTHY,-82
Ahmedabad Retail Center #8,West India,PRD-IND-00021,Smartwatches Model O323,Electronics & Gadgets,271,53,23,HEALTHY,-195
Ahmedabad Retail Center #8,West India,PRD-IND-00022,Smartwatches Model Q954,Electronics & Gadgets,226,47,29,HEALTHY,-150
Ahmedabad Retail Center #8,West India,PRD-IND-00023,Smartwatches Model R443,Electronics & Gadgets,28,60,33,HIGH RISK: BELOW SAFETY STOCK,65
Ahmedabad Retail Center #8,West India,PRD-IND-00024,Smartwatches Model G436,Electronics & Gadgets,204,31,20,HEALTHY,-153
Ahmedabad Retail Center #8,West India,PRD-IND-00025,Home Appliances Model Q738,Electronics & Gadgets,224,48,30,HEALTHY,-146
Ahmedabad Retail Center #8,West India,PRD-IND-00026,Home Appliances Model P768,Electronics & Gadgets,247,43,19,HEALTHY,-185
Ahmedabad Retail Center #8,West India,PRD-IND-00027,Home Appliances Model T133,Electronics & Gadgets,51,60,32,WARNING: REORDER NEEDED,41
Ahmedabad Retail Center #8,West India,PRD-IND-00028,Home Appliances Model G300,Electronics & Gadgets,416,34,30,HEALTHY,-352
Ahmedabad Retail Center #8,West India,PRD-IND-00029,Home Appliances Model H956,Electronics & Gadgets,337,43,19,HEALTHY,-275
Ahmedabad Retail Center #8,West India,PRD-IND-00030,Home Appliances Model X534,Electronics & Gadgets,144,26,22,HEALTHY,-96
Ahmedabad Retail Center #8,West India,PRD-IND-00031,Ethnic Wear & Sarees Model S959,Apparel & Fashion,21,30,24,HIGH RISK: BELOW SAFETY STOCK,33
Ahmedabad Retail Center #8,West India,PRD-IND-00032,Ethnic Wear & Sarees Model I627,Apparel & Fashion,484,26,23,HEALTHY,-435
Ahmedabad Retail Center #8,West India,PRD-IND-00033,Ethnic Wear & Sarees Model J288,Apparel & Fashion,316,26,35,HEALTHY,-255
Ahmedabad Retail Center #8,West India,PRD-IND-00034,Ethnic Wear & Sarees Model R189,Apparel & Fashion,386,51,28,HEALTHY,-307
Ahmedabad Retail Center #8,West India,PRD-IND-00035,Ethnic Wear & Sarees Model F942,Apparel & Fashion,33,35,17,WARNING: REORDER NEEDED,19
Ahmedabad Retail Center #8,West India,PRD-IND-00036,Ethnic Wear & Sarees Model L531,Apparel & Fashion,368,49,29,HEALTHY,-290
Ahmedabad Retail Center #8,West India,PRD-IND-00037,Men's Wear Model U520,Apparel & Fashion,267,55,18,HEALTHY,-194
Ahmedabad Retail Center #8,West India,PRD-IND-00038,Men's Wear Model N368,Apparel & Fashion,405,45,27,HEALTHY,-333
Ahmedabad Retail Center #8,West India,PRD-IND-00039,Men's Wear Model G987,Apparel & Fashion,495,58,21,HEALTHY,-416
Ahmedabad Retail Center #8,West India,PRD-IND-00040,Men's Wear Model G903,Apparel & Fashion,471,60,30,HEALTHY,-381
Ahmedabad Retail Center #8,West India,PRD-IND-00041,Men's Wear Model F525,Apparel & Fashion,57,41,24,HEALTHY,8
Ahmedabad Retail Center #8,West India,PRD-IND-00042,Men's Wear Model O328,Apparel & Fashion,203,42,31,HEALTHY,-130
Ahmedabad Retail Center #8,West India,PRD-IND-00043,Women's Western Model E376,Apparel & Fashion,482,26,29,HEALTHY,-427
Ahmedabad Retail Center #8,West India,PRD-IND-00044,Women's Western Model U499,Apparel & Fashion,355,26,32,HEALTHY,-297
Ahmedabad Retail Center #8,West India,PRD-IND-00045,Women's Western Model V661,Apparel & Fashion,308,40,19,HEALTHY,-249
Ahmedabad Retail Center #8,West India,PRD-IND-00046,Women's Western Model U771,Apparel & Fashion,367,46,27,HEALTHY,-294
Ahmedabad Retail Center #8,West India,PRD-IND-00047,Women's Western Model O503,Apparel & Fashion,278,52,26,HEALTHY,-200
Ahmedabad Retail Center #8,West India,PRD-IND-00048,Women's Western Model P378,Apparel & Fashion,329,56,17,HEALTHY,-256
Ahmedabad Retail Center #8,West India,PRD-IND-00049,Footwear Model I961,Apparel & Fashion,180,56,22,HEALTHY,-102
Ahmedabad Retail Center #8,West India,PRD-IND-00050,Footwear Model F604,Apparel & Fashion,369,55,19,HEALTHY,-295
Ahmedabad Retail Center #8,West India,PRD-IND-00051,Footwear Model S668,Apparel & Fashion,362,45,31,HEALTHY,-286
Ahmedabad Retail Center #8,West India,PRD-IND-00052,Footwear Model Z213,Apparel & Fashion,15,53,17,HIGH RISK: BELOW SAFETY STOCK,55
Ahmedabad Retail Center #8,West India,PRD-IND-00053,Footwear Model L175,Apparel & Fashion,186,45,18,HEALTHY,-123
Ahmedabad Retail Center #8,West India,PRD-IND-00054,Footwear Model U733,Apparel & Fashion,18,47,30,HIGH RISK: BELOW SAFETY STOCK,59
Ahmedabad Retail Center #8,West India,PRD-IND-00055,Fashion Accessories Model Q600,Apparel & Fashion,330,46,19,HEALTHY,-265
Ahmedabad Retail Center #8,West India,PRD-IND-00056,Fashion Accessories Model H596,Apparel & Fashion,495,54,35,HEALTHY,-406
Ahmedabad Retail Center #8,West India,PRD-IND-00057,Fashion Accessories Model C782,Apparel & Fashion,44,43,15,HEALTHY,14
Ahmedabad Retail Center #8,West India,PRD-IND-00058,Fashion Accessories Model J183,Apparel & Fashion,55,58,28,WARNING: REORDER NEEDED,31
Ahmedabad Retail Center #8,West India,PRD-IND-00059,Fashion Accessories Model R976,Apparel & Fashion,441,34,24,HEALTHY,-383
Ahmedabad Retail Center #8,West India,PRD-IND-00060,Fashion Accessories Model M677,Apparel & Fashion,491,58,34,HEALTHY,-399
Ahmedabad Retail Center #8,West India,PRD-IND-00061,Furniture Model N132,Home & Living,365,46,20,HEALTHY,-299
Ahmedabad Retail Center #8,West India,PRD-IND-00062,Furniture Model U448,Home & Living,365,31,19,HEALTHY,-315
Ahmedabad Retail Center #8,West India,PRD-IND-00063,Furniture Model R565,Home & Living,70,33,32,HEALTHY,-5
Ahmedabad Retail Center #8,West India,PRD-IND-00064,Furniture Model J215,Home & Living,393,46,33,HEALTHY,-314
Ahmedabad Retail Center #8,West India,PRD-IND-00065,Furniture Model H138,Home & Living,349,40,32,HEALTHY,-277
Ahmedabad Retail Center #8,West India,PRD-IND-00066,Furniture Model T348,Home & Living,450,37,18,HEALTHY,-395
Ahmedabad Retail Center #8,West India,PRD-IND-00067,Cookware & Kitchen Model V298,Home & Living,358,47,21,HEALTHY,-290
Ahmedabad Retail Center #8,West India,PRD-IND-00068,Cookware & Kitchen Model M927,Home & Living,170,56,28,HEALTHY,-86
Ahmedabad Retail Center #8,West India,PRD-IND-00069,Cookware & Kitchen Model F737,Home & Living,304,60,35,HEALTHY,-209
Ahmedabad Retail Center #8,West India,PRD-IND-00070,Cookware & Kitchen Model H709,Home & Living,98,33,15,HEALTHY,-50
Ahmedabad Retail Center #8,West India,PRD-IND-00071,Cookware & Kitchen Model I672,Home & Living,7,27,32,HIGH RISK: BELOW SAFETY STOCK,52
Ahmedabad Retail Center #8,West India,PRD-IND-00072,Cookware & Kitchen Model T452,Home & Living,258,41,20,HEALTHY,-197
Ahmedabad Retail Center #8,West India,PRD-IND-00073,Bedding & Linen Model C866,Home & Living,201,29,28,HEALTHY,-144
Ahmedabad Retail Center #8,West India,PRD-IND-00074,Bedding & Linen Model C482,Home & Living,193,39,15,HEALTHY,-139
Ahmedabad Retail Center #8,West India,PRD-IND-00075,Bedding & Linen Model Y927,Home & Living,185,43,18,HEALTHY,-124
Ahmedabad Retail Center #8,West India,PRD-IND-00076,Bedding & Linen Model N717,Home & Living,375,38,21,HEALTHY,-316
Ahmedabad Retail Center #8,West India,PRD-IND-00077,Bedding & Linen Model N231,Home & Living,43,59,22,WARNING: REORDER NEEDED,38
Ahmedabad Retail Center #8,West India,PRD-IND-00078,Bedding & Linen Model C251,Home & Living,168,37,19,HEALTHY,-112
Ahmedabad Retail Center #8,West India,PRD-IND-00079,Home Decor Model E271,Home & Living,364,41,18,HEALTHY,-305
Ahmedabad Retail Center #8,West India,PRD-IND-00080,Home Decor Model B737,Home & Living,477,29,28,HEALTHY,-420
Ahmedabad Retail Center #8,West India,PRD-IND-00081,Home Decor Model H935,Home & Living,391,48,22,HEALTHY,-321
Ahmedabad Retail Center #8,West India,PRD-IND-00082,Home Decor Model J863,Home & Living,154,30,27,HEALTHY,-97
Ahmedabad Retail Center #8,West India,PRD-IND-00083,Home Decor Model S419,Home & Living,357,51,32,HEALTHY,-274
Ahmedabad Retail Center #8,West India,PRD-IND-00084,Home Decor Model R235,Home & Living,193,27,25,HEALTHY,-141
Ahmedabad Retail Center #8,West India,PRD-IND-00085,Pooja & Spiritual Essentials Model B542,Home & Living,126,50,16,HEALTHY,-60
Ahmedabad Retail Center #8,West India,PRD-IND-00086,Pooja & Spiritual Essentials Model C617,Home & Living,115,30,17,HEALTHY,-68
Ahmedabad Retail Center #8,West India,PRD-IND-00087,Pooja & Spiritual Essentials Model I388,Home & Living,483,53,30,HEALTHY,-400
Ahmedabad Retail Center #8,West India,PRD-IND-00088,Pooja & Spiritual Essentials Model X441,Home & Living,151,42,20,HEALTHY,-89
Ahmedabad Retail Center #8,West India,PRD-IND-00089,Pooja & Spiritual Essentials Model S453,Home & Living,410,36,17,HEALTHY,-357
Ahmedabad Retail Center #8,West India,PRD-IND-00090,Pooja & Spiritual Essentials Model T756,Home & Living,140,43,33,HEALTHY,-64
Ahmedabad Retail Center #8,West India,PRD-IND-00091,Ayurvedic & Skincare Model I993,Beauty & Personal Care,76,33,26,HEALTHY,-17
Ahmedabad Retail Center #8,West India,PRD-IND-00092,Ayurvedic & Skincare Model V453,Beauty & Personal Care,133,56,29,HEALTHY,-48
Ahmedabad Retail Center #8,West India,PRD-IND-00093,Ayurvedic & Skincare Model R437,Beauty & Personal Care,343,49,23,HEALTHY,-271
Ahmedabad Retail Center #8,West India,PRD-IND-00094,Ayurvedic & Skincare Model K348,Beauty & Personal Care,6,38,25,HIGH RISK: BELOW SAFETY STOCK,57
Ahmedabad Retail Center #8,West India,PRD-IND-00095,Ayurvedic & Skincare Model S650,Beauty & Personal Care,179,27,22,HEALTHY,-130
Ahmedabad Retail Center #8,West India,PRD-IND-00096,Ayurvedic & Skincare Model E371,Beauty & Personal Care,385,49,32,HEALTHY,-304
Ahmedabad Retail Center #8,West India,PRD-IND-00097,Personal Grooming Model X908,Beauty & Personal Care,144,53,25,HEALTHY,-66
Ahmedabad Retail Center #8,West India,PRD-IND-00098,Personal Grooming Model V376,Beauty & Personal Care,238,27,28,HEALTHY,-183
Ahmedabad Retail Center #8,West India,PRD-IND-00099,Personal Grooming Model K686,Beauty & Personal Care,425,49,23,HEALTHY,-353
Ahmedabad Retail Center #8,West India,PRD-IND-00100,Personal Grooming Model Q489,Beauty & Personal Care,171,37,34,HEALTHY,-100
Ahmedabad Retail Center #8,West India,PRD-IND-00101,Personal Grooming Model Y559,Beauty & Personal Care,370,33,21,HEALTHY,-316
Ahmedabad Retail Center #8,West India,PRD-IND-00102,Personal Grooming Model N766,Beauty & Personal Care,115,43,35,HEALTHY,-37
Ahmedabad Retail Center #8,West India,PRD-IND-00103,Cosmetics Model D157,Beauty & Personal Care,26,37,35,HIGH RISK: BELOW SAFETY STOCK,46
Ahmedabad Retail Center #8,West India,PRD-IND-00104,Cosmetics Model A526,Beauty & Personal Care,435,42,33,HEALTHY,-360
Ahmedabad Retail Center #8,West India,PRD-IND-00105,Cosmetics Model J672,Beauty & Personal Care,157,33,24,HEALTHY,-100
Ahmedabad Retail Center #8,West India,PRD-IND-00106,Cosmetics Model G541,Beauty & Personal Care,422,34,29,HEALTHY,-359
Ahmedabad Retail Center #8,West India,PRD-IND-00107,Cosmetics Model B432,Beauty & Personal Care,118,37,35,HEALTHY,-46
Ahmedabad Retail Center #8,West India,PRD-IND-00108,Cosmetics Model V489,Beauty & Personal Care,193,59,19,HEALTHY,-115
Ahmedabad Retail Center #8,West India,PRD-IND-00109,Wellness & Health Model V933,Beauty & Personal Care,145,25,23,HEALTHY,-97
Ahmedabad Retail Center #8,West India,PRD-IND-00110,Wellness & Health Model B245,Beauty & Personal Care,351,60,34,HEALTHY,-257
Ahmedabad Retail Center #8,West India,PRD-IND-00111,Wellness & Health Model H766,Beauty & Personal Care,360,36,16,HEALTHY,-308
Ahmedabad Retail Center #8,West India,PRD-IND-00112,Wellness & Health Model X718,Beauty & Personal Care,10,54,19,HIGH RISK: BELOW SAFETY STOCK,63
Ahmedabad Retail Center #8,West India,PRD-IND-00113,Wellness & Health Model H456,Beauty & Personal Care,85,42,20,HEALTHY,-23
Ahmedabad Retail Center #8,West India,PRD-IND-00114,Wellness & Health Model I109,Beauty & Personal Care,119,56,33,HEALTHY,-30
Ahmedabad Retail Center #8,West India,PRD-IND-00115,Spices & Atta Model E734,Groceries & Pantry,5,35,20,HIGH RISK: BELOW SAFETY STOCK,50
Ahmedabad Retail Center #8,West India,PRD-IND-00116,Spices & Atta Model H432,Groceries & Pantry,67,40,17,HEALTHY,-10
Ahmedabad Retail Center #8,West India,PRD-IND-00117,Spices & Atta Model P601,Groceries & Pantry,429,30,30,HEALTHY,-369
Ahmedabad Retail Center #8,West India,PRD-IND-00118,Spices & Atta Model U283,Groceries & Pantry,305,43,21,HEALTHY,-241
Ahmedabad Retail Center #8,West India,PRD-IND-00119,Spices & Atta Model P799,Groceries & Pantry,435,38,25,HEALTHY,-372
Ahmedabad Retail Center #8,West India,PRD-IND-00120,Spices & Atta Model Q229,Groceries & Pantry,85,41,15,HEALTHY,-29
Ahmedabad Retail Center #8,West India,PRD-IND-00121,Beverages & Tea Model R726,Groceries & Pantry,194,34,25,HEALTHY,-135
Ahmedabad Retail Center #8,West India,PRD-IND-00122,Beverages & Tea Model J769,Groceries & Pantry,287,57,29,HEALTHY,-201
Ahmedabad Retail Center #8,West India,PRD-IND-00123,Beverages & Tea Model I326,Groceries & Pantry,131,60,23,HEALTHY,-48
Ahmedabad Retail Center #8,West India,PRD-IND-00124,Beverages & Tea Model K557,Groceries & Pantry,9,40,28,HIGH RISK: BELOW SAFETY STOCK,59
Ahmedabad Retail Center #8,West India,PRD-IND-00125,Beverages & Tea Model Z358,Groceries & Pantry,92,25,20,HEALTHY,-47
Ahmedabad Retail Center #8,West India,PRD-IND-00126,Beverages & Tea Model Z580,Groceries & Pantry,240,46,23,HEALTHY,-171
Ahmedabad Retail Center #8,West India,PRD-IND-00127,Snacks & Sweets Model J315,Groceries & Pantry,215,59,31,HEALTHY,-125
Ahmedabad Retail Center #8,West India,PRD-IND-00128,Snacks & Sweets Model F813,Groceries & Pantry,5,41,30,HIGH RISK: BELOW SAFETY STOCK,66
Ahmedabad Retail Center #8,West India,PRD-IND-00129,Snacks & Sweets Model I383,Groceries & Pantry,31,56,33,HIGH RISK: BELOW SAFETY STOCK,58
Ahmedabad Retail Center #8,West India,PRD-IND-00130,Snacks & Sweets Model Q321,Groceries & Pantry,267,59,35,HEALTHY,-173
Ahmedabad Retail Center #8,West India,PRD-IND-00131,Snacks & Sweets Model K811,Groceries & Pantry,488,56,21,HEALTHY,-411
Ahmedabad Retail Center #8,West India,PRD-IND-00132,Snacks & Sweets Model N704,Groceries & Pantry,500,41,28,HEALTHY,-431
Ahmedabad Retail Center #8,West India,PRD-IND-00133,Organic Staples Model F135,Groceries & Pantry,211,30,15,HEALTHY,-166
Ahmedabad Retail Center #8,West India,PRD-IND-00134,Organic Staples Model I531,Groceries & Pantry,204,57,23,HEALTHY,-124
Ahmedabad Retail Center #8,West India,PRD-IND-00135,Organic Staples Model F890,Groceries & Pantry,147,42,16,HEALTHY,-89
Ahmedabad Retail Center #8,West India,PRD-IND-00136,Organic Staples Model Q759,Groceries & Pantry,469,29,27,HEALTHY,-413
Ahmedabad Retail Center #8,West India,PRD-IND-00137,Organic Staples Model W353,Groceries & Pantry,31,50,28,WARNING: REORDER NEEDED,47
Ahmedabad Retail Center #8,West India,PRD-IND-00138,Organic Staples Model O517,Groceries & Pantry,499,51,33,HEALTHY,-415
Ahmedabad Retail Center #8,West India,PRD-IND-00139,Gourmet Foods Model T469,Groceries & Pantry,248,48,28,HEALTHY,-172
Ahmedabad Retail Center #8,West India,PRD-IND-00140,Gourmet Foods Model W779,Groceries & Pantry,332,30,30,HEALTHY,-272
Ahmedabad Retail Center #8,West India,PRD-IND-00141,Gourmet Foods Model N139,Groceries & Pantry,415,49,21,HEALTHY,-345
Ahmedabad Retail Center #8,West India,PRD-IND-00142,Gourmet Foods Model Q928,Groceries & Pantry,389,41,27,HEALTHY,-321
Ahmedabad Retail Center #8,West India,PRD-IND-00143,Gourmet Foods Model W299,Groceries & Pantry,265,60,32,HEALTHY,-173
Ahmedabad Retail Center #8,West India,PRD-IND-00144,Gourmet Foods Model S546,Groceries & Pantry,437,53,34,HEALTHY,-350
Ranchi Retail Center #9,East & Central India,PRD-IND-00001,Smartphones Model F985,Electronics & Gadgets,274,36,16,HEALTHY,-222
Ranchi Retail Center #9,East & Central India,PRD-IND-00002,Smartphones Model A572,Electronics & Gadgets,229,32,31,HEALTHY,-166
Ranchi Retail Center #9,East & Central India,PRD-IND-00003,Smartphones Model Z989,Electronics & Gadgets,484,54,18,HEALTHY,-412
Ranchi Retail Center #9,East & Central India,PRD-IND-00004,Smartphones Model R416,Electronics & Gadgets,377,26,15,HEALTHY,-336
Ranchi Retail Center #9,East & Central India,PRD-IND-00005,Smartphones Model L683,Electronics & Gadgets,80,57,28,HEALTHY,5
Ranchi Retail Center #9,East & Central India,PRD-IND-00006,Smartphones Model E727,Electronics & Gadgets,276,25,29,HEALTHY,-222
Ranchi Retail Center #9,East & Central India,PRD-IND-00007,Laptops Model D381,Electronics & Gadgets,383,37,19,HEALTHY,-327
Ranchi Retail Center #9,East & Central India,PRD-IND-00008,Laptops Model V239,Electronics & Gadgets,44,25,29,HEALTHY,10
Ranchi Retail Center #9,East & Central India,PRD-IND-00009,Laptops Model O351,Electronics & Gadgets,301,47,24,HEALTHY,-230
Ranchi Retail Center #9,East & Central India,PRD-IND-00010,Laptops Model V866,Electronics & Gadgets,297,36,22,HEALTHY,-239
Ranchi Retail Center #9,East & Central India,PRD-IND-00011,Laptops Model O858,Electronics & Gadgets,101,26,16,HEALTHY,-59
Ranchi Retail Center #9,East & Central India,PRD-IND-00012,Laptops Model B870,Electronics & Gadgets,14,30,23,HIGH RISK: BELOW SAFETY STOCK,39
Ranchi Retail Center #9,East & Central India,PRD-IND-00013,Audio & Headphones Model T281,Electronics & Gadgets,214,53,30,HEALTHY,-131
Ranchi Retail Center #9,East & Central India,PRD-IND-00014,Audio & Headphones Model G322,Electronics & Gadgets,68,44,22,HEALTHY,-2
Ranchi Retail Center #9,East & Central India,PRD-IND-00015,Audio & Headphones Model D324,Electronics & Gadgets,482,26,35,HEALTHY,-421
Ranchi Retail Center #9,East & Central India,PRD-IND-00016,Audio & Headphones Model T550,Electronics & Gadgets,382,48,28,HEALTHY,-306
Ranchi Retail Center #9,East & Central India,PRD-IND-00017,Audio & Headphones Model Q622,Electronics & Gadgets,267,37,26,HEALTHY,-204
Ranchi Retail Center #9,East & Central India,PRD-IND-00018,Audio & Headphones Model P509,Electronics & Gadgets,146,59,25,HEALTHY,-62
Ranchi Retail Center #9,East & Central India,PRD-IND-00019,Smartwatches Model E822,Electronics & Gadgets,29,53,24,WARNING: REORDER NEEDED,48
Ranchi Retail Center #9,East & Central India,PRD-IND-00020,Smartwatches Model J175,Electronics & Gadgets,264,32,32,HEALTHY,-200
Ranchi Retail Center #9,East & Central India,PRD-IND-00021,Smartwatches Model O323,Electronics & Gadgets,331,57,23,HEALTHY,-251
Ranchi Retail Center #9,East & Central India,PRD-IND-00022,Smartwatches Model Q954,Electronics & Gadgets,439,45,31,HEALTHY,-363
Ranchi Retail Center #9,East & Central India,PRD-IND-00023,Smartwatches Model R443,Electronics & Gadgets,118,39,25,HEALTHY,-54
Ranchi Retail Center #9,East & Central India,PRD-IND-00024,Smartwatches Model G436,Electronics & Gadgets,4,34,32,HIGH RISK: BELOW SAFETY STOCK,62
Ranchi Retail Center #9,East & Central India,PRD-IND-00025,Home Appliances Model Q738,Electronics & Gadgets,419,58,18,HEALTHY,-343
Ranchi Retail Center #9,East & Central India,PRD-IND-00026,Home Appliances Model P768,Electronics & Gadgets,365,60,15,HEALTHY,-290
Ranchi Retail Center #9,East & Central India,PRD-IND-00027,Home Appliances Model T133,Electronics & Gadgets,373,25,20,HEALTHY,-328
Ranchi Retail Center #9,East & Central India,PRD-IND-00028,Home Appliances Model G300,Electronics & Gadgets,420,54,31,HEALTHY,-335
Ranchi Retail Center #9,East & Central India,PRD-IND-00029,Home Appliances Model H956,Electronics & Gadgets,91,48,28,HEALTHY,-15
Ranchi Retail Center #9,East & Central India,PRD-IND-00030,Home Appliances Model X534,Electronics & Gadgets,234,33,32,HEALTHY,-169
Ranchi Retail Center #9,East & Central India,PRD-IND-00031,Ethnic Wear & Sarees Model S959,Apparel & Fashion,140,26,21,HEALTHY,-93
Ranchi Retail Center #9,East & Central India,PRD-IND-00032,Ethnic Wear & Sarees Model I627,Apparel & Fashion,464,41,23,HEALTHY,-400
Ranchi Retail Center #9,East & Central India,PRD-IND-00033,Ethnic Wear & Sarees Model J288,Apparel & Fashion,422,29,25,HEALTHY,-368
Ranchi Retail Center #9,East & Central India,PRD-IND-00034,Ethnic Wear & Sarees Model R189,Apparel & Fashion,1,41,27,HIGH RISK: BELOW SAFETY STOCK,67
Ranchi Retail Center #9,East & Central India,PRD-IND-00035,Ethnic Wear & Sarees Model F942,Apparel & Fashion,106,42,26,HEALTHY,-38
Ranchi Retail Center #9,East & Central India,PRD-IND-00036,Ethnic Wear & Sarees Model L531,Apparel & Fashion,445,54,18,HEALTHY,-373
Ranchi Retail Center #9,East & Central India,PRD-IND-00037,Men's Wear Model U520,Apparel & Fashion,16,34,29,HIGH RISK: BELOW SAFETY STOCK,47
Ranchi Retail Center #9,East & Central India,PRD-IND-00038,Men's Wear Model N368,Apparel & Fashion,277,59,18,HEALTHY,-200
Ranchi Retail Center #9,East & Central India,PRD-IND-00039,Men's Wear Model G987,Apparel & Fashion,482,53,24,HEALTHY,-405
Ranchi Retail Center #9,East & Central India,PRD-IND-00040,Men's Wear Model G903,Apparel & Fashion,174,47,31,HEALTHY,-96
Ranchi Retail Center #9,East & Central India,PRD-IND-00041,Men's Wear Model F525,Apparel & Fashion,151,26,27,HEALTHY,-98
Ranchi Retail Center #9,East & Central India,PRD-IND-00042,Men's Wear Model O328,Apparel & Fashion,278,53,33,HEALTHY,-192
Ranchi Retail Center #9,East & Central India,PRD-IND-00043,Women's Western Model E376,Apparel & Fashion,27,41,23,WARNING: REORDER NEEDED,37
Ranchi Retail Center #9,East & Central India,PRD-IND-00044,Women's Western Model U499,Apparel & Fashion,460,34,35,HEALTHY,-391
Ranchi Retail Center #9,East & Central India,PRD-IND-00045,Women's Western Model V661,Apparel & Fashion,95,39,31,HEALTHY,-25
Ranchi Retail Center #9,East & Central India,PRD-IND-00046,Women's Western Model U771,Apparel & Fashion,204,28,28,HEALTHY,-148
Ranchi Retail Center #9,East & Central India,PRD-IND-00047,Women's Western Model O503,Apparel & Fashion,488,27,21,HEALTHY,-440
Ranchi Retail Center #9,East & Central India,PRD-IND-00048,Women's Western Model P378,Apparel & Fashion,127,31,18,HEALTHY,-78
Ranchi Retail Center #9,East & Central India,PRD-IND-00049,Footwear Model I961,Apparel & Fashion,153,52,26,HEALTHY,-75
Ranchi Retail Center #9,East & Central India,PRD-IND-00050,Footwear Model F604,Apparel & Fashion,447,39,28,HEALTHY,-380
Ranchi Retail Center #9,East & Central India,PRD-IND-00051,Footwear Model S668,Apparel & Fashion,323,30,22,HEALTHY,-271
Ranchi Retail Center #9,East & Central India,PRD-IND-00052,Footwear Model Z213,Apparel & Fashion,135,47,16,HEALTHY,-72
Ranchi Retail Center #9,East & Central India,PRD-IND-00053,Footwear Model L175,Apparel & Fashion,191,27,25,HEALTHY,-139
Ranchi Retail Center #9,East & Central India,PRD-IND-00054,Footwear Model U733,Apparel & Fashion,179,32,27,HEALTHY,-120
Ranchi Retail Center #9,East & Central India,PRD-IND-00055,Fashion Accessories Model Q600,Apparel & Fashion,416,50,34,HEALTHY,-332
Ranchi Retail Center #9,East & Central India,PRD-IND-00056,Fashion Accessories Model H596,Apparel & Fashion,440,40,16,HEALTHY,-384
Ranchi Retail Center #9,East & Central India,PRD-IND-00057,Fashion Accessories Model C782,Apparel & Fashion,62,54,35,HEALTHY,27
Ranchi Retail Center #9,East & Central India,PRD-IND-00058,Fashion Accessories Model J183,Apparel & Fashion,183,58,17,HEALTHY,-108
Ranchi Retail Center #9,East & Central India,PRD-IND-00059,Fashion Accessories Model R976,Apparel & Fashion,208,59,32,HEALTHY,-117
Ranchi Retail Center #9,East & Central India,PRD-IND-00060,Fashion Accessories Model M677,Apparel & Fashion,54,40,31,HEALTHY,17
Ranchi Retail Center #9,East & Central India,PRD-IND-00061,Furniture Model N132,Home & Living,347,35,24,HEALTHY,-288
Ranchi Retail Center #9,East & Central India,PRD-IND-00062,Furniture Model U448,Home & Living,440,43,22,HEALTHY,-375
Ranchi Retail Center #9,East & Central India,PRD-IND-00063,Furniture Model R565,Home & Living,211,35,19,HEALTHY,-157
Ranchi Retail Center #9,East & Central India,PRD-IND-00064,Furniture Model J215,Home & Living,64,25,22,HEALTHY,-17
Ranchi Retail Center #9,East & Central India,PRD-IND-00065,Furniture Model H138,Home & Living,214,49,24,HEALTHY,-141
Ranchi Retail Center #9,East & Central India,PRD-IND-00066,Furniture Model T348,Home & Living,124,53,27,HEALTHY,-44
Ranchi Retail Center #9,East & Central India,PRD-IND-00067,Cookware & Kitchen Model V298,Home & Living,104,35,18,HEALTHY,-51
Ranchi Retail Center #9,East & Central India,PRD-IND-00068,Cookware & Kitchen Model M927,Home & Living,232,48,21,HEALTHY,-163
Ranchi Retail Center #9,East & Central India,PRD-IND-00069,Cookware & Kitchen Model F737,Home & Living,126,25,25,HEALTHY,-76
Ranchi Retail Center #9,East & Central India,PRD-IND-00070,Cookware & Kitchen Model H709,Home & Living,230,38,19,HEALTHY,-173
Ranchi Retail Center #9,East & Central India,PRD-IND-00071,Cookware & Kitchen Model I672,Home & Living,229,29,26,HEALTHY,-174
Ranchi Retail Center #9,East & Central India,PRD-IND-00072,Cookware & Kitchen Model T452,Home & Living,211,38,18,HEALTHY,-155
Ranchi Retail Center #9,East & Central India,PRD-IND-00073,Bedding & Linen Model C866,Home & Living,406,49,20,HEALTHY,-337
Ranchi Retail Center #9,East & Central India,PRD-IND-00074,Bedding & Linen Model C482,Home & Living,455,52,25,HEALTHY,-378
Ranchi Retail Center #9,East & Central India,PRD-IND-00075,Bedding & Linen Model Y927,Home & Living,164,34,20,HEALTHY,-110
Ranchi Retail Center #9,East & Central India,PRD-IND-00076,Bedding & Linen Model N717,Home & Living,372,56,35,HEALTHY,-281
Ranchi Retail Center #9,East & Central India,PRD-IND-00077,Bedding & Linen Model N231,Home & Living,439,52,22,HEALTHY,-365
Ranchi Retail Center #9,East & Central India,PRD-IND-00078,Bedding & Linen Model C251,Home & Living,123,60,18,HEALTHY,-45
Ranchi Retail Center #9,East & Central India,PRD-IND-00079,Home Decor Model E271,Home & Living,417,40,24,HEALTHY,-353
Ranchi Retail Center #9,East & Central India,PRD-IND-00080,Home Decor Model B737,Home & Living,475,38,27,HEALTHY,-410
Ranchi Retail Center #9,East & Central India,PRD-IND-00081,Home Decor Model H935,Home & Living,382,26,15,HEALTHY,-341
Ranchi Retail Center #9,East & Central India,PRD-IND-00082,Home Decor Model J863,Home & Living,145,43,34,HEALTHY,-68
Ranchi Retail Center #9,East & Central India,PRD-IND-00083,Home Decor Model S419,Home & Living,378,51,15,HEALTHY,-312
Ranchi Retail Center #9,East & Central India,PRD-IND-00084,Home Decor Model R235,Home & Living,88,28,16,HEALTHY,-44
Ranchi Retail Center #9,East & Central India,PRD-IND-00085,Pooja & Spiritual Essentials Model B542,Home & Living,40,57,23,WARNING: REORDER NEEDED,40
Ranchi Retail Center #9,East & Central India,PRD-IND-00086,Pooja & Spiritual Essentials Model C617,Home & Living,58,34,25,HEALTHY,1
Ranchi Retail Center #9,East & Central India,PRD-IND-00087,Pooja & Spiritual Essentials Model I388,Home & Living,194,39,33,HEALTHY,-122
Ranchi Retail Center #9,East & Central India,PRD-IND-00088,Pooja & Spiritual Essentials Model X441,Home & Living,357,48,31,HEALTHY,-278
Ranchi Retail Center #9,East & Central India,PRD-IND-00089,Pooja & Spiritual Essentials Model S453,Home & Living,106,50,28,HEALTHY,-28
Ranchi Retail Center #9,East & Central India,PRD-IND-00090,Pooja & Spiritual Essentials Model T756,Home & Living,415,38,18,HEALTHY,-359
Ranchi Retail Center #9,East & Central India,PRD-IND-00091,Ayurvedic & Skincare Model I993,Beauty & Personal Care,272,41,20,HEALTHY,-211
Ranchi Retail Center #9,East & Central India,PRD-IND-00092,Ayurvedic & Skincare Model V453,Beauty & Personal Care,127,50,16,HEALTHY,-61
Ranchi Retail Center #9,East & Central India,PRD-IND-00093,Ayurvedic & Skincare Model R437,Beauty & Personal Care,78,59,24,HEALTHY,5
Ranchi Retail Center #9,East & Central India,PRD-IND-00094,Ayurvedic & Skincare Model K348,Beauty & Personal Care,302,35,23,HEALTHY,-244
Ranchi Retail Center #9,East & Central India,PRD-IND-00095,Ayurvedic & Skincare Model S650,Beauty & Personal Care,295,45,34,HEALTHY,-216
Ranchi Retail Center #9,East & Central India,PRD-IND-00096,Ayurvedic & Skincare Model E371,Beauty & Personal Care,466,29,29,HEALTHY,-408
Ranchi Retail Center #9,East & Central India,PRD-IND-00097,Personal Grooming Model X908,Beauty & Personal Care,98,52,20,HEALTHY,-26
Ranchi Retail Center #9,East & Central India,PRD-IND-00098,Personal Grooming Model V376,Beauty & Personal Care,339,43,15,HEALTHY,-281
Ranchi Retail Center #9,East & Central India,PRD-IND-00099,Personal Grooming Model K686,Beauty & Personal Care,43,27,18,HEALTHY,2
Ranchi Retail Center #9,East & Central India,PRD-IND-00100,Personal Grooming Model Q489,Beauty & Personal Care,212,54,31,HEALTHY,-127
Ranchi Retail Center #9,East & Central India,PRD-IND-00101,Personal Grooming Model Y559,Beauty & Personal Care,94,59,23,HEALTHY,-12
Ranchi Retail Center #9,East & Central India,PRD-IND-00102,Personal Grooming Model N766,Beauty & Personal Care,184,40,29,HEALTHY,-115
Ranchi Retail Center #9,East & Central India,PRD-IND-00103,Cosmetics Model D157,Beauty & Personal Care,382,46,20,HEALTHY,-316
Ranchi Retail Center #9,East & Central India,PRD-IND-00104,Cosmetics Model A526,Beauty & Personal Care,211,43,19,HEALTHY,-149
Ranchi Retail Center #9,East & Central India,PRD-IND-00105,Cosmetics Model J672,Beauty & Personal Care,417,37,28,HEALTHY,-352
Ranchi Retail Center #9,East & Central India,PRD-IND-00106,Cosmetics Model G541,Beauty & Personal Care,236,27,17,HEALTHY,-192
Ranchi Retail Center #9,East & Central India,PRD-IND-00107,Cosmetics Model B432,Beauty & Personal Care,477,28,15,HEALTHY,-434
Ranchi Retail Center #9,East & Central India,PRD-IND-00108,Cosmetics Model V489,Beauty & Personal Care,296,40,34,HEALTHY,-222
Ranchi Retail Center #9,East & Central India,PRD-IND-00109,Wellness & Health Model V933,Beauty & Personal Care,474,59,25,HEALTHY,-390
Ranchi Retail Center #9,East & Central India,PRD-IND-00110,Wellness & Health Model B245,Beauty & Personal Care,345,40,15,HEALTHY,-290
Ranchi Retail Center #9,East & Central India,PRD-IND-00111,Wellness & Health Model H766,Beauty & Personal Care,90,27,33,HEALTHY,-30
Ranchi Retail Center #9,East & Central India,PRD-IND-00112,Wellness & Health Model X718,Beauty & Personal Care,135,26,25,HEALTHY,-84
Ranchi Retail Center #9,East & Central India,PRD-IND-00113,Wellness & Health Model H456,Beauty & Personal Care,341,33,22,HEALTHY,-286
Ranchi Retail Center #9,East & Central India,PRD-IND-00114,Wellness & Health Model I109,Beauty & Personal Care,20,25,33,HIGH RISK: BELOW SAFETY STOCK,38
Ranchi Retail Center #9,East & Central India,PRD-IND-00115,Spices & Atta Model E734,Groceries & Pantry,18,43,20,HIGH RISK: BELOW SAFETY STOCK,45
Ranchi Retail Center #9,East & Central India,PRD-IND-00116,Spices & Atta Model H432,Groceries & Pantry,40,46,25,WARNING: REORDER NEEDED,31
Ranchi Retail Center #9,East & Central India,PRD-IND-00117,Spices & Atta Model P601,Groceries & Pantry,26,36,24,WARNING: REORDER NEEDED,34
Ranchi Retail Center #9,East & Central India,PRD-IND-00118,Spices & Atta Model U283,Groceries & Pantry,140,29,25,HEALTHY,-86
Ranchi Retail Center #9,East & Central India,PRD-IND-00119,Spices & Atta Model P799,Groceries & Pantry,102,48,19,HEALTHY,-35
Ranchi Retail Center #9,East & Central India,PRD-IND-00120,Spices & Atta Model Q229,Groceries & Pantry,418,39,35,HEALTHY,-344
Ranchi Retail Center #9,East & Central India,PRD-IND-00121,Beverages & Tea Model R726,Groceries & Pantry,162,39,28,HEALTHY,-95
Ranchi Retail Center #9,East & Central India,PRD-IND-00122,Beverages & Tea Model J769,Groceries & Pantry,143,28,26,HEALTHY,-89
Ranchi Retail Center #9,East & Central India,PRD-IND-00123,Beverages & Tea Model I326,Groceries & Pantry,162,39,22,HEALTHY,-101
Ranchi Retail Center #9,East & Central India,PRD-IND-00124,Beverages & Tea Model K557,Groceries & Pantry,112,58,22,HEALTHY,-32
Ranchi Retail Center #9,East & Central India,PRD-IND-00125,Beverages & Tea Model Z358,Groceries & Pantry,190,39,25,HEALTHY,-126
Ranchi Retail Center #9,East & Central India,PRD-IND-00126,Beverages & Tea Model Z580,Groceries & Pantry,28,45,28,HIGH RISK: BELOW SAFETY STOCK,45
Ranchi Retail Center #9,East & Central India,PRD-IND-00127,Snacks & Sweets Model J315,Groceries & Pantry,161,33,16,HEALTHY,-112
Ranchi Retail Center #9,East & Central India,PRD-IND-00128,Snacks & Sweets Model F813,Groceries & Pantry,332,40,19,HEALTHY,-273
Ranchi Retail Center #9,East & Central India,PRD-IND-00129,Snacks & Sweets Model I383,Groceries & Pantry,54,47,33,HEALTHY,26
Ranchi Retail Center #9,East & Central India,PRD-IND-00130,Snacks & Sweets Model Q321,Groceries & Pantry,210,52,31,HEALTHY,-127
Ranchi Retail Center #9,East & Central India,PRD-IND-00131,Snacks & Sweets Model K811,Groceries & Pantry,390,55,15,HEALTHY,-320
Ranchi Retail Center #9,East & Central India,PRD-IND-00132,Snacks & Sweets Model N704,Groceries & Pantry,169,59,18,HEALTHY,-92
Ranchi Retail Center #9,East & Central India,PRD-IND-00133,Organic Staples Model F135,Groceries & Pantry,318,29,17,HEALTHY,-272
Ranchi Retail Center #9,East & Central India,PRD-IND-00134,Organic Staples Model I531,Groceries & Pantry,51,58,24,WARNING: REORDER NEEDED,31
Ranchi Retail Center #9,East & Central India,PRD-IND-00135,Organic Staples Model F890,Groceries & Pantry,312,26,33,HEALTHY,-253
Ranchi Retail Center #9,East & Central India,PRD-IND-00136,Organic Staples Model Q759,Groceries & Pantry,271,56,16,HEALTHY,-199
Ranchi Retail Center #9,East & Central India,PRD-IND-00137,Organic Staples Model W353,Groceries & Pantry,120,34,21,HEALTHY,-65
Ranchi Retail Center #9,East & Central India,PRD-IND-00138,Organic Staples Model O517,Groceries & Pantry,161,45,22,HEALTHY,-94
Ranchi Retail Center #9,East & Central India,PRD-IND-00139,Gourmet Foods Model T469,Groceries & Pantry,38,25,21,HEALTHY,8
Ranchi Retail Center #9,East & Central India,PRD-IND-00140,Gourmet Foods Model W779,Groceries & Pantry,397,44,27,HEALTHY,-326
Ranchi Retail Center #9,East & Central India,PRD-IND-00141,Gourmet Foods Model N139,Groceries & Pantry,293,48,31,HEALTHY,-214
Ranchi Retail Center #9,East & Central India,PRD-IND-00142,Gourmet Foods Model Q928,Groceries & Pantry,467,58,33,HEALTHY,-376
Ranchi Retail Center #9,East & Central India,PRD-IND-00143,Gourmet Foods Model W299,Groceries & Pantry,178,47,28,HEALTHY,-103
Ranchi Retail Center #9,East & Central India,PRD-IND-00144,Gourmet Foods Model S546,Groceries & Pantry,356,46,34,HEALTHY,-276
Visakhapatnam Retail Center #10,South India,PRD-IND-00001,Smartphones Model F985,Electronics & Gadgets,472,39,35,HEALTHY,-398
Visakhapatnam Retail Center #10,South India,PRD-IND-00002,Smartphones Model A572,Electronics & Gadgets,207,36,24,HEALTHY,-147
Visakhapatnam Retail Center #10,South India,PRD-IND-00003,Smartphones Model Z989,Electronics & Gadgets,159,34,31,HEALTHY,-94
Visakhapatnam Retail Center #10,South India,PRD-IND-00004,Smartphones Model R416,Electronics & Gadgets,244,52,15,HEALTHY,-177
Visakhapatnam Retail Center #10,South India,PRD-IND-00005,Smartphones Model L683,Electronics & Gadgets,471,56,20,HEALTHY,-395
Visakhapatnam Retail Center #10,South India,PRD-IND-00006,Smartphones Model E727,Electronics & Gadgets,477,33,32,HEALTHY,-412
Visakhapatnam Retail Center #10,South India,PRD-IND-00007,Laptops Model D381,Electronics & Gadgets,24,55,15,WARNING: REORDER NEEDED,46
Visakhapatnam Retail Center #10,South India,PRD-IND-00008,Laptops Model V239,Electronics & Gadgets,10,40,35,HIGH RISK: BELOW SAFETY STOCK,65
Visakhapatnam Retail Center #10,South India,PRD-IND-00009,Laptops Model O351,Electronics & Gadgets,498,29,26,HEALTHY,-443
Visakhapatnam Retail Center #10,South India,PRD-IND-00010,Laptops Model V866,Electronics & Gadgets,274,33,15,HEALTHY,-226
Visakhapatnam Retail Center #10,South India,PRD-IND-00011,Laptops Model O858,Electronics & Gadgets,250,35,23,HEALTHY,-192
Visakhapatnam Retail Center #10,South India,PRD-IND-00012,Laptops Model B870,Electronics & Gadgets,128,45,34,HEALTHY,-49
Visakhapatnam Retail Center #10,South India,PRD-IND-00013,Audio & Headphones Model T281,Electronics & Gadgets,306,49,27,HEALTHY,-230
Visakhapatnam Retail Center #10,South India,PRD-IND-00014,Audio & Headphones Model G322,Electronics & Gadgets,22,43,17,WARNING: REORDER NEEDED,38
Visakhapatnam Retail Center #10,South India,PRD-IND-00015,Audio & Headphones Model D324,Electronics & Gadgets,419,33,23,HEALTHY,-363
Visakhapatnam Retail Center #10,South India,PRD-IND-00016,Audio & Headphones Model T550,Electronics & Gadgets,245,58,16,HEALTHY,-171
Visakhapatnam Retail Center #10,South India,PRD-IND-00017,Audio & Headphones Model Q622,Electronics & Gadgets,418,42,19,HEALTHY,-357
Visakhapatnam Retail Center #10,South India,PRD-IND-00018,Audio & Headphones Model P509,Electronics & Gadgets,97,28,32,HEALTHY,-37
Visakhapatnam Retail Center #10,South India,PRD-IND-00019,Smartwatches Model E822,Electronics & Gadgets,351,54,25,HEALTHY,-272
Visakhapatnam Retail Center #10,South India,PRD-IND-00020,Smartwatches Model J175,Electronics & Gadgets,102,28,33,HEALTHY,-41
Visakhapatnam Retail Center #10,South India,PRD-IND-00021,Smartwatches Model O323,Electronics & Gadgets,93,53,33,HEALTHY,-7
Visakhapatnam Retail Center #10,South India,PRD-IND-00022,Smartwatches Model Q954,Electronics & Gadgets,299,26,16,HEALTHY,-257
Visakhapatnam Retail Center #10,South India,PRD-IND-00023,Smartwatches Model R443,Electronics & Gadgets,214,26,17,HEALTHY,-171
Visakhapatnam Retail Center #10,South India,PRD-IND-00024,Smartwatches Model G436,Electronics & Gadgets,5,51,28,HIGH RISK: BELOW SAFETY STOCK,74
Visakhapatnam Retail Center #10,South India,PRD-IND-00025,Home Appliances Model Q738,Electronics & Gadgets,437,59,24,HEALTHY,-354
Visakhapatnam Retail Center #10,South India,PRD-IND-00026,Home Appliances Model P768,Electronics & Gadgets,345,26,24,HEALTHY,-295
Visakhapatnam Retail Center #10,South India,PRD-IND-00027,Home Appliances Model T133,Electronics & Gadgets,157,45,20,HEALTHY,-92
Visakhapatnam Retail Center #10,South India,PRD-IND-00028,Home Appliances Model G300,Electronics & Gadgets,130,32,27,HEALTHY,-71
Visakhapatnam Retail Center #10,South India,PRD-IND-00029,Home Appliances Model H956,Electronics & Gadgets,288,51,30,HEALTHY,-207
Visakhapatnam Retail Center #10,South India,PRD-IND-00030,Home Appliances Model X534,Electronics & Gadgets,130,55,19,HEALTHY,-56
Visakhapatnam Retail Center #10,South India,PRD-IND-00031,Ethnic Wear & Sarees Model S959,Apparel & Fashion,337,27,29,HEALTHY,-281
Visakhapatnam Retail Center #10,South India,PRD-IND-00032,Ethnic Wear & Sarees Model I627,Apparel & Fashion,161,33,24,HEALTHY,-104
Visakhapatnam Retail Center #10,South India,PRD-IND-00033,Ethnic Wear & Sarees Model J288,Apparel & Fashion,345,60,22,HEALTHY,-263
Visakhapatnam Retail Center #10,South India,PRD-IND-00034,Ethnic Wear & Sarees Model R189,Apparel & Fashion,382,57,34,HEALTHY,-291
Visakhapatnam Retail Center #10,South India,PRD-IND-00035,Ethnic Wear & Sarees Model F942,Apparel & Fashion,357,39,29,HEALTHY,-289
Visakhapatnam Retail Center #10,South India,PRD-IND-00036,Ethnic Wear & Sarees Model L531,Apparel & Fashion,152,60,16,HEALTHY,-76
Visakhapatnam Retail Center #10,South India,PRD-IND-00037,Men's Wear Model U520,Apparel & Fashion,372,52,17,HEALTHY,-303
Visakhapatnam Retail Center #10,South India,PRD-IND-00038,Men's Wear Model N368,Apparel & Fashion,377,30,23,HEALTHY,-324
Visakhapatnam Retail Center #10,South India,PRD-IND-00039,Men's Wear Model G987,Apparel & Fashion,204,40,24,HEALTHY,-140
Visakhapatnam Retail Center #10,South India,PRD-IND-00040,Men's Wear Model G903,Apparel & Fashion,99,58,28,HEALTHY,-13
Visakhapatnam Retail Center #10,South India,PRD-IND-00041,Men's Wear Model F525,Apparel & Fashion,52,42,24,HEALTHY,14
Visakhapatnam Retail Center #10,South India,PRD-IND-00042,Men's Wear Model O328,Apparel & Fashion,227,58,26,HEALTHY,-143
Visakhapatnam Retail Center #10,South India,PRD-IND-00043,Women's Western Model E376,Apparel & Fashion,300,27,30,HEALTHY,-243
Visakhapatnam Retail Center #10,South India,PRD-IND-00044,Women's Western Model U499,Apparel & Fashion,349,32,27,HEALTHY,-290
Visakhapatnam Retail Center #10,South India,PRD-IND-00045,Women's Western Model V661,Apparel & Fashion,13,27,25,HIGH RISK: BELOW SAFETY STOCK,39
Visakhapatnam Retail Center #10,South India,PRD-IND-00046,Women's Western Model U771,Apparel & Fashion,266,32,31,HEALTHY,-203
Visakhapatnam Retail Center #10,South India,PRD-IND-00047,Women's Western Model O503,Apparel & Fashion,374,58,20,HEALTHY,-296
Visakhapatnam Retail Center #10,South India,PRD-IND-00048,Women's Western Model P378,Apparel & Fashion,171,51,26,HEALTHY,-94
Visakhapatnam Retail Center #10,South India,PRD-IND-00049,Footwear Model I961,Apparel & Fashion,121,57,20,HEALTHY,-44
Visakhapatnam Retail Center #10,South India,PRD-IND-00050,Footwear Model F604,Apparel & Fashion,392,36,24,HEALTHY,-332
Visakhapatnam Retail Center #10,South India,PRD-IND-00051,Footwear Model S668,Apparel & Fashion,203,50,30,HEALTHY,-123
Visakhapatnam Retail Center #10,South India,PRD-IND-00052,Footwear Model Z213,Apparel & Fashion,275,53,32,HEALTHY,-190
Visakhapatnam Retail Center #10,South India,PRD-IND-00053,Footwear Model L175,Apparel & Fashion,271,49,25,HEALTHY,-197
Visakhapatnam Retail Center #10,South India,PRD-IND-00054,Footwear Model U733,Apparel & Fashion,289,41,31,HEALTHY,-217
Visakhapatnam Retail Center #10,South India,PRD-IND-00055,Fashion Accessories Model Q600,Apparel & Fashion,46,29,34,HEALTHY,17
Visakhapatnam Retail Center #10,South India,PRD-IND-00056,Fashion Accessories Model H596,Apparel & Fashion,15,45,24,HIGH RISK: BELOW SAFETY STOCK,54
Visakhapatnam Retail Center #10,South India,PRD-IND-00057,Fashion Accessories Model C782,Apparel & Fashion,250,35,16,HEALTHY,-199
Visakhapatnam Retail Center #10,South India,PRD-IND-00058,Fashion Accessories Model J183,Apparel & Fashion,113,37,15,HEALTHY,-61
Visakhapatnam Retail Center #10,South India,PRD-IND-00059,Fashion Accessories Model R976,Apparel & Fashion,350,53,25,HEALTHY,-272
Visakhapatnam Retail Center #10,South India,PRD-IND-00060,Fashion Accessories Model M677,Apparel & Fashion,428,38,19,HEALTHY,-371
Visakhapatnam Retail Center #10,South India,PRD-IND-00061,Furniture Model N132,Home & Living,299,44,27,HEALTHY,-228
Visakhapatnam Retail Center #10,South India,PRD-IND-00062,Furniture Model U448,Home & Living,460,44,35,HEALTHY,-381
Visakhapatnam Retail Center #10,South India,PRD-IND-00063,Furniture Model R565,Home & Living,23,49,32,HIGH RISK: BELOW SAFETY STOCK,58
Visakhapatnam Retail Center #10,South India,PRD-IND-00064,Furniture Model J215,Home & Living,117,36,26,HEALTHY,-55
Visakhapatnam Retail Center #10,South India,PRD-IND-00065,Furniture Model H138,Home & Living,215,41,28,HEALTHY,-146
Visakhapatnam Retail Center #10,South India,PRD-IND-00066,Furniture Model T348,Home & Living,2,50,20,HIGH RISK: BELOW SAFETY STOCK,68
Visakhapatnam Retail Center #10,South India,PRD-IND-00067,Cookware & Kitchen Model V298,Home & Living,231,25,26,HEALTHY,-180
Visakhapatnam Retail Center #10,South India,PRD-IND-00068,Cookware & Kitchen Model M927,Home & Living,246,52,26,HEALTHY,-168
Visakhapatnam Retail Center #10,South India,PRD-IND-00069,Cookware & Kitchen Model F737,Home & Living,190,55,22,HEALTHY,-113
Visakhapatnam Retail Center #10,South India,PRD-IND-00070,Cookware & Kitchen Model H709,Home & Living,242,36,26,HEALTHY,-180
Visakhapatnam Retail Center #10,South India,PRD-IND-00071,Cookware & Kitchen Model I672,Home & Living,126,55,20,HEALTHY,-51
Visakhapatnam Retail Center #10,South India,PRD-IND-00072,Cookware & Kitchen Model T452,Home & Living,324,25,31,HEALTHY,-268
Visakhapatnam Retail Center #10,South India,PRD-IND-00073,Bedding & Linen Model C866,Home & Living,136,55,21,HEALTHY,-60
Visakhapatnam Retail Center #10,South India,PRD-IND-00074,Bedding & Linen Model C482,Home & Living,472,26,15,HEALTHY,-431
Visakhapatnam Retail Center #10,South India,PRD-IND-00075,Bedding & Linen Model Y927,Home & Living,250,25,16,HEALTHY,-209
Visakhapatnam Retail Center #10,South India,PRD-IND-00076,Bedding & Linen Model N717,Home & Living,261,40,18,HEALTHY,-203
Visakhapatnam Retail Center #10,South India,PRD-IND-00077,Bedding & Linen Model N231,Home & Living,126,48,35,HEALTHY,-43
Visakhapatnam Retail Center #10,South India,PRD-IND-00078,Bedding & Linen Model C251,Home & Living,197,32,29,HEALTHY,-136
Visakhapatnam Retail Center #10,South India,PRD-IND-00079,Home Decor Model E271,Home & Living,358,33,24,HEALTHY,-301
Visakhapatnam Retail Center #10,South India,PRD-IND-00080,Home Decor Model B737,Home & Living,201,35,21,HEALTHY,-145
Visakhapatnam Retail Center #10,South India,PRD-IND-00081,Home Decor Model H935,Home & Living,154,52,33,HEALTHY,-69
Visakhapatnam Retail Center #10,South India,PRD-IND-00082,Home Decor Model J863,Home & Living,409,46,34,HEALTHY,-329
Visakhapatnam Retail Center #10,South India,PRD-IND-00083,Home Decor Model S419,Home & Living,23,49,18,WARNING: REORDER NEEDED,44
Visakhapatnam Retail Center #10,South India,PRD-IND-00084,Home Decor Model R235,Home & Living,187,26,35,HEALTHY,-126
Visakhapatnam Retail Center #10,South India,PRD-IND-00085,Pooja & Spiritual Essentials Model B542,Home & Living,383,48,21,HEALTHY,-314
Visakhapatnam Retail Center #10,South India,PRD-IND-00086,Pooja & Spiritual Essentials Model C617,Home & Living,284,57,15,HEALTHY,-212
Visakhapatnam Retail Center #10,South India,PRD-IND-00087,Pooja & Spiritual Essentials Model I388,Home & Living,129,36,31,HEALTHY,-62
Visakhapatnam Retail Center #10,South India,PRD-IND-00088,Pooja & Spiritual Essentials Model X441,Home & Living,3,35,15,HIGH RISK: BELOW SAFETY STOCK,47
Visakhapatnam Retail Center #10,South India,PRD-IND-00089,Pooja & Spiritual Essentials Model S453,Home & Living,100,25,19,HEALTHY,-56
Visakhapatnam Retail Center #10,South India,PRD-IND-00090,Pooja & Spiritual Essentials Model T756,Home & Living,248,34,27,HEALTHY,-187
Visakhapatnam Retail Center #10,South India,PRD-IND-00091,Ayurvedic & Skincare Model I993,Beauty & Personal Care,263,54,30,HEALTHY,-179
Visakhapatnam Retail Center #10,South India,PRD-IND-00092,Ayurvedic & Skincare Model V453,Beauty & Personal Care,48,29,34,HEALTHY,15
Visakhapatnam Retail Center #10,South India,PRD-IND-00093,Ayurvedic & Skincare Model R437,Beauty & Personal Care,433,27,28,HEALTHY,-378
Visakhapatnam Retail Center #10,South India,PRD-IND-00094,Ayurvedic & Skincare Model K348,Beauty & Personal Care,372,47,35,HEALTHY,-290
Visakhapatnam Retail Center #10,South India,PRD-IND-00095,Ayurvedic & Skincare Model S650,Beauty & Personal Care,378,37,24,HEALTHY,-317
Visakhapatnam Retail Center #10,South India,PRD-IND-00096,Ayurvedic & Skincare Model E371,Beauty & Personal Care,389,56,15,HEALTHY,-318
Visakhapatnam Retail Center #10,South India,PRD-IND-00097,Personal Grooming Model X908,Beauty & Personal Care,488,33,28,HEALTHY,-427
Visakhapatnam Retail Center #10,South India,PRD-IND-00098,Personal Grooming Model V376,Beauty & Personal Care,309,33,17,HEALTHY,-259
Visakhapatnam Retail Center #10,South India,PRD-IND-00099,Personal Grooming Model K686,Beauty & Personal Care,425,32,15,HEALTHY,-378
Visakhapatnam Retail Center #10,South India,PRD-IND-00100,Personal Grooming Model Q489,Beauty & Personal Care,144,30,26,HEALTHY,-88
Visakhapatnam Retail Center #10,South India,PRD-IND-00101,Personal Grooming Model Y559,Beauty & Personal Care,66,60,15,HEALTHY,9
Visakhapatnam Retail Center #10,South India,PRD-IND-00102,Personal Grooming Model N766,Beauty & Personal Care,351,36,15,HEALTHY,-300
Visakhapatnam Retail Center #10,South India,PRD-IND-00103,Cosmetics Model D157,Beauty & Personal Care,438,34,35,HEALTHY,-369
Visakhapatnam Retail Center #10,South India,PRD-IND-00104,Cosmetics Model A526,Beauty & Personal Care,108,34,17,HEALTHY,-57
Visakhapatnam Retail Center #10,South India,PRD-IND-00105,Cosmetics Model J672,Beauty & Personal Care,421,58,27,HEALTHY,-336
Visakhapatnam Retail Center #10,South India,PRD-IND-00106,Cosmetics Model G541,Beauty & Personal Care,161,32,27,HEALTHY,-102
Visakhapatnam Retail Center #10,South India,PRD-IND-00107,Cosmetics Model B432,Beauty & Personal Care,86,51,23,HEALTHY,-12
Visakhapatnam Retail Center #10,South India,PRD-IND-00108,Cosmetics Model V489,Beauty & Personal Care,231,39,17,HEALTHY,-175
Visakhapatnam Retail Center #10,South India,PRD-IND-00109,Wellness & Health Model V933,Beauty & Personal Care,104,52,28,HEALTHY,-24
Visakhapatnam Retail Center #10,South India,PRD-IND-00110,Wellness & Health Model B245,Beauty & Personal Care,238,26,23,HEALTHY,-189
Visakhapatnam Retail Center #10,South India,PRD-IND-00111,Wellness & Health Model H766,Beauty & Personal Care,192,59,28,HEALTHY,-105
Visakhapatnam Retail Center #10,South India,PRD-IND-00112,Wellness & Health Model X718,Beauty & Personal Care,226,56,29,HEALTHY,-141
Visakhapatnam Retail Center #10,South India,PRD-IND-00113,Wellness & Health Model H456,Beauty & Personal Care,197,32,17,HEALTHY,-148
Visakhapatnam Retail Center #10,South India,PRD-IND-00114,Wellness & Health Model I109,Beauty & Personal Care,44,57,32,WARNING: REORDER NEEDED,45
Visakhapatnam Retail Center #10,South India,PRD-IND-00115,Spices & Atta Model E734,Groceries & Pantry,22,41,32,HIGH RISK: BELOW SAFETY STOCK,51
Visakhapatnam Retail Center #10,South India,PRD-IND-00116,Spices & Atta Model H432,Groceries & Pantry,150,59,15,HEALTHY,-76
Visakhapatnam Retail Center #10,South India,PRD-IND-00117,Spices & Atta Model P601,Groceries & Pantry,291,55,27,HEALTHY,-209
Visakhapatnam Retail Center #10,South India,PRD-IND-00118,Spices & Atta Model U283,Groceries & Pantry,261,38,33,HEALTHY,-190
Visakhapatnam Retail Center #10,South India,PRD-IND-00119,Spices & Atta Model P799,Groceries & Pantry,335,37,20,HEALTHY,-278
Visakhapatnam Retail Center #10,South India,PRD-IND-00120,Spices & Atta Model Q229,Groceries & Pantry,343,38,24,HEALTHY,-281
Visakhapatnam Retail Center #10,South India,PRD-IND-00121,Beverages & Tea Model R726,Groceries & Pantry,398,41,28,HEALTHY,-329
Visakhapatnam Retail Center #10,South India,PRD-IND-00122,Beverages & Tea Model J769,Groceries & Pantry,285,32,28,HEALTHY,-225
Visakhapatnam Retail Center #10,South India,PRD-IND-00123,Beverages & Tea Model I326,Groceries & Pantry,264,27,27,HEALTHY,-210
Visakhapatnam Retail Center #10,South India,PRD-IND-00124,Beverages & Tea Model K557,Groceries & Pantry,396,34,15,HEALTHY,-347
Visakhapatnam Retail Center #10,South India,PRD-IND-00125,Beverages & Tea Model Z358,Groceries & Pantry,371,26,23,HEALTHY,-322
Visakhapatnam Retail Center #10,South India,PRD-IND-00126,Beverages & Tea Model Z580,Groceries & Pantry,308,60,20,HEALTHY,-228
Visakhapatnam Retail Center #10,South India,PRD-IND-00127,Snacks & Sweets Model J315,Groceries & Pantry,132,59,26,HEALTHY,-47
Visakhapatnam Retail Center #10,South India,PRD-IND-00128,Snacks & Sweets Model F813,Groceries & Pantry,440,54,15,HEALTHY,-371
Visakhapatnam Retail Center #10,South India,PRD-IND-00129,Snacks & Sweets Model I383,Groceries & Pantry,265,50,20,HEALTHY,-195
Visakhapatnam Retail Center #10,South India,PRD-IND-00130,Snacks & Sweets Model Q321,Groceries & Pantry,348,30,28,HEALTHY,-290
Visakhapatnam Retail Center #10,South India,PRD-IND-00131,Snacks & Sweets Model K811,Groceries & Pantry,241,45,30,HEALTHY,-166
Visakhapatnam Retail Center #10,South India,PRD-IND-00132,Snacks & Sweets Model N704,Groceries & Pantry,114,29,31,HEALTHY,-54
Visakhapatnam Retail Center #10,South India,PRD-IND-00133,Organic Staples Model F135,Groceries & Pantry,298,48,18,HEALTHY,-232
Visakhapatnam Retail Center #10,South India,PRD-IND-00134,Organic Staples Model I531,Groceries & Pantry,288,59,22,HEALTHY,-207
Visakhapatnam Retail Center #10,South India,PRD-IND-00135,Organic Staples Model F890,Groceries & Pantry,358,47,15,HEALTHY,-296
Visakhapatnam Retail Center #10,South India,PRD-IND-00136,Organic Staples Model Q759,Groceries & Pantry,145,38,31,HEALTHY,-76
Visakhapatnam Retail Center #10,South India,PRD-IND-00137,Organic Staples Model W353,Groceries & Pantry,372,41,27,HEALTHY,-304
Visakhapatnam Retail Center #10,South India,PRD-IND-00138,Organic Staples Model O517,Groceries & Pantry,100,34,20,HEALTHY,-46
Visakhapatnam Retail Center #10,South India,PRD-IND-00139,Gourmet Foods Model T469,Groceries & Pantry,242,30,16,HEALTHY,-196
Visakhapatnam Retail Center #10,South India,PRD-IND-00140,Gourmet Foods Model W779,Groceries & Pantry,197,28,18,HEALTHY,-151
Visakhapatnam Retail Center #10,South India,PRD-IND-00141,Gourmet Foods Model N139,Groceries & Pantry,328,28,19,HEALTHY,-281
Visakhapatnam Retail Center #10,South India,PRD-IND-00142,Gourmet Foods Model Q928,Groceries & Pantry,218,27,19,HEALTHY,-172
Visakhapatnam Retail Center #10,South India,PRD-IND-00143,Gourmet Foods Model W299,Groceries & Pantry,157,44,32,HEALTHY,-81
Visakhapatnam Retail Center #10,South India,PRD-IND-00144,Gourmet Foods Model S546,Groceries & Pantry,7,52,30,HIGH RISK: BELOW SAFETY STOCK,75
Pune Retail Center #11,West India,PRD-IND-00001,Smartphones Model F985,Electronics & Gadgets,6,53,20,HIGH RISK: BELOW SAFETY STOCK,67
Pune Retail Center #11,West India,PRD-IND-00002,Smartphones Model A572,Electronics & Gadgets,440,26,29,HEALTHY,-385
Pune Retail Center #11,West India,PRD-IND-00003,Smartphones Model Z989,Electronics & Gadgets,435,25,24,HEALTHY,-386
Pune Retail Center #11,West India,PRD-IND-00004,Smartphones Model R416,Electronics & Gadgets,240,60,30,HEALTHY,-150
Pune Retail Center #11,West India,PRD-IND-00005,Smartphones Model L683,Electronics & Gadgets,131,27,25,HEALTHY,-79
Pune Retail Center #11,West India,PRD-IND-00006,Smartphones Model E727,Electronics & Gadgets,220,48,20,HEALTHY,-152
Pune Retail Center #11,West India,PRD-IND-00007,Laptops Model D381,Electronics & Gadgets,69,44,18,HEALTHY,-7
Pune Retail Center #11,West India,PRD-IND-00008,Laptops Model V239,Electronics & Gadgets,274,60,33,HEALTHY,-181
Pune Retail Center #11,West India,PRD-IND-00009,Laptops Model O351,Electronics & Gadgets,359,49,33,HEALTHY,-277
Pune Retail Center #11,West India,PRD-IND-00010,Laptops Model V866,Electronics & Gadgets,197,60,21,HEALTHY,-116
Pune Retail Center #11,West India,PRD-IND-00011,Laptops Model O858,Electronics & Gadgets,225,57,26,HEALTHY,-142
Pune Retail Center #11,West India,PRD-IND-00012,Laptops Model B870,Electronics & Gadgets,408,48,20,HEALTHY,-340
Pune Retail Center #11,West India,PRD-IND-00013,Audio & Headphones Model T281,Electronics & Gadgets,31,35,34,HIGH RISK: BELOW SAFETY STOCK,38
Pune Retail Center #11,West India,PRD-IND-00014,Audio & Headphones Model G322,Electronics & Gadgets,319,48,19,HEALTHY,-252
Pune Retail Center #11,West India,PRD-IND-00015,Audio & Headphones Model D324,Electronics & Gadgets,252,38,24,HEALTHY,-190
Pune Retail Center #11,West India,PRD-IND-00016,Audio & Headphones Model T550,Electronics & Gadgets,199,53,29,HEALTHY,-117
Pune Retail Center #11,West India,PRD-IND-00017,Audio & Headphones Model Q622,Electronics & Gadgets,59,35,18,HEALTHY,-6
Pune Retail Center #11,West India,PRD-IND-00018,Audio & Headphones Model P509,Electronics & Gadgets,52,49,25,HEALTHY,22
Pune Retail Center #11,West India,PRD-IND-00019,Smartwatches Model E822,Electronics & Gadgets,421,40,23,HEALTHY,-358
Pune Retail Center #11,West India,PRD-IND-00020,Smartwatches Model J175,Electronics & Gadgets,97,43,24,HEALTHY,-30
Pune Retail Center #11,West India,PRD-IND-00021,Smartwatches Model O323,Electronics & Gadgets,153,60,24,HEALTHY,-69
Pune Retail Center #11,West India,PRD-IND-00022,Smartwatches Model Q954,Electronics & Gadgets,474,51,33,HEALTHY,-390
Pune Retail Center #11,West India,PRD-IND-00023,Smartwatches Model R443,Electronics & Gadgets,318,45,22,HEALTHY,-251
Pune Retail Center #11,West India,PRD-IND-00024,Smartwatches Model G436,Electronics & Gadgets,459,57,21,HEALTHY,-381
Pune Retail Center #11,West India,PRD-IND-00025,Home Appliances Model Q738,Electronics & Gadgets,139,55,15,HEALTHY,-69
Pune Retail Center #11,West India,PRD-IND-00026,Home Appliances Model P768,Electronics & Gadgets,474,54,25,HEALTHY,-395
Pune Retail Center #11,West India,PRD-IND-00027,Home Appliances Model T133,Electronics & Gadgets,92,40,24,HEALTHY,-28
Pune Retail Center #11,West India,PRD-IND-00028,Home Appliances Model G300,Electronics & Gadgets,37,43,22,WARNING: REORDER NEEDED,28
Pune Retail Center #11,West India,PRD-IND-00029,Home Appliances Model H956,Electronics & Gadgets,257,37,33,HEALTHY,-187
Pune Retail Center #11,West India,PRD-IND-00030,Home Appliances Model X534,Electronics & Gadgets,88,27,35,HEALTHY,-26
Pune Retail Center #11,West India,PRD-IND-00031,Ethnic Wear & Sarees Model S959,Apparel & Fashion,161,60,25,HEALTHY,-76
Pune Retail Center #11,West India,PRD-IND-00032,Ethnic Wear & Sarees Model I627,Apparel & Fashion,489,60,19,HEALTHY,-410
Pune Retail Center #11,West India,PRD-IND-00033,Ethnic Wear & Sarees Model J288,Apparel & Fashion,314,47,32,HEALTHY,-235
Pune Retail Center #11,West India,PRD-IND-00034,Ethnic Wear & Sarees Model R189,Apparel & Fashion,127,47,16,HEALTHY,-64
Pune Retail Center #11,West India,PRD-IND-00035,Ethnic Wear & Sarees Model F942,Apparel & Fashion,185,52,23,HEALTHY,-110
Pune Retail Center #11,West India,PRD-IND-00036,Ethnic Wear & Sarees Model L531,Apparel & Fashion,252,40,22,HEALTHY,-190
Pune Retail Center #11,West India,PRD-IND-00037,Men's Wear Model U520,Apparel & Fashion,463,32,31,HEALTHY,-400
Pune Retail Center #11,West India,PRD-IND-00038,Men's Wear Model N368,Apparel & Fashion,98,58,20,HEALTHY,-20
Pune Retail Center #11,West India,PRD-IND-00039,Men's Wear Model G987,Apparel & Fashion,386,56,23,HEALTHY,-307
Pune Retail Center #11,West India,PRD-IND-00040,Men's Wear Model G903,Apparel & Fashion,469,25,20,HEALTHY,-424
Pune Retail Center #11,West India,PRD-IND-00041,Men's Wear Model F525,Apparel & Fashion,287,29,29,HEALTHY,-229
Pune Retail Center #11,West India,PRD-IND-00042,Men's Wear Model O328,Apparel & Fashion,450,55,17,HEALTHY,-378
Pune Retail Center #11,West India,PRD-IND-00043,Women's Western Model E376,Apparel & Fashion,107,44,27,HEALTHY,-36
Pune Retail Center #11,West India,PRD-IND-00044,Women's Western Model U499,Apparel & Fashion,218,52,34,HEALTHY,-132
Pune Retail Center #11,West India,PRD-IND-00045,Women's Western Model V661,Apparel & Fashion,282,35,16,HEALTHY,-231
Pune Retail Center #11,West India,PRD-IND-00046,Women's Western Model U771,Apparel & Fashion,164,33,28,HEALTHY,-103
Pune Retail Center #11,West India,PRD-IND-00047,Women's Western Model O503,Apparel & Fashion,74,59,31,HEALTHY,16
Pune Retail Center #11,West India,PRD-IND-00048,Women's Western Model P378,Apparel & Fashion,300,26,31,HEALTHY,-243
Pune Retail Center #11,West India,PRD-IND-00049,Footwear Model I961,Apparel & Fashion,99,54,35,HEALTHY,-10
Pune Retail Center #11,West India,PRD-IND-00050,Footwear Model F604,Apparel & Fashion,349,52,19,HEALTHY,-278
Pune Retail Center #11,West India,PRD-IND-00051,Footwear Model S668,Apparel & Fashion,131,55,35,HEALTHY,-41
Pune Retail Center #11,West India,PRD-IND-00052,Footwear Model Z213,Apparel & Fashion,73,37,31,HEALTHY,-5
Pune Retail Center #11,West India,PRD-IND-00053,Footwear Model L175,Apparel & Fashion,79,40,23,HEALTHY,-16
Pune Retail Center #11,West India,PRD-IND-00054,Footwear Model U733,Apparel & Fashion,177,43,17,HEALTHY,-117
Pune Retail Center #11,West India,PRD-IND-00055,Fashion Accessories Model Q600,Apparel & Fashion,191,26,34,HEALTHY,-131
Pune Retail Center #11,West India,PRD-IND-00056,Fashion Accessories Model H596,Apparel & Fashion,391,41,17,HEALTHY,-333
Pune Retail Center #11,West India,PRD-IND-00057,Fashion Accessories Model C782,Apparel & Fashion,432,41,34,HEALTHY,-357
Pune Retail Center #11,West India,PRD-IND-00058,Fashion Accessories Model J183,Apparel & Fashion,277,35,30,HEALTHY,-212
Pune Retail Center #11,West India,PRD-IND-00059,Fashion Accessories Model R976,Apparel & Fashion,480,51,25,HEALTHY,-404
Pune Retail Center #11,West India,PRD-IND-00060,Fashion Accessories Model M677,Apparel & Fashion,122,29,34,HEALTHY,-59
Pune Retail Center #11,West India,PRD-IND-00061,Furniture Model N132,Home & Living,368,45,33,HEALTHY,-290
Pune Retail Center #11,West India,PRD-IND-00062,Furniture Model U448,Home & Living,52,55,21,WARNING: REORDER NEEDED,24
Pune Retail Center #11,West India,PRD-IND-00063,Furniture Model R565,Home & Living,374,60,27,HEALTHY,-287
Pune Retail Center #11,West India,PRD-IND-00064,Furniture Model J215,Home & Living,319,41,24,HEALTHY,-254
Pune Retail Center #11,West India,PRD-IND-00065,Furniture Model H138,Home & Living,419,30,29,HEALTHY,-360
Pune Retail Center #11,West India,PRD-IND-00066,Furniture Model T348,Home & Living,492,34,26,HEALTHY,-432
Pune Retail Center #11,West India,PRD-IND-00067,Cookware & Kitchen Model V298,Home & Living,464,33,23,HEALTHY,-408
Pune Retail Center #11,West India,PRD-IND-00068,Cookware & Kitchen Model M927,Home & Living,84,49,35,HEALTHY,0
Pune Retail Center #11,West India,PRD-IND-00069,Cookware & Kitchen Model F737,Home & Living,78,39,26,HEALTHY,-13
Pune Retail Center #11,West India,PRD-IND-00070,Cookware & Kitchen Model H709,Home & Living,211,53,27,HEALTHY,-131
Pune Retail Center #11,West India,PRD-IND-00071,Cookware & Kitchen Model I672,Home & Living,456,45,29,HEALTHY,-382
Pune Retail Center #11,West India,PRD-IND-00072,Cookware & Kitchen Model T452,Home & Living,37,55,34,WARNING: REORDER NEEDED,52
Pune Retail Center #11,West India,PRD-IND-00073,Bedding & Linen Model C866,Home & Living,471,52,27,HEALTHY,-392
Pune Retail Center #11,West India,PRD-IND-00074,Bedding & Linen Model C482,Home & Living,248,42,34,HEALTHY,-172
Pune Retail Center #11,West India,PRD-IND-00075,Bedding & Linen Model Y927,Home & Living,215,25,18,HEALTHY,-172
Pune Retail Center #11,West India,PRD-IND-00076,Bedding & Linen Model N717,Home & Living,456,55,35,HEALTHY,-366
Pune Retail Center #11,West India,PRD-IND-00077,Bedding & Linen Model N231,Home & Living,43,48,16,WARNING: REORDER NEEDED,21
Pune Retail Center #11,West India,PRD-IND-00078,Bedding & Linen Model C251,Home & Living,154,57,25,HEALTHY,-72
Pune Retail Center #11,West India,PRD-IND-00079,Home Decor Model E271,Home & Living,476,26,35,HEALTHY,-415
Pune Retail Center #11,West India,PRD-IND-00080,Home Decor Model B737,Home & Living,404,48,35,HEALTHY,-321
Pune Retail Center #11,West India,PRD-IND-00081,Home Decor Model H935,Home & Living,340,32,31,HEALTHY,-277
Pune Retail Center #11,West India,PRD-IND-00082,Home Decor Model J863,Home & Living,415,54,31,HEALTHY,-330
Pune Retail Center #11,West India,PRD-IND-00083,Home Decor Model S419,Home & Living,213,27,32,HEALTHY,-154
Pune Retail Center #11,West India,PRD-IND-00084,Home Decor Model R235,Home & Living,236,54,29,HEALTHY,-153
Pune Retail Center #11,West India,PRD-IND-00085,Pooja & Spiritual Essentials Model B542,Home & Living,158,44,25,HEALTHY,-89
Pune Retail Center #11,West India,PRD-IND-00086,Pooja & Spiritual Essentials Model C617,Home & Living,7,53,28,HIGH RISK: BELOW SAFETY STOCK,74
Pune Retail Center #11,West India,PRD-IND-00087,Pooja & Spiritual Essentials Model I388,Home & Living,214,40,23,HEALTHY,-151
Pune Retail Center #11,West India,PRD-IND-00088,Pooja & Spiritual Essentials Model X441,Home & Living,390,26,16,HEALTHY,-348
Pune Retail Center #11,West India,PRD-IND-00089,Pooja & Spiritual Essentials Model S453,Home & Living,241,55,25,HEALTHY,-161
Pune Retail Center #11,West India,PRD-IND-00090,Pooja & Spiritual Essentials Model T756,Home & Living,299,48,27,HEALTHY,-224
Pune Retail Center #11,West India,PRD-IND-00091,Ayurvedic & Skincare Model I993,Beauty & Personal Care,51,50,22,HEALTHY,21
Pune Retail Center #11,West India,PRD-IND-00092,Ayurvedic & Skincare Model V453,Beauty & Personal Care,65,37,18,HEALTHY,-10
Pune Retail Center #11,West India,PRD-IND-00093,Ayurvedic & Skincare Model R437,Beauty & Personal Care,222,53,19,HEALTHY,-150
Pune Retail Center #11,West India,PRD-IND-00094,Ayurvedic & Skincare Model K348,Beauty & Personal Care,20,34,31,HIGH RISK: BELOW SAFETY STOCK,45
Pune Retail Center #11,West India,PRD-IND-00095,Ayurvedic & Skincare Model S650,Beauty & Personal Care,471,48,18,HEALTHY,-405
Pune Retail Center #11,West India,PRD-IND-00096,Ayurvedic & Skincare Model E371,Beauty & Personal Care,38,52,17,WARNING: REORDER NEEDED,31
Pune Retail Center #11,West India,PRD-IND-00097,Personal Grooming Model X908,Beauty & Personal Care,435,44,21,HEALTHY,-370
Pune Retail Center #11,West India,PRD-IND-00098,Personal Grooming Model V376,Beauty & Personal Care,13,36,26,HIGH RISK: BELOW SAFETY STOCK,49
Pune Retail Center #11,West India,PRD-IND-00099,Personal Grooming Model K686,Beauty & Personal Care,194,56,24,HEALTHY,-114
Pune Retail Center #11,West India,PRD-IND-00100,Personal Grooming Model Q489,Beauty & Personal Care,368,48,30,HEALTHY,-290
Pune Retail Center #11,West India,PRD-IND-00101,Personal Grooming Model Y559,Beauty & Personal Care,259,35,20,HEALTHY,-204
Pune Retail Center #11,West India,PRD-IND-00102,Personal Grooming Model N766,Beauty & Personal Care,240,34,33,HEALTHY,-173
Pune Retail Center #11,West India,PRD-IND-00103,Cosmetics Model D157,Beauty & Personal Care,98,33,33,HEALTHY,-32
Pune Retail Center #11,West India,PRD-IND-00104,Cosmetics Model A526,Beauty & Personal Care,322,60,17,HEALTHY,-245
Pune Retail Center #11,West India,PRD-IND-00105,Cosmetics Model J672,Beauty & Personal Care,381,38,19,HEALTHY,-324
Pune Retail Center #11,West India,PRD-IND-00106,Cosmetics Model G541,Beauty & Personal Care,196,43,20,HEALTHY,-133
Pune Retail Center #11,West India,PRD-IND-00107,Cosmetics Model B432,Beauty & Personal Care,304,33,35,HEALTHY,-236
Pune Retail Center #11,West India,PRD-IND-00108,Cosmetics Model V489,Beauty & Personal Care,163,58,15,HEALTHY,-90
Pune Retail Center #11,West India,PRD-IND-00109,Wellness & Health Model V933,Beauty & Personal Care,253,53,15,HEALTHY,-185
Pune Retail Center #11,West India,PRD-IND-00110,Wellness & Health Model B245,Beauty & Personal Care,338,40,15,HEALTHY,-283
Pune Retail Center #11,West India,PRD-IND-00111,Wellness & Health Model H766,Beauty & Personal Care,432,50,30,HEALTHY,-352
Pune Retail Center #11,West India,PRD-IND-00112,Wellness & Health Model X718,Beauty & Personal Care,302,40,15,HEALTHY,-247
Pune Retail Center #11,West India,PRD-IND-00113,Wellness & Health Model H456,Beauty & Personal Care,74,40,28,HEALTHY,-6
Pune Retail Center #11,West India,PRD-IND-00114,Wellness & Health Model I109,Beauty & Personal Care,433,56,22,HEALTHY,-355
Pune Retail Center #11,West India,PRD-IND-00115,Spices & Atta Model E734,Groceries & Pantry,120,36,30,HEALTHY,-54
Pune Retail Center #11,West India,PRD-IND-00116,Spices & Atta Model H432,Groceries & Pantry,155,55,25,HEALTHY,-75
Pune Retail Center #11,West India,PRD-IND-00117,Spices & Atta Model P601,Groceries & Pantry,4,25,22,HIGH RISK: BELOW SAFETY STOCK,43
Pune Retail Center #11,West India,PRD-IND-00118,Spices & Atta Model U283,Groceries & Pantry,285,60,32,HEALTHY,-193
Pune Retail Center #11,West India,PRD-IND-00119,Spices & Atta Model P799,Groceries & Pantry,290,48,15,HEALTHY,-227
Pune Retail Center #11,West India,PRD-IND-00120,Spices & Atta Model Q229,Groceries & Pantry,367,30,35,HEALTHY,-302
Pune Retail Center #11,West India,PRD-IND-00121,Beverages & Tea Model R726,Groceries & Pantry,134,30,31,HEALTHY,-73
Pune Retail Center #11,West India,PRD-IND-00122,Beverages & Tea Model J769,Groceries & Pantry,83,34,33,HEALTHY,-16
Pune Retail Center #11,West India,PRD-IND-00123,Beverages & Tea Model I326,Groceries & Pantry,152,34,22,HEALTHY,-96
Pune Retail Center #11,West India,PRD-IND-00124,Beverages & Tea Model K557,Groceries & Pantry,138,29,32,HEALTHY,-77
Pune Retail Center #11,West India,PRD-IND-00125,Beverages & Tea Model Z358,Groceries & Pantry,112,28,24,HEALTHY,-60
Pune Retail Center #11,West India,PRD-IND-00126,Beverages & Tea Model Z580,Groceries & Pantry,451,53,19,HEALTHY,-379
Pune Retail Center #11,West India,PRD-IND-00127,Snacks & Sweets Model J315,Groceries & Pantry,65,38,35,HEALTHY,8
Pune Retail Center #11,West India,PRD-IND-00128,Snacks & Sweets Model F813,Groceries & Pantry,74,54,32,HEALTHY,12
Pune Retail Center #11,West India,PRD-IND-00129,Snacks & Sweets Model I383,Groceries & Pantry,77,33,26,HEALTHY,-18
Pune Retail Center #11,West India,PRD-IND-00130,Snacks & Sweets Model Q321,Groceries & Pantry,159,43,26,HEALTHY,-90
Pune Retail Center #11,West India,PRD-IND-00131,Snacks & Sweets Model K811,Groceries & Pantry,66,47,19,HEALTHY,0
Pune Retail Center #11,West India,PRD-IND-00132,Snacks & Sweets Model N704,Groceries & Pantry,494,41,17,HEALTHY,-436
Pune Retail Center #11,West India,PRD-IND-00133,Organic Staples Model F135,Groceries & Pantry,476,40,29,HEALTHY,-407
Pune Retail Center #11,West India,PRD-IND-00134,Organic Staples Model I531,Groceries & Pantry,46,50,27,WARNING: REORDER NEEDED,31
Pune Retail Center #11,West India,PRD-IND-00135,Organic Staples Model F890,Groceries & Pantry,90,38,29,HEALTHY,-23
Pune Retail Center #11,West India,PRD-IND-00136,Organic Staples Model Q759,Groceries & Pantry,229,58,30,HEALTHY,-141
Pune Retail Center #11,West India,PRD-IND-00137,Organic Staples Model W353,Groceries & Pantry,448,46,17,HEALTHY,-385
Pune Retail Center #11,West India,PRD-IND-00138,Organic Staples Model O517,Groceries & Pantry,85,60,27,HEALTHY,2
Pune Retail Center #11,West India,PRD-IND-00139,Gourmet Foods Model T469,Groceries & Pantry,87,36,30,HEALTHY,-21
Pune Retail Center #11,West India,PRD-IND-00140,Gourmet Foods Model W779,Groceries & Pantry,327,35,22,HEALTHY,-270
Pune Retail Center #11,West India,PRD-IND-00141,Gourmet Foods Model N139,Groceries & Pantry,353,58,26,HEALTHY,-269
Pune Retail Center #11,West India,PRD-IND-00142,Gourmet Foods Model Q928,Groceries & Pantry,145,29,26,HEALTHY,-90
Pune Retail Center #11,West India,PRD-IND-00143,Gourmet Foods Model W299,Groceries & Pantry,382,30,24,HEALTHY,-328
Pune Retail Center #11,West India,PRD-IND-00144,Gourmet Foods Model S546,Groceries & Pantry,391,59,34,HEALTHY,-298
Hyderabad Retail Center #12,South India,PRD-IND-00001,Smartphones Model F985,Electronics & Gadgets,287,34,25,HEALTHY,-228
Hyderabad Retail Center #12,South India,PRD-IND-00002,Smartphones Model A572,Electronics & Gadgets,431,48,17,HEALTHY,-366
Hyderabad Retail Center #12,South India,PRD-IND-00003,Smartphones Model Z989,Electronics & Gadgets,31,43,34,HIGH RISK: BELOW SAFETY STOCK,46
Hyderabad Retail Center #12,South India,PRD-IND-00004,Smartphones Model R416,Electronics & Gadgets,161,45,16,HEALTHY,-100
Hyderabad Retail Center #12,South India,PRD-IND-00005,Smartphones Model L683,Electronics & Gadgets,316,42,28,HEALTHY,-246
Hyderabad Retail Center #12,South India,PRD-IND-00006,Smartphones Model E727,Electronics & Gadgets,301,51,27,HEALTHY,-223
Hyderabad Retail Center #12,South India,PRD-IND-00007,Laptops Model D381,Electronics & Gadgets,324,44,17,HEALTHY,-263
Hyderabad Retail Center #12,South India,PRD-IND-00008,Laptops Model V239,Electronics & Gadgets,14,30,24,HIGH RISK: BELOW SAFETY STOCK,40
Hyderabad Retail Center #12,South India,PRD-IND-00009,Laptops Model O351,Electronics & Gadgets,395,49,18,HEALTHY,-328
Hyderabad Retail Center #12,South India,PRD-IND-00010,Laptops Model V866,Electronics & Gadgets,254,32,15,HEALTHY,-207
Hyderabad Retail Center #12,South India,PRD-IND-00011,Laptops Model O858,Electronics & Gadgets,147,41,29,HEALTHY,-77
Hyderabad Retail Center #12,South India,PRD-IND-00012,Laptops Model B870,Electronics & Gadgets,467,27,30,HEALTHY,-410
Hyderabad Retail Center #12,South India,PRD-IND-00013,Audio & Headphones Model T281,Electronics & Gadgets,176,39,19,HEALTHY,-118
Hyderabad Retail Center #12,South India,PRD-IND-00014,Audio & Headphones Model G322,Electronics & Gadgets,448,50,31,HEALTHY,-367
Hyderabad Retail Center #12,South India,PRD-IND-00015,Audio & Headphones Model D324,Electronics & Gadgets,439,41,20,HEALTHY,-378
Hyderabad Retail Center #12,South India,PRD-IND-00016,Audio & Headphones Model T550,Electronics & Gadgets,132,37,31,HEALTHY,-64
Hyderabad Retail Center #12,South India,PRD-IND-00017,Audio & Headphones Model Q622,Electronics & Gadgets,86,38,30,HEALTHY,-18
Hyderabad Retail Center #12,South India,PRD-IND-00018,Audio & Headphones Model P509,Electronics & Gadgets,444,35,15,HEALTHY,-394
Hyderabad Retail Center #12,South India,PRD-IND-00019,Smartwatches Model E822,Electronics & Gadgets,258,29,23,HEALTHY,-206
Hyderabad Retail Center #12,South India,PRD-IND-00020,Smartwatches Model J175,Electronics & Gadgets,420,56,29,HEALTHY,-335
Hyderabad Retail Center #12,South India,PRD-IND-00021,Smartwatches Model O323,Electronics & Gadgets,463,49,21,HEALTHY,-393
Hyderabad Retail Center #12,South India,PRD-IND-00022,Smartwatches Model Q954,Electronics & Gadgets,208,46,20,HEALTHY,-142
Hyderabad Retail Center #12,South India,PRD-IND-00023,Smartwatches Model R443,Electronics & Gadgets,162,47,26,HEALTHY,-89
Hyderabad Retail Center #12,South India,PRD-IND-00024,Smartwatches Model G436,Electronics & Gadgets,24,48,19,WARNING: REORDER NEEDED,43
Hyderabad Retail Center #12,South India,PRD-IND-00025,Home Appliances Model Q738,Electronics & Gadgets,459,46,27,HEALTHY,-386
Hyderabad Retail Center #12,South India,PRD-IND-00026,Home Appliances Model P768,Electronics & Gadgets,53,57,20,WARNING: REORDER NEEDED,24
Hyderabad Retail Center #12,South India,PRD-IND-00027,Home Appliances Model T133,Electronics & Gadgets,94,25,17,HEALTHY,-52
Hyderabad Retail Center #12,South India,PRD-IND-00028,Home Appliances Model G300,Electronics & Gadgets,346,59,25,HEALTHY,-262
Hyderabad Retail Center #12,South India,PRD-IND-00029,Home Appliances Model H956,Electronics & Gadgets,60,60,24,WARNING: REORDER NEEDED,24
Hyderabad Retail Center #12,South India,PRD-IND-00030,Home Appliances Model X534,Electronics & Gadgets,433,58,27,HEALTHY,-348
Hyderabad Retail Center #12,South India,PRD-IND-00031,Ethnic Wear & Sarees Model S959,Apparel & Fashion,341,57,33,HEALTHY,-251
Hyderabad Retail Center #12,South India,PRD-IND-00032,Ethnic Wear & Sarees Model I627,Apparel & Fashion,474,32,15,HEALTHY,-427
Hyderabad Retail Center #12,South India,PRD-IND-00033,Ethnic Wear & Sarees Model J288,Apparel & Fashion,488,35,20,HEALTHY,-433
Hyderabad Retail Center #12,South India,PRD-IND-00034,Ethnic Wear & Sarees Model R189,Apparel & Fashion,60,45,20,HEALTHY,5
Hyderabad Retail Center #12,South India,PRD-IND-00035,Ethnic Wear & Sarees Model F942,Apparel & Fashion,190,60,22,HEALTHY,-108
Hyderabad Retail Center #12,South India,PRD-IND-00036,Ethnic Wear & Sarees Model L531,Apparel & Fashion,325,36,18,HEALTHY,-271
Hyderabad Retail Center #12,South India,PRD-IND-00037,Men's Wear Model U520,Apparel & Fashion,314,44,34,HEALTHY,-236
Hyderabad Retail Center #12,South India,PRD-IND-00038,Men's Wear Model N368,Apparel & Fashion,202,41,23,HEALTHY,-138
Hyderabad Retail Center #12,South India,PRD-IND-00039,Men's Wear Model G987,Apparel & Fashion,494,41,29,HEALTHY,-424
Hyderabad Retail Center #12,South India,PRD-IND-00040,Men's Wear Model G903,Apparel & Fashion,7,47,16,HIGH RISK: BELOW SAFETY STOCK,56
Hyderabad Retail Center #12,South India,PRD-IND-00041,Men's Wear Model F525,Apparel & Fashion,248,44,27,HEALTHY,-177
Hyderabad Retail Center #12,South India,PRD-IND-00042,Men's Wear Model O328,Apparel & Fashion,188,27,28,HEALTHY,-133
Hyderabad Retail Center #12,South India,PRD-IND-00043,Women's Western Model E376,Apparel & Fashion,15,46,24,HIGH RISK: BELOW SAFETY STOCK,55
Hyderabad Retail Center #12,South India,PRD-IND-00044,Women's Western Model U499,Apparel & Fashion,246,47,17,HEALTHY,-182
Hyderabad Retail Center #12,South India,PRD-IND-00045,Women's Western Model V661,Apparel & Fashion,69,30,27,HEALTHY,-12
Hyderabad Retail Center #12,South India,PRD-IND-00046,Women's Western Model U771,Apparel & Fashion,63,58,16,HEALTHY,11
Hyderabad Retail Center #12,South India,PRD-IND-00047,Women's Western Model O503,Apparel & Fashion,67,30,24,HEALTHY,-13
Hyderabad Retail Center #12,South India,PRD-IND-00048,Women's Western Model P378,Apparel & Fashion,155,29,22,HEALTHY,-104
Hyderabad Retail Center #12,South India,PRD-IND-00049,Footwear Model I961,Apparel & Fashion,273,44,32,HEALTHY,-197
Hyderabad Retail Center #12,South India,PRD-IND-00050,Footwear Model F604,Apparel & Fashion,56,34,15,HEALTHY,-7
Hyderabad Retail Center #12,South India,PRD-IND-00051,Footwear Model S668,Apparel & Fashion,9,52,25,HIGH RISK: BELOW SAFETY STOCK,68
Hyderabad Retail Center #12,South India,PRD-IND-00052,Footwear Model Z213,Apparel & Fashion,53,51,19,HEALTHY,17
Hyderabad Retail Center #12,South India,PRD-IND-00053,Footwear Model L175,Apparel & Fashion,437,44,32,HEALTHY,-361
Hyderabad Retail Center #12,South India,PRD-IND-00054,Footwear Model U733,Apparel & Fashion,205,34,21,HEALTHY,-150
Hyderabad Retail Center #12,South India,PRD-IND-00055,Fashion Accessories Model Q600,Apparel & Fashion,359,36,27,HEALTHY,-296
Hyderabad Retail Center #12,South India,PRD-IND-00056,Fashion Accessories Model H596,Apparel & Fashion,90,32,35,HEALTHY,-23
Hyderabad Retail Center #12,South India,PRD-IND-00057,Fashion Accessories Model C782,Apparel & Fashion,431,26,25,HEALTHY,-380
Hyderabad Retail Center #12,South India,PRD-IND-00058,Fashion Accessories Model J183,Apparel & Fashion,92,36,20,HEALTHY,-36
Hyderabad Retail Center #12,South India,PRD-IND-00059,Fashion Accessories Model R976,Apparel & Fashion,86,53,17,HEALTHY,-16
Hyderabad Retail Center #12,South India,PRD-IND-00060,Fashion Accessories Model M677,Apparel & Fashion,130,57,25,HEALTHY,-48
Hyderabad Retail Center #12,South India,PRD-IND-00061,Furniture Model N132,Home & Living,100,26,25,HEALTHY,-49
Hyderabad Retail Center #12,South India,PRD-IND-00062,Furniture Model U448,Home & Living,272,44,17,HEALTHY,-211
Hyderabad Retail Center #12,South India,PRD-IND-00063,Furniture Model R565,Home & Living,403,47,30,HEALTHY,-326
Hyderabad Retail Center #12,South India,PRD-IND-00064,Furniture Model J215,Home & Living,385,33,21,HEALTHY,-331
Hyderabad Retail Center #12,South India,PRD-IND-00065,Furniture Model H138,Home & Living,313,48,35,HEALTHY,-230
Hyderabad Retail Center #12,South India,PRD-IND-00066,Furniture Model T348,Home & Living,12,29,22,HIGH RISK: BELOW SAFETY STOCK,39
Hyderabad Retail Center #12,South India,PRD-IND-00067,Cookware & Kitchen Model V298,Home & Living,355,34,32,HEALTHY,-289
Hyderabad Retail Center #12,South India,PRD-IND-00068,Cookware & Kitchen Model M927,Home & Living,90,47,30,HEALTHY,-13
Hyderabad Retail Center #12,South India,PRD-IND-00069,Cookware & Kitchen Model F737,Home & Living,121,33,29,HEALTHY,-59
Hyderabad Retail Center #12,South India,PRD-IND-00070,Cookware & Kitchen Model H709,Home & Living,386,44,25,HEALTHY,-317
Hyderabad Retail Center #12,South India,PRD-IND-00071,Cookware & Kitchen Model I672,Home & Living,416,60,28,HEALTHY,-328
Hyderabad Retail Center #12,South India,PRD-IND-00072,Cookware & Kitchen Model T452,Home & Living,454,46,26,HEALTHY,-382
Hyderabad Retail Center #12,South India,PRD-IND-00073,Bedding & Linen Model C866,Home & Living,141,28,26,HEALTHY,-87
Hyderabad Retail Center #12,South India,PRD-IND-00074,Bedding & Linen Model C482,Home & Living,339,28,16,HEALTHY,-295
Hyderabad Retail Center #12,South India,PRD-IND-00075,Bedding & Linen Model Y927,Home & Living,212,26,26,HEALTHY,-160
Hyderabad Retail Center #12,South India,PRD-IND-00076,Bedding & Linen Model N717,Home & Living,495,48,24,HEALTHY,-423
Hyderabad Retail Center #12,South India,PRD-IND-00077,Bedding & Linen Model N231,Home & Living,146,29,18,HEALTHY,-99
Hyderabad Retail Center #12,South India,PRD-IND-00078,Bedding & Linen Model C251,Home & Living,66,44,21,HEALTHY,-1
Hyderabad Retail Center #12,South India,PRD-IND-00079,Home Decor Model E271,Home & Living,222,48,15,HEALTHY,-159
Hyderabad Retail Center #12,South India,PRD-IND-00080,Home Decor Model B737,Home & Living,252,60,30,HEALTHY,-162
Hyderabad Retail Center #12,South India,PRD-IND-00081,Home Decor Model H935,Home & Living,312,30,16,HEALTHY,-266
Hyderabad Retail Center #12,South India,PRD-IND-00082,Home Decor Model J863,Home & Living,134,56,29,HEALTHY,-49
Hyderabad Retail Center #12,South India,PRD-IND-00083,Home Decor Model S419,Home & Living,280,25,22,HEALTHY,-233
Hyderabad Retail Center #12,South India,PRD-IND-00084,Home Decor Model R235,Home & Living,409,27,17,HEALTHY,-365
Hyderabad Retail Center #12,South India,PRD-IND-00085,Pooja & Spiritual Essentials Model B542,Home & Living,456,42,35,HEALTHY,-379
Hyderabad Retail Center #12,South India,PRD-IND-00086,Pooja & Spiritual Essentials Model C617,Home & Living,5,38,17,HIGH RISK: BELOW SAFETY STOCK,50
Hyderabad Retail Center #12,South India,PRD-IND-00087,Pooja & Spiritual Essentials Model I388,Home & Living,379,31,21,HEALTHY,-327
Hyderabad Retail Center #12,South India,PRD-IND-00088,Pooja & Spiritual Essentials Model X441,Home & Living,98,60,31,HEALTHY,-7
Hyderabad Retail Center #12,South India,PRD-IND-00089,Pooja & Spiritual Essentials Model S453,Home & Living,266,33,33,HEALTHY,-200
Hyderabad Retail Center #12,South India,PRD-IND-00090,Pooja & Spiritual Essentials Model T756,Home & Living,234,33,33,HEALTHY,-168
Hyderabad Retail Center #12,South India,PRD-IND-00091,Ayurvedic & Skincare Model I993,Beauty & Personal Care,31,28,15,HEALTHY,12
Hyderabad Retail Center #12,South India,PRD-IND-00092,Ayurvedic & Skincare Model V453,Beauty & Personal Care,248,47,18,HEALTHY,-183
Hyderabad Retail Center #12,South India,PRD-IND-00093,Ayurvedic & Skincare Model R437,Beauty & Personal Care,170,45,32,HEALTHY,-93
Hyderabad Retail Center #12,South India,PRD-IND-00094,Ayurvedic & Skincare Model K348,Beauty & Personal Care,79,58,33,HEALTHY,12
Hyderabad Retail Center #12,South India,PRD-IND-00095,Ayurvedic & Skincare Model S650,Beauty & Personal Care,487,31,31,HEALTHY,-425
Hyderabad Retail Center #12,South India,PRD-IND-00096,Ayurvedic & Skincare Model E371,Beauty & Personal Care,403,48,31,HEALTHY,-324
Hyderabad Retail Center #12,South India,PRD-IND-00097,Personal Grooming Model X908,Beauty & Personal Care,207,26,34,HEALTHY,-147
Hyderabad Retail Center #12,South India,PRD-IND-00098,Personal Grooming Model V376,Beauty & Personal Care,187,52,16,HEALTHY,-119
Hyderabad Retail Center #12,South India,PRD-IND-00099,Personal Grooming Model K686,Beauty & Personal Care,61,37,30,HEALTHY,6
Hyderabad Retail Center #12,South India,PRD-IND-00100,Personal Grooming Model Q489,Beauty & Personal Care,436,26,25,HEALTHY,-385
Hyderabad Retail Center #12,South India,PRD-IND-00101,Personal Grooming Model Y559,Beauty & Personal Care,286,33,24,HEALTHY,-229
Hyderabad Retail Center #12,South India,PRD-IND-00102,Personal Grooming Model N766,Beauty & Personal Care,494,49,29,HEALTHY,-416
Hyderabad Retail Center #12,South India,PRD-IND-00103,Cosmetics Model D157,Beauty & Personal Care,118,32,22,HEALTHY,-64
Hyderabad Retail Center #12,South India,PRD-IND-00104,Cosmetics Model A526,Beauty & Personal Care,279,31,28,HEALTHY,-220
Hyderabad Retail Center #12,South India,PRD-IND-00105,Cosmetics Model J672,Beauty & Personal Care,318,51,32,HEALTHY,-235
Hyderabad Retail Center #12,South India,PRD-IND-00106,Cosmetics Model G541,Beauty & Personal Care,35,41,17,WARNING: REORDER NEEDED,23
Hyderabad Retail Center #12,South India,PRD-IND-00107,Cosmetics Model B432,Beauty & Personal Care,131,59,23,HEALTHY,-49
Hyderabad Retail Center #12,South India,PRD-IND-00108,Cosmetics Model V489,Beauty & Personal Care,97,48,24,HEALTHY,-25
Hyderabad Retail Center #12,South India,PRD-IND-00109,Wellness & Health Model V933,Beauty & Personal Care,39,51,29,WARNING: REORDER NEEDED,41
Hyderabad Retail Center #12,South India,PRD-IND-00110,Wellness & Health Model B245,Beauty & Personal Care,68,51,17,HEALTHY,0
Hyderabad Retail Center #12,South India,PRD-IND-00111,Wellness & Health Model H766,Beauty & Personal Care,266,56,30,HEALTHY,-180
Hyderabad Retail Center #12,South India,PRD-IND-00112,Wellness & Health Model X718,Beauty & Personal Care,92,52,18,HEALTHY,-22
Hyderabad Retail Center #12,South India,PRD-IND-00113,Wellness & Health Model H456,Beauty & Personal Care,284,59,28,HEALTHY,-197
Hyderabad Retail Center #12,South India,PRD-IND-00114,Wellness & Health Model I109,Beauty & Personal Care,132,50,19,HEALTHY,-63
Hyderabad Retail Center #12,South India,PRD-IND-00115,Spices & Atta Model E734,Groceries & Pantry,426,30,21,HEALTHY,-375
Hyderabad Retail Center #12,South India,PRD-IND-00116,Spices & Atta Model H432,Groceries & Pantry,327,31,29,HEALTHY,-267
Hyderabad Retail Center #12,South India,PRD-IND-00117,Spices & Atta Model P601,Groceries & Pantry,56,52,17,HEALTHY,13
Hyderabad Retail Center #12,South India,PRD-IND-00118,Spices & Atta Model U283,Groceries & Pantry,189,33,21,HEALTHY,-135
Hyderabad Retail Center #12,South India,PRD-IND-00119,Spices & Atta Model P799,Groceries & Pantry,323,37,19,HEALTHY,-267
Hyderabad Retail Center #12,South India,PRD-IND-00120,Spices & Atta Model Q229,Groceries & Pantry,212,58,25,HEALTHY,-129
Hyderabad Retail Center #12,South India,PRD-IND-00121,Beverages & Tea Model R726,Groceries & Pantry,96,45,34,HEALTHY,-17
Hyderabad Retail Center #12,South India,PRD-IND-00122,Beverages & Tea Model J769,Groceries & Pantry,477,47,35,HEALTHY,-395
Hyderabad Retail Center #12,South India,PRD-IND-00123,Beverages & Tea Model I326,Groceries & Pantry,30,36,30,HIGH RISK: BELOW SAFETY STOCK,36
Hyderabad Retail Center #12,South India,PRD-IND-00124,Beverages & Tea Model K557,Groceries & Pantry,493,29,26,HEALTHY,-438
Hyderabad Retail Center #12,South India,PRD-IND-00125,Beverages & Tea Model Z358,Groceries & Pantry,243,28,23,HEALTHY,-192
Hyderabad Retail Center #12,South India,PRD-IND-00126,Beverages & Tea Model Z580,Groceries & Pantry,406,36,20,HEALTHY,-350
Hyderabad Retail Center #12,South India,PRD-IND-00127,Snacks & Sweets Model J315,Groceries & Pantry,173,34,17,HEALTHY,-122
Hyderabad Retail Center #12,South India,PRD-IND-00128,Snacks & Sweets Model F813,Groceries & Pantry,22,35,26,HIGH RISK: BELOW SAFETY STOCK,39
Hyderabad Retail Center #12,South India,PRD-IND-00129,Snacks & Sweets Model I383,Groceries & Pantry,192,29,20,HEALTHY,-143
Hyderabad Retail Center #12,South India,PRD-IND-00130,Snacks & Sweets Model Q321,Groceries & Pantry,75,50,27,HEALTHY,2
Hyderabad Retail Center #12,South India,PRD-IND-00131,Snacks & Sweets Model K811,Groceries & Pantry,396,46,21,HEALTHY,-329
Hyderabad Retail Center #12,South India,PRD-IND-00132,Snacks & Sweets Model N704,Groceries & Pantry,149,47,35,HEALTHY,-67
Hyderabad Retail Center #12,South India,PRD-IND-00133,Organic Staples Model F135,Groceries & Pantry,130,40,22,HEALTHY,-68
Hyderabad Retail Center #12,South India,PRD-IND-00134,Organic Staples Model I531,Groceries & Pantry,229,40,21,HEALTHY,-168
Hyderabad Retail Center #12,South India,PRD-IND-00135,Organic Staples Model F890,Groceries & Pantry,317,47,16,HEALTHY,-254
Hyderabad Retail Center #12,South India,PRD-IND-00136,Organic Staples Model Q759,Groceries & Pantry,0,28,17,CRITICAL: OUT OF STOCK,45
Hyderabad Retail Center #12,South India,PRD-IND-00137,Organic Staples Model W353,Groceries & Pantry,408,36,27,HEALTHY,-345
Hyderabad Retail Center #12,South India,PRD-IND-00138,Organic Staples Model O517,Groceries & Pantry,490,48,26,HEALTHY,-416
Hyderabad Retail Center #12,South India,PRD-IND-00139,Gourmet Foods Model T469,Groceries & Pantry,296,59,17,HEALTHY,-220
Hyderabad Retail Center #12,South India,PRD-IND-00140,Gourmet Foods Model W779,Groceries & Pantry,125,47,15,HEALTHY,-63
Hyderabad Retail Center #12,South India,PRD-IND-00141,Gourmet Foods Model N139,Groceries & Pantry,17,48,17,HIGH RISK: BELOW SAFETY STOCK,48
Hyderabad Retail Center #12,South India,PRD-IND-00142,Gourmet Foods Model Q928,Groceries & Pantry,379,57,23,HEALTHY,-299
Hyderabad Retail Center #12,South India,PRD-IND-00143,Gourmet Foods Model W299,Groceries & Pantry,350,52,16,HEALTHY,-282
Hyderabad Retail Center #12,South India,PRD-IND-00144,Gourmet Foods Model S546,Groceries & Pantry,150,52,34,HEALTHY,-64
Jaipur Retail Center #13,North India,PRD-IND-00001,Smartphones Model F985,Electronics & Gadgets,441,35,28,HEALTHY,-378
Jaipur Retail Center #13,North India,PRD-IND-00002,Smartphones Model A572,Electronics & Gadgets,432,56,31,HEALTHY,-345
Jaipur Retail Center #13,North India,PRD-IND-00003,Smartphones Model Z989,Electronics & Gadgets,438,30,33,HEALTHY,-375
Jaipur Retail Center #13,North India,PRD-IND-00004,Smartphones Model R416,Electronics & Gadgets,440,45,31,HEALTHY,-364
Jaipur Retail Center #13,North India,PRD-IND-00005,Smartphones Model L683,Electronics & Gadgets,188,42,27,HEALTHY,-119
Jaipur Retail Center #13,North India,PRD-IND-00006,Smartphones Model E727,Electronics & Gadgets,140,28,20,HEALTHY,-92
Jaipur Retail Center #13,North India,PRD-IND-00007,Laptops Model D381,Electronics & Gadgets,333,52,26,HEALTHY,-255
Jaipur Retail Center #13,North India,PRD-IND-00008,Laptops Model V239,Electronics & Gadgets,409,45,24,HEALTHY,-340
Jaipur Retail Center #13,North India,PRD-IND-00009,Laptops Model O351,Electronics & Gadgets,322,34,31,HEALTHY,-257
Jaipur Retail Center #13,North India,PRD-IND-00010,Laptops Model V866,Electronics & Gadgets,196,31,28,HEALTHY,-137
Jaipur Retail Center #13,North India,PRD-IND-00011,Laptops Model O858,Electronics & Gadgets,325,27,29,HEALTHY,-269
Jaipur Retail Center #13,North India,PRD-IND-00012,Laptops Model B870,Electronics & Gadgets,478,56,15,HEALTHY,-407
Jaipur Retail Center #13,North India,PRD-IND-00013,Audio & Headphones Model T281,Electronics & Gadgets,308,45,28,HEALTHY,-235
Jaipur Retail Center #13,North India,PRD-IND-00014,Audio & Headphones Model G322,Electronics & Gadgets,49,31,20,HEALTHY,2
Jaipur Retail Center #13,North India,PRD-IND-00015,Audio & Headphones Model D324,Electronics & Gadgets,30,43,32,HIGH RISK: BELOW SAFETY STOCK,45
Jaipur Retail Center #13,North India,PRD-IND-00016,Audio & Headphones Model T550,Electronics & Gadgets,74,60,23,HEALTHY,9
Jaipur Retail Center #13,North India,PRD-IND-00017,Audio & Headphones Model Q622,Electronics & Gadgets,234,37,27,HEALTHY,-170
Jaipur Retail Center #13,North India,PRD-IND-00018,Audio & Headphones Model P509,Electronics & Gadgets,344,58,33,HEALTHY,-253
Jaipur Retail Center #13,North India,PRD-IND-00019,Smartwatches Model E822,Electronics & Gadgets,288,36,30,HEALTHY,-222
Jaipur Retail Center #13,North India,PRD-IND-00020,Smartwatches Model J175,Electronics & Gadgets,211,41,16,HEALTHY,-154
Jaipur Retail Center #13,North India,PRD-IND-00021,Smartwatches Model O323,Electronics & Gadgets,399,28,19,HEALTHY,-352
Jaipur Retail Center #13,North India,PRD-IND-00022,Smartwatches Model Q954,Electronics & Gadgets,20,27,34,HIGH RISK: BELOW SAFETY STOCK,41
Jaipur Retail Center #13,North India,PRD-IND-00023,Smartwatches Model R443,Electronics & Gadgets,13,55,16,HIGH RISK: BELOW SAFETY STOCK,58
Jaipur Retail Center #13,North India,PRD-IND-00024,Smartwatches Model G436,Electronics & Gadgets,332,40,28,HEALTHY,-264
Jaipur Retail Center #13,North India,PRD-IND-00025,Home Appliances Model Q738,Electronics & Gadgets,411,29,26,HEALTHY,-356
Jaipur Retail Center #13,North India,PRD-IND-00026,Home Appliances Model P768,Electronics & Gadgets,495,49,33,HEALTHY,-413
Jaipur Retail Center #13,North India,PRD-IND-00027,Home Appliances Model T133,Electronics & Gadgets,174,60,32,HEALTHY,-82
Jaipur Retail Center #13,North India,PRD-IND-00028,Home Appliances Model G300,Electronics & Gadgets,59,44,35,HEALTHY,20
Jaipur Retail Center #13,North India,PRD-IND-00029,Home Appliances Model H956,Electronics & Gadgets,47,51,31,WARNING: REORDER NEEDED,35
Jaipur Retail Center #13,North India,PRD-IND-00030,Home Appliances Model X534,Electronics & Gadgets,409,50,18,HEALTHY,-341
Jaipur Retail Center #13,North India,PRD-IND-00031,Ethnic Wear & Sarees Model S959,Apparel & Fashion,256,54,21,HEALTHY,-181
Jaipur Retail Center #13,North India,PRD-IND-00032,Ethnic Wear & Sarees Model I627,Apparel & Fashion,45,29,33,HEALTHY,17
Jaipur Retail Center #13,North India,PRD-IND-00033,Ethnic Wear & Sarees Model J288,Apparel & Fashion,451,34,35,HEALTHY,-382
Jaipur Retail Center #13,North India,PRD-IND-00034,Ethnic Wear & Sarees Model R189,Apparel & Fashion,285,41,19,HEALTHY,-225
Jaipur Retail Center #13,North India,PRD-IND-00035,Ethnic Wear & Sarees Model F942,Apparel & Fashion,183,57,35,HEALTHY,-91
Jaipur Retail Center #13,North India,PRD-IND-00036,Ethnic Wear & Sarees Model L531,Apparel & Fashion,476,31,24,HEALTHY,-421
Jaipur Retail Center #13,North India,PRD-IND-00037,Men's Wear Model U520,Apparel & Fashion,192,39,24,HEALTHY,-129
Jaipur Retail Center #13,North India,PRD-IND-00038,Men's Wear Model N368,Apparel & Fashion,21,56,33,HIGH RISK: BELOW SAFETY STOCK,68
Jaipur Retail Center #13,North India,PRD-IND-00039,Men's Wear Model G987,Apparel & Fashion,220,60,20,HEALTHY,-140
Jaipur Retail Center #13,North India,PRD-IND-00040,Men's Wear Model G903,Apparel & Fashion,348,43,33,HEALTHY,-272
Jaipur Retail Center #13,North India,PRD-IND-00041,Men's Wear Model F525,Apparel & Fashion,232,47,18,HEALTHY,-167
Jaipur Retail Center #13,North India,PRD-IND-00042,Men's Wear Model O328,Apparel & Fashion,185,49,32,HEALTHY,-104
Jaipur Retail Center #13,North India,PRD-IND-00043,Women's Western Model E376,Apparel & Fashion,385,39,32,HEALTHY,-314
Jaipur Retail Center #13,North India,PRD-IND-00044,Women's Western Model U499,Apparel & Fashion,414,46,23,HEALTHY,-345
Jaipur Retail Center #13,North India,PRD-IND-00045,Women's Western Model V661,Apparel & Fashion,454,33,21,HEALTHY,-400
Jaipur Retail Center #13,North India,PRD-IND-00046,Women's Western Model U771,Apparel & Fashion,329,41,19,HEALTHY,-269
Jaipur Retail Center #13,North India,PRD-IND-00047,Women's Western Model O503,Apparel & Fashion,364,31,17,HEALTHY,-316
Jaipur Retail Center #13,North India,PRD-IND-00048,Women's Western Model P378,Apparel & Fashion,212,25,22,HEALTHY,-165
Jaipur Retail Center #13,North India,PRD-IND-00049,Footwear Model I961,Apparel & Fashion,453,27,32,HEALTHY,-394
Jaipur Retail Center #13,North India,PRD-IND-00050,Footwear Model F604,Apparel & Fashion,136,58,15,HEALTHY,-63
Jaipur Retail Center #13,North India,PRD-IND-00051,Footwear Model S668,Apparel & Fashion,365,46,33,HEALTHY,-286
Jaipur Retail Center #13,North India,PRD-IND-00052,Footwear Model Z213,Apparel & Fashion,75,33,17,HEALTHY,-25
Jaipur Retail Center #13,North India,PRD-IND-00053,Footwear Model L175,Apparel & Fashion,263,50,23,HEALTHY,-190
Jaipur Retail Center #13,North India,PRD-IND-00054,Footwear Model U733,Apparel & Fashion,261,53,19,HEALTHY,-189
Jaipur Retail Center #13,North India,PRD-IND-00055,Fashion Accessories Model Q600,Apparel & Fashion,486,29,23,HEALTHY,-434
Jaipur Retail Center #13,North India,PRD-IND-00056,Fashion Accessories Model H596,Apparel & Fashion,141,38,31,HEALTHY,-72
Jaipur Retail Center #13,North India,PRD-IND-00057,Fashion Accessories Model C782,Apparel & Fashion,405,48,34,HEALTHY,-323
Jaipur Retail Center #13,North India,PRD-IND-00058,Fashion Accessories Model J183,Apparel & Fashion,254,47,31,HEALTHY,-176
Jaipur Retail Center #13,North India,PRD-IND-00059,Fashion Accessories Model R976,Apparel & Fashion,38,60,29,WARNING: REORDER NEEDED,51
Jaipur Retail Center #13,North India,PRD-IND-00060,Fashion Accessories Model M677,Apparel & Fashion,150,33,29,HEALTHY,-88
Jaipur Retail Center #13,North India,PRD-IND-00061,Furniture Model N132,Home & Living,372,30,29,HEALTHY,-313
Jaipur Retail Center #13,North India,PRD-IND-00062,Furniture Model U448,Home & Living,326,39,24,HEALTHY,-263
Jaipur Retail Center #13,North India,PRD-IND-00063,Furniture Model R565,Home & Living,431,47,20,HEALTHY,-364
Jaipur Retail Center #13,North India,PRD-IND-00064,Furniture Model J215,Home & Living,451,38,32,HEALTHY,-381
Jaipur Retail Center #13,North India,PRD-IND-00065,Furniture Model H138,Home & Living,489,44,32,HEALTHY,-413
Jaipur Retail Center #13,North India,PRD-IND-00066,Furniture Model T348,Home & Living,439,50,19,HEALTHY,-370
Jaipur Retail Center #13,North India,PRD-IND-00067,Cookware & Kitchen Model V298,Home & Living,211,49,18,HEALTHY,-144
Jaipur Retail Center #13,North India,PRD-IND-00068,Cookware & Kitchen Model M927,Home & Living,140,27,18,HEALTHY,-95
Jaipur Retail Center #13,North India,PRD-IND-00069,Cookware & Kitchen Model F737,Home & Living,50,58,31,WARNING: REORDER NEEDED,39
Jaipur Retail Center #13,North India,PRD-IND-00070,Cookware & Kitchen Model H709,Home & Living,336,35,34,HEALTHY,-267
Jaipur Retail Center #13,North India,PRD-IND-00071,Cookware & Kitchen Model I672,Home & Living,240,25,35,HEALTHY,-180
Jaipur Retail Center #13,North India,PRD-IND-00072,Cookware & Kitchen Model T452,Home & Living,387,53,35,HEALTHY,-299
Jaipur Retail Center #13,North India,PRD-IND-00073,Bedding & Linen Model C866,Home & Living,149,58,15,HEALTHY,-76
Jaipur Retail Center #13,North India,PRD-IND-00074,Bedding & Linen Model C482,Home & Living,256,35,18,HEALTHY,-203
Jaipur Retail Center #13,North India,PRD-IND-00075,Bedding & Linen Model Y927,Home & Living,309,45,17,HEALTHY,-247
Jaipur Retail Center #13,North India,PRD-IND-00076,Bedding & Linen Model N717,Home & Living,26,39,19,WARNING: REORDER NEEDED,32
Jaipur Retail Center #13,North India,PRD-IND-00077,Bedding & Linen Model N231,Home & Living,95,33,35,HEALTHY,-27
Jaipur Retail Center #13,North India,PRD-IND-00078,Bedding & Linen Model C251,Home & Living,467,53,19,HEALTHY,-395
Jaipur Retail Center #13,North India,PRD-IND-00079,Home Decor Model E271,Home & Living,482,57,19,HEALTHY,-406
Jaipur Retail Center #13,North India,PRD-IND-00080,Home Decor Model B737,Home & Living,3,55,15,HIGH RISK: BELOW SAFETY STOCK,67
Jaipur Retail Center #13,North India,PRD-IND-00081,Home Decor Model H935,Home & Living,170,33,28,HEALTHY,-109
Jaipur Retail Center #13,North India,PRD-IND-00082,Home Decor Model J863,Home & Living,216,57,15,HEALTHY,-144
Jaipur Retail Center #13,North India,PRD-IND-00083,Home Decor Model S419,Home & Living,215,49,15,HEALTHY,-151
Jaipur Retail Center #13,North India,PRD-IND-00084,Home Decor Model R235,Home & Living,451,27,22,HEALTHY,-402
Jaipur Retail Center #13,North India,PRD-IND-00085,Pooja & Spiritual Essentials Model B542,Home & Living,482,52,26,HEALTHY,-404
Jaipur Retail Center #13,North India,PRD-IND-00086,Pooja & Spiritual Essentials Model C617,Home & Living,127,41,17,HEALTHY,-69
Jaipur Retail Center #13,North India,PRD-IND-00087,Pooja & Spiritual Essentials Model I388,Home & Living,383,50,33,HEALTHY,-300
Jaipur Retail Center #13,North India,PRD-IND-00088,Pooja & Spiritual Essentials Model X441,Home & Living,392,58,17,HEALTHY,-317
Jaipur Retail Center #13,North India,PRD-IND-00089,Pooja & Spiritual Essentials Model S453,Home & Living,289,33,22,HEALTHY,-234
Jaipur Retail Center #13,North India,PRD-IND-00090,Pooja & Spiritual Essentials Model T756,Home & Living,273,45,20,HEALTHY,-208
Jaipur Retail Center #13,North India,PRD-IND-00091,Ayurvedic & Skincare Model I993,Beauty & Personal Care,181,35,25,HEALTHY,-121
Jaipur Retail Center #13,North India,PRD-IND-00092,Ayurvedic & Skincare Model V453,Beauty & Personal Care,453,60,25,HEALTHY,-368
Jaipur Retail Center #13,North India,PRD-IND-00093,Ayurvedic & Skincare Model R437,Beauty & Personal Care,286,60,26,HEALTHY,-200
Jaipur Retail Center #13,North India,PRD-IND-00094,Ayurvedic & Skincare Model K348,Beauty & Personal Care,105,42,23,HEALTHY,-40
Jaipur Retail Center #13,North India,PRD-IND-00095,Ayurvedic & Skincare Model S650,Beauty & Personal Care,142,31,25,HEALTHY,-86
Jaipur Retail Center #13,North India,PRD-IND-00096,Ayurvedic & Skincare Model E371,Beauty & Personal Care,22,34,21,WARNING: REORDER NEEDED,33
Jaipur Retail Center #13,North India,PRD-IND-00097,Personal Grooming Model X908,Beauty & Personal Care,410,42,29,HEALTHY,-339
Jaipur Retail Center #13,North India,PRD-IND-00098,Personal Grooming Model V376,Beauty & Personal Care,493,59,15,HEALTHY,-419
Jaipur Retail Center #13,North India,PRD-IND-00099,Personal Grooming Model K686,Beauty & Personal Care,291,60,15,HEALTHY,-216
Jaipur Retail Center #13,North India,PRD-IND-00100,Personal Grooming Model Q489,Beauty & Personal Care,145,28,22,HEALTHY,-95
Jaipur Retail Center #13,North India,PRD-IND-00101,Personal Grooming Model Y559,Beauty & Personal Care,275,40,19,HEALTHY,-216
Jaipur Retail Center #13,North India,PRD-IND-00102,Personal Grooming Model N766,Beauty & Personal Care,152,31,34,HEALTHY,-87
Jaipur Retail Center #13,North India,PRD-IND-00103,Cosmetics Model D157,Beauty & Personal Care,127,48,16,HEALTHY,-63
Jaipur Retail Center #13,North India,PRD-IND-00104,Cosmetics Model A526,Beauty & Personal Care,205,53,32,HEALTHY,-120
Jaipur Retail Center #13,North India,PRD-IND-00105,Cosmetics Model J672,Beauty & Personal Care,67,45,25,HEALTHY,3
Jaipur Retail Center #13,North India,PRD-IND-00106,Cosmetics Model G541,Beauty & Personal Care,315,30,34,HEALTHY,-251
Jaipur Retail Center #13,North India,PRD-IND-00107,Cosmetics Model B432,Beauty & Personal Care,253,32,35,HEALTHY,-186
Jaipur Retail Center #13,North India,PRD-IND-00108,Cosmetics Model V489,Beauty & Personal Care,246,35,22,HEALTHY,-189
Jaipur Retail Center #13,North India,PRD-IND-00109,Wellness & Health Model V933,Beauty & Personal Care,419,41,31,HEALTHY,-347
Jaipur Retail Center #13,North India,PRD-IND-00110,Wellness & Health Model B245,Beauty & Personal Care,208,40,29,HEALTHY,-139
Jaipur Retail Center #13,North India,PRD-IND-00111,Wellness & Health Model H766,Beauty & Personal Care,93,51,30,HEALTHY,-12
Jaipur Retail Center #13,North India,PRD-IND-00112,Wellness & Health Model X718,Beauty & Personal Care,216,39,29,HEALTHY,-148
Jaipur Retail Center #13,North India,PRD-IND-00113,Wellness & Health Model H456,Beauty & Personal Care,409,60,15,HEALTHY,-334
Jaipur Retail Center #13,North India,PRD-IND-00114,Wellness & Health Model I109,Beauty & Personal Care,104,29,24,HEALTHY,-51
Jaipur Retail Center #13,North India,PRD-IND-00115,Spices & Atta Model E734,Groceries & Pantry,78,59,27,HEALTHY,8
Jaipur Retail Center #13,North India,PRD-IND-00116,Spices & Atta Model H432,Groceries & Pantry,129,52,15,HEALTHY,-62
Jaipur Retail Center #13,North India,PRD-IND-00117,Spices & Atta Model P601,Groceries & Pantry,326,46,22,HEALTHY,-258
Jaipur Retail Center #13,North India,PRD-IND-00118,Spices & Atta Model U283,Groceries & Pantry,93,29,34,HEALTHY,-30
Jaipur Retail Center #13,North India,PRD-IND-00119,Spices & Atta Model P799,Groceries & Pantry,325,51,35,HEALTHY,-239
Jaipur Retail Center #13,North India,PRD-IND-00120,Spices & Atta Model Q229,Groceries & Pantry,430,41,31,HEALTHY,-358
Jaipur Retail Center #13,North India,PRD-IND-00121,Beverages & Tea Model R726,Groceries & Pantry,77,60,23,HEALTHY,6
Jaipur Retail Center #13,North India,PRD-IND-00122,Beverages & Tea Model J769,Groceries & Pantry,160,44,19,HEALTHY,-97
Jaipur Retail Center #13,North India,PRD-IND-00123,Beverages & Tea Model I326,Groceries & Pantry,400,38,24,HEALTHY,-338
Jaipur Retail Center #13,North India,PRD-IND-00124,Beverages & Tea Model K557,Groceries & Pantry,155,25,23,HEALTHY,-107
Jaipur Retail Center #13,North India,PRD-IND-00125,Beverages & Tea Model Z358,Groceries & Pantry,461,53,25,HEALTHY,-383
Jaipur Retail Center #13,North India,PRD-IND-00126,Beverages & Tea Model Z580,Groceries & Pantry,417,59,25,HEALTHY,-333
Jaipur Retail Center #13,North India,PRD-IND-00127,Snacks & Sweets Model J315,Groceries & Pantry,162,42,20,HEALTHY,-100
Jaipur Retail Center #13,North India,PRD-IND-00128,Snacks & Sweets Model F813,Groceries & Pantry,106,47,17,HEALTHY,-42
Jaipur Retail Center #13,North India,PRD-IND-00129,Snacks & Sweets Model I383,Groceries & Pantry,34,46,27,WARNING: REORDER NEEDED,39
Jaipur Retail Center #13,North India,PRD-IND-00130,Snacks & Sweets Model Q321,Groceries & Pantry,297,44,18,HEALTHY,-235
Jaipur Retail Center #13,North India,PRD-IND-00131,Snacks & Sweets Model K811,Groceries & Pantry,381,57,20,HEALTHY,-304
Jaipur Retail Center #13,North India,PRD-IND-00132,Snacks & Sweets Model N704,Groceries & Pantry,477,54,32,HEALTHY,-391
Jaipur Retail Center #13,North India,PRD-IND-00133,Organic Staples Model F135,Groceries & Pantry,467,26,32,HEALTHY,-409
Jaipur Retail Center #13,North India,PRD-IND-00134,Organic Staples Model I531,Groceries & Pantry,166,29,16,HEALTHY,-121
Jaipur Retail Center #13,North India,PRD-IND-00135,Organic Staples Model F890,Groceries & Pantry,432,50,15,HEALTHY,-367
Jaipur Retail Center #13,North India,PRD-IND-00136,Organic Staples Model Q759,Groceries & Pantry,403,53,25,HEALTHY,-325
Jaipur Retail Center #13,North India,PRD-IND-00137,Organic Staples Model W353,Groceries & Pantry,239,40,30,HEALTHY,-169
Jaipur Retail Center #13,North India,PRD-IND-00138,Organic Staples Model O517,Groceries & Pantry,487,49,35,HEALTHY,-403
Jaipur Retail Center #13,North India,PRD-IND-00139,Gourmet Foods Model T469,Groceries & Pantry,69,43,17,HEALTHY,-9
Jaipur Retail Center #13,North India,PRD-IND-00140,Gourmet Foods Model W779,Groceries & Pantry,496,39,28,HEALTHY,-429
Jaipur Retail Center #13,North India,PRD-IND-00141,Gourmet Foods Model N139,Groceries & Pantry,408,57,33,HEALTHY,-318
Jaipur Retail Center #13,North India,PRD-IND-00142,Gourmet Foods Model Q928,Groceries & Pantry,145,48,34,HEALTHY,-63
Jaipur Retail Center #13,North India,PRD-IND-00143,Gourmet Foods Model W299,Groceries & Pantry,307,29,35,HEALTHY,-243
Jaipur Retail Center #13,North India,PRD-IND-00144,Gourmet Foods Model S546,Groceries & Pantry,309,39,20,HEALTHY,-250
Gurugram Retail Center #14,North India,PRD-IND-00001,Smartphones Model F985,Electronics & Gadgets,156,41,32,HEALTHY,-83
Gurugram Retail Center #14,North India,PRD-IND-00002,Smartphones Model A572,Electronics & Gadgets,198,34,31,HEALTHY,-133
Gurugram Retail Center #14,North India,PRD-IND-00003,Smartphones Model Z989,Electronics & Gadgets,485,47,35,HEALTHY,-403
Gurugram Retail Center #14,North India,PRD-IND-00004,Smartphones Model R416,Electronics & Gadgets,342,58,23,HEALTHY,-261
Gurugram Retail Center #14,North India,PRD-IND-00005,Smartphones Model L683,Electronics & Gadgets,131,38,33,HEALTHY,-60
Gurugram Retail Center #14,North India,PRD-IND-00006,Smartphones Model E727,Electronics & Gadgets,488,59,23,HEALTHY,-406
Gurugram Retail Center #14,North India,PRD-IND-00007,Laptops Model D381,Electronics & Gadgets,458,46,25,HEALTHY,-387
Gurugram Retail Center #14,North India,PRD-IND-00008,Laptops Model V239,Electronics & Gadgets,413,57,22,HEALTHY,-334
Gurugram Retail Center #14,North India,PRD-IND-00009,Laptops Model O351,Electronics & Gadgets,211,56,17,HEALTHY,-138
Gurugram Retail Center #14,North India,PRD-IND-00010,Laptops Model V866,Electronics & Gadgets,286,56,30,HEALTHY,-200
Gurugram Retail Center #14,North India,PRD-IND-00011,Laptops Model O858,Electronics & Gadgets,491,36,15,HEALTHY,-440
Gurugram Retail Center #14,North India,PRD-IND-00012,Laptops Model B870,Electronics & Gadgets,401,41,30,HEALTHY,-330
Gurugram Retail Center #14,North India,PRD-IND-00013,Audio & Headphones Model T281,Electronics & Gadgets,44,50,16,WARNING: REORDER NEEDED,22
Gurugram Retail Center #14,North India,PRD-IND-00014,Audio & Headphones Model G322,Electronics & Gadgets,46,59,22,WARNING: REORDER NEEDED,35
Gurugram Retail Center #14,North India,PRD-IND-00015,Audio & Headphones Model D324,Electronics & Gadgets,338,48,19,HEALTHY,-271
Gurugram Retail Center #14,North India,PRD-IND-00016,Audio & Headphones Model T550,Electronics & Gadgets,272,28,31,HEALTHY,-213
Gurugram Retail Center #14,North India,PRD-IND-00017,Audio & Headphones Model Q622,Electronics & Gadgets,188,49,20,HEALTHY,-119
Gurugram Retail Center #14,North India,PRD-IND-00018,Audio & Headphones Model P509,Electronics & Gadgets,327,25,35,HEALTHY,-267
Gurugram Retail Center #14,North India,PRD-IND-00019,Smartwatches Model E822,Electronics & Gadgets,366,59,25,HEALTHY,-282
Gurugram Retail Center #14,North India,PRD-IND-00020,Smartwatches Model J175,Electronics & Gadgets,444,38,17,HEALTHY,-389
Gurugram Retail Center #14,North India,PRD-IND-00021,Smartwatches Model O323,Electronics & Gadgets,324,37,32,HEALTHY,-255
Gurugram Retail Center #14,North India,PRD-IND-00022,Smartwatches Model Q954,Electronics & Gadgets,169,50,24,HEALTHY,-95
Gurugram Retail Center #14,North India,PRD-IND-00023,Smartwatches Model R443,Electronics & Gadgets,186,53,15,HEALTHY,-118
Gurugram Retail Center #14,North India,PRD-IND-00024,Smartwatches Model G436,Electronics & Gadgets,7,55,20,HIGH RISK: BELOW SAFETY STOCK,68
Gurugram Retail Center #14,North India,PRD-IND-00025,Home Appliances Model Q738,Electronics & Gadgets,265,37,27,HEALTHY,-201
Gurugram Retail Center #14,North India,PRD-IND-00026,Home Appliances Model P768,Electronics & Gadgets,403,46,17,HEALTHY,-340
Gurugram Retail Center #14,North India,PRD-IND-00027,Home Appliances Model T133,Electronics & Gadgets,454,41,33,HEALTHY,-380
Gurugram Retail Center #14,North India,PRD-IND-00028,Home Appliances Model G300,Electronics & Gadgets,98,43,23,HEALTHY,-32
Gurugram Retail Center #14,North India,PRD-IND-00029,Home Appliances Model H956,Electronics & Gadgets,260,57,20,HEALTHY,-183
Gurugram Retail Center #14,North India,PRD-IND-00030,Home Appliances Model X534,Electronics & Gadgets,465,44,17,HEALTHY,-404
Gurugram Retail Center #14,North India,PRD-IND-00031,Ethnic Wear & Sarees Model S959,Apparel & Fashion,127,32,24,HEALTHY,-71
Gurugram Retail Center #14,North India,PRD-IND-00032,Ethnic Wear & Sarees Model I627,Apparel & Fashion,468,37,30,HEALTHY,-401
Gurugram Retail Center #14,North India,PRD-IND-00033,Ethnic Wear & Sarees Model J288,Apparel & Fashion,445,27,28,HEALTHY,-390
Gurugram Retail Center #14,North India,PRD-IND-00034,Ethnic Wear & Sarees Model R189,Apparel & Fashion,61,48,34,HEALTHY,21
Gurugram Retail Center #14,North India,PRD-IND-00035,Ethnic Wear & Sarees Model F942,Apparel & Fashion,171,38,34,HEALTHY,-99
Gurugram Retail Center #14,North India,PRD-IND-00036,Ethnic Wear & Sarees Model L531,Apparel & Fashion,20,51,30,HIGH RISK: BELOW SAFETY STOCK,61
Gurugram Retail Center #14,North India,PRD-IND-00037,Men's Wear Model U520,Apparel & Fashion,52,34,34,HEALTHY,16
Gurugram Retail Center #14,North India,PRD-IND-00038,Men's Wear Model N368,Apparel & Fashion,114,31,27,HEALTHY,-56
Gurugram Retail Center #14,North India,PRD-IND-00039,Men's Wear Model G987,Apparel & Fashion,140,30,33,HEALTHY,-77
Gurugram Retail Center #14,North India,PRD-IND-00040,Men's Wear Model G903,Apparel & Fashion,375,26,29,HEALTHY,-320
Gurugram Retail Center #14,North India,PRD-IND-00041,Men's Wear Model F525,Apparel & Fashion,2,31,23,HIGH RISK: BELOW SAFETY STOCK,52
Gurugram Retail Center #14,North India,PRD-IND-00042,Men's Wear Model O328,Apparel & Fashion,176,56,25,HEALTHY,-95
Gurugram Retail Center #14,North India,PRD-IND-00043,Women's Western Model E376,Apparel & Fashion,216,51,34,HEALTHY,-131
Gurugram Retail Center #14,North India,PRD-IND-00044,Women's Western Model U499,Apparel & Fashion,135,36,20,HEALTHY,-79
Gurugram Retail Center #14,North India,PRD-IND-00045,Women's Western Model V661,Apparel & Fashion,363,58,22,HEALTHY,-283
Gurugram Retail Center #14,North India,PRD-IND-00046,Women's Western Model U771,Apparel & Fashion,346,44,30,HEALTHY,-272
Gurugram Retail Center #14,North India,PRD-IND-00047,Women's Western Model O503,Apparel & Fashion,359,41,33,HEALTHY,-285
Gurugram Retail Center #14,North India,PRD-IND-00048,Women's Western Model P378,Apparel & Fashion,263,32,27,HEALTHY,-204
Gurugram Retail Center #14,North India,PRD-IND-00049,Footwear Model I961,Apparel & Fashion,256,41,23,HEALTHY,-192
Gurugram Retail Center #14,North India,PRD-IND-00050,Footwear Model F604,Apparel & Fashion,358,27,31,HEALTHY,-300
Gurugram Retail Center #14,North India,PRD-IND-00051,Footwear Model S668,Apparel & Fashion,456,52,18,HEALTHY,-386
Gurugram Retail Center #14,North India,PRD-IND-00052,Footwear Model Z213,Apparel & Fashion,346,40,30,HEALTHY,-276
Gurugram Retail Center #14,North India,PRD-IND-00053,Footwear Model L175,Apparel & Fashion,213,35,21,HEALTHY,-157
Gurugram Retail Center #14,North India,PRD-IND-00054,Footwear Model U733,Apparel & Fashion,52,44,30,HEALTHY,22
Gurugram Retail Center #14,North India,PRD-IND-00055,Fashion Accessories Model Q600,Apparel & Fashion,223,59,26,HEALTHY,-138
Gurugram Retail Center #14,North India,PRD-IND-00056,Fashion Accessories Model H596,Apparel & Fashion,405,41,23,HEALTHY,-341
Gurugram Retail Center #14,North India,PRD-IND-00057,Fashion Accessories Model C782,Apparel & Fashion,331,58,17,HEALTHY,-256
Gurugram Retail Center #14,North India,PRD-IND-00058,Fashion Accessories Model J183,Apparel & Fashion,229,52,29,HEALTHY,-148
Gurugram Retail Center #14,North India,PRD-IND-00059,Fashion Accessories Model R976,Apparel & Fashion,273,59,35,HEALTHY,-179
Gurugram Retail Center #14,North India,PRD-IND-00060,Fashion Accessories Model M677,Apparel & Fashion,274,46,18,HEALTHY,-210
Gurugram Retail Center #14,North India,PRD-IND-00061,Furniture Model N132,Home & Living,93,33,35,HEALTHY,-25
Gurugram Retail Center #14,North India,PRD-IND-00062,Furniture Model U448,Home & Living,361,34,32,HEALTHY,-295
Gurugram Retail Center #14,North India,PRD-IND-00063,Furniture Model R565,Home & Living,181,34,17,HEALTHY,-130
Gurugram Retail Center #14,North India,PRD-IND-00064,Furniture Model J215,Home & Living,26,56,19,WARNING: REORDER NEEDED,49
Gurugram Retail Center #14,North India,PRD-IND-00065,Furniture Model H138,Home & Living,100,26,30,HEALTHY,-44
Gurugram Retail Center #14,North India,PRD-IND-00066,Furniture Model T348,Home & Living,71,60,22,HEALTHY,11
Gurugram Retail Center #14,North India,PRD-IND-00067,Cookware & Kitchen Model V298,Home & Living,40,37,25,HEALTHY,22
Gurugram Retail Center #14,North India,PRD-IND-00068,Cookware & Kitchen Model M927,Home & Living,455,26,30,HEALTHY,-399
Gurugram Retail Center #14,North India,PRD-IND-00069,Cookware & Kitchen Model F737,Home & Living,188,55,33,HEALTHY,-100
Gurugram Retail Center #14,North India,PRD-IND-00070,Cookware & Kitchen Model H709,Home & Living,291,29,26,HEALTHY,-236
Gurugram Retail Center #14,North India,PRD-IND-00071,Cookware & Kitchen Model I672,Home & Living,86,52,19,HEALTHY,-15
Gurugram Retail Center #14,North India,PRD-IND-00072,Cookware & Kitchen Model T452,Home & Living,162,26,16,HEALTHY,-120
Gurugram Retail Center #14,North India,PRD-IND-00073,Bedding & Linen Model C866,Home & Living,377,35,30,HEALTHY,-312
Gurugram Retail Center #14,North India,PRD-IND-00074,Bedding & Linen Model C482,Home & Living,347,56,33,HEALTHY,-258
Gurugram Retail Center #14,North India,PRD-IND-00075,Bedding & Linen Model Y927,Home & Living,338,50,33,HEALTHY,-255
Gurugram Retail Center #14,North India,PRD-IND-00076,Bedding & Linen Model N717,Home & Living,141,59,17,HEALTHY,-65
Gurugram Retail Center #14,North India,PRD-IND-00077,Bedding & Linen Model N231,Home & Living,353,30,34,HEALTHY,-289
Gurugram Retail Center #14,North India,PRD-IND-00078,Bedding & Linen Model C251,Home & Living,102,54,23,HEALTHY,-25
Gurugram Retail Center #14,North India,PRD-IND-00079,Home Decor Model E271,Home & Living,480,53,29,HEALTHY,-398
Gurugram Retail Center #14,North India,PRD-IND-00080,Home Decor Model B737,Home & Living,2,38,33,HIGH RISK: BELOW SAFETY STOCK,69
Gurugram Retail Center #14,North India,PRD-IND-00081,Home Decor Model H935,Home & Living,389,49,18,HEALTHY,-322
Gurugram Retail Center #14,North India,PRD-IND-00082,Home Decor Model J863,Home & Living,451,41,31,HEALTHY,-379
Gurugram Retail Center #14,North India,PRD-IND-00083,Home Decor Model S419,Home & Living,390,56,32,HEALTHY,-302
Gurugram Retail Center #14,North India,PRD-IND-00084,Home Decor Model R235,Home & Living,483,40,23,HEALTHY,-420
Gurugram Retail Center #14,North India,PRD-IND-00085,Pooja & Spiritual Essentials Model B542,Home & Living,186,25,21,HEALTHY,-140
Gurugram Retail Center #14,North India,PRD-IND-00086,Pooja & Spiritual Essentials Model C617,Home & Living,45,58,20,WARNING: REORDER NEEDED,33
Gurugram Retail Center #14,North India,PRD-IND-00087,Pooja & Spiritual Essentials Model I388,Home & Living,231,48,27,HEALTHY,-156
Gurugram Retail Center #14,North India,PRD-IND-00088,Pooja & Spiritual Essentials Model X441,Home & Living,207,54,16,HEALTHY,-137
Gurugram Retail Center #14,North India,PRD-IND-00089,Pooja & Spiritual Essentials Model S453,Home & Living,33,52,29,WARNING: REORDER NEEDED,48
Gurugram Retail Center #14,North India,PRD-IND-00090,Pooja & Spiritual Essentials Model T756,Home & Living,449,38,25,HEALTHY,-386
Gurugram Retail Center #14,North India,PRD-IND-00091,Ayurvedic & Skincare Model I993,Beauty & Personal Care,460,39,22,HEALTHY,-399
Gurugram Retail Center #14,North India,PRD-IND-00092,Ayurvedic & Skincare Model V453,Beauty & Personal Care,298,27,35,HEALTHY,-236
Gurugram Retail Center #14,North India,PRD-IND-00093,Ayurvedic & Skincare Model R437,Beauty & Personal Care,489,32,24,HEALTHY,-433
Gurugram Retail Center #14,North India,PRD-IND-00094,Ayurvedic & Skincare Model K348,Beauty & Personal Care,136,35,21,HEALTHY,-80
Gurugram Retail Center #14,North India,PRD-IND-00095,Ayurvedic & Skincare Model S650,Beauty & Personal Care,93,47,27,HEALTHY,-19
Gurugram Retail Center #14,North India,PRD-IND-00096,Ayurvedic & Skincare Model E371,Beauty & Personal Care,305,33,35,HEALTHY,-237
Gurugram Retail Center #14,North India,PRD-IND-00097,Personal Grooming Model X908,Beauty & Personal Care,411,42,26,HEALTHY,-343
Gurugram Retail Center #14,North India,PRD-IND-00098,Personal Grooming Model V376,Beauty & Personal Care,479,50,20,HEALTHY,-409
Gurugram Retail Center #14,North India,PRD-IND-00099,Personal Grooming Model K686,Beauty & Personal Care,81,39,19,HEALTHY,-23
Gurugram Retail Center #14,North India,PRD-IND-00100,Personal Grooming Model Q489,Beauty & Personal Care,253,34,31,HEALTHY,-188
Gurugram Retail Center #14,North India,PRD-IND-00101,Personal Grooming Model Y559,Beauty & Personal Care,223,38,15,HEALTHY,-170
Gurugram Retail Center #14,North India,PRD-IND-00102,Personal Grooming Model N766,Beauty & Personal Care,431,40,23,HEALTHY,-368
Gurugram Retail Center #14,North India,PRD-IND-00103,Cosmetics Model D157,Beauty & Personal Care,496,54,21,HEALTHY,-421
Gurugram Retail Center #14,North India,PRD-IND-00104,Cosmetics Model A526,Beauty & Personal Care,40,36,32,HEALTHY,28
Gurugram Retail Center #14,North India,PRD-IND-00105,Cosmetics Model J672,Beauty & Personal Care,331,29,17,HEALTHY,-285
Gurugram Retail Center #14,North India,PRD-IND-00106,Cosmetics Model G541,Beauty & Personal Care,259,32,28,HEALTHY,-199
Gurugram Retail Center #14,North India,PRD-IND-00107,Cosmetics Model B432,Beauty & Personal Care,323,39,21,HEALTHY,-263
Gurugram Retail Center #14,North India,PRD-IND-00108,Cosmetics Model V489,Beauty & Personal Care,229,44,21,HEALTHY,-164
Gurugram Retail Center #14,North India,PRD-IND-00109,Wellness & Health Model V933,Beauty & Personal Care,321,57,16,HEALTHY,-248
Gurugram Retail Center #14,North India,PRD-IND-00110,Wellness & Health Model B245,Beauty & Personal Care,269,38,27,HEALTHY,-204
Gurugram Retail Center #14,North India,PRD-IND-00111,Wellness & Health Model H766,Beauty & Personal Care,197,38,15,HEALTHY,-144
Gurugram Retail Center #14,North India,PRD-IND-00112,Wellness & Health Model X718,Beauty & Personal Care,256,27,31,HEALTHY,-198
Gurugram Retail Center #14,North India,PRD-IND-00113,Wellness & Health Model H456,Beauty & Personal Care,313,39,29,HEALTHY,-245
Gurugram Retail Center #14,North India,PRD-IND-00114,Wellness & Health Model I109,Beauty & Personal Care,302,45,19,HEALTHY,-238
Gurugram Retail Center #14,North India,PRD-IND-00115,Spices & Atta Model E734,Groceries & Pantry,90,25,19,HEALTHY,-46
Gurugram Retail Center #14,North India,PRD-IND-00116,Spices & Atta Model H432,Groceries & Pantry,91,56,16,HEALTHY,-19
Gurugram Retail Center #14,North India,PRD-IND-00117,Spices & Atta Model P601,Groceries & Pantry,425,54,28,HEALTHY,-343
Gurugram Retail Center #14,North India,PRD-IND-00118,Spices & Atta Model U283,Groceries & Pantry,9,29,30,HIGH RISK: BELOW SAFETY STOCK,50
Gurugram Retail Center #14,North India,PRD-IND-00119,Spices & Atta Model P799,Groceries & Pantry,408,55,29,HEALTHY,-324
Gurugram Retail Center #14,North India,PRD-IND-00120,Spices & Atta Model Q229,Groceries & Pantry,200,60,34,HEALTHY,-106
Gurugram Retail Center #14,North India,PRD-IND-00121,Beverages & Tea Model R726,Groceries & Pantry,480,57,24,HEALTHY,-399
Gurugram Retail Center #14,North India,PRD-IND-00122,Beverages & Tea Model J769,Groceries & Pantry,419,58,25,HEALTHY,-336
Gurugram Retail Center #14,North India,PRD-IND-00123,Beverages & Tea Model I326,Groceries & Pantry,404,50,19,HEALTHY,-335
Gurugram Retail Center #14,North India,PRD-IND-00124,Beverages & Tea Model K557,Groceries & Pantry,147,43,35,HEALTHY,-69
Gurugram Retail Center #14,North India,PRD-IND-00125,Beverages & Tea Model Z358,Groceries & Pantry,126,42,24,HEALTHY,-60
Gurugram Retail Center #14,North India,PRD-IND-00126,Beverages & Tea Model Z580,Groceries & Pantry,259,60,29,HEALTHY,-170
Gurugram Retail Center #14,North India,PRD-IND-00127,Snacks & Sweets Model J315,Groceries & Pantry,371,52,24,HEALTHY,-295
Gurugram Retail Center #14,North India,PRD-IND-00128,Snacks & Sweets Model F813,Groceries & Pantry,356,58,16,HEALTHY,-282
Gurugram Retail Center #14,North India,PRD-IND-00129,Snacks & Sweets Model I383,Groceries & Pantry,481,57,21,HEALTHY,-403
Gurugram Retail Center #14,North India,PRD-IND-00130,Snacks & Sweets Model Q321,Groceries & Pantry,164,41,17,HEALTHY,-106
Gurugram Retail Center #14,North India,PRD-IND-00131,Snacks & Sweets Model K811,Groceries & Pantry,259,55,30,HEALTHY,-174
Gurugram Retail Center #14,North India,PRD-IND-00132,Snacks & Sweets Model N704,Groceries & Pantry,189,50,35,HEALTHY,-104
Gurugram Retail Center #14,North India,PRD-IND-00133,Organic Staples Model F135,Groceries & Pantry,425,52,32,HEALTHY,-341
Gurugram Retail Center #14,North India,PRD-IND-00134,Organic Staples Model I531,Groceries & Pantry,175,51,16,HEALTHY,-108
Gurugram Retail Center #14,North India,PRD-IND-00135,Organic Staples Model F890,Groceries & Pantry,58,35,15,HEALTHY,-8
Gurugram Retail Center #14,North India,PRD-IND-00136,Organic Staples Model Q759,Groceries & Pantry,466,47,23,HEALTHY,-396
Gurugram Retail Center #14,North India,PRD-IND-00137,Organic Staples Model W353,Groceries & Pantry,156,45,22,HEALTHY,-89
Gurugram Retail Center #14,North India,PRD-IND-00138,Organic Staples Model O517,Groceries & Pantry,253,50,19,HEALTHY,-184
Gurugram Retail Center #14,North India,PRD-IND-00139,Gourmet Foods Model T469,Groceries & Pantry,176,43,15,HEALTHY,-118
Gurugram Retail Center #14,North India,PRD-IND-00140,Gourmet Foods Model W779,Groceries & Pantry,71,32,20,HEALTHY,-19
Gurugram Retail Center #14,North India,PRD-IND-00141,Gourmet Foods Model N139,Groceries & Pantry,273,57,16,HEALTHY,-200
Gurugram Retail Center #14,North India,PRD-IND-00142,Gourmet Foods Model Q928,Groceries & Pantry,87,34,19,HEALTHY,-34
Gurugram Retail Center #14,North India,PRD-IND-00143,Gourmet Foods Model W299,Groceries & Pantry,30,51,26,WARNING: REORDER NEEDED,47
Gurugram Retail Center #14,North India,PRD-IND-00144,Gourmet Foods Model S546,Groceries & Pantry,26,60,31,HIGH RISK: BELOW SAFETY STOCK,65
Guwahati Retail Center #15,North East India,PRD-IND-00001,Smartphones Model F985,Electronics & Gadgets,395,37,27,HEALTHY,-331
Guwahati Retail Center #15,North East India,PRD-IND-00002,Smartphones Model A572,Electronics & Gadgets,147,52,17,HEALTHY,-78
Guwahati Retail Center #15,North East India,PRD-IND-00003,Smartphones Model Z989,Electronics & Gadgets,238,46,30,HEALTHY,-162
Guwahati Retail Center #15,North East India,PRD-IND-00004,Smartphones Model R416,Electronics & Gadgets,172,58,35,HEALTHY,-79
Guwahati Retail Center #15,North East India,PRD-IND-00005,Smartphones Model L683,Electronics & Gadgets,266,41,16,HEALTHY,-209
Guwahati Retail Center #15,North East India,PRD-IND-00006,Smartphones Model E727,Electronics & Gadgets,469,27,19,HEALTHY,-423
Guwahati Retail Center #15,North East India,PRD-IND-00007,Laptops Model D381,Electronics & Gadgets,452,45,30,HEALTHY,-377
Guwahati Retail Center #15,North East India,PRD-IND-00008,Laptops Model V239,Electronics & Gadgets,463,60,18,HEALTHY,-385
Guwahati Retail Center #15,North East India,PRD-IND-00009,Laptops Model O351,Electronics & Gadgets,132,51,18,HEALTHY,-63
Guwahati Retail Center #15,North East India,PRD-IND-00010,Laptops Model V866,Electronics & Gadgets,390,46,25,HEALTHY,-319
Guwahati Retail Center #15,North East India,PRD-IND-00011,Laptops Model O858,Electronics & Gadgets,174,52,17,HEALTHY,-105
Guwahati Retail Center #15,North East India,PRD-IND-00012,Laptops Model B870,Electronics & Gadgets,70,27,20,HEALTHY,-23
Guwahati Retail Center #15,North East India,PRD-IND-00013,Audio & Headphones Model T281,Electronics & Gadgets,101,28,16,HEALTHY,-57
Guwahati Retail Center #15,North East India,PRD-IND-00014,Audio & Headphones Model G322,Electronics & Gadgets,269,41,27,HEALTHY,-201
Guwahati Retail Center #15,North East India,PRD-IND-00015,Audio & Headphones Model D324,Electronics & Gadgets,152,52,19,HEALTHY,-81
Guwahati Retail Center #15,North East India,PRD-IND-00016,Audio & Headphones Model T550,Electronics & Gadgets,360,48,31,HEALTHY,-281
Guwahati Retail Center #15,North East India,PRD-IND-00017,Audio & Headphones Model Q622,Electronics & Gadgets,490,41,32,HEALTHY,-417
Guwahati Retail Center #15,North East India,PRD-IND-00018,Audio & Headphones Model P509,Electronics & Gadgets,335,37,18,HEALTHY,-280
Guwahati Retail Center #15,North East India,PRD-IND-00019,Smartwatches Model E822,Electronics & Gadgets,119,46,33,HEALTHY,-40
Guwahati Retail Center #15,North East India,PRD-IND-00020,Smartwatches Model J175,Electronics & Gadgets,92,44,26,HEALTHY,-22
Guwahati Retail Center #15,North East India,PRD-IND-00021,Smartwatches Model O323,Electronics & Gadgets,192,25,15,HEALTHY,-152
Guwahati Retail Center #15,North East India,PRD-IND-00022,Smartwatches Model Q954,Electronics & Gadgets,323,31,25,HEALTHY,-267
Guwahati Retail Center #15,North East India,PRD-IND-00023,Smartwatches Model R443,Electronics & Gadgets,335,30,17,HEALTHY,-288
Guwahati Retail Center #15,North East India,PRD-IND-00024,Smartwatches Model G436,Electronics & Gadgets,70,25,19,HEALTHY,-26
Guwahati Retail Center #15,North East India,PRD-IND-00025,Home Appliances Model Q738,Electronics & Gadgets,351,37,34,HEALTHY,-280
Guwahati Retail Center #15,North East India,PRD-IND-00026,Home Appliances Model P768,Electronics & Gadgets,5,51,26,HIGH RISK: BELOW SAFETY STOCK,72
Guwahati Retail Center #15,North East India,PRD-IND-00027,Home Appliances Model T133,Electronics & Gadgets,225,56,24,HEALTHY,-145
Guwahati Retail Center #15,North East India,PRD-IND-00028,Home Appliances Model G300,Electronics & Gadgets,120,30,35,HEALTHY,-55
Guwahati Retail Center #15,North East India,PRD-IND-00029,Home Appliances Model H956,Electronics & Gadgets,353,52,17,HEALTHY,-284
Guwahati Retail Center #15,North East India,PRD-IND-00030,Home Appliances Model X534,Electronics & Gadgets,225,47,17,HEALTHY,-161
Guwahati Retail Center #15,North East India,PRD-IND-00031,Ethnic Wear & Sarees Model S959,Apparel & Fashion,141,58,33,HEALTHY,-50
Guwahati Retail Center #15,North East India,PRD-IND-00032,Ethnic Wear & Sarees Model I627,Apparel & Fashion,401,44,15,HEALTHY,-342
Guwahati Retail Center #15,North East India,PRD-IND-00033,Ethnic Wear & Sarees Model J288,Apparel & Fashion,397,33,18,HEALTHY,-346
Guwahati Retail Center #15,North East India,PRD-IND-00034,Ethnic Wear & Sarees Model R189,Apparel & Fashion,371,47,16,HEALTHY,-308
Guwahati Retail Center #15,North East India,PRD-IND-00035,Ethnic Wear & Sarees Model F942,Apparel & Fashion,335,49,25,HEALTHY,-261
Guwahati Retail Center #15,North East India,PRD-IND-00036,Ethnic Wear & Sarees Model L531,Apparel & Fashion,329,60,26,HEALTHY,-243
Guwahati Retail Center #15,North East India,PRD-IND-00037,Men's Wear Model U520,Apparel & Fashion,51,53,32,WARNING: REORDER NEEDED,34
Guwahati Retail Center #15,North East India,PRD-IND-00038,Men's Wear Model N368,Apparel & Fashion,84,45,15,HEALTHY,-24
Guwahati Retail Center #15,North East India,PRD-IND-00039,Men's Wear Model G987,Apparel & Fashion,191,28,26,HEALTHY,-137
Guwahati Retail Center #15,North East India,PRD-IND-00040,Men's Wear Model G903,Apparel & Fashion,229,59,15,HEALTHY,-155
Guwahati Retail Center #15,North East India,PRD-IND-00041,Men's Wear Model F525,Apparel & Fashion,15,27,32,HIGH RISK: BELOW SAFETY STOCK,44
Guwahati Retail Center #15,North East India,PRD-IND-00042,Men's Wear Model O328,Apparel & Fashion,493,57,19,HEALTHY,-417
Guwahati Retail Center #15,North East India,PRD-IND-00043,Women's Western Model E376,Apparel & Fashion,77,57,23,HEALTHY,3
Guwahati Retail Center #15,North East India,PRD-IND-00044,Women's Western Model U499,Apparel & Fashion,295,59,23,HEALTHY,-213
Guwahati Retail Center #15,North East India,PRD-IND-00045,Women's Western Model V661,Apparel & Fashion,462,51,23,HEALTHY,-388
Guwahati Retail Center #15,North East India,PRD-IND-00046,Women's Western Model U771,Apparel & Fashion,58,48,25,HEALTHY,15
Guwahati Retail Center #15,North East India,PRD-IND-00047,Women's Western Model O503,Apparel & Fashion,228,38,26,HEALTHY,-164
Guwahati Retail Center #15,North East India,PRD-IND-00048,Women's Western Model P378,Apparel & Fashion,420,33,28,HEALTHY,-359
Guwahati Retail Center #15,North East India,PRD-IND-00049,Footwear Model I961,Apparel & Fashion,70,34,25,HEALTHY,-11
Guwahati Retail Center #15,North East India,PRD-IND-00050,Footwear Model F604,Apparel & Fashion,232,31,20,HEALTHY,-181
Guwahati Retail Center #15,North East India,PRD-IND-00051,Footwear Model S668,Apparel & Fashion,98,53,24,HEALTHY,-21
Guwahati Retail Center #15,North East India,PRD-IND-00052,Footwear Model Z213,Apparel & Fashion,148,46,32,HEALTHY,-70
Guwahati Retail Center #15,North East India,PRD-IND-00053,Footwear Model L175,Apparel & Fashion,481,47,30,HEALTHY,-404
Guwahati Retail Center #15,North East India,PRD-IND-00054,Footwear Model U733,Apparel & Fashion,413,49,29,HEALTHY,-335
Guwahati Retail Center #15,North East India,PRD-IND-00055,Fashion Accessories Model Q600,Apparel & Fashion,325,27,29,HEALTHY,-269
Guwahati Retail Center #15,North East India,PRD-IND-00056,Fashion Accessories Model H596,Apparel & Fashion,121,47,32,HEALTHY,-42
Guwahati Retail Center #15,North East India,PRD-IND-00057,Fashion Accessories Model C782,Apparel & Fashion,450,38,29,HEALTHY,-383
Guwahati Retail Center #15,North East India,PRD-IND-00058,Fashion Accessories Model J183,Apparel & Fashion,284,33,23,HEALTHY,-228
Guwahati Retail Center #15,North East India,PRD-IND-00059,Fashion Accessories Model R976,Apparel & Fashion,176,57,35,HEALTHY,-84
Guwahati Retail Center #15,North East India,PRD-IND-00060,Fashion Accessories Model M677,Apparel & Fashion,308,27,32,HEALTHY,-249
Guwahati Retail Center #15,North East India,PRD-IND-00061,Furniture Model N132,Home & Living,394,44,31,HEALTHY,-319
Guwahati Retail Center #15,North East India,PRD-IND-00062,Furniture Model U448,Home & Living,429,58,33,HEALTHY,-338
Guwahati Retail Center #15,North East India,PRD-IND-00063,Furniture Model R565,Home & Living,426,41,35,HEALTHY,-350
Guwahati Retail Center #15,North East India,PRD-IND-00064,Furniture Model J215,Home & Living,221,60,18,HEALTHY,-143
Guwahati Retail Center #15,North East India,PRD-IND-00065,Furniture Model H138,Home & Living,58,58,35,WARNING: REORDER NEEDED,35
Guwahati Retail Center #15,North East India,PRD-IND-00066,Furniture Model T348,Home & Living,24,43,33,HIGH RISK: BELOW SAFETY STOCK,52
Guwahati Retail Center #15,North East India,PRD-IND-00067,Cookware & Kitchen Model V298,Home & Living,52,41,29,HEALTHY,18
Guwahati Retail Center #15,North East India,PRD-IND-00068,Cookware & Kitchen Model M927,Home & Living,495,36,19,HEALTHY,-440
Guwahati Retail Center #15,North East India,PRD-IND-00069,Cookware & Kitchen Model F737,Home & Living,491,54,26,HEALTHY,-411
Guwahati Retail Center #15,North East India,PRD-IND-00070,Cookware & Kitchen Model H709,Home & Living,391,32,22,HEALTHY,-337
Guwahati Retail Center #15,North East India,PRD-IND-00071,Cookware & Kitchen Model I672,Home & Living,241,49,20,HEALTHY,-172
Guwahati Retail Center #15,North East India,PRD-IND-00072,Cookware & Kitchen Model T452,Home & Living,355,42,18,HEALTHY,-295
Guwahati Retail Center #15,North East India,PRD-IND-00073,Bedding & Linen Model C866,Home & Living,430,53,29,HEALTHY,-348
Guwahati Retail Center #15,North East India,PRD-IND-00074,Bedding & Linen Model C482,Home & Living,77,53,34,HEALTHY,10
Guwahati Retail Center #15,North East India,PRD-IND-00075,Bedding & Linen Model Y927,Home & Living,471,34,30,HEALTHY,-407
Guwahati Retail Center #15,North East India,PRD-IND-00076,Bedding & Linen Model N717,Home & Living,270,39,28,HEALTHY,-203
Guwahati Retail Center #15,North East India,PRD-IND-00077,Bedding & Linen Model N231,Home & Living,57,49,25,HEALTHY,17
Guwahati Retail Center #15,North East India,PRD-IND-00078,Bedding & Linen Model C251,Home & Living,173,52,16,HEALTHY,-105
Guwahati Retail Center #15,North East India,PRD-IND-00079,Home Decor Model E271,Home & Living,444,30,34,HEALTHY,-380
Guwahati Retail Center #15,North East India,PRD-IND-00080,Home Decor Model B737,Home & Living,366,57,19,HEALTHY,-290
Guwahati Retail Center #15,North East India,PRD-IND-00081,Home Decor Model H935,Home & Living,53,43,19,HEALTHY,9
Guwahati Retail Center #15,North East India,PRD-IND-00082,Home Decor Model J863,Home & Living,197,26,20,HEALTHY,-151
Guwahati Retail Center #15,North East India,PRD-IND-00083,Home Decor Model S419,Home & Living,382,53,29,HEALTHY,-300
Guwahati Retail Center #15,North East India,PRD-IND-00084,Home Decor Model R235,Home & Living,9,57,15,HIGH RISK: BELOW SAFETY STOCK,63
Guwahati Retail Center #15,North East India,PRD-IND-00085,Pooja & Spiritual Essentials Model B542,Home & Living,137,38,32,HEALTHY,-67
Guwahati Retail Center #15,North East India,PRD-IND-00086,Pooja & Spiritual Essentials Model C617,Home & Living,180,30,33,HEALTHY,-117
Guwahati Retail Center #15,North East India,PRD-IND-00087,Pooja & Spiritual Essentials Model I388,Home & Living,118,39,29,HEALTHY,-50
Guwahati Retail Center #15,North East India,PRD-IND-00088,Pooja & Spiritual Essentials Model X441,Home & Living,151,26,30,HEALTHY,-95
Guwahati Retail Center #15,North East India,PRD-IND-00089,Pooja & Spiritual Essentials Model S453,Home & Living,448,47,31,HEALTHY,-370
Guwahati Retail Center #15,North East India,PRD-IND-00090,Pooja & Spiritual Essentials Model T756,Home & Living,131,59,25,HEALTHY,-47
Guwahati Retail Center #15,North East India,PRD-IND-00091,Ayurvedic & Skincare Model I993,Beauty & Personal Care,241,43,19,HEALTHY,-179
Guwahati Retail Center #15,North East India,PRD-IND-00092,Ayurvedic & Skincare Model V453,Beauty & Personal Care,411,52,16,HEALTHY,-343
Guwahati Retail Center #15,North East India,PRD-IND-00093,Ayurvedic & Skincare Model R437,Beauty & Personal Care,482,44,25,HEALTHY,-413
Guwahati Retail Center #15,North East India,PRD-IND-00094,Ayurvedic & Skincare Model K348,Beauty & Personal Care,99,44,15,HEALTHY,-40
Guwahati Retail Center #15,North East India,PRD-IND-00095,Ayurvedic & Skincare Model S650,Beauty & Personal Care,83,42,35,HEALTHY,-6
Guwahati Retail Center #15,North East India,PRD-IND-00096,Ayurvedic & Skincare Model E371,Beauty & Personal Care,164,58,16,HEALTHY,-90
Guwahati Retail Center #15,North East India,PRD-IND-00097,Personal Grooming Model X908,Beauty & Personal Care,214,43,17,HEALTHY,-154
Guwahati Retail Center #15,North East India,PRD-IND-00098,Personal Grooming Model V376,Beauty & Personal Care,435,35,17,HEALTHY,-383
Guwahati Retail Center #15,North East India,PRD-IND-00099,Personal Grooming Model K686,Beauty & Personal Care,437,59,31,HEALTHY,-347
Guwahati Retail Center #15,North East India,PRD-IND-00100,Personal Grooming Model Q489,Beauty & Personal Care,192,46,23,HEALTHY,-123
Guwahati Retail Center #15,North East India,PRD-IND-00101,Personal Grooming Model Y559,Beauty & Personal Care,219,53,34,HEALTHY,-132
Guwahati Retail Center #15,North East India,PRD-IND-00102,Personal Grooming Model N766,Beauty & Personal Care,260,45,35,HEALTHY,-180
Guwahati Retail Center #15,North East India,PRD-IND-00103,Cosmetics Model D157,Beauty & Personal Care,109,60,29,HEALTHY,-20
Guwahati Retail Center #15,North East India,PRD-IND-00104,Cosmetics Model A526,Beauty & Personal Care,180,33,30,HEALTHY,-117
Guwahati Retail Center #15,North East India,PRD-IND-00105,Cosmetics Model J672,Beauty & Personal Care,168,26,30,HEALTHY,-112
Guwahati Retail Center #15,North East India,PRD-IND-00106,Cosmetics Model G541,Beauty & Personal Care,497,44,15,HEALTHY,-438
Guwahati Retail Center #15,North East India,PRD-IND-00107,Cosmetics Model B432,Beauty & Personal Care,44,46,31,WARNING: REORDER NEEDED,33
Guwahati Retail Center #15,North East India,PRD-IND-00108,Cosmetics Model V489,Beauty & Personal Care,114,53,27,HEALTHY,-34
Guwahati Retail Center #15,North East India,PRD-IND-00109,Wellness & Health Model V933,Beauty & Personal Care,193,37,29,HEALTHY,-127
Guwahati Retail Center #15,North East India,PRD-IND-00110,Wellness & Health Model B245,Beauty & Personal Care,433,54,32,HEALTHY,-347
Guwahati Retail Center #15,North East India,PRD-IND-00111,Wellness & Health Model H766,Beauty & Personal Care,480,33,23,HEALTHY,-424
Guwahati Retail Center #15,North East India,PRD-IND-00112,Wellness & Health Model X718,Beauty & Personal Care,417,43,20,HEALTHY,-354
Guwahati Retail Center #15,North East India,PRD-IND-00113,Wellness & Health Model H456,Beauty & Personal Care,312,44,17,HEALTHY,-251
Guwahati Retail Center #15,North East India,PRD-IND-00114,Wellness & Health Model I109,Beauty & Personal Care,19,25,23,HIGH RISK: BELOW SAFETY STOCK,29
Guwahati Retail Center #15,North East India,PRD-IND-00115,Spices & Atta Model E734,Groceries & Pantry,205,42,25,HEALTHY,-138
Guwahati Retail Center #15,North East India,PRD-IND-00116,Spices & Atta Model H432,Groceries & Pantry,364,28,17,HEALTHY,-319
Guwahati Retail Center #15,North East India,PRD-IND-00117,Spices & Atta Model P601,Groceries & Pantry,440,52,20,HEALTHY,-368
Guwahati Retail Center #15,North East India,PRD-IND-00118,Spices & Atta Model U283,Groceries & Pantry,490,59,22,HEALTHY,-409
Guwahati Retail Center #15,North East India,PRD-IND-00119,Spices & Atta Model P799,Groceries & Pantry,125,45,32,HEALTHY,-48
Guwahati Retail Center #15,North East India,PRD-IND-00120,Spices & Atta Model Q229,Groceries & Pantry,133,55,17,HEALTHY,-61
Guwahati Retail Center #15,North East India,PRD-IND-00121,Beverages & Tea Model R726,Groceries & Pantry,111,32,18,HEALTHY,-61
Guwahati Retail Center #15,North East India,PRD-IND-00122,Beverages & Tea Model J769,Groceries & Pantry,258,54,29,HEALTHY,-175
Guwahati Retail Center #15,North East India,PRD-IND-00123,Beverages & Tea Model I326,Groceries & Pantry,157,60,30,HEALTHY,-67
Guwahati Retail Center #15,North East India,PRD-IND-00124,Beverages & Tea Model K557,Groceries & Pantry,395,46,27,HEALTHY,-322
Guwahati Retail Center #15,North East India,PRD-IND-00125,Beverages & Tea Model Z358,Groceries & Pantry,150,32,18,HEALTHY,-100
Guwahati Retail Center #15,North East India,PRD-IND-00126,Beverages & Tea Model Z580,Groceries & Pantry,175,33,25,HEALTHY,-117
Guwahati Retail Center #15,North East India,PRD-IND-00127,Snacks & Sweets Model J315,Groceries & Pantry,417,47,25,HEALTHY,-345
Guwahati Retail Center #15,North East India,PRD-IND-00128,Snacks & Sweets Model F813,Groceries & Pantry,397,48,26,HEALTHY,-323
Guwahati Retail Center #15,North East India,PRD-IND-00129,Snacks & Sweets Model I383,Groceries & Pantry,181,47,34,HEALTHY,-100
Guwahati Retail Center #15,North East India,PRD-IND-00130,Snacks & Sweets Model Q321,Groceries & Pantry,209,56,18,HEALTHY,-135
Guwahati Retail Center #15,North East India,PRD-IND-00131,Snacks & Sweets Model K811,Groceries & Pantry,424,57,33,HEALTHY,-334
Guwahati Retail Center #15,North East India,PRD-IND-00132,Snacks & Sweets Model N704,Groceries & Pantry,47,33,35,HEALTHY,21
Guwahati Retail Center #15,North East India,PRD-IND-00133,Organic Staples Model F135,Groceries & Pantry,439,34,29,HEALTHY,-376
Guwahati Retail Center #15,North East India,PRD-IND-00134,Organic Staples Model I531,Groceries & Pantry,357,28,25,HEALTHY,-304
Guwahati Retail Center #15,North East India,PRD-IND-00135,Organic Staples Model F890,Groceries & Pantry,213,34,24,HEALTHY,-155
Guwahati Retail Center #15,North East India,PRD-IND-00136,Organic Staples Model Q759,Groceries & Pantry,209,46,15,HEALTHY,-148
Guwahati Retail Center #15,North East India,PRD-IND-00137,Organic Staples Model W353,Groceries & Pantry,347,47,21,HEALTHY,-279
Guwahati Retail Center #15,North East India,PRD-IND-00138,Organic Staples Model O517,Groceries & Pantry,433,54,19,HEALTHY,-360
Guwahati Retail Center #15,North East India,PRD-IND-00139,Gourmet Foods Model T469,Groceries & Pantry,201,57,25,HEALTHY,-119
Guwahati Retail Center #15,North East India,PRD-IND-00140,Gourmet Foods Model W779,Groceries & Pantry,417,42,18,HEALTHY,-357
Guwahati Retail Center #15,North East India,PRD-IND-00141,Gourmet Foods Model N139,Groceries & Pantry,86,35,26,HEALTHY,-25
Guwahati Retail Center #15,North East India,PRD-IND-00142,Gourmet Foods Model Q928,Groceries & Pantry,221,33,34,HEALTHY,-154
Guwahati Retail Center #15,North East India,PRD-IND-00143,Gourmet Foods Model W299,Groceries & Pantry,443,35,31,HEALTHY,-377
Guwahati Retail Center #15,North East India,PRD-IND-00144,Gourmet Foods Model S546,Groceries & Pantry,454,33,28,HEALTHY,-393
Ahmedabad Retail Center #16,West India,PRD-IND-00001,Smartphones Model F985,Electronics & Gadgets,207,38,17,HEALTHY,-152
Ahmedabad Retail Center #16,West India,PRD-IND-00002,Smartphones Model A572,Electronics & Gadgets,233,32,20,HEALTHY,-181
Ahmedabad Retail Center #16,West India,PRD-IND-00003,Smartphones Model Z989,Electronics & Gadgets,466,51,24,HEALTHY,-391
Ahmedabad Retail Center #16,West India,PRD-IND-00004,Smartphones Model R416,Electronics & Gadgets,166,42,31,HEALTHY,-93
Ahmedabad Retail Center #16,West India,PRD-IND-00005,Smartphones Model L683,Electronics & Gadgets,282,27,34,HEALTHY,-221
Ahmedabad Retail Center #16,West India,PRD-IND-00006,Smartphones Model E727,Electronics & Gadgets,480,25,18,HEALTHY,-437
Ahmedabad Retail Center #16,West India,PRD-IND-00007,Laptops Model D381,Electronics & Gadgets,177,57,15,HEALTHY,-105
Ahmedabad Retail Center #16,West India,PRD-IND-00008,Laptops Model V239,Electronics & Gadgets,367,28,16,HEALTHY,-323
Ahmedabad Retail Center #16,West India,PRD-IND-00009,Laptops Model O351,Electronics & Gadgets,44,45,23,WARNING: REORDER NEEDED,24
Ahmedabad Retail Center #16,West India,PRD-IND-00010,Laptops Model V866,Electronics & Gadgets,329,39,28,HEALTHY,-262
Ahmedabad Retail Center #16,West India,PRD-IND-00011,Laptops Model O858,Electronics & Gadgets,416,26,21,HEALTHY,-369
Ahmedabad Retail Center #16,West India,PRD-IND-00012,Laptops Model B870,Electronics & Gadgets,226,36,35,HEALTHY,-155
Ahmedabad Retail Center #16,West India,PRD-IND-00013,Audio & Headphones Model T281,Electronics & Gadgets,305,56,31,HEALTHY,-218
Ahmedabad Retail Center #16,West India,PRD-IND-00014,Audio & Headphones Model G322,Electronics & Gadgets,496,29,26,HEALTHY,-441
Ahmedabad Retail Center #16,West India,PRD-IND-00015,Audio & Headphones Model D324,Electronics & Gadgets,213,57,23,HEALTHY,-133
Ahmedabad Retail Center #16,West India,PRD-IND-00016,Audio & Headphones Model T550,Electronics & Gadgets,458,58,28,HEALTHY,-372
Ahmedabad Retail Center #16,West India,PRD-IND-00017,Audio & Headphones Model Q622,Electronics & Gadgets,162,28,20,HEALTHY,-114
Ahmedabad Retail Center #16,West India,PRD-IND-00018,Audio & Headphones Model P509,Electronics & Gadgets,24,49,21,WARNING: REORDER NEEDED,46
Ahmedabad Retail Center #16,West India,PRD-IND-00019,Smartwatches Model E822,Electronics & Gadgets,404,29,31,HEALTHY,-344
Ahmedabad Retail Center #16,West India,PRD-IND-00020,Smartwatches Model J175,Electronics & Gadgets,93,45,27,HEALTHY,-21
Ahmedabad Retail Center #16,West India,PRD-IND-00021,Smartwatches Model O323,Electronics & Gadgets,203,51,32,HEALTHY,-120
Ahmedabad Retail Center #16,West India,PRD-IND-00022,Smartwatches Model Q954,Electronics & Gadgets,77,43,33,HEALTHY,-1
Ahmedabad Retail Center #16,West India,PRD-IND-00023,Smartwatches Model R443,Electronics & Gadgets,25,60,18,WARNING: REORDER NEEDED,53
Ahmedabad Retail Center #16,West India,PRD-IND-00024,Smartwatches Model G436,Electronics & Gadgets,132,45,16,HEALTHY,-71
Ahmedabad Retail Center #16,West India,PRD-IND-00025,Home Appliances Model Q738,Electronics & Gadgets,305,59,23,HEALTHY,-223
Ahmedabad Retail Center #16,West India,PRD-IND-00026,Home Appliances Model P768,Electronics & Gadgets,432,46,33,HEALTHY,-353
Ahmedabad Retail Center #16,West India,PRD-IND-00027,Home Appliances Model T133,Electronics & Gadgets,236,55,26,HEALTHY,-155
Ahmedabad Retail Center #16,West India,PRD-IND-00028,Home Appliances Model G300,Electronics & Gadgets,5,42,35,HIGH RISK: BELOW SAFETY STOCK,72
Ahmedabad Retail Center #16,West India,PRD-IND-00029,Home Appliances Model H956,Electronics & Gadgets,494,47,16,HEALTHY,-431
Ahmedabad Retail Center #16,West India,PRD-IND-00030,Home Appliances Model X534,Electronics & Gadgets,271,51,17,HEALTHY,-203
Ahmedabad Retail Center #16,West India,PRD-IND-00031,Ethnic Wear & Sarees Model S959,Apparel & Fashion,77,53,32,HEALTHY,8
Ahmedabad Retail Center #16,West India,PRD-IND-00032,Ethnic Wear & Sarees Model I627,Apparel & Fashion,168,45,24,HEALTHY,-99
Ahmedabad Retail Center #16,West India,PRD-IND-00033,Ethnic Wear & Sarees Model J288,Apparel & Fashion,455,37,34,HEALTHY,-384
Ahmedabad Retail Center #16,West India,PRD-IND-00034,Ethnic Wear & Sarees Model R189,Apparel & Fashion,295,29,27,HEALTHY,-239
Ahmedabad Retail Center #16,West India,PRD-IND-00035,Ethnic Wear & Sarees Model F942,Apparel & Fashion,462,33,26,HEALTHY,-403
Ahmedabad Retail Center #16,West India,PRD-IND-00036,Ethnic Wear & Sarees Model L531,Apparel & Fashion,210,52,21,HEALTHY,-137
Ahmedabad Retail Center #16,West India,PRD-IND-00037,Men's Wear Model U520,Apparel & Fashion,451,57,31,HEALTHY,-363
Ahmedabad Retail Center #16,West India,PRD-IND-00038,Men's Wear Model N368,Apparel & Fashion,350,35,20,HEALTHY,-295
Ahmedabad Retail Center #16,West India,PRD-IND-00039,Men's Wear Model G987,Apparel & Fashion,267,31,27,HEALTHY,-209
Ahmedabad Retail Center #16,West India,PRD-IND-00040,Men's Wear Model G903,Apparel & Fashion,25,30,16,WARNING: REORDER NEEDED,21
Ahmedabad Retail Center #16,West India,PRD-IND-00041,Men's Wear Model F525,Apparel & Fashion,185,56,17,HEALTHY,-112
Ahmedabad Retail Center #16,West India,PRD-IND-00042,Men's Wear Model O328,Apparel & Fashion,389,39,25,HEALTHY,-325
Ahmedabad Retail Center #16,West India,PRD-IND-00043,Women's Western Model E376,Apparel & Fashion,202,28,25,HEALTHY,-149
Ahmedabad Retail Center #16,West India,PRD-IND-00044,Women's Western Model U499,Apparel & Fashion,394,30,34,HEALTHY,-330
Ahmedabad Retail Center #16,West India,PRD-IND-00045,Women's Western Model V661,Apparel & Fashion,176,55,20,HEALTHY,-101
Ahmedabad Retail Center #16,West India,PRD-IND-00046,Women's Western Model U771,Apparel & Fashion,388,60,28,HEALTHY,-300
Ahmedabad Retail Center #16,West India,PRD-IND-00047,Women's Western Model O503,Apparel & Fashion,273,40,28,HEALTHY,-205
Ahmedabad Retail Center #16,West India,PRD-IND-00048,Women's Western Model P378,Apparel & Fashion,64,48,18,HEALTHY,2
Ahmedabad Retail Center #16,West India,PRD-IND-00049,Footwear Model I961,Apparel & Fashion,50,49,20,HEALTHY,19
Ahmedabad Retail Center #16,West India,PRD-IND-00050,Footwear Model F604,Apparel & Fashion,143,40,26,HEALTHY,-77
Ahmedabad Retail Center #16,West India,PRD-IND-00051,Footwear Model S668,Apparel & Fashion,48,47,32,HEALTHY,31
Ahmedabad Retail Center #16,West India,PRD-IND-00052,Footwear Model Z213,Apparel & Fashion,81,54,19,HEALTHY,-8
Ahmedabad Retail Center #16,West India,PRD-IND-00053,Footwear Model L175,Apparel & Fashion,137,52,18,HEALTHY,-67
Ahmedabad Retail Center #16,West India,PRD-IND-00054,Footwear Model U733,Apparel & Fashion,10,29,32,HIGH RISK: BELOW SAFETY STOCK,51
Ahmedabad Retail Center #16,West India,PRD-IND-00055,Fashion Accessories Model Q600,Apparel & Fashion,45,28,18,HEALTHY,1
Ahmedabad Retail Center #16,West India,PRD-IND-00056,Fashion Accessories Model H596,Apparel & Fashion,72,47,22,HEALTHY,-3
Ahmedabad Retail Center #16,West India,PRD-IND-00057,Fashion Accessories Model C782,Apparel & Fashion,258,29,28,HEALTHY,-201
Ahmedabad Retail Center #16,West India,PRD-IND-00058,Fashion Accessories Model J183,Apparel & Fashion,462,49,27,HEALTHY,-386
Ahmedabad Retail Center #16,West India,PRD-IND-00059,Fashion Accessories Model R976,Apparel & Fashion,86,57,31,HEALTHY,2
Ahmedabad Retail Center #16,West India,PRD-IND-00060,Fashion Accessories Model M677,Apparel & Fashion,314,38,17,HEALTHY,-259
Ahmedabad Retail Center #16,West India,PRD-IND-00061,Furniture Model N132,Home & Living,379,59,18,HEALTHY,-302
Ahmedabad Retail Center #16,West India,PRD-IND-00062,Furniture Model U448,Home & Living,335,35,15,HEALTHY,-285
Ahmedabad Retail Center #16,West India,PRD-IND-00063,Furniture Model R565,Home & Living,417,30,16,HEALTHY,-371
Ahmedabad Retail Center #16,West India,PRD-IND-00064,Furniture Model J215,Home & Living,159,37,22,HEALTHY,-100
Ahmedabad Retail Center #16,West India,PRD-IND-00065,Furniture Model H138,Home & Living,26,25,15,HEALTHY,14
Ahmedabad Retail Center #16,West India,PRD-IND-00066,Furniture Model T348,Home & Living,331,29,17,HEALTHY,-285
Ahmedabad Retail Center #16,West India,PRD-IND-00067,Cookware & Kitchen Model V298,Home & Living,227,41,34,HEALTHY,-152
Ahmedabad Retail Center #16,West India,PRD-IND-00068,Cookware & Kitchen Model M927,Home & Living,77,59,21,HEALTHY,3
Ahmedabad Retail Center #16,West India,PRD-IND-00069,Cookware & Kitchen Model F737,Home & Living,437,57,31,HEALTHY,-349
Ahmedabad Retail Center #16,West India,PRD-IND-00070,Cookware & Kitchen Model H709,Home & Living,215,48,31,HEALTHY,-136
Ahmedabad Retail Center #16,West India,PRD-IND-00071,Cookware & Kitchen Model I672,Home & Living,311,48,18,HEALTHY,-245
Ahmedabad Retail Center #16,West India,PRD-IND-00072,Cookware & Kitchen Model T452,Home & Living,277,48,15,HEALTHY,-214
Ahmedabad Retail Center #16,West India,PRD-IND-00073,Bedding & Linen Model C866,Home & Living,323,44,30,HEALTHY,-249
Ahmedabad Retail Center #16,West India,PRD-IND-00074,Bedding & Linen Model C482,Home & Living,426,45,22,HEALTHY,-359
Ahmedabad Retail Center #16,West India,PRD-IND-00075,Bedding & Linen Model Y927,Home & Living,387,30,22,HEALTHY,-335
Ahmedabad Retail Center #16,West India,PRD-IND-00076,Bedding & Linen Model N717,Home & Living,181,41,34,HEALTHY,-106
Ahmedabad Retail Center #16,West India,PRD-IND-00077,Bedding & Linen Model N231,Home & Living,370,37,28,HEALTHY,-305
Ahmedabad Retail Center #16,West India,PRD-IND-00078,Bedding & Linen Model C251,Home & Living,445,54,18,HEALTHY,-373
Ahmedabad Retail Center #16,West India,PRD-IND-00079,Home Decor Model E271,Home & Living,76,33,17,HEALTHY,-26
Ahmedabad Retail Center #16,West India,PRD-IND-00080,Home Decor Model B737,Home & Living,88,50,30,HEALTHY,-8
Ahmedabad Retail Center #16,West India,PRD-IND-00081,Home Decor Model H935,Home & Living,89,46,33,HEALTHY,-10
Ahmedabad Retail Center #16,West India,PRD-IND-00082,Home Decor Model J863,Home & Living,252,38,28,HEALTHY,-186
Ahmedabad Retail Center #16,West India,PRD-IND-00083,Home Decor Model S419,Home & Living,439,27,27,HEALTHY,-385
Ahmedabad Retail Center #16,West India,PRD-IND-00084,Home Decor Model R235,Home & Living,429,57,31,HEALTHY,-341
Ahmedabad Retail Center #16,West India,PRD-IND-00085,Pooja & Spiritual Essentials Model B542,Home & Living,438,58,15,HEALTHY,-365
Ahmedabad Retail Center #16,West India,PRD-IND-00086,Pooja & Spiritual Essentials Model C617,Home & Living,19,28,30,HIGH RISK: BELOW SAFETY STOCK,39
Ahmedabad Retail Center #16,West India,PRD-IND-00087,Pooja & Spiritual Essentials Model I388,Home & Living,163,44,33,HEALTHY,-86
Ahmedabad Retail Center #16,West India,PRD-IND-00088,Pooja & Spiritual Essentials Model X441,Home & Living,306,39,32,HEALTHY,-235
Ahmedabad Retail Center #16,West India,PRD-IND-00089,Pooja & Spiritual Essentials Model S453,Home & Living,21,37,35,HIGH RISK: BELOW SAFETY STOCK,51
Ahmedabad Retail Center #16,West India,PRD-IND-00090,Pooja & Spiritual Essentials Model T756,Home & Living,2,36,26,HIGH RISK: BELOW SAFETY STOCK,60
Ahmedabad Retail Center #16,West India,PRD-IND-00091,Ayurvedic & Skincare Model I993,Beauty & Personal Care,279,25,20,HEALTHY,-234
Ahmedabad Retail Center #16,West India,PRD-IND-00092,Ayurvedic & Skincare Model V453,Beauty & Personal Care,51,52,31,WARNING: REORDER NEEDED,32
Ahmedabad Retail Center #16,West India,PRD-IND-00093,Ayurvedic & Skincare Model R437,Beauty & Personal Care,275,45,27,HEALTHY,-203
Ahmedabad Retail Center #16,West India,PRD-IND-00094,Ayurvedic & Skincare Model K348,Beauty & Personal Care,97,28,15,HEALTHY,-54
Ahmedabad Retail Center #16,West India,PRD-IND-00095,Ayurvedic & Skincare Model S650,Beauty & Personal Care,426,29,31,HEALTHY,-366
Ahmedabad Retail Center #16,West India,PRD-IND-00096,Ayurvedic & Skincare Model E371,Beauty & Personal Care,463,57,32,HEALTHY,-374
Ahmedabad Retail Center #16,West India,PRD-IND-00097,Personal Grooming Model X908,Beauty & Personal Care,210,49,32,HEALTHY,-129
Ahmedabad Retail Center #16,West India,PRD-IND-00098,Personal Grooming Model V376,Beauty & Personal Care,159,39,19,HEALTHY,-101
Ahmedabad Retail Center #16,West India,PRD-IND-00099,Personal Grooming Model K686,Beauty & Personal Care,451,42,35,HEALTHY,-374
Ahmedabad Retail Center #16,West India,PRD-IND-00100,Personal Grooming Model Q489,Beauty & Personal Care,479,35,15,HEALTHY,-429
Ahmedabad Retail Center #16,West India,PRD-IND-00101,Personal Grooming Model Y559,Beauty & Personal Care,463,57,24,HEALTHY,-382
Ahmedabad Retail Center #16,West India,PRD-IND-00102,Personal Grooming Model N766,Beauty & Personal Care,465,56,21,HEALTHY,-388
Ahmedabad Retail Center #16,West India,PRD-IND-00103,Cosmetics Model D157,Beauty & Personal Care,375,59,28,HEALTHY,-288
Ahmedabad Retail Center #16,West India,PRD-IND-00104,Cosmetics Model A526,Beauty & Personal Care,255,55,15,HEALTHY,-185
Ahmedabad Retail Center #16,West India,PRD-IND-00105,Cosmetics Model J672,Beauty & Personal Care,227,54,35,HEALTHY,-138
Ahmedabad Retail Center #16,West India,PRD-IND-00106,Cosmetics Model G541,Beauty & Personal Care,392,46,21,HEALTHY,-325
Ahmedabad Retail Center #16,West India,PRD-IND-00107,Cosmetics Model B432,Beauty & Personal Care,156,39,23,HEALTHY,-94
Ahmedabad Retail Center #16,West India,PRD-IND-00108,Cosmetics Model V489,Beauty & Personal Care,59,48,25,HEALTHY,14
Ahmedabad Retail Center #16,West India,PRD-IND-00109,Wellness & Health Model V933,Beauty & Personal Care,498,36,29,HEALTHY,-433
Ahmedabad Retail Center #16,West India,PRD-IND-00110,Wellness & Health Model B245,Beauty & Personal Care,427,29,15,HEALTHY,-383
Ahmedabad Retail Center #16,West India,PRD-IND-00111,Wellness & Health Model H766,Beauty & Personal Care,416,52,28,HEALTHY,-336
Ahmedabad Retail Center #16,West India,PRD-IND-00112,Wellness & Health Model X718,Beauty & Personal Care,64,33,23,HEALTHY,-8
Ahmedabad Retail Center #16,West India,PRD-IND-00113,Wellness & Health Model H456,Beauty & Personal Care,465,39,26,HEALTHY,-400
Ahmedabad Retail Center #16,West India,PRD-IND-00114,Wellness & Health Model I109,Beauty & Personal Care,2,35,19,HIGH RISK: BELOW SAFETY STOCK,52
Ahmedabad Retail Center #16,West India,PRD-IND-00115,Spices & Atta Model E734,Groceries & Pantry,83,26,25,HEALTHY,-32
Ahmedabad Retail Center #16,West India,PRD-IND-00116,Spices & Atta Model H432,Groceries & Pantry,6,38,33,HIGH RISK: BELOW SAFETY STOCK,65
Ahmedabad Retail Center #16,West India,PRD-IND-00117,Spices & Atta Model P601,Groceries & Pantry,78,41,30,HEALTHY,-7
Ahmedabad Retail Center #16,West India,PRD-IND-00118,Spices & Atta Model U283,Groceries & Pantry,284,47,31,HEALTHY,-206
Ahmedabad Retail Center #16,West India,PRD-IND-00119,Spices & Atta Model P799,Groceries & Pantry,253,29,17,HEALTHY,-207
Ahmedabad Retail Center #16,West India,PRD-IND-00120,Spices & Atta Model Q229,Groceries & Pantry,406,45,34,HEALTHY,-327
Ahmedabad Retail Center #16,West India,PRD-IND-00121,Beverages & Tea Model R726,Groceries & Pantry,69,46,35,HEALTHY,12
Ahmedabad Retail Center #16,West India,PRD-IND-00122,Beverages & Tea Model J769,Groceries & Pantry,9,46,18,HIGH RISK: BELOW SAFETY STOCK,55
Ahmedabad Retail Center #16,West India,PRD-IND-00123,Beverages & Tea Model I326,Groceries & Pantry,85,26,22,HEALTHY,-37
Ahmedabad Retail Center #16,West India,PRD-IND-00124,Beverages & Tea Model K557,Groceries & Pantry,247,27,24,HEALTHY,-196
Ahmedabad Retail Center #16,West India,PRD-IND-00125,Beverages & Tea Model Z358,Groceries & Pantry,143,46,19,HEALTHY,-78
Ahmedabad Retail Center #16,West India,PRD-IND-00126,Beverages & Tea Model Z580,Groceries & Pantry,56,33,21,HEALTHY,-2
Ahmedabad Retail Center #16,West India,PRD-IND-00127,Snacks & Sweets Model J315,Groceries & Pantry,76,39,27,HEALTHY,-10
Ahmedabad Retail Center #16,West India,PRD-IND-00128,Snacks & Sweets Model F813,Groceries & Pantry,110,32,24,HEALTHY,-54
Ahmedabad Retail Center #16,West India,PRD-IND-00129,Snacks & Sweets Model I383,Groceries & Pantry,398,51,34,HEALTHY,-313
Ahmedabad Retail Center #16,West India,PRD-IND-00130,Snacks & Sweets Model Q321,Groceries & Pantry,314,26,23,HEALTHY,-265
Ahmedabad Retail Center #16,West India,PRD-IND-00131,Snacks & Sweets Model K811,Groceries & Pantry,44,38,20,HEALTHY,14
Ahmedabad Retail Center #16,West India,PRD-IND-00132,Snacks & Sweets Model N704,Groceries & Pantry,142,35,27,HEALTHY,-80
Ahmedabad Retail Center #16,West India,PRD-IND-00133,Organic Staples Model F135,Groceries & Pantry,219,25,28,HEALTHY,-166
Ahmedabad Retail Center #16,West India,PRD-IND-00134,Organic Staples Model I531,Groceries & Pantry,78,45,21,HEALTHY,-12
Ahmedabad Retail Center #16,West India,PRD-IND-00135,Organic Staples Model F890,Groceries & Pantry,359,48,19,HEALTHY,-292
Ahmedabad Retail Center #16,West India,PRD-IND-00136,Organic Staples Model Q759,Groceries & Pantry,271,30,22,HEALTHY,-219
Ahmedabad Retail Center #16,West India,PRD-IND-00137,Organic Staples Model W353,Groceries & Pantry,446,57,28,HEALTHY,-361
Ahmedabad Retail Center #16,West India,PRD-IND-00138,Organic Staples Model O517,Groceries & Pantry,331,48,33,HEALTHY,-250
Ahmedabad Retail Center #16,West India,PRD-IND-00139,Gourmet Foods Model T469,Groceries & Pantry,98,58,34,HEALTHY,-6
Ahmedabad Retail Center #16,West India,PRD-IND-00140,Gourmet Foods Model W779,Groceries & Pantry,347,37,31,HEALTHY,-279
Ahmedabad Retail Center #16,West India,PRD-IND-00141,Gourmet Foods Model N139,Groceries & Pantry,4,50,23,HIGH RISK: BELOW SAFETY STOCK,69
Ahmedabad Retail Center #16,West India,PRD-IND-00142,Gourmet Foods Model Q928,Groceries & Pantry,205,57,28,HEALTHY,-120
Ahmedabad Retail Center #16,West India,PRD-IND-00143,Gourmet Foods Model W299,Groceries & Pantry,457,39,18,HEALTHY,-400
Ahmedabad Retail Center #16,West India,PRD-IND-00144,Gourmet Foods Model S546,Groceries & Pantry,340,34,18,HEALTHY,-288
Surat Retail Center #17,West India,PRD-IND-00001,Smartphones Model F985,Electronics & Gadgets,432,40,18,HEALTHY,-374
Surat Retail Center #17,West India,PRD-IND-00002,Smartphones Model A572,Electronics & Gadgets,25,41,18,WARNING: REORDER NEEDED,34
Surat Retail Center #17,West India,PRD-IND-00003,Smartphones Model Z989,Electronics & Gadgets,485,26,31,HEALTHY,-428
Surat Retail Center #17,West India,PRD-IND-00004,Smartphones Model R416,Electronics & Gadgets,45,48,34,WARNING: REORDER NEEDED,37
Surat Retail Center #17,West India,PRD-IND-00005,Smartphones Model L683,Electronics & Gadgets,394,47,33,HEALTHY,-314
Surat Retail Center #17,West India,PRD-IND-00006,Smartphones Model E727,Electronics & Gadgets,99,57,24,HEALTHY,-18
Surat Retail Center #17,West India,PRD-IND-00007,Laptops Model D381,Electronics & Gadgets,259,42,17,HEALTHY,-200
Surat Retail Center #17,West India,PRD-IND-00008,Laptops Model V239,Electronics & Gadgets,86,49,21,HEALTHY,-16
Surat Retail Center #17,West India,PRD-IND-00009,Laptops Model O351,Electronics & Gadgets,230,51,23,HEALTHY,-156
Surat Retail Center #17,West India,PRD-IND-00010,Laptops Model V866,Electronics & Gadgets,309,54,29,HEALTHY,-226
Surat Retail Center #17,West India,PRD-IND-00011,Laptops Model O858,Electronics & Gadgets,376,55,32,HEALTHY,-289
Surat Retail Center #17,West India,PRD-IND-00012,Laptops Model B870,Electronics & Gadgets,169,33,26,HEALTHY,-110
Surat Retail Center #17,West India,PRD-IND-00013,Audio & Headphones Model T281,Electronics & Gadgets,90,32,21,HEALTHY,-37
Surat Retail Center #17,West India,PRD-IND-00014,Audio & Headphones Model G322,Electronics & Gadgets,246,25,24,HEALTHY,-197
Surat Retail Center #17,West India,PRD-IND-00015,Audio & Headphones Model D324,Electronics & Gadgets,54,56,22,WARNING: REORDER NEEDED,24
Surat Retail Center #17,West India,PRD-IND-00016,Audio & Headphones Model T550,Electronics & Gadgets,156,26,15,HEALTHY,-115
Surat Retail Center #17,West India,PRD-IND-00017,Audio & Headphones Model Q622,Electronics & Gadgets,452,51,20,HEALTHY,-381
Surat Retail Center #17,West India,PRD-IND-00018,Audio & Headphones Model P509,Electronics & Gadgets,187,26,35,HEALTHY,-126
Surat Retail Center #17,West India,PRD-IND-00019,Smartwatches Model E822,Electronics & Gadgets,207,49,20,HEALTHY,-138
Surat Retail Center #17,West India,PRD-IND-00020,Smartwatches Model J175,Electronics & Gadgets,275,31,33,HEALTHY,-211
Surat Retail Center #17,West India,PRD-IND-00021,Smartwatches Model O323,Electronics & Gadgets,3,45,23,HIGH RISK: BELOW SAFETY STOCK,65
Surat Retail Center #17,West India,PRD-IND-00022,Smartwatches Model Q954,Electronics & Gadgets,233,25,35,HEALTHY,-173
Surat Retail Center #17,West India,PRD-IND-00023,Smartwatches Model R443,Electronics & Gadgets,340,51,15,HEALTHY,-274
Surat Retail Center #17,West India,PRD-IND-00024,Smartwatches Model G436,Electronics & Gadgets,10,39,30,HIGH RISK: BELOW SAFETY STOCK,59
Surat Retail Center #17,West India,PRD-IND-00025,Home Appliances Model Q738,Electronics & Gadgets,224,48,31,HEALTHY,-145
Surat Retail Center #17,West India,PRD-IND-00026,Home Appliances Model P768,Electronics & Gadgets,480,44,28,HEALTHY,-408
Surat Retail Center #17,West India,PRD-IND-00027,Home Appliances Model T133,Electronics & Gadgets,148,51,19,HEALTHY,-78
Surat Retail Center #17,West India,PRD-IND-00028,Home Appliances Model G300,Electronics & Gadgets,371,44,31,HEALTHY,-296
Surat Retail Center #17,West India,PRD-IND-00029,Home Appliances Model H956,Electronics & Gadgets,293,28,24,HEALTHY,-241
Surat Retail Center #17,West India,PRD-IND-00030,Home Appliances Model X534,Electronics & Gadgets,209,58,33,HEALTHY,-118
Surat Retail Center #17,West India,PRD-IND-00031,Ethnic Wear & Sarees Model S959,Apparel & Fashion,363,57,29,HEALTHY,-277
Surat Retail Center #17,West India,PRD-IND-00032,Ethnic Wear & Sarees Model I627,Apparel & Fashion,319,33,15,HEALTHY,-271
Surat Retail Center #17,West India,PRD-IND-00033,Ethnic Wear & Sarees Model J288,Apparel & Fashion,438,36,27,HEALTHY,-375
Surat Retail Center #17,West India,PRD-IND-00034,Ethnic Wear & Sarees Model R189,Apparel & Fashion,253,25,20,HEALTHY,-208
Surat Retail Center #17,West India,PRD-IND-00035,Ethnic Wear & Sarees Model F942,Apparel & Fashion,223,41,25,HEALTHY,-157
Surat Retail Center #17,West India,PRD-IND-00036,Ethnic Wear & Sarees Model L531,Apparel & Fashion,350,53,18,HEALTHY,-279
Surat Retail Center #17,West India,PRD-IND-00037,Men's Wear Model U520,Apparel & Fashion,387,56,22,HEALTHY,-309
Surat Retail Center #17,West India,PRD-IND-00038,Men's Wear Model N368,Apparel & Fashion,374,49,20,HEALTHY,-305
Surat Retail Center #17,West India,PRD-IND-00039,Men's Wear Model G987,Apparel & Fashion,473,48,31,HEALTHY,-394
Surat Retail Center #17,West India,PRD-IND-00040,Men's Wear Model G903,Apparel & Fashion,267,32,29,HEALTHY,-206
Surat Retail Center #17,West India,PRD-IND-00041,Men's Wear Model F525,Apparel & Fashion,271,47,21,HEALTHY,-203
Surat Retail Center #17,West India,PRD-IND-00042,Men's Wear Model O328,Apparel & Fashion,206,51,16,HEALTHY,-139
Surat Retail Center #17,West India,PRD-IND-00043,Women's Western Model E376,Apparel & Fashion,446,57,16,HEALTHY,-373
Surat Retail Center #17,West India,PRD-IND-00044,Women's Western Model U499,Apparel & Fashion,137,32,31,HEALTHY,-74
Surat Retail Center #17,West India,PRD-IND-00045,Women's Western Model V661,Apparel & Fashion,185,51,19,HEALTHY,-115
Surat Retail Center #17,West India,PRD-IND-00046,Women's Western Model U771,Apparel & Fashion,27,57,16,WARNING: REORDER NEEDED,46
Surat Retail Center #17,West India,PRD-IND-00047,Women's Western Model O503,Apparel & Fashion,262,55,21,HEALTHY,-186
Surat Retail Center #17,West India,PRD-IND-00048,Women's Western Model P378,Apparel & Fashion,28,53,23,WARNING: REORDER NEEDED,48
Surat Retail Center #17,West India,PRD-IND-00049,Footwear Model I961,Apparel & Fashion,252,56,31,HEALTHY,-165
Surat Retail Center #17,West India,PRD-IND-00050,Footwear Model F604,Apparel & Fashion,135,26,35,HEALTHY,-74
Surat Retail Center #17,West India,PRD-IND-00051,Footwear Model S668,Apparel & Fashion,106,25,34,HEALTHY,-47
Surat Retail Center #17,West India,PRD-IND-00052,Footwear Model Z213,Apparel & Fashion,229,28,34,HEALTHY,-167
Surat Retail Center #17,West India,PRD-IND-00053,Footwear Model L175,Apparel & Fashion,137,39,16,HEALTHY,-82
Surat Retail Center #17,West India,PRD-IND-00054,Footwear Model U733,Apparel & Fashion,2,40,21,HIGH RISK: BELOW SAFETY STOCK,59
Surat Retail Center #17,West India,PRD-IND-00055,Fashion Accessories Model Q600,Apparel & Fashion,135,55,34,HEALTHY,-46
Surat Retail Center #17,West India,PRD-IND-00056,Fashion Accessories Model H596,Apparel & Fashion,388,27,32,HEALTHY,-329
Surat Retail Center #17,West India,PRD-IND-00057,Fashion Accessories Model C782,Apparel & Fashion,140,46,19,HEALTHY,-75
Surat Retail Center #17,West India,PRD-IND-00058,Fashion Accessories Model J183,Apparel & Fashion,243,49,27,HEALTHY,-167
Surat Retail Center #17,West India,PRD-IND-00059,Fashion Accessories Model R976,Apparel & Fashion,66,29,18,HEALTHY,-19
Surat Retail Center #17,West India,PRD-IND-00060,Fashion Accessories Model M677,Apparel & Fashion,315,41,24,HEALTHY,-250
Surat Retail Center #17,West India,PRD-IND-00061,Furniture Model N132,Home & Living,113,50,15,HEALTHY,-48
Surat Retail Center #17,West India,PRD-IND-00062,Furniture Model U448,Home & Living,420,52,22,HEALTHY,-346
Surat Retail Center #17,West India,PRD-IND-00063,Furniture Model R565,Home & Living,329,32,31,HEALTHY,-266
Surat Retail Center #17,West India,PRD-IND-00064,Furniture Model J215,Home & Living,110,59,27,HEALTHY,-24
Surat Retail Center #17,West India,PRD-IND-00065,Furniture Model H138,Home & Living,49,52,32,WARNING: REORDER NEEDED,35
Surat Retail Center #17,West India,PRD-IND-00066,Furniture Model T348,Home & Living,115,49,19,HEALTHY,-47
Surat Retail Center #17,West India,PRD-IND-00067,Cookware & Kitchen Model V298,Home & Living,464,29,18,HEALTHY,-417
Surat Retail Center #17,West India,PRD-IND-00068,Cookware & Kitchen Model M927,Home & Living,263,55,34,HEALTHY,-174
Surat Retail Center #17,West India,PRD-IND-00069,Cookware & Kitchen Model F737,Home & Living,245,47,33,HEALTHY,-165
Surat Retail Center #17,West India,PRD-IND-00070,Cookware & Kitchen Model H709,Home & Living,118,25,19,HEALTHY,-74
Surat Retail Center #17,West India,PRD-IND-00071,Cookware & Kitchen Model I672,Home & Living,313,45,16,HEALTHY,-252
Surat Retail Center #17,West India,PRD-IND-00072,Cookware & Kitchen Model T452,Home & Living,141,52,20,HEALTHY,-69
Surat Retail Center #17,West India,PRD-IND-00073,Bedding & Linen Model C866,Home & Living,65,51,35,HEALTHY,21
Surat Retail Center #17,West India,PRD-IND-00074,Bedding & Linen Model C482,Home & Living,134,46,34,HEALTHY,-54
Surat Retail Center #17,West India,PRD-IND-00075,Bedding & Linen Model Y927,Home & Living,312,36,26,HEALTHY,-250
Surat Retail Center #17,West India,PRD-IND-00076,Bedding & Linen Model N717,Home & Living,470,37,35,HEALTHY,-398
Surat Retail Center #17,West India,PRD-IND-00077,Bedding & Linen Model N231,Home & Living,399,37,28,HEALTHY,-334
Surat Retail Center #17,West India,PRD-IND-00078,Bedding & Linen Model C251,Home & Living,55,49,16,HEALTHY,10
Surat Retail Center #17,West India,PRD-IND-00079,Home Decor Model E271,Home & Living,356,45,28,HEALTHY,-283
Surat Retail Center #17,West India,PRD-IND-00080,Home Decor Model B737,Home & Living,114,51,18,HEALTHY,-45
Surat Retail Center #17,West India,PRD-IND-00081,Home Decor Model H935,Home & Living,448,56,29,HEALTHY,-363
Surat Retail Center #17,West India,PRD-IND-00082,Home Decor Model J863,Home & Living,297,56,16,HEALTHY,-225
Surat Retail Center #17,West India,PRD-IND-00083,Home Decor Model S419,Home & Living,371,55,32,HEALTHY,-284
Surat Retail Center #17,West India,PRD-IND-00084,Home Decor Model R235,Home & Living,234,30,22,HEALTHY,-182
Surat Retail Center #17,West India,PRD-IND-00085,Pooja & Spiritual Essentials Model B542,Home & Living,116,51,22,HEALTHY,-43
Surat Retail Center #17,West India,PRD-IND-00086,Pooja & Spiritual Essentials Model C617,Home & Living,317,47,31,HEALTHY,-239
Surat Retail Center #17,West India,PRD-IND-00087,Pooja & Spiritual Essentials Model I388,Home & Living,179,54,22,HEALTHY,-103
Surat Retail Center #17,West India,PRD-IND-00088,Pooja & Spiritual Essentials Model X441,Home & Living,214,40,35,HEALTHY,-139
Surat Retail Center #17,West India,PRD-IND-00089,Pooja & Spiritual Essentials Model S453,Home & Living,219,56,15,HEALTHY,-148
Surat Retail Center #17,West India,PRD-IND-00090,Pooja & Spiritual Essentials Model T756,Home & Living,37,33,19,HEALTHY,15
Surat Retail Center #17,West India,PRD-IND-00091,Ayurvedic & Skincare Model I993,Beauty & Personal Care,421,36,15,HEALTHY,-370
Surat Retail Center #17,West India,PRD-IND-00092,Ayurvedic & Skincare Model V453,Beauty & Personal Care,2,57,23,HIGH RISK: BELOW SAFETY STOCK,78
Surat Retail Center #17,West India,PRD-IND-00093,Ayurvedic & Skincare Model R437,Beauty & Personal Care,309,25,31,HEALTHY,-253
Surat Retail Center #17,West India,PRD-IND-00094,Ayurvedic & Skincare Model K348,Beauty & Personal Care,44,29,26,HEALTHY,11
Surat Retail Center #17,West India,PRD-IND-00095,Ayurvedic & Skincare Model S650,Beauty & Personal Care,399,26,27,HEALTHY,-346
Surat Retail Center #17,West India,PRD-IND-00096,Ayurvedic & Skincare Model E371,Beauty & Personal Care,146,37,30,HEALTHY,-79
Surat Retail Center #17,West India,PRD-IND-00097,Personal Grooming Model X908,Beauty & Personal Care,385,46,21,HEALTHY,-318
Surat Retail Center #17,West India,PRD-IND-00098,Personal Grooming Model V376,Beauty & Personal Care,249,38,31,HEALTHY,-180
Surat Retail Center #17,West India,PRD-IND-00099,Personal Grooming Model K686,Beauty & Personal Care,139,47,25,HEALTHY,-67
Surat Retail Center #17,West India,PRD-IND-00100,Personal Grooming Model Q489,Beauty & Personal Care,495,34,24,HEALTHY,-437
Surat Retail Center #17,West India,PRD-IND-00101,Personal Grooming Model Y559,Beauty & Personal Care,28,51,23,WARNING: REORDER NEEDED,46
Surat Retail Center #17,West India,PRD-IND-00102,Personal Grooming Model N766,Beauty & Personal Care,466,46,18,HEALTHY,-402
Surat Retail Center #17,West India,PRD-IND-00103,Cosmetics Model D157,Beauty & Personal Care,150,60,23,HEALTHY,-67
Surat Retail Center #17,West India,PRD-IND-00104,Cosmetics Model A526,Beauty & Personal Care,202,56,17,HEALTHY,-129
Surat Retail Center #17,West India,PRD-IND-00105,Cosmetics Model J672,Beauty & Personal Care,454,60,33,HEALTHY,-361
Surat Retail Center #17,West India,PRD-IND-00106,Cosmetics Model G541,Beauty & Personal Care,102,26,26,HEALTHY,-50
Surat Retail Center #17,West India,PRD-IND-00107,Cosmetics Model B432,Beauty & Personal Care,267,60,21,HEALTHY,-186
Surat Retail Center #17,West India,PRD-IND-00108,Cosmetics Model V489,Beauty & Personal Care,314,50,25,HEALTHY,-239
Surat Retail Center #17,West India,PRD-IND-00109,Wellness & Health Model V933,Beauty & Personal Care,40,50,15,WARNING: REORDER NEEDED,25
Surat Retail Center #17,West India,PRD-IND-00110,Wellness & Health Model B245,Beauty & Personal Care,345,25,20,HEALTHY,-300
Surat Retail Center #17,West India,PRD-IND-00111,Wellness & Health Model H766,Beauty & Personal Care,179,53,15,HEALTHY,-111
Surat Retail Center #17,West India,PRD-IND-00112,Wellness & Health Model X718,Beauty & Personal Care,307,49,23,HEALTHY,-235
Surat Retail Center #17,West India,PRD-IND-00113,Wellness & Health Model H456,Beauty & Personal Care,317,59,17,HEALTHY,-241
Surat Retail Center #17,West India,PRD-IND-00114,Wellness & Health Model I109,Beauty & Personal Care,25,30,26,HIGH RISK: BELOW SAFETY STOCK,31
Surat Retail Center #17,West India,PRD-IND-00115,Spices & Atta Model E734,Groceries & Pantry,142,32,34,HEALTHY,-76
Surat Retail Center #17,West India,PRD-IND-00116,Spices & Atta Model H432,Groceries & Pantry,173,41,24,HEALTHY,-108
Surat Retail Center #17,West India,PRD-IND-00117,Spices & Atta Model P601,Groceries & Pantry,290,39,15,HEALTHY,-236
Surat Retail Center #17,West India,PRD-IND-00118,Spices & Atta Model U283,Groceries & Pantry,394,43,30,HEALTHY,-321
Surat Retail Center #17,West India,PRD-IND-00119,Spices & Atta Model P799,Groceries & Pantry,346,49,18,HEALTHY,-279
Surat Retail Center #17,West India,PRD-IND-00120,Spices & Atta Model Q229,Groceries & Pantry,164,56,28,HEALTHY,-80
Surat Retail Center #17,West India,PRD-IND-00121,Beverages & Tea Model R726,Groceries & Pantry,489,47,19,HEALTHY,-423
Surat Retail Center #17,West India,PRD-IND-00122,Beverages & Tea Model J769,Groceries & Pantry,122,52,19,HEALTHY,-51
Surat Retail Center #17,West India,PRD-IND-00123,Beverages & Tea Model I326,Groceries & Pantry,41,49,30,WARNING: REORDER NEEDED,38
Surat Retail Center #17,West India,PRD-IND-00124,Beverages & Tea Model K557,Groceries & Pantry,468,52,30,HEALTHY,-386
Surat Retail Center #17,West India,PRD-IND-00125,Beverages & Tea Model Z358,Groceries & Pantry,164,40,24,HEALTHY,-100
Surat Retail Center #17,West India,PRD-IND-00126,Beverages & Tea Model Z580,Groceries & Pantry,472,40,30,HEALTHY,-402
Surat Retail Center #17,West India,PRD-IND-00127,Snacks & Sweets Model J315,Groceries & Pantry,234,42,28,HEALTHY,-164
Surat Retail Center #17,West India,PRD-IND-00128,Snacks & Sweets Model F813,Groceries & Pantry,193,35,22,HEALTHY,-136
Surat Retail Center #17,West India,PRD-IND-00129,Snacks & Sweets Model I383,Groceries & Pantry,105,33,28,HEALTHY,-44
Surat Retail Center #17,West India,PRD-IND-00130,Snacks & Sweets Model Q321,Groceries & Pantry,498,37,24,HEALTHY,-437
Surat Retail Center #17,West India,PRD-IND-00131,Snacks & Sweets Model K811,Groceries & Pantry,57,35,23,HEALTHY,1
Surat Retail Center #17,West India,PRD-IND-00132,Snacks & Sweets Model N704,Groceries & Pantry,122,52,22,HEALTHY,-48
Surat Retail Center #17,West India,PRD-IND-00133,Organic Staples Model F135,Groceries & Pantry,436,47,30,HEALTHY,-359
Surat Retail Center #17,West India,PRD-IND-00134,Organic Staples Model I531,Groceries & Pantry,487,25,29,HEALTHY,-433
Surat Retail Center #17,West India,PRD-IND-00135,Organic Staples Model F890,Groceries & Pantry,441,46,22,HEALTHY,-373
Surat Retail Center #17,West India,PRD-IND-00136,Organic Staples Model Q759,Groceries & Pantry,6,50,17,HIGH RISK: BELOW SAFETY STOCK,61
Surat Retail Center #17,West India,PRD-IND-00137,Organic Staples Model W353,Groceries & Pantry,466,50,30,HEALTHY,-386
Surat Retail Center #17,West India,PRD-IND-00138,Organic Staples Model O517,Groceries & Pantry,311,38,26,HEALTHY,-247
Surat Retail Center #17,West India,PRD-IND-00139,Gourmet Foods Model T469,Groceries & Pantry,367,59,31,HEALTHY,-277
Surat Retail Center #17,West India,PRD-IND-00140,Gourmet Foods Model W779,Groceries & Pantry,379,51,25,HEALTHY,-303
Surat Retail Center #17,West India,PRD-IND-00141,Gourmet Foods Model N139,Groceries & Pantry,278,39,35,HEALTHY,-204
Surat Retail Center #17,West India,PRD-IND-00142,Gourmet Foods Model Q928,Groceries & Pantry,29,49,33,HIGH RISK: BELOW SAFETY STOCK,53
Surat Retail Center #17,West India,PRD-IND-00143,Gourmet Foods Model W299,Groceries & Pantry,166,53,15,HEALTHY,-98
Surat Retail Center #17,West India,PRD-IND-00144,Gourmet Foods Model S546,Groceries & Pantry,306,49,20,HEALTHY,-237
Noida Retail Center #18,North India,PRD-IND-00001,Smartphones Model F985,Electronics & Gadgets,101,37,29,HEALTHY,-35
Noida Retail Center #18,North India,PRD-IND-00002,Smartphones Model A572,Electronics & Gadgets,456,41,25,HEALTHY,-390
Noida Retail Center #18,North India,PRD-IND-00003,Smartphones Model Z989,Electronics & Gadgets,156,42,27,HEALTHY,-87
Noida Retail Center #18,North India,PRD-IND-00004,Smartphones Model R416,Electronics & Gadgets,91,27,15,HEALTHY,-49
Noida Retail Center #18,North India,PRD-IND-00005,Smartphones Model L683,Electronics & Gadgets,219,54,26,HEALTHY,-139
Noida Retail Center #18,North India,PRD-IND-00006,Smartphones Model E727,Electronics & Gadgets,234,35,15,HEALTHY,-184
Noida Retail Center #18,North India,PRD-IND-00007,Laptops Model D381,Electronics & Gadgets,14,52,20,HIGH RISK: BELOW SAFETY STOCK,58
Noida Retail Center #18,North India,PRD-IND-00008,Laptops Model V239,Electronics & Gadgets,202,25,32,HEALTHY,-145
Noida Retail Center #18,North India,PRD-IND-00009,Laptops Model O351,Electronics & Gadgets,1,44,20,HIGH RISK: BELOW SAFETY STOCK,63
Noida Retail Center #18,North India,PRD-IND-00010,Laptops Model V866,Electronics & Gadgets,432,39,35,HEALTHY,-358
Noida Retail Center #18,North India,PRD-IND-00011,Laptops Model O858,Electronics & Gadgets,423,39,25,HEALTHY,-359
Noida Retail Center #18,North India,PRD-IND-00012,Laptops Model B870,Electronics & Gadgets,204,34,31,HEALTHY,-139
Noida Retail Center #18,North India,PRD-IND-00013,Audio & Headphones Model T281,Electronics & Gadgets,233,56,24,HEALTHY,-153
Noida Retail Center #18,North India,PRD-IND-00014,Audio & Headphones Model G322,Electronics & Gadgets,215,43,24,HEALTHY,-148
Noida Retail Center #18,North India,PRD-IND-00015,Audio & Headphones Model D324,Electronics & Gadgets,180,29,28,HEALTHY,-123
Noida Retail Center #18,North India,PRD-IND-00016,Audio & Headphones Model T550,Electronics & Gadgets,408,34,20,HEALTHY,-354
Noida Retail Center #18,North India,PRD-IND-00017,Audio & Headphones Model Q622,Electronics & Gadgets,460,48,18,HEALTHY,-394
Noida Retail Center #18,North India,PRD-IND-00018,Audio & Headphones Model P509,Electronics & Gadgets,103,47,22,HEALTHY,-34
Noida Retail Center #18,North India,PRD-IND-00019,Smartwatches Model E822,Electronics & Gadgets,260,51,27,HEALTHY,-182
Noida Retail Center #18,North India,PRD-IND-00020,Smartwatches Model J175,Electronics & Gadgets,47,31,31,HEALTHY,15
Noida Retail Center #18,North India,PRD-IND-00021,Smartwatches Model O323,Electronics & Gadgets,195,48,32,HEALTHY,-115
Noida Retail Center #18,North India,PRD-IND-00022,Smartwatches Model Q954,Electronics & Gadgets,469,55,21,HEALTHY,-393
Noida Retail Center #18,North India,PRD-IND-00023,Smartwatches Model R443,Electronics & Gadgets,450,53,16,HEALTHY,-381
Noida Retail Center #18,North India,PRD-IND-00024,Smartwatches Model G436,Electronics & Gadgets,203,25,21,HEALTHY,-157
Noida Retail Center #18,North India,PRD-IND-00025,Home Appliances Model Q738,Electronics & Gadgets,219,34,25,HEALTHY,-160
Noida Retail Center #18,North India,PRD-IND-00026,Home Appliances Model P768,Electronics & Gadgets,123,39,21,HEALTHY,-63
Noida Retail Center #18,North India,PRD-IND-00027,Home Appliances Model T133,Electronics & Gadgets,112,46,21,HEALTHY,-45
Noida Retail Center #18,North India,PRD-IND-00028,Home Appliances Model G300,Electronics & Gadgets,330,41,18,HEALTHY,-271
Noida Retail Center #18,North India,PRD-IND-00029,Home Appliances Model H956,Electronics & Gadgets,340,56,26,HEALTHY,-258
Noida Retail Center #18,North India,PRD-IND-00030,Home Appliances Model X534,Electronics & Gadgets,419,42,30,HEALTHY,-347
Noida Retail Center #18,North India,PRD-IND-00031,Ethnic Wear & Sarees Model S959,Apparel & Fashion,84,25,17,HEALTHY,-42
Noida Retail Center #18,North India,PRD-IND-00032,Ethnic Wear & Sarees Model I627,Apparel & Fashion,94,27,21,HEALTHY,-46
Noida Retail Center #18,North India,PRD-IND-00033,Ethnic Wear & Sarees Model J288,Apparel & Fashion,7,51,18,HIGH RISK: BELOW SAFETY STOCK,62
Noida Retail Center #18,North India,PRD-IND-00034,Ethnic Wear & Sarees Model R189,Apparel & Fashion,212,38,16,HEALTHY,-158
Noida Retail Center #18,North India,PRD-IND-00035,Ethnic Wear & Sarees Model F942,Apparel & Fashion,455,51,17,HEALTHY,-387
Noida Retail Center #18,North India,PRD-IND-00036,Ethnic Wear & Sarees Model L531,Apparel & Fashion,66,37,27,HEALTHY,-2
Noida Retail Center #18,North India,PRD-IND-00037,Men's Wear Model U520,Apparel & Fashion,319,41,34,HEALTHY,-244
Noida Retail Center #18,North India,PRD-IND-00038,Men's Wear Model N368,Apparel & Fashion,420,54,21,HEALTHY,-345
Noida Retail Center #18,North India,PRD-IND-00039,Men's Wear Model G987,Apparel & Fashion,318,48,20,HEALTHY,-250
Noida Retail Center #18,North India,PRD-IND-00040,Men's Wear Model G903,Apparel & Fashion,104,25,29,HEALTHY,-50
Noida Retail Center #18,North India,PRD-IND-00041,Men's Wear Model F525,Apparel & Fashion,450,25,31,HEALTHY,-394
Noida Retail Center #18,North India,PRD-IND-00042,Men's Wear Model O328,Apparel & Fashion,6,35,26,HIGH RISK: BELOW SAFETY STOCK,55
Noida Retail Center #18,North India,PRD-IND-00043,Women's Western Model E376,Apparel & Fashion,215,42,25,HEALTHY,-148
Noida Retail Center #18,North India,PRD-IND-00044,Women's Western Model U499,Apparel & Fashion,227,41,21,HEALTHY,-165
Noida Retail Center #18,North India,PRD-IND-00045,Women's Western Model V661,Apparel & Fashion,90,48,32,HEALTHY,-10
Noida Retail Center #18,North India,PRD-IND-00046,Women's Western Model U771,Apparel & Fashion,428,48,31,HEALTHY,-349
Noida Retail Center #18,North India,PRD-IND-00047,Women's Western Model O503,Apparel & Fashion,85,37,31,HEALTHY,-17
Noida Retail Center #18,North India,PRD-IND-00048,Women's Western Model P378,Apparel & Fashion,76,43,23,HEALTHY,-10
Noida Retail Center #18,North India,PRD-IND-00049,Footwear Model I961,Apparel & Fashion,374,38,27,HEALTHY,-309
Noida Retail Center #18,North India,PRD-IND-00050,Footwear Model F604,Apparel & Fashion,103,34,19,HEALTHY,-50
Noida Retail Center #18,North India,PRD-IND-00051,Footwear Model S668,Apparel & Fashion,347,29,35,HEALTHY,-283
Noida Retail Center #18,North India,PRD-IND-00052,Footwear Model Z213,Apparel & Fashion,378,47,22,HEALTHY,-309
Noida Retail Center #18,North India,PRD-IND-00053,Footwear Model L175,Apparel & Fashion,437,43,29,HEALTHY,-365
Noida Retail Center #18,North India,PRD-IND-00054,Footwear Model U733,Apparel & Fashion,279,51,34,HEALTHY,-194
Noida Retail Center #18,North India,PRD-IND-00055,Fashion Accessories Model Q600,Apparel & Fashion,15,52,23,HIGH RISK: BELOW SAFETY STOCK,60
Noida Retail Center #18,North India,PRD-IND-00056,Fashion Accessories Model H596,Apparel & Fashion,222,46,15,HEALTHY,-161
Noida Retail Center #18,North India,PRD-IND-00057,Fashion Accessories Model C782,Apparel & Fashion,300,30,17,HEALTHY,-253
Noida Retail Center #18,North India,PRD-IND-00058,Fashion Accessories Model J183,Apparel & Fashion,431,37,17,HEALTHY,-377
Noida Retail Center #18,North India,PRD-IND-00059,Fashion Accessories Model R976,Apparel & Fashion,278,51,31,HEALTHY,-196
Noida Retail Center #18,North India,PRD-IND-00060,Fashion Accessories Model M677,Apparel & Fashion,312,30,25,HEALTHY,-257
Noida Retail Center #18,North India,PRD-IND-00061,Furniture Model N132,Home & Living,475,44,22,HEALTHY,-409
Noida Retail Center #18,North India,PRD-IND-00062,Furniture Model U448,Home & Living,211,48,15,HEALTHY,-148
Noida Retail Center #18,North India,PRD-IND-00063,Furniture Model R565,Home & Living,386,43,30,HEALTHY,-313
Noida Retail Center #18,North India,PRD-IND-00064,Furniture Model J215,Home & Living,237,57,30,HEALTHY,-150
Noida Retail Center #18,North India,PRD-IND-00065,Furniture Model H138,Home & Living,0,38,24,CRITICAL: OUT OF STOCK,62
Noida Retail Center #18,North India,PRD-IND-00066,Furniture Model T348,Home & Living,481,59,33,HEALTHY,-389
Noida Retail Center #18,North India,PRD-IND-00067,Cookware & Kitchen Model V298,Home & Living,131,33,17,HEALTHY,-81
Noida Retail Center #18,North India,PRD-IND-00068,Cookware & Kitchen Model M927,Home & Living,464,31,19,HEALTHY,-414
Noida Retail Center #18,North India,PRD-IND-00069,Cookware & Kitchen Model F737,Home & Living,300,38,19,HEALTHY,-243
Noida Retail Center #18,North India,PRD-IND-00070,Cookware & Kitchen Model H709,Home & Living,188,50,25,HEALTHY,-113
Noida Retail Center #18,North India,PRD-IND-00071,Cookware & Kitchen Model I672,Home & Living,373,46,30,HEALTHY,-297
Noida Retail Center #18,North India,PRD-IND-00072,Cookware & Kitchen Model T452,Home & Living,148,30,33,HEALTHY,-85
Noida Retail Center #18,North India,PRD-IND-00073,Bedding & Linen Model C866,Home & Living,226,30,33,HEALTHY,-163
Noida Retail Center #18,North India,PRD-IND-00074,Bedding & Linen Model C482,Home & Living,375,41,15,HEALTHY,-319
Noida Retail Center #18,North India,PRD-IND-00075,Bedding & Linen Model Y927,Home & Living,365,52,16,HEALTHY,-297
Noida Retail Center #18,North India,PRD-IND-00076,Bedding & Linen Model N717,Home & Living,336,47,30,HEALTHY,-259
Noida Retail Center #18,North India,PRD-IND-00077,Bedding & Linen Model N231,Home & Living,398,52,16,HEALTHY,-330
Noida Retail Center #18,North India,PRD-IND-00078,Bedding & Linen Model C251,Home & Living,437,54,34,HEALTHY,-349
Noida Retail Center #18,North India,PRD-IND-00079,Home Decor Model E271,Home & Living,163,31,17,HEALTHY,-115
Noida Retail Center #18,North India,PRD-IND-00080,Home Decor Model B737,Home & Living,67,30,23,HEALTHY,-14
Noida Retail Center #18,North India,PRD-IND-00081,Home Decor Model H935,Home & Living,162,51,31,HEALTHY,-80
Noida Retail Center #18,North India,PRD-IND-00082,Home Decor Model J863,Home & Living,195,33,22,HEALTHY,-140
Noida Retail Center #18,North India,PRD-IND-00083,Home Decor Model S419,Home & Living,247,33,21,HEALTHY,-193
Noida Retail Center #18,North India,PRD-IND-00084,Home Decor Model R235,Home & Living,383,47,35,HEALTHY,-301
Noida Retail Center #18,North India,PRD-IND-00085,Pooja & Spiritual Essentials Model B542,Home & Living,367,39,30,HEALTHY,-298
Noida Retail Center #18,North India,PRD-IND-00086,Pooja & Spiritual Essentials Model C617,Home & Living,311,30,33,HEALTHY,-248
Noida Retail Center #18,North India,PRD-IND-00087,Pooja & Spiritual Essentials Model I388,Home & Living,209,36,25,HEALTHY,-148
Noida Retail Center #18,North India,PRD-IND-00088,Pooja & Spiritual Essentials Model X441,Home & Living,411,56,16,HEALTHY,-339
Noida Retail Center #18,North India,PRD-IND-00089,Pooja & Spiritual Essentials Model S453,Home & Living,256,39,19,HEALTHY,-198
Noida Retail Center #18,North India,PRD-IND-00090,Pooja & Spiritual Essentials Model T756,Home & Living,204,41,33,HEALTHY,-130
Noida Retail Center #18,North India,PRD-IND-00091,Ayurvedic & Skincare Model I993,Beauty & Personal Care,55,44,23,HEALTHY,12
Noida Retail Center #18,North India,PRD-IND-00092,Ayurvedic & Skincare Model V453,Beauty & Personal Care,374,53,18,HEALTHY,-303
Noida Retail Center #18,North India,PRD-IND-00093,Ayurvedic & Skincare Model R437,Beauty & Personal Care,238,47,35,HEALTHY,-156
Noida Retail Center #18,North India,PRD-IND-00094,Ayurvedic & Skincare Model K348,Beauty & Personal Care,417,31,22,HEALTHY,-364
Noida Retail Center #18,North India,PRD-IND-00095,Ayurvedic & Skincare Model S650,Beauty & Personal Care,477,51,30,HEALTHY,-396
Noida Retail Center #18,North India,PRD-IND-00096,Ayurvedic & Skincare Model E371,Beauty & Personal Care,359,33,20,HEALTHY,-306
Noida Retail Center #18,North India,PRD-IND-00097,Personal Grooming Model X908,Beauty & Personal Care,242,55,26,HEALTHY,-161
Noida Retail Center #18,North India,PRD-IND-00098,Personal Grooming Model V376,Beauty & Personal Care,346,46,15,HEALTHY,-285
Noida Retail Center #18,North India,PRD-IND-00099,Personal Grooming Model K686,Beauty & Personal Care,325,28,21,HEALTHY,-276
Noida Retail Center #18,North India,PRD-IND-00100,Personal Grooming Model Q489,Beauty & Personal Care,341,45,20,HEALTHY,-276
Noida Retail Center #18,North India,PRD-IND-00101,Personal Grooming Model Y559,Beauty & Personal Care,476,42,21,HEALTHY,-413
Noida Retail Center #18,North India,PRD-IND-00102,Personal Grooming Model N766,Beauty & Personal Care,28,37,16,WARNING: REORDER NEEDED,25
Noida Retail Center #18,North India,PRD-IND-00103,Cosmetics Model D157,Beauty & Personal Care,150,47,30,HEALTHY,-73
Noida Retail Center #18,North India,PRD-IND-00104,Cosmetics Model A526,Beauty & Personal Care,243,30,21,HEALTHY,-192
Noida Retail Center #18,North India,PRD-IND-00105,Cosmetics Model J672,Beauty & Personal Care,398,48,27,HEALTHY,-323
Noida Retail Center #18,North India,PRD-IND-00106,Cosmetics Model G541,Beauty & Personal Care,228,57,25,HEALTHY,-146
Noida Retail Center #18,North India,PRD-IND-00107,Cosmetics Model B432,Beauty & Personal Care,216,32,16,HEALTHY,-168
Noida Retail Center #18,North India,PRD-IND-00108,Cosmetics Model V489,Beauty & Personal Care,190,30,34,HEALTHY,-126
Noida Retail Center #18,North India,PRD-IND-00109,Wellness & Health Model V933,Beauty & Personal Care,443,44,33,HEALTHY,-366
Noida Retail Center #18,North India,PRD-IND-00110,Wellness & Health Model B245,Beauty & Personal Care,379,55,28,HEALTHY,-296
Noida Retail Center #18,North India,PRD-IND-00111,Wellness & Health Model H766,Beauty & Personal Care,278,48,27,HEALTHY,-203
Noida Retail Center #18,North India,PRD-IND-00112,Wellness & Health Model X718,Beauty & Personal Care,265,46,18,HEALTHY,-201
Noida Retail Center #18,North India,PRD-IND-00113,Wellness & Health Model H456,Beauty & Personal Care,147,41,18,HEALTHY,-88
Noida Retail Center #18,North India,PRD-IND-00114,Wellness & Health Model I109,Beauty & Personal Care,88,39,23,HEALTHY,-26
Noida Retail Center #18,North India,PRD-IND-00115,Spices & Atta Model E734,Groceries & Pantry,412,41,25,HEALTHY,-346
Noida Retail Center #18,North India,PRD-IND-00116,Spices & Atta Model H432,Groceries & Pantry,449,29,35,HEALTHY,-385
Noida Retail Center #18,North India,PRD-IND-00117,Spices & Atta Model P601,Groceries & Pantry,143,57,35,HEALTHY,-51
Noida Retail Center #18,North India,PRD-IND-00118,Spices & Atta Model U283,Groceries & Pantry,406,26,34,HEALTHY,-346
Noida Retail Center #18,North India,PRD-IND-00119,Spices & Atta Model P799,Groceries & Pantry,230,56,24,HEALTHY,-150
Noida Retail Center #18,North India,PRD-IND-00120,Spices & Atta Model Q229,Groceries & Pantry,67,36,30,HEALTHY,-1
Noida Retail Center #18,North India,PRD-IND-00121,Beverages & Tea Model R726,Groceries & Pantry,391,31,34,HEALTHY,-326
Noida Retail Center #18,North India,PRD-IND-00122,Beverages & Tea Model J769,Groceries & Pantry,156,34,15,HEALTHY,-107
Noida Retail Center #18,North India,PRD-IND-00123,Beverages & Tea Model I326,Groceries & Pantry,68,37,35,HEALTHY,4
Noida Retail Center #18,North India,PRD-IND-00124,Beverages & Tea Model K557,Groceries & Pantry,434,53,27,HEALTHY,-354
Noida Retail Center #18,North India,PRD-IND-00125,Beverages & Tea Model Z358,Groceries & Pantry,463,53,21,HEALTHY,-389
Noida Retail Center #18,North India,PRD-IND-00126,Beverages & Tea Model Z580,Groceries & Pantry,74,35,34,HEALTHY,-5
Noida Retail Center #18,North India,PRD-IND-00127,Snacks & Sweets Model J315,Groceries & Pantry,414,57,20,HEALTHY,-337
Noida Retail Center #18,North India,PRD-IND-00128,Snacks & Sweets Model F813,Groceries & Pantry,465,39,27,HEALTHY,-399
Noida Retail Center #18,North India,PRD-IND-00129,Snacks & Sweets Model I383,Groceries & Pantry,408,48,22,HEALTHY,-338
Noida Retail Center #18,North India,PRD-IND-00130,Snacks & Sweets Model Q321,Groceries & Pantry,236,32,28,HEALTHY,-176
Noida Retail Center #18,North India,PRD-IND-00131,Snacks & Sweets Model K811,Groceries & Pantry,264,42,24,HEALTHY,-198
Noida Retail Center #18,North India,PRD-IND-00132,Snacks & Sweets Model N704,Groceries & Pantry,80,42,30,HEALTHY,-8
Noida Retail Center #18,North India,PRD-IND-00133,Organic Staples Model F135,Groceries & Pantry,400,41,21,HEALTHY,-338
Noida Retail Center #18,North India,PRD-IND-00134,Organic Staples Model I531,Groceries & Pantry,310,39,24,HEALTHY,-247
Noida Retail Center #18,North India,PRD-IND-00135,Organic Staples Model F890,Groceries & Pantry,429,46,16,HEALTHY,-367
Noida Retail Center #18,North India,PRD-IND-00136,Organic Staples Model Q759,Groceries & Pantry,314,53,21,HEALTHY,-240
Noida Retail Center #18,North India,PRD-IND-00137,Organic Staples Model W353,Groceries & Pantry,474,44,28,HEALTHY,-402
Noida Retail Center #18,North India,PRD-IND-00138,Organic Staples Model O517,Groceries & Pantry,196,41,19,HEALTHY,-136
Noida Retail Center #18,North India,PRD-IND-00139,Gourmet Foods Model T469,Groceries & Pantry,355,28,17,HEALTHY,-310
Noida Retail Center #18,North India,PRD-IND-00140,Gourmet Foods Model W779,Groceries & Pantry,474,39,35,HEALTHY,-400
Noida Retail Center #18,North India,PRD-IND-00141,Gourmet Foods Model N139,Groceries & Pantry,226,55,33,HEALTHY,-138
Noida Retail Center #18,North India,PRD-IND-00142,Gourmet Foods Model Q928,Groceries & Pantry,461,40,19,HEALTHY,-402
Noida Retail Center #18,North India,PRD-IND-00143,Gourmet Foods Model W299,Groceries & Pantry,259,51,33,HEALTHY,-175
Noida Retail Center #18,North India,PRD-IND-00144,Gourmet Foods Model S546,Groceries & Pantry,35,40,16,WARNING: REORDER NEEDED,21
Guwahati Retail Center #19,North East India,PRD-IND-00001,Smartphones Model F985,Electronics & Gadgets,24,28,27,HIGH RISK: BELOW SAFETY STOCK,31
Guwahati Retail Center #19,North East India,PRD-IND-00002,Smartphones Model A572,Electronics & Gadgets,336,26,21,HEALTHY,-289
Guwahati Retail Center #19,North East India,PRD-IND-00003,Smartphones Model Z989,Electronics & Gadgets,34,52,30,WARNING: REORDER NEEDED,48
Guwahati Retail Center #19,North East India,PRD-IND-00004,Smartphones Model R416,Electronics & Gadgets,280,25,32,HEALTHY,-223
Guwahati Retail Center #19,North East India,PRD-IND-00005,Smartphones Model L683,Electronics & Gadgets,181,30,32,HEALTHY,-119
Guwahati Retail Center #19,North East India,PRD-IND-00006,Smartphones Model E727,Electronics & Gadgets,129,32,19,HEALTHY,-78
Guwahati Retail Center #19,North East India,PRD-IND-00007,Laptops Model D381,Electronics & Gadgets,243,39,34,HEALTHY,-170
Guwahati Retail Center #19,North East India,PRD-IND-00008,Laptops Model V239,Electronics & Gadgets,62,31,26,HEALTHY,-5
Guwahati Retail Center #19,North East India,PRD-IND-00009,Laptops Model O351,Electronics & Gadgets,158,56,31,HEALTHY,-71
Guwahati Retail Center #19,North East India,PRD-IND-00010,Laptops Model V866,Electronics & Gadgets,120,47,35,HEALTHY,-38
Guwahati Retail Center #19,North East India,PRD-IND-00011,Laptops Model O858,Electronics & Gadgets,95,35,26,HEALTHY,-34
Guwahati Retail Center #19,North East India,PRD-IND-00012,Laptops Model B870,Electronics & Gadgets,218,42,33,HEALTHY,-143
Guwahati Retail Center #19,North East India,PRD-IND-00013,Audio & Headphones Model T281,Electronics & Gadgets,366,29,34,HEALTHY,-303
Guwahati Retail Center #19,North East India,PRD-IND-00014,Audio & Headphones Model G322,Electronics & Gadgets,395,48,16,HEALTHY,-331
Guwahati Retail Center #19,North East India,PRD-IND-00015,Audio & Headphones Model D324,Electronics & Gadgets,452,45,33,HEALTHY,-374
Guwahati Retail Center #19,North East India,PRD-IND-00016,Audio & Headphones Model T550,Electronics & Gadgets,325,39,15,HEALTHY,-271
Guwahati Retail Center #19,North East India,PRD-IND-00017,Audio & Headphones Model Q622,Electronics & Gadgets,422,40,15,HEALTHY,-367
Guwahati Retail Center #19,North East India,PRD-IND-00018,Audio & Headphones Model P509,Electronics & Gadgets,203,41,22,HEALTHY,-140
Guwahati Retail Center #19,North East India,PRD-IND-00019,Smartwatches Model E822,Electronics & Gadgets,55,43,32,HEALTHY,20
Guwahati Retail Center #19,North East India,PRD-IND-00020,Smartwatches Model J175,Electronics & Gadgets,495,48,16,HEALTHY,-431
Guwahati Retail Center #19,North East India,PRD-IND-00021,Smartwatches Model O323,Electronics & Gadgets,237,50,15,HEALTHY,-172
Guwahati Retail Center #19,North East India,PRD-IND-00022,Smartwatches Model Q954,Electronics & Gadgets,230,57,18,HEALTHY,-155
Guwahati Retail Center #19,North East India,PRD-IND-00023,Smartwatches Model R443,Electronics & Gadgets,232,26,23,HEALTHY,-183
Guwahati Retail Center #19,North East India,PRD-IND-00024,Smartwatches Model G436,Electronics & Gadgets,94,43,26,HEALTHY,-25
Guwahati Retail Center #19,North East India,PRD-IND-00025,Home Appliances Model Q738,Electronics & Gadgets,345,57,24,HEALTHY,-264
Guwahati Retail Center #19,North East India,PRD-IND-00026,Home Appliances Model P768,Electronics & Gadgets,136,32,16,HEALTHY,-88
Guwahati Retail Center #19,North East India,PRD-IND-00027,Home Appliances Model T133,Electronics & Gadgets,288,33,29,HEALTHY,-226
Guwahati Retail Center #19,North East India,PRD-IND-00028,Home Appliances Model G300,Electronics & Gadgets,43,34,20,HEALTHY,11
Guwahati Retail Center #19,North East India,PRD-IND-00029,Home Appliances Model H956,Electronics & Gadgets,276,40,15,HEALTHY,-221
Guwahati Retail Center #19,North East India,PRD-IND-00030,Home Appliances Model X534,Electronics & Gadgets,127,38,32,HEALTHY,-57
Guwahati Retail Center #19,North East India,PRD-IND-00031,Ethnic Wear & Sarees Model S959,Apparel & Fashion,491,53,21,HEALTHY,-417
Guwahati Retail Center #19,North East India,PRD-IND-00032,Ethnic Wear & Sarees Model I627,Apparel & Fashion,415,33,32,HEALTHY,-350
Guwahati Retail Center #19,North East India,PRD-IND-00033,Ethnic Wear & Sarees Model J288,Apparel & Fashion,212,30,19,HEALTHY,-163
Guwahati Retail Center #19,North East India,PRD-IND-00034,Ethnic Wear & Sarees Model R189,Apparel & Fashion,229,46,17,HEALTHY,-166
Guwahati Retail Center #19,North East India,PRD-IND-00035,Ethnic Wear & Sarees Model F942,Apparel & Fashion,334,40,18,HEALTHY,-276
Guwahati Retail Center #19,North East India,PRD-IND-00036,Ethnic Wear & Sarees Model L531,Apparel & Fashion,195,43,26,HEALTHY,-126
Guwahati Retail Center #19,North East India,PRD-IND-00037,Men's Wear Model U520,Apparel & Fashion,324,46,20,HEALTHY,-258
Guwahati Retail Center #19,North East India,PRD-IND-00038,Men's Wear Model N368,Apparel & Fashion,128,55,18,HEALTHY,-55
Guwahati Retail Center #19,North East India,PRD-IND-00039,Men's Wear Model G987,Apparel & Fashion,376,51,20,HEALTHY,-305
Guwahati Retail Center #19,North East India,PRD-IND-00040,Men's Wear Model G903,Apparel & Fashion,429,36,20,HEALTHY,-373
Guwahati Retail Center #19,North East India,PRD-IND-00041,Men's Wear Model F525,Apparel & Fashion,63,60,15,HEALTHY,12
Guwahati Retail Center #19,North East India,PRD-IND-00042,Men's Wear Model O328,Apparel & Fashion,310,37,24,HEALTHY,-249
Guwahati Retail Center #19,North East India,PRD-IND-00043,Women's Western Model E376,Apparel & Fashion,132,46,22,HEALTHY,-64
Guwahati Retail Center #19,North East India,PRD-IND-00044,Women's Western Model U499,Apparel & Fashion,85,46,15,HEALTHY,-24
Guwahati Retail Center #19,North East India,PRD-IND-00045,Women's Western Model V661,Apparel & Fashion,296,32,23,HEALTHY,-241
Guwahati Retail Center #19,North East India,PRD-IND-00046,Women's Western Model U771,Apparel & Fashion,247,42,24,HEALTHY,-181
Guwahati Retail Center #19,North East India,PRD-IND-00047,Women's Western Model O503,Apparel & Fashion,4,53,26,HIGH RISK: BELOW SAFETY STOCK,75
Guwahati Retail Center #19,North East India,PRD-IND-00048,Women's Western Model P378,Apparel & Fashion,327,30,28,HEALTHY,-269
Guwahati Retail Center #19,North East India,PRD-IND-00049,Footwear Model I961,Apparel & Fashion,393,38,28,HEALTHY,-327
Guwahati Retail Center #19,North East India,PRD-IND-00050,Footwear Model F604,Apparel & Fashion,84,54,24,HEALTHY,-6
Guwahati Retail Center #19,North East India,PRD-IND-00051,Footwear Model S668,Apparel & Fashion,393,56,31,HEALTHY,-306
Guwahati Retail Center #19,North East India,PRD-IND-00052,Footwear Model Z213,Apparel & Fashion,380,27,34,HEALTHY,-319
Guwahati Retail Center #19,North East India,PRD-IND-00053,Footwear Model L175,Apparel & Fashion,63,53,21,HEALTHY,11
Guwahati Retail Center #19,North East India,PRD-IND-00054,Footwear Model U733,Apparel & Fashion,203,32,27,HEALTHY,-144
Guwahati Retail Center #19,North East India,PRD-IND-00055,Fashion Accessories Model Q600,Apparel & Fashion,57,29,20,HEALTHY,-8
Guwahati Retail Center #19,North East India,PRD-IND-00056,Fashion Accessories Model H596,Apparel & Fashion,52,56,21,WARNING: REORDER NEEDED,25
Guwahati Retail Center #19,North East India,PRD-IND-00057,Fashion Accessories Model C782,Apparel & Fashion,434,55,34,HEALTHY,-345
Guwahati Retail Center #19,North East India,PRD-IND-00058,Fashion Accessories Model J183,Apparel & Fashion,122,32,28,HEALTHY,-62
Guwahati Retail Center #19,North East India,PRD-IND-00059,Fashion Accessories Model R976,Apparel & Fashion,49,35,23,HEALTHY,9
Guwahati Retail Center #19,North East India,PRD-IND-00060,Fashion Accessories Model M677,Apparel & Fashion,369,29,30,HEALTHY,-310
Guwahati Retail Center #19,North East India,PRD-IND-00061,Furniture Model N132,Home & Living,204,25,16,HEALTHY,-163
Guwahati Retail Center #19,North East India,PRD-IND-00062,Furniture Model U448,Home & Living,448,48,18,HEALTHY,-382
Guwahati Retail Center #19,North East India,PRD-IND-00063,Furniture Model R565,Home & Living,164,28,33,HEALTHY,-103
Guwahati Retail Center #19,North East India,PRD-IND-00064,Furniture Model J215,Home & Living,135,44,25,HEALTHY,-66
Guwahati Retail Center #19,North East India,PRD-IND-00065,Furniture Model H138,Home & Living,430,25,30,HEALTHY,-375
Guwahati Retail Center #19,North East India,PRD-IND-00066,Furniture Model T348,Home & Living,439,52,16,HEALTHY,-371
Guwahati Retail Center #19,North East India,PRD-IND-00067,Cookware & Kitchen Model V298,Home & Living,149,55,22,HEALTHY,-72
Guwahati Retail Center #19,North East India,PRD-IND-00068,Cookware & Kitchen Model M927,Home & Living,250,57,20,HEALTHY,-173
Guwahati Retail Center #19,North East India,PRD-IND-00069,Cookware & Kitchen Model F737,Home & Living,478,42,22,HEALTHY,-414
Guwahati Retail Center #19,North East India,PRD-IND-00070,Cookware & Kitchen Model H709,Home & Living,111,59,32,HEALTHY,-20
Guwahati Retail Center #19,North East India,PRD-IND-00071,Cookware & Kitchen Model I672,Home & Living,32,60,17,WARNING: REORDER NEEDED,45
Guwahati Retail Center #19,North East India,PRD-IND-00072,Cookware & Kitchen Model T452,Home & Living,92,48,18,HEALTHY,-26
Guwahati Retail Center #19,North East India,PRD-IND-00073,Bedding & Linen Model C866,Home & Living,268,34,33,HEALTHY,-201
Guwahati Retail Center #19,North East India,PRD-IND-00074,Bedding & Linen Model C482,Home & Living,18,43,27,HIGH RISK: BELOW SAFETY STOCK,52
Guwahati Retail Center #19,North East India,PRD-IND-00075,Bedding & Linen Model Y927,Home & Living,86,55,25,HEALTHY,-6
Guwahati Retail Center #19,North East India,PRD-IND-00076,Bedding & Linen Model N717,Home & Living,12,50,19,HIGH RISK: BELOW SAFETY STOCK,57
Guwahati Retail Center #19,North East India,PRD-IND-00077,Bedding & Linen Model N231,Home & Living,349,57,29,HEALTHY,-263
Guwahati Retail Center #19,North East India,PRD-IND-00078,Bedding & Linen Model C251,Home & Living,348,43,30,HEALTHY,-275
Guwahati Retail Center #19,North East India,PRD-IND-00079,Home Decor Model E271,Home & Living,195,28,21,HEALTHY,-146
Guwahati Retail Center #19,North East India,PRD-IND-00080,Home Decor Model B737,Home & Living,384,26,34,HEALTHY,-324
Guwahati Retail Center #19,North East India,PRD-IND-00081,Home Decor Model H935,Home & Living,260,41,22,HEALTHY,-197
Guwahati Retail Center #19,North East India,PRD-IND-00082,Home Decor Model J863,Home & Living,386,26,33,HEALTHY,-327
Guwahati Retail Center #19,North East India,PRD-IND-00083,Home Decor Model S419,Home & Living,329,57,17,HEALTHY,-255
Guwahati Retail Center #19,North East India,PRD-IND-00084,Home Decor Model R235,Home & Living,308,31,32,HEALTHY,-245
Guwahati Retail Center #19,North East India,PRD-IND-00085,Pooja & Spiritual Essentials Model B542,Home & Living,206,33,26,HEALTHY,-147
Guwahati Retail Center #19,North East India,PRD-IND-00086,Pooja & Spiritual Essentials Model C617,Home & Living,458,58,18,HEALTHY,-382
Guwahati Retail Center #19,North East India,PRD-IND-00087,Pooja & Spiritual Essentials Model I388,Home & Living,183,57,17,HEALTHY,-109
Guwahati Retail Center #19,North East India,PRD-IND-00088,Pooja & Spiritual Essentials Model X441,Home & Living,318,60,28,HEALTHY,-230
Guwahati Retail Center #19,North East India,PRD-IND-00089,Pooja & Spiritual Essentials Model S453,Home & Living,99,46,19,HEALTHY,-34
Guwahati Retail Center #19,North East India,PRD-IND-00090,Pooja & Spiritual Essentials Model T756,Home & Living,449,47,28,HEALTHY,-374
Guwahati Retail Center #19,North East India,PRD-IND-00091,Ayurvedic & Skincare Model I993,Beauty & Personal Care,451,26,31,HEALTHY,-394
Guwahati Retail Center #19,North East India,PRD-IND-00092,Ayurvedic & Skincare Model V453,Beauty & Personal Care,330,27,24,HEALTHY,-279
Guwahati Retail Center #19,North East India,PRD-IND-00093,Ayurvedic & Skincare Model R437,Beauty & Personal Care,474,54,34,HEALTHY,-386
Guwahati Retail Center #19,North East India,PRD-IND-00094,Ayurvedic & Skincare Model K348,Beauty & Personal Care,105,46,30,HEALTHY,-29
Guwahati Retail Center #19,North East India,PRD-IND-00095,Ayurvedic & Skincare Model S650,Beauty & Personal Care,145,51,29,HEALTHY,-65
Guwahati Retail Center #19,North East India,PRD-IND-00096,Ayurvedic & Skincare Model E371,Beauty & Personal Care,475,57,17,HEALTHY,-401
Guwahati Retail Center #19,North East India,PRD-IND-00097,Personal Grooming Model X908,Beauty & Personal Care,205,44,29,HEALTHY,-132
Guwahati Retail Center #19,North East India,PRD-IND-00098,Personal Grooming Model V376,Beauty & Personal Care,280,25,22,HEALTHY,-233
Guwahati Retail Center #19,North East India,PRD-IND-00099,Personal Grooming Model K686,Beauty & Personal Care,489,36,27,HEALTHY,-426
Guwahati Retail Center #19,North East India,PRD-IND-00100,Personal Grooming Model Q489,Beauty & Personal Care,327,32,15,HEALTHY,-280
Guwahati Retail Center #19,North East India,PRD-IND-00101,Personal Grooming Model Y559,Beauty & Personal Care,322,43,28,HEALTHY,-251
Guwahati Retail Center #19,North East India,PRD-IND-00102,Personal Grooming Model N766,Beauty & Personal Care,392,58,24,HEALTHY,-310
Guwahati Retail Center #19,North East India,PRD-IND-00103,Cosmetics Model D157,Beauty & Personal Care,326,40,21,HEALTHY,-265
Guwahati Retail Center #19,North East India,PRD-IND-00104,Cosmetics Model A526,Beauty & Personal Care,158,45,26,HEALTHY,-87
Guwahati Retail Center #19,North East India,PRD-IND-00105,Cosmetics Model J672,Beauty & Personal Care,323,54,20,HEALTHY,-249
Guwahati Retail Center #19,North East India,PRD-IND-00106,Cosmetics Model G541,Beauty & Personal Care,160,30,21,HEALTHY,-109
Guwahati Retail Center #19,North East India,PRD-IND-00107,Cosmetics Model B432,Beauty & Personal Care,215,31,18,HEALTHY,-166
Guwahati Retail Center #19,North East India,PRD-IND-00108,Cosmetics Model V489,Beauty & Personal Care,434,49,33,HEALTHY,-352
Guwahati Retail Center #19,North East India,PRD-IND-00109,Wellness & Health Model V933,Beauty & Personal Care,34,39,24,WARNING: REORDER NEEDED,29
Guwahati Retail Center #19,North East India,PRD-IND-00110,Wellness & Health Model B245,Beauty & Personal Care,171,34,33,HEALTHY,-104
Guwahati Retail Center #19,North East India,PRD-IND-00111,Wellness & Health Model H766,Beauty & Personal Care,376,32,28,HEALTHY,-316
Guwahati Retail Center #19,North East India,PRD-IND-00112,Wellness & Health Model X718,Beauty & Personal Care,183,57,24,HEALTHY,-102
Guwahati Retail Center #19,North East India,PRD-IND-00113,Wellness & Health Model H456,Beauty & Personal Care,280,46,23,HEALTHY,-211
Guwahati Retail Center #19,North East India,PRD-IND-00114,Wellness & Health Model I109,Beauty & Personal Care,290,58,23,HEALTHY,-209
Guwahati Retail Center #19,North East India,PRD-IND-00115,Spices & Atta Model E734,Groceries & Pantry,230,44,31,HEALTHY,-155
Guwahati Retail Center #19,North East India,PRD-IND-00116,Spices & Atta Model H432,Groceries & Pantry,0,42,15,CRITICAL: OUT OF STOCK,57
Guwahati Retail Center #19,North East India,PRD-IND-00117,Spices & Atta Model P601,Groceries & Pantry,462,29,27,HEALTHY,-406
Guwahati Retail Center #19,North East India,PRD-IND-00118,Spices & Atta Model U283,Groceries & Pantry,157,43,31,HEALTHY,-83
Guwahati Retail Center #19,North East India,PRD-IND-00119,Spices & Atta Model P799,Groceries & Pantry,379,37,18,HEALTHY,-324
Guwahati Retail Center #19,North East India,PRD-IND-00120,Spices & Atta Model Q229,Groceries & Pantry,148,42,19,HEALTHY,-87
Guwahati Retail Center #19,North East India,PRD-IND-00121,Beverages & Tea Model R726,Groceries & Pantry,354,27,25,HEALTHY,-302
Guwahati Retail Center #19,North East India,PRD-IND-00122,Beverages & Tea Model J769,Groceries & Pantry,345,58,21,HEALTHY,-266
Guwahati Retail Center #19,North East India,PRD-IND-00123,Beverages & Tea Model I326,Groceries & Pantry,229,52,18,HEALTHY,-159
Guwahati Retail Center #19,North East India,PRD-IND-00124,Beverages & Tea Model K557,Groceries & Pantry,203,59,16,HEALTHY,-128
Guwahati Retail Center #19,North East India,PRD-IND-00125,Beverages & Tea Model Z358,Groceries & Pantry,259,59,20,HEALTHY,-180
Guwahati Retail Center #19,North East India,PRD-IND-00126,Beverages & Tea Model Z580,Groceries & Pantry,264,60,19,HEALTHY,-185
Guwahati Retail Center #19,North East India,PRD-IND-00127,Snacks & Sweets Model J315,Groceries & Pantry,314,27,32,HEALTHY,-255
Guwahati Retail Center #19,North East India,PRD-IND-00128,Snacks & Sweets Model F813,Groceries & Pantry,265,54,16,HEALTHY,-195
Guwahati Retail Center #19,North East India,PRD-IND-00129,Snacks & Sweets Model I383,Groceries & Pantry,204,31,27,HEALTHY,-146
Guwahati Retail Center #19,North East India,PRD-IND-00130,Snacks & Sweets Model Q321,Groceries & Pantry,288,47,20,HEALTHY,-221
Guwahati Retail Center #19,North East India,PRD-IND-00131,Snacks & Sweets Model K811,Groceries & Pantry,195,40,29,HEALTHY,-126
Guwahati Retail Center #19,North East India,PRD-IND-00132,Snacks & Sweets Model N704,Groceries & Pantry,341,56,22,HEALTHY,-263
Guwahati Retail Center #19,North East India,PRD-IND-00133,Organic Staples Model F135,Groceries & Pantry,14,47,31,HIGH RISK: BELOW SAFETY STOCK,64
Guwahati Retail Center #19,North East India,PRD-IND-00134,Organic Staples Model I531,Groceries & Pantry,433,28,31,HEALTHY,-374
Guwahati Retail Center #19,North East India,PRD-IND-00135,Organic Staples Model F890,Groceries & Pantry,457,48,26,HEALTHY,-383
Guwahati Retail Center #19,North East India,PRD-IND-00136,Organic Staples Model Q759,Groceries & Pantry,407,51,19,HEALTHY,-337
Guwahati Retail Center #19,North East India,PRD-IND-00137,Organic Staples Model W353,Groceries & Pantry,224,29,26,HEALTHY,-169
Guwahati Retail Center #19,North East India,PRD-IND-00138,Organic Staples Model O517,Groceries & Pantry,419,42,21,HEALTHY,-356
Guwahati Retail Center #19,North East India,PRD-IND-00139,Gourmet Foods Model T469,Groceries & Pantry,47,44,28,HEALTHY,25
Guwahati Retail Center #19,North East India,PRD-IND-00140,Gourmet Foods Model W779,Groceries & Pantry,158,51,33,HEALTHY,-74
Guwahati Retail Center #19,North East India,PRD-IND-00141,Gourmet Foods Model N139,Groceries & Pantry,441,59,16,HEALTHY,-366
Guwahati Retail Center #19,North East India,PRD-IND-00142,Gourmet Foods Model Q928,Groceries & Pantry,423,26,25,HEALTHY,-372
Guwahati Retail Center #19,North East India,PRD-IND-00143,Gourmet Foods Model W299,Groceries & Pantry,302,38,19,HEALTHY,-245
Guwahati Retail Center #19,North East India,PRD-IND-00144,Gourmet Foods Model S546,Groceries & Pantry,347,37,16,HEALTHY,-294
Bhubaneswar Retail Center #20,East & Central India,PRD-IND-00001,Smartphones Model F985,Electronics & Gadgets,297,46,21,HEALTHY,-230
Bhubaneswar Retail Center #20,East & Central India,PRD-IND-00002,Smartphones Model A572,Electronics & Gadgets,359,46,21,HEALTHY,-292
Bhubaneswar Retail Center #20,East & Central India,PRD-IND-00003,Smartphones Model Z989,Electronics & Gadgets,213,59,24,HEALTHY,-130
Bhubaneswar Retail Center #20,East & Central India,PRD-IND-00004,Smartphones Model R416,Electronics & Gadgets,42,40,18,HEALTHY,16
Bhubaneswar Retail Center #20,East & Central India,PRD-IND-00005,Smartphones Model L683,Electronics & Gadgets,337,45,24,HEALTHY,-268
Bhubaneswar Retail Center #20,East & Central India,PRD-IND-00006,Smartphones Model E727,Electronics & Gadgets,5,56,29,HIGH RISK: BELOW SAFETY STOCK,80
Bhubaneswar Retail Center #20,East & Central India,PRD-IND-00007,Laptops Model D381,Electronics & Gadgets,427,40,29,HEALTHY,-358
Bhubaneswar Retail Center #20,East & Central India,PRD-IND-00008,Laptops Model V239,Electronics & Gadgets,331,50,24,HEALTHY,-257
Bhubaneswar Retail Center #20,East & Central India,PRD-IND-00009,Laptops Model O351,Electronics & Gadgets,294,49,15,HEALTHY,-230
Bhubaneswar Retail Center #20,East & Central India,PRD-IND-00010,Laptops Model V866,Electronics & Gadgets,425,57,31,HEALTHY,-337
Bhubaneswar Retail Center #20,East & Central India,PRD-IND-00011,Laptops Model O858,Electronics & Gadgets,347,51,24,HEALTHY,-272
Bhubaneswar Retail Center #20,East & Central India,PRD-IND-00012,Laptops Model B870,Electronics & Gadgets,327,45,28,HEALTHY,-254
Bhubaneswar Retail Center #20,East & Central India,PRD-IND-00013,Audio & Headphones Model T281,Electronics & Gadgets,268,25,23,HEALTHY,-220
Bhubaneswar Retail Center #20,East & Central India,PRD-IND-00014,Audio & Headphones Model G322,Electronics & Gadgets,149,51,19,HEALTHY,-79
Bhubaneswar Retail Center #20,East & Central India,PRD-IND-00015,Audio & Headphones Model D324,Electronics & Gadgets,267,57,32,HEALTHY,-178
Bhubaneswar Retail Center #20,East & Central India,PRD-IND-00016,Audio & Headphones Model T550,Electronics & Gadgets,185,26,19,HEALTHY,-140
Bhubaneswar Retail Center #20,East & Central India,PRD-IND-00017,Audio & Headphones Model Q622,Electronics & Gadgets,158,59,18,HEALTHY,-81
Bhubaneswar Retail Center #20,East & Central India,PRD-IND-00018,Audio & Headphones Model P509,Electronics & Gadgets,197,45,28,HEALTHY,-124
Bhubaneswar Retail Center #20,East & Central India,PRD-IND-00019,Smartwatches Model E822,Electronics & Gadgets,266,25,16,HEALTHY,-225
Bhubaneswar Retail Center #20,East & Central India,PRD-IND-00020,Smartwatches Model J175,Electronics & Gadgets,50,53,26,WARNING: REORDER NEEDED,29
Bhubaneswar Retail Center #20,East & Central India,PRD-IND-00021,Smartwatches Model O323,Electronics & Gadgets,181,41,26,HEALTHY,-114
Bhubaneswar Retail Center #20,East & Central India,PRD-IND-00022,Smartwatches Model Q954,Electronics & Gadgets,426,45,25,HEALTHY,-356
Bhubaneswar Retail Center #20,East & Central India,PRD-IND-00023,Smartwatches Model R443,Electronics & Gadgets,244,56,16,HEALTHY,-172
Bhubaneswar Retail Center #20,East & Central India,PRD-IND-00024,Smartwatches Model G436,Electronics & Gadgets,335,37,18,HEALTHY,-280
Bhubaneswar Retail Center #20,East & Central India,PRD-IND-00025,Home Appliances Model Q738,Electronics & Gadgets,40,36,19,HEALTHY,15
Bhubaneswar Retail Center #20,East & Central India,PRD-IND-00026,Home Appliances Model P768,Electronics & Gadgets,24,46,21,WARNING: REORDER NEEDED,43
Bhubaneswar Retail Center #20,East & Central India,PRD-IND-00027,Home Appliances Model T133,Electronics & Gadgets,97,49,16,HEALTHY,-32
Bhubaneswar Retail Center #20,East & Central India,PRD-IND-00028,Home Appliances Model G300,Electronics & Gadgets,254,58,19,HEALTHY,-177
Bhubaneswar Retail Center #20,East & Central India,PRD-IND-00029,Home Appliances Model H956,Electronics & Gadgets,91,56,15,HEALTHY,-20
Bhubaneswar Retail Center #20,East & Central India,PRD-IND-00030,Home Appliances Model X534,Electronics & Gadgets,235,29,21,HEALTHY,-185
Bhubaneswar Retail Center #20,East & Central India,PRD-IND-00031,Ethnic Wear & Sarees Model S959,Apparel & Fashion,245,59,20,HEALTHY,-166
Bhubaneswar Retail Center #20,East & Central India,PRD-IND-00032,Ethnic Wear & Sarees Model I627,Apparel & Fashion,91,50,17,HEALTHY,-24
Bhubaneswar Retail Center #20,East & Central India,PRD-IND-00033,Ethnic Wear & Sarees Model J288,Apparel & Fashion,390,45,30,HEALTHY,-315
Bhubaneswar Retail Center #20,East & Central India,PRD-IND-00034,Ethnic Wear & Sarees Model R189,Apparel & Fashion,278,53,15,HEALTHY,-210
Bhubaneswar Retail Center #20,East & Central India,PRD-IND-00035,Ethnic Wear & Sarees Model F942,Apparel & Fashion,10,48,33,HIGH RISK: BELOW SAFETY STOCK,71
Bhubaneswar Retail Center #20,East & Central India,PRD-IND-00036,Ethnic Wear & Sarees Model L531,Apparel & Fashion,156,35,29,HEALTHY,-92
Bhubaneswar Retail Center #20,East & Central India,PRD-IND-00037,Men's Wear Model U520,Apparel & Fashion,70,36,15,HEALTHY,-19
Bhubaneswar Retail Center #20,East & Central India,PRD-IND-00038,Men's Wear Model N368,Apparel & Fashion,277,31,26,HEALTHY,-220
Bhubaneswar Retail Center #20,East & Central India,PRD-IND-00039,Men's Wear Model G987,Apparel & Fashion,5,46,33,HIGH RISK: BELOW SAFETY STOCK,74
Bhubaneswar Retail Center #20,East & Central India,PRD-IND-00040,Men's Wear Model G903,Apparel & Fashion,300,46,19,HEALTHY,-235
Bhubaneswar Retail Center #20,East & Central India,PRD-IND-00041,Men's Wear Model F525,Apparel & Fashion,305,34,22,HEALTHY,-249
Bhubaneswar Retail Center #20,East & Central India,PRD-IND-00042,Men's Wear Model O328,Apparel & Fashion,64,39,25,HEALTHY,0
Bhubaneswar Retail Center #20,East & Central India,PRD-IND-00043,Women's Western Model E376,Apparel & Fashion,67,40,34,HEALTHY,7
Bhubaneswar Retail Center #20,East & Central India,PRD-IND-00044,Women's Western Model U499,Apparel & Fashion,27,25,32,HIGH RISK: BELOW SAFETY STOCK,30
Bhubaneswar Retail Center #20,East & Central India,PRD-IND-00045,Women's Western Model V661,Apparel & Fashion,112,47,24,HEALTHY,-41
Bhubaneswar Retail Center #20,East & Central India,PRD-IND-00046,Women's Western Model U771,Apparel & Fashion,312,28,25,HEALTHY,-259
Bhubaneswar Retail Center #20,East & Central India,PRD-IND-00047,Women's Western Model O503,Apparel & Fashion,41,60,26,WARNING: REORDER NEEDED,45
Bhubaneswar Retail Center #20,East & Central India,PRD-IND-00048,Women's Western Model P378,Apparel & Fashion,429,42,35,HEALTHY,-352
Bhubaneswar Retail Center #20,East & Central India,PRD-IND-00049,Footwear Model I961,Apparel & Fashion,325,30,35,HEALTHY,-260
Bhubaneswar Retail Center #20,East & Central India,PRD-IND-00050,Footwear Model F604,Apparel & Fashion,406,34,21,HEALTHY,-351
Bhubaneswar Retail Center #20,East & Central India,PRD-IND-00051,Footwear Model S668,Apparel & Fashion,358,47,34,HEALTHY,-277
Bhubaneswar Retail Center #20,East & Central India,PRD-IND-00052,Footwear Model Z213,Apparel & Fashion,452,46,24,HEALTHY,-382
Bhubaneswar Retail Center #20,East & Central India,PRD-IND-00053,Footwear Model L175,Apparel & Fashion,344,43,22,HEALTHY,-279
Bhubaneswar Retail Center #20,East & Central India,PRD-IND-00054,Footwear Model U733,Apparel & Fashion,291,26,27,HEALTHY,-238
Bhubaneswar Retail Center #20,East & Central India,PRD-IND-00055,Fashion Accessories Model Q600,Apparel & Fashion,235,34,17,HEALTHY,-184
Bhubaneswar Retail Center #20,East & Central India,PRD-IND-00056,Fashion Accessories Model H596,Apparel & Fashion,294,39,15,HEALTHY,-240
Bhubaneswar Retail Center #20,East & Central India,PRD-IND-00057,Fashion Accessories Model C782,Apparel & Fashion,204,55,23,HEALTHY,-126
Bhubaneswar Retail Center #20,East & Central India,PRD-IND-00058,Fashion Accessories Model J183,Apparel & Fashion,328,28,22,HEALTHY,-278
Bhubaneswar Retail Center #20,East & Central India,PRD-IND-00059,Fashion Accessories Model R976,Apparel & Fashion,331,53,17,HEALTHY,-261
Bhubaneswar Retail Center #20,East & Central India,PRD-IND-00060,Fashion Accessories Model M677,Apparel & Fashion,139,38,32,HEALTHY,-69
Bhubaneswar Retail Center #20,East & Central India,PRD-IND-00061,Furniture Model N132,Home & Living,468,28,32,HEALTHY,-408
Bhubaneswar Retail Center #20,East & Central India,PRD-IND-00062,Furniture Model U448,Home & Living,305,31,19,HEALTHY,-255
Bhubaneswar Retail Center #20,East & Central India,PRD-IND-00063,Furniture Model R565,Home & Living,457,30,33,HEALTHY,-394
Bhubaneswar Retail Center #20,East & Central India,PRD-IND-00064,Furniture Model J215,Home & Living,44,45,17,WARNING: REORDER NEEDED,18
Bhubaneswar Retail Center #20,East & Central India,PRD-IND-00065,Furniture Model H138,Home & Living,60,52,17,HEALTHY,9
Bhubaneswar Retail Center #20,East & Central India,PRD-IND-00066,Furniture Model T348,Home & Living,223,55,28,HEALTHY,-140
Bhubaneswar Retail Center #20,East & Central India,PRD-IND-00067,Cookware & Kitchen Model V298,Home & Living,390,60,24,HEALTHY,-306
Bhubaneswar Retail Center #20,East & Central India,PRD-IND-00068,Cookware & Kitchen Model M927,Home & Living,359,60,19,HEALTHY,-280
Bhubaneswar Retail Center #20,East & Central India,PRD-IND-00069,Cookware & Kitchen Model F737,Home & Living,29,50,17,WARNING: REORDER NEEDED,38
Bhubaneswar Retail Center #20,East & Central India,PRD-IND-00070,Cookware & Kitchen Model H709,Home & Living,41,44,27,WARNING: REORDER NEEDED,30
Bhubaneswar Retail Center #20,East & Central India,PRD-IND-00071,Cookware & Kitchen Model I672,Home & Living,355,41,23,HEALTHY,-291
Bhubaneswar Retail Center #20,East & Central India,PRD-IND-00072,Cookware & Kitchen Model T452,Home & Living,394,38,25,HEALTHY,-331
Bhubaneswar Retail Center #20,East & Central India,PRD-IND-00073,Bedding & Linen Model C866,Home & Living,367,53,26,HEALTHY,-288
Bhubaneswar Retail Center #20,East & Central India,PRD-IND-00074,Bedding & Linen Model C482,Home & Living,266,38,24,HEALTHY,-204
Bhubaneswar Retail Center #20,East & Central India,PRD-IND-00075,Bedding & Linen Model Y927,Home & Living,324,39,24,HEALTHY,-261
Bhubaneswar Retail Center #20,East & Central India,PRD-IND-00076,Bedding & Linen Model N717,Home & Living,320,56,34,HEALTHY,-230
Bhubaneswar Retail Center #20,East & Central India,PRD-IND-00077,Bedding & Linen Model N231,Home & Living,412,44,29,HEALTHY,-339
Bhubaneswar Retail Center #20,East & Central India,PRD-IND-00078,Bedding & Linen Model C251,Home & Living,310,50,19,HEALTHY,-241
Bhubaneswar Retail Center #20,East & Central India,PRD-IND-00079,Home Decor Model E271,Home & Living,0,48,16,CRITICAL: OUT OF STOCK,64
Bhubaneswar Retail Center #20,East & Central India,PRD-IND-00080,Home Decor Model B737,Home & Living,438,49,15,HEALTHY,-374
Bhubaneswar Retail Center #20,East & Central India,PRD-IND-00081,Home Decor Model H935,Home & Living,403,29,24,HEALTHY,-350
Bhubaneswar Retail Center #20,East & Central India,PRD-IND-00082,Home Decor Model J863,Home & Living,381,56,15,HEALTHY,-310
Bhubaneswar Retail Center #20,East & Central India,PRD-IND-00083,Home Decor Model S419,Home & Living,30,31,15,WARNING: REORDER NEEDED,16
Bhubaneswar Retail Center #20,East & Central India,PRD-IND-00084,Home Decor Model R235,Home & Living,164,32,24,HEALTHY,-108
Bhubaneswar Retail Center #20,East & Central India,PRD-IND-00085,Pooja & Spiritual Essentials Model B542,Home & Living,228,26,21,HEALTHY,-181
Bhubaneswar Retail Center #20,East & Central India,PRD-IND-00086,Pooja & Spiritual Essentials Model C617,Home & Living,474,45,23,HEALTHY,-406
Bhubaneswar Retail Center #20,East & Central India,PRD-IND-00087,Pooja & Spiritual Essentials Model I388,Home & Living,59,31,27,HEALTHY,-1
Bhubaneswar Retail Center #20,East & Central India,PRD-IND-00088,Pooja & Spiritual Essentials Model X441,Home & Living,282,55,30,HEALTHY,-197
Bhubaneswar Retail Center #20,East & Central India,PRD-IND-00089,Pooja & Spiritual Essentials Model S453,Home & Living,289,26,24,HEALTHY,-239
Bhubaneswar Retail Center #20,East & Central India,PRD-IND-00090,Pooja & Spiritual Essentials Model T756,Home & Living,255,39,26,HEALTHY,-190
Bhubaneswar Retail Center #20,East & Central India,PRD-IND-00091,Ayurvedic & Skincare Model I993,Beauty & Personal Care,31,47,20,WARNING: REORDER NEEDED,36
Bhubaneswar Retail Center #20,East & Central India,PRD-IND-00092,Ayurvedic & Skincare Model V453,Beauty & Personal Care,84,35,20,HEALTHY,-29
Bhubaneswar Retail Center #20,East & Central India,PRD-IND-00093,Ayurvedic & Skincare Model R437,Beauty & Personal Care,310,52,23,HEALTHY,-235
Bhubaneswar Retail Center #20,East & Central India,PRD-IND-00094,Ayurvedic & Skincare Model K348,Beauty & Personal Care,35,58,25,WARNING: REORDER NEEDED,48
Bhubaneswar Retail Center #20,East & Central India,PRD-IND-00095,Ayurvedic & Skincare Model S650,Beauty & Personal Care,414,39,27,HEALTHY,-348
Bhubaneswar Retail Center #20,East & Central India,PRD-IND-00096,Ayurvedic & Skincare Model E371,Beauty & Personal Care,213,55,16,HEALTHY,-142
Bhubaneswar Retail Center #20,East & Central India,PRD-IND-00097,Personal Grooming Model X908,Beauty & Personal Care,106,53,33,HEALTHY,-20
Bhubaneswar Retail Center #20,East & Central India,PRD-IND-00098,Personal Grooming Model V376,Beauty & Personal Care,158,56,29,HEALTHY,-73
Bhubaneswar Retail Center #20,East & Central India,PRD-IND-00099,Personal Grooming Model K686,Beauty & Personal Care,142,37,34,HEALTHY,-71
Bhubaneswar Retail Center #20,East & Central India,PRD-IND-00100,Personal Grooming Model Q489,Beauty & Personal Care,47,56,16,WARNING: REORDER NEEDED,25
Bhubaneswar Retail Center #20,East & Central India,PRD-IND-00101,Personal Grooming Model Y559,Beauty & Personal Care,186,59,23,HEALTHY,-104
Bhubaneswar Retail Center #20,East & Central India,PRD-IND-00102,Personal Grooming Model N766,Beauty & Personal Care,355,58,24,HEALTHY,-273
Bhubaneswar Retail Center #20,East & Central India,PRD-IND-00103,Cosmetics Model D157,Beauty & Personal Care,118,43,27,HEALTHY,-48
Bhubaneswar Retail Center #20,East & Central India,PRD-IND-00104,Cosmetics Model A526,Beauty & Personal Care,12,32,19,HIGH RISK: BELOW SAFETY STOCK,39
Bhubaneswar Retail Center #20,East & Central India,PRD-IND-00105,Cosmetics Model J672,Beauty & Personal Care,434,51,19,HEALTHY,-364
Bhubaneswar Retail Center #20,East & Central India,PRD-IND-00106,Cosmetics Model G541,Beauty & Personal Care,463,57,32,HEALTHY,-374
Bhubaneswar Retail Center #20,East & Central India,PRD-IND-00107,Cosmetics Model B432,Beauty & Personal Care,392,33,34,HEALTHY,-325
Bhubaneswar Retail Center #20,East & Central India,PRD-IND-00108,Cosmetics Model V489,Beauty & Personal Care,50,46,34,HEALTHY,30
Bhubaneswar Retail Center #20,East & Central India,PRD-IND-00109,Wellness & Health Model V933,Beauty & Personal Care,262,35,31,HEALTHY,-196
Bhubaneswar Retail Center #20,East & Central India,PRD-IND-00110,Wellness & Health Model B245,Beauty & Personal Care,62,30,33,HEALTHY,1
Bhubaneswar Retail Center #20,East & Central India,PRD-IND-00111,Wellness & Health Model H766,Beauty & Personal Care,347,27,25,HEALTHY,-295
Bhubaneswar Retail Center #20,East & Central India,PRD-IND-00112,Wellness & Health Model X718,Beauty & Personal Care,214,59,32,HEALTHY,-123
Bhubaneswar Retail Center #20,East & Central India,PRD-IND-00113,Wellness & Health Model H456,Beauty & Personal Care,124,46,26,HEALTHY,-52
Bhubaneswar Retail Center #20,East & Central India,PRD-IND-00114,Wellness & Health Model I109,Beauty & Personal Care,493,36,18,HEALTHY,-439
Bhubaneswar Retail Center #20,East & Central India,PRD-IND-00115,Spices & Atta Model E734,Groceries & Pantry,248,44,26,HEALTHY,-178
Bhubaneswar Retail Center #20,East & Central India,PRD-IND-00116,Spices & Atta Model H432,Groceries & Pantry,220,27,26,HEALTHY,-167
Bhubaneswar Retail Center #20,East & Central India,PRD-IND-00117,Spices & Atta Model P601,Groceries & Pantry,396,46,23,HEALTHY,-327
Bhubaneswar Retail Center #20,East & Central India,PRD-IND-00118,Spices & Atta Model U283,Groceries & Pantry,139,40,17,HEALTHY,-82
Bhubaneswar Retail Center #20,East & Central India,PRD-IND-00119,Spices & Atta Model P799,Groceries & Pantry,455,46,16,HEALTHY,-393
Bhubaneswar Retail Center #20,East & Central India,PRD-IND-00120,Spices & Atta Model Q229,Groceries & Pantry,191,59,20,HEALTHY,-112
Bhubaneswar Retail Center #20,East & Central India,PRD-IND-00121,Beverages & Tea Model R726,Groceries & Pantry,0,33,20,CRITICAL: OUT OF STOCK,53
Bhubaneswar Retail Center #20,East & Central India,PRD-IND-00122,Beverages & Tea Model J769,Groceries & Pantry,211,47,18,HEALTHY,-146
Bhubaneswar Retail Center #20,East & Central India,PRD-IND-00123,Beverages & Tea Model I326,Groceries & Pantry,374,51,22,HEALTHY,-301
Bhubaneswar Retail Center #20,East & Central India,PRD-IND-00124,Beverages & Tea Model K557,Groceries & Pantry,300,46,16,HEALTHY,-238
Bhubaneswar Retail Center #20,East & Central India,PRD-IND-00125,Beverages & Tea Model Z358,Groceries & Pantry,378,29,16,HEALTHY,-333
Bhubaneswar Retail Center #20,East & Central India,PRD-IND-00126,Beverages & Tea Model Z580,Groceries & Pantry,290,55,33,HEALTHY,-202
Bhubaneswar Retail Center #20,East & Central India,PRD-IND-00127,Snacks & Sweets Model J315,Groceries & Pantry,267,44,34,HEALTHY,-189
Bhubaneswar Retail Center #20,East & Central India,PRD-IND-00128,Snacks & Sweets Model F813,Groceries & Pantry,484,36,16,HEALTHY,-432
Bhubaneswar Retail Center #20,East & Central India,PRD-IND-00129,Snacks & Sweets Model I383,Groceries & Pantry,163,55,35,HEALTHY,-73
Bhubaneswar Retail Center #20,East & Central India,PRD-IND-00130,Snacks & Sweets Model Q321,Groceries & Pantry,428,41,26,HEALTHY,-361
Bhubaneswar Retail Center #20,East & Central India,PRD-IND-00131,Snacks & Sweets Model K811,Groceries & Pantry,66,51,20,HEALTHY,5
Bhubaneswar Retail Center #20,East & Central India,PRD-IND-00132,Snacks & Sweets Model N704,Groceries & Pantry,264,34,33,HEALTHY,-197
Bhubaneswar Retail Center #20,East & Central India,PRD-IND-00133,Organic Staples Model F135,Groceries & Pantry,423,38,16,HEALTHY,-369
Bhubaneswar Retail Center #20,East & Central India,PRD-IND-00134,Organic Staples Model I531,Groceries & Pantry,100,56,28,HEALTHY,-16
Bhubaneswar Retail Center #20,East & Central India,PRD-IND-00135,Organic Staples Model F890,Groceries & Pantry,226,36,23,HEALTHY,-167
Bhubaneswar Retail Center #20,East & Central India,PRD-IND-00136,Organic Staples Model Q759,Groceries & Pantry,162,33,18,HEALTHY,-111
Bhubaneswar Retail Center #20,East & Central India,PRD-IND-00137,Organic Staples Model W353,Groceries & Pantry,457,50,29,HEALTHY,-378
Bhubaneswar Retail Center #20,East & Central India,PRD-IND-00138,Organic Staples Model O517,Groceries & Pantry,274,50,19,HEALTHY,-205
Bhubaneswar Retail Center #20,East & Central India,PRD-IND-00139,Gourmet Foods Model T469,Groceries & Pantry,244,50,18,HEALTHY,-176
Bhubaneswar Retail Center #20,East & Central India,PRD-IND-00140,Gourmet Foods Model W779,Groceries & Pantry,60,42,26,HEALTHY,8
Bhubaneswar Retail Center #20,East & Central India,PRD-IND-00141,Gourmet Foods Model N139,Groceries & Pantry,445,56,34,HEALTHY,-355
Bhubaneswar Retail Center #20,East & Central India,PRD-IND-00142,Gourmet Foods Model Q928,Groceries & Pantry,6,29,28,HIGH RISK: BELOW SAFETY STOCK,51
Bhubaneswar Retail Center #20,East & Central India,PRD-IND-00143,Gourmet Foods Model W299,Groceries & Pantry,405,45,30,HEALTHY,-330
Bhubaneswar Retail Center #20,East & Central India,PRD-IND-00144,Gourmet Foods Model S546,Groceries & Pantry,420,50,26,HEALTHY,-344
Ranchi Retail Center #21,East & Central India,PRD-IND-00001,Smartphones Model F985,Electronics & Gadgets,377,34,35,HEALTHY,-308
Ranchi Retail Center #21,East & Central India,PRD-IND-00002,Smartphones Model A572,Electronics & Gadgets,101,51,31,HEALTHY,-19
Ranchi Retail Center #21,East & Central India,PRD-IND-00003,Smartphones Model Z989,Electronics & Gadgets,127,56,21,HEALTHY,-50
Ranchi Retail Center #21,East & Central India,PRD-IND-00004,Smartphones Model R416,Electronics & Gadgets,498,45,28,HEALTHY,-425
Ranchi Retail Center #21,East & Central India,PRD-IND-00005,Smartphones Model L683,Electronics & Gadgets,374,56,34,HEALTHY,-284
Ranchi Retail Center #21,East & Central India,PRD-IND-00006,Smartphones Model E727,Electronics & Gadgets,320,28,27,HEALTHY,-265
Ranchi Retail Center #21,East & Central India,PRD-IND-00007,Laptops Model D381,Electronics & Gadgets,69,56,19,HEALTHY,6
Ranchi Retail Center #21,East & Central India,PRD-IND-00008,Laptops Model V239,Electronics & Gadgets,152,42,28,HEALTHY,-82
Ranchi Retail Center #21,East & Central India,PRD-IND-00009,Laptops Model O351,Electronics & Gadgets,364,42,20,HEALTHY,-302
Ranchi Retail Center #21,East & Central India,PRD-IND-00010,Laptops Model V866,Electronics & Gadgets,170,44,30,HEALTHY,-96
Ranchi Retail Center #21,East & Central India,PRD-IND-00011,Laptops Model O858,Electronics & Gadgets,492,28,35,HEALTHY,-429
Ranchi Retail Center #21,East & Central India,PRD-IND-00012,Laptops Model B870,Electronics & Gadgets,381,45,31,HEALTHY,-305
Ranchi Retail Center #21,East & Central India,PRD-IND-00013,Audio & Headphones Model T281,Electronics & Gadgets,406,52,26,HEALTHY,-328
Ranchi Retail Center #21,East & Central India,PRD-IND-00014,Audio & Headphones Model G322,Electronics & Gadgets,439,52,20,HEALTHY,-367
Ranchi Retail Center #21,East & Central India,PRD-IND-00015,Audio & Headphones Model D324,Electronics & Gadgets,89,50,23,HEALTHY,-16
Ranchi Retail Center #21,East & Central India,PRD-IND-00016,Audio & Headphones Model T550,Electronics & Gadgets,413,56,29,HEALTHY,-328
Ranchi Retail Center #21,East & Central India,PRD-IND-00017,Audio & Headphones Model Q622,Electronics & Gadgets,315,35,27,HEALTHY,-253
Ranchi Retail Center #21,East & Central India,PRD-IND-00018,Audio & Headphones Model P509,Electronics & Gadgets,1,51,27,HIGH RISK: BELOW SAFETY STOCK,77
Ranchi Retail Center #21,East & Central India,PRD-IND-00019,Smartwatches Model E822,Electronics & Gadgets,411,37,19,HEALTHY,-355
Ranchi Retail Center #21,East & Central India,PRD-IND-00020,Smartwatches Model J175,Electronics & Gadgets,129,48,17,HEALTHY,-64
Ranchi Retail Center #21,East & Central India,PRD-IND-00021,Smartwatches Model O323,Electronics & Gadgets,360,32,28,HEALTHY,-300
Ranchi Retail Center #21,East & Central India,PRD-IND-00022,Smartwatches Model Q954,Electronics & Gadgets,486,27,33,HEALTHY,-426
Ranchi Retail Center #21,East & Central India,PRD-IND-00023,Smartwatches Model R443,Electronics & Gadgets,8,40,22,HIGH RISK: BELOW SAFETY STOCK,54
Ranchi Retail Center #21,East & Central India,PRD-IND-00024,Smartwatches Model G436,Electronics & Gadgets,228,32,24,HEALTHY,-172
Ranchi Retail Center #21,East & Central India,PRD-IND-00025,Home Appliances Model Q738,Electronics & Gadgets,363,35,31,HEALTHY,-297
Ranchi Retail Center #21,East & Central India,PRD-IND-00026,Home Appliances Model P768,Electronics & Gadgets,379,44,26,HEALTHY,-309
Ranchi Retail Center #21,East & Central India,PRD-IND-00027,Home Appliances Model T133,Electronics & Gadgets,398,43,23,HEALTHY,-332
Ranchi Retail Center #21,East & Central India,PRD-IND-00028,Home Appliances Model G300,Electronics & Gadgets,475,38,35,HEALTHY,-402
Ranchi Retail Center #21,East & Central India,PRD-IND-00029,Home Appliances Model H956,Electronics & Gadgets,257,29,29,HEALTHY,-199
Ranchi Retail Center #21,East & Central India,PRD-IND-00030,Home Appliances Model X534,Electronics & Gadgets,332,59,28,HEALTHY,-245
Ranchi Retail Center #21,East & Central India,PRD-IND-00031,Ethnic Wear & Sarees Model S959,Apparel & Fashion,497,29,27,HEALTHY,-441
Ranchi Retail Center #21,East & Central India,PRD-IND-00032,Ethnic Wear & Sarees Model I627,Apparel & Fashion,121,45,17,HEALTHY,-59
Ranchi Retail Center #21,East & Central India,PRD-IND-00033,Ethnic Wear & Sarees Model J288,Apparel & Fashion,154,30,23,HEALTHY,-101
Ranchi Retail Center #21,East & Central India,PRD-IND-00034,Ethnic Wear & Sarees Model R189,Apparel & Fashion,325,27,35,HEALTHY,-263
Ranchi Retail Center #21,East & Central India,PRD-IND-00035,Ethnic Wear & Sarees Model F942,Apparel & Fashion,304,30,25,HEALTHY,-249
Ranchi Retail Center #21,East & Central India,PRD-IND-00036,Ethnic Wear & Sarees Model L531,Apparel & Fashion,286,28,19,HEALTHY,-239
Ranchi Retail Center #21,East & Central India,PRD-IND-00037,Men's Wear Model U520,Apparel & Fashion,460,57,29,HEALTHY,-374
Ranchi Retail Center #21,East & Central India,PRD-IND-00038,Men's Wear Model N368,Apparel & Fashion,422,34,33,HEALTHY,-355
Ranchi Retail Center #21,East & Central India,PRD-IND-00039,Men's Wear Model G987,Apparel & Fashion,489,46,20,HEALTHY,-423
Ranchi Retail Center #21,East & Central India,PRD-IND-00040,Men's Wear Model G903,Apparel & Fashion,379,40,30,HEALTHY,-309
Ranchi Retail Center #21,East & Central India,PRD-IND-00041,Men's Wear Model F525,Apparel & Fashion,386,48,19,HEALTHY,-319
Ranchi Retail Center #21,East & Central India,PRD-IND-00042,Men's Wear Model O328,Apparel & Fashion,339,56,19,HEALTHY,-264
Ranchi Retail Center #21,East & Central India,PRD-IND-00043,Women's Western Model E376,Apparel & Fashion,456,45,33,HEALTHY,-378
Ranchi Retail Center #21,East & Central India,PRD-IND-00044,Women's Western Model U499,Apparel & Fashion,145,57,32,HEALTHY,-56
Ranchi Retail Center #21,East & Central India,PRD-IND-00045,Women's Western Model V661,Apparel & Fashion,257,43,19,HEALTHY,-195
Ranchi Retail Center #21,East & Central India,PRD-IND-00046,Women's Western Model U771,Apparel & Fashion,156,54,28,HEALTHY,-74
Ranchi Retail Center #21,East & Central India,PRD-IND-00047,Women's Western Model O503,Apparel & Fashion,432,42,23,HEALTHY,-367
Ranchi Retail Center #21,East & Central India,PRD-IND-00048,Women's Western Model P378,Apparel & Fashion,415,60,21,HEALTHY,-334
Ranchi Retail Center #21,East & Central India,PRD-IND-00049,Footwear Model I961,Apparel & Fashion,203,50,35,HEALTHY,-118
Ranchi Retail Center #21,East & Central India,PRD-IND-00050,Footwear Model F604,Apparel & Fashion,221,27,24,HEALTHY,-170
Ranchi Retail Center #21,East & Central India,PRD-IND-00051,Footwear Model S668,Apparel & Fashion,6,45,16,HIGH RISK: BELOW SAFETY STOCK,55
Ranchi Retail Center #21,East & Central India,PRD-IND-00052,Footwear Model Z213,Apparel & Fashion,467,39,22,HEALTHY,-406
Ranchi Retail Center #21,East & Central India,PRD-IND-00053,Footwear Model L175,Apparel & Fashion,436,44,32,HEALTHY,-360
Ranchi Retail Center #21,East & Central India,PRD-IND-00054,Footwear Model U733,Apparel & Fashion,47,41,18,HEALTHY,12
Ranchi Retail Center #21,East & Central India,PRD-IND-00055,Fashion Accessories Model Q600,Apparel & Fashion,109,36,34,HEALTHY,-39
Ranchi Retail Center #21,East & Central India,PRD-IND-00056,Fashion Accessories Model H596,Apparel & Fashion,398,54,15,HEALTHY,-329
Ranchi Retail Center #21,East & Central India,PRD-IND-00057,Fashion Accessories Model C782,Apparel & Fashion,413,30,25,HEALTHY,-358
Ranchi Retail Center #21,East & Central India,PRD-IND-00058,Fashion Accessories Model J183,Apparel & Fashion,194,33,22,HEALTHY,-139
Ranchi Retail Center #21,East & Central India,PRD-IND-00059,Fashion Accessories Model R976,Apparel & Fashion,111,60,35,HEALTHY,-16
Ranchi Retail Center #21,East & Central India,PRD-IND-00060,Fashion Accessories Model M677,Apparel & Fashion,201,29,32,HEALTHY,-140
Ranchi Retail Center #21,East & Central India,PRD-IND-00061,Furniture Model N132,Home & Living,102,29,34,HEALTHY,-39
Ranchi Retail Center #21,East & Central India,PRD-IND-00062,Furniture Model U448,Home & Living,97,37,33,HEALTHY,-27
Ranchi Retail Center #21,East & Central India,PRD-IND-00063,Furniture Model R565,Home & Living,12,38,15,HIGH RISK: BELOW SAFETY STOCK,41
Ranchi Retail Center #21,East & Central India,PRD-IND-00064,Furniture Model J215,Home & Living,397,28,19,HEALTHY,-350
Ranchi Retail Center #21,East & Central India,PRD-IND-00065,Furniture Model H138,Home & Living,2,56,23,HIGH RISK: BELOW SAFETY STOCK,77
Ranchi Retail Center #21,East & Central India,PRD-IND-00066,Furniture Model T348,Home & Living,258,39,15,HEALTHY,-204
Ranchi Retail Center #21,East & Central India,PRD-IND-00067,Cookware & Kitchen Model V298,Home & Living,298,26,24,HEALTHY,-248
Ranchi Retail Center #21,East & Central India,PRD-IND-00068,Cookware & Kitchen Model M927,Home & Living,78,48,21,HEALTHY,-9
Ranchi Retail Center #21,East & Central India,PRD-IND-00069,Cookware & Kitchen Model F737,Home & Living,439,54,27,HEALTHY,-358
Ranchi Retail Center #21,East & Central India,PRD-IND-00070,Cookware & Kitchen Model H709,Home & Living,225,53,34,HEALTHY,-138
Ranchi Retail Center #21,East & Central India,PRD-IND-00071,Cookware & Kitchen Model I672,Home & Living,5,41,35,HIGH RISK: BELOW SAFETY STOCK,71
Ranchi Retail Center #21,East & Central India,PRD-IND-00072,Cookware & Kitchen Model T452,Home & Living,151,45,26,HEALTHY,-80
Ranchi Retail Center #21,East & Central India,PRD-IND-00073,Bedding & Linen Model C866,Home & Living,45,33,25,HEALTHY,13
Ranchi Retail Center #21,East & Central India,PRD-IND-00074,Bedding & Linen Model C482,Home & Living,51,33,21,HEALTHY,3
Ranchi Retail Center #21,East & Central India,PRD-IND-00075,Bedding & Linen Model Y927,Home & Living,482,56,26,HEALTHY,-400
Ranchi Retail Center #21,East & Central India,PRD-IND-00076,Bedding & Linen Model N717,Home & Living,262,43,21,HEALTHY,-198
Ranchi Retail Center #21,East & Central India,PRD-IND-00077,Bedding & Linen Model N231,Home & Living,49,31,27,HEALTHY,9
Ranchi Retail Center #21,East & Central India,PRD-IND-00078,Bedding & Linen Model C251,Home & Living,148,49,25,HEALTHY,-74
Ranchi Retail Center #21,East & Central India,PRD-IND-00079,Home Decor Model E271,Home & Living,365,32,35,HEALTHY,-298
Ranchi Retail Center #21,East & Central India,PRD-IND-00080,Home Decor Model B737,Home & Living,126,44,20,HEALTHY,-62
Ranchi Retail Center #21,East & Central India,PRD-IND-00081,Home Decor Model H935,Home & Living,99,45,33,HEALTHY,-21
Ranchi Retail Center #21,East & Central India,PRD-IND-00082,Home Decor Model J863,Home & Living,257,25,27,HEALTHY,-205
Ranchi Retail Center #21,East & Central India,PRD-IND-00083,Home Decor Model S419,Home & Living,145,47,19,HEALTHY,-79
Ranchi Retail Center #21,East & Central India,PRD-IND-00084,Home Decor Model R235,Home & Living,488,26,33,HEALTHY,-429
Ranchi Retail Center #21,East & Central India,PRD-IND-00085,Pooja & Spiritual Essentials Model B542,Home & Living,94,46,15,HEALTHY,-33
Ranchi Retail Center #21,East & Central India,PRD-IND-00086,Pooja & Spiritual Essentials Model C617,Home & Living,80,32,33,HEALTHY,-15
Ranchi Retail Center #21,East & Central India,PRD-IND-00087,Pooja & Spiritual Essentials Model I388,Home & Living,409,31,35,HEALTHY,-343
Ranchi Retail Center #21,East & Central India,PRD-IND-00088,Pooja & Spiritual Essentials Model X441,Home & Living,423,46,16,HEALTHY,-361
Ranchi Retail Center #21,East & Central India,PRD-IND-00089,Pooja & Spiritual Essentials Model S453,Home & Living,134,34,28,HEALTHY,-72
Ranchi Retail Center #21,East & Central India,PRD-IND-00090,Pooja & Spiritual Essentials Model T756,Home & Living,55,55,24,WARNING: REORDER NEEDED,24
Ranchi Retail Center #21,East & Central India,PRD-IND-00091,Ayurvedic & Skincare Model I993,Beauty & Personal Care,426,44,17,HEALTHY,-365
Ranchi Retail Center #21,East & Central India,PRD-IND-00092,Ayurvedic & Skincare Model V453,Beauty & Personal Care,352,49,32,HEALTHY,-271
Ranchi Retail Center #21,East & Central India,PRD-IND-00093,Ayurvedic & Skincare Model R437,Beauty & Personal Care,348,40,25,HEALTHY,-283
Ranchi Retail Center #21,East & Central India,PRD-IND-00094,Ayurvedic & Skincare Model K348,Beauty & Personal Care,269,53,16,HEALTHY,-200
Ranchi Retail Center #21,East & Central India,PRD-IND-00095,Ayurvedic & Skincare Model S650,Beauty & Personal Care,478,48,22,HEALTHY,-408
Ranchi Retail Center #21,East & Central India,PRD-IND-00096,Ayurvedic & Skincare Model E371,Beauty & Personal Care,82,29,34,HEALTHY,-19
Ranchi Retail Center #21,East & Central India,PRD-IND-00097,Personal Grooming Model X908,Beauty & Personal Care,31,52,33,HIGH RISK: BELOW SAFETY STOCK,54
Ranchi Retail Center #21,East & Central India,PRD-IND-00098,Personal Grooming Model V376,Beauty & Personal Care,393,58,25,HEALTHY,-310
Ranchi Retail Center #21,East & Central India,PRD-IND-00099,Personal Grooming Model K686,Beauty & Personal Care,407,36,29,HEALTHY,-342
Ranchi Retail Center #21,East & Central India,PRD-IND-00100,Personal Grooming Model Q489,Beauty & Personal Care,395,42,24,HEALTHY,-329
Ranchi Retail Center #21,East & Central India,PRD-IND-00101,Personal Grooming Model Y559,Beauty & Personal Care,134,36,25,HEALTHY,-73
Ranchi Retail Center #21,East & Central India,PRD-IND-00102,Personal Grooming Model N766,Beauty & Personal Care,26,39,29,HIGH RISK: BELOW SAFETY STOCK,42
Ranchi Retail Center #21,East & Central India,PRD-IND-00103,Cosmetics Model D157,Beauty & Personal Care,395,36,20,HEALTHY,-339
Ranchi Retail Center #21,East & Central India,PRD-IND-00104,Cosmetics Model A526,Beauty & Personal Care,200,35,29,HEALTHY,-136
Ranchi Retail Center #21,East & Central India,PRD-IND-00105,Cosmetics Model J672,Beauty & Personal Care,134,49,30,HEALTHY,-55
Ranchi Retail Center #21,East & Central India,PRD-IND-00106,Cosmetics Model G541,Beauty & Personal Care,444,50,35,HEALTHY,-359
Ranchi Retail Center #21,East & Central India,PRD-IND-00107,Cosmetics Model B432,Beauty & Personal Care,446,52,24,HEALTHY,-370
Ranchi Retail Center #21,East & Central India,PRD-IND-00108,Cosmetics Model V489,Beauty & Personal Care,273,48,33,HEALTHY,-192
Ranchi Retail Center #21,East & Central India,PRD-IND-00109,Wellness & Health Model V933,Beauty & Personal Care,355,51,20,HEALTHY,-284
Ranchi Retail Center #21,East & Central India,PRD-IND-00110,Wellness & Health Model B245,Beauty & Personal Care,355,42,24,HEALTHY,-289
Ranchi Retail Center #21,East & Central India,PRD-IND-00111,Wellness & Health Model H766,Beauty & Personal Care,476,42,16,HEALTHY,-418
Ranchi Retail Center #21,East & Central India,PRD-IND-00112,Wellness & Health Model X718,Beauty & Personal Care,137,40,19,HEALTHY,-78
Ranchi Retail Center #21,East & Central India,PRD-IND-00113,Wellness & Health Model H456,Beauty & Personal Care,441,44,35,HEALTHY,-362
Ranchi Retail Center #21,East & Central India,PRD-IND-00114,Wellness & Health Model I109,Beauty & Personal Care,142,29,30,HEALTHY,-83
Ranchi Retail Center #21,East & Central India,PRD-IND-00115,Spices & Atta Model E734,Groceries & Pantry,496,35,23,HEALTHY,-438
Ranchi Retail Center #21,East & Central India,PRD-IND-00116,Spices & Atta Model H432,Groceries & Pantry,314,52,35,HEALTHY,-227
Ranchi Retail Center #21,East & Central India,PRD-IND-00117,Spices & Atta Model P601,Groceries & Pantry,494,49,25,HEALTHY,-420
Ranchi Retail Center #21,East & Central India,PRD-IND-00118,Spices & Atta Model U283,Groceries & Pantry,100,56,20,HEALTHY,-24
Ranchi Retail Center #21,East & Central India,PRD-IND-00119,Spices & Atta Model P799,Groceries & Pantry,388,37,31,HEALTHY,-320
Ranchi Retail Center #21,East & Central India,PRD-IND-00120,Spices & Atta Model Q229,Groceries & Pantry,248,52,15,HEALTHY,-181
Ranchi Retail Center #21,East & Central India,PRD-IND-00121,Beverages & Tea Model R726,Groceries & Pantry,327,48,15,HEALTHY,-264
Ranchi Retail Center #21,East & Central India,PRD-IND-00122,Beverages & Tea Model J769,Groceries & Pantry,440,37,23,HEALTHY,-380
Ranchi Retail Center #21,East & Central India,PRD-IND-00123,Beverages & Tea Model I326,Groceries & Pantry,268,44,26,HEALTHY,-198
Ranchi Retail Center #21,East & Central India,PRD-IND-00124,Beverages & Tea Model K557,Groceries & Pantry,169,49,16,HEALTHY,-104
Ranchi Retail Center #21,East & Central India,PRD-IND-00125,Beverages & Tea Model Z358,Groceries & Pantry,166,34,32,HEALTHY,-100
Ranchi Retail Center #21,East & Central India,PRD-IND-00126,Beverages & Tea Model Z580,Groceries & Pantry,143,26,26,HEALTHY,-91
Ranchi Retail Center #21,East & Central India,PRD-IND-00127,Snacks & Sweets Model J315,Groceries & Pantry,332,42,21,HEALTHY,-269
Ranchi Retail Center #21,East & Central India,PRD-IND-00128,Snacks & Sweets Model F813,Groceries & Pantry,394,58,25,HEALTHY,-311
Ranchi Retail Center #21,East & Central India,PRD-IND-00129,Snacks & Sweets Model I383,Groceries & Pantry,375,41,22,HEALTHY,-312
Ranchi Retail Center #21,East & Central India,PRD-IND-00130,Snacks & Sweets Model Q321,Groceries & Pantry,16,48,25,HIGH RISK: BELOW SAFETY STOCK,57
Ranchi Retail Center #21,East & Central India,PRD-IND-00131,Snacks & Sweets Model K811,Groceries & Pantry,400,44,27,HEALTHY,-329
Ranchi Retail Center #21,East & Central India,PRD-IND-00132,Snacks & Sweets Model N704,Groceries & Pantry,281,45,27,HEALTHY,-209
Ranchi Retail Center #21,East & Central India,PRD-IND-00133,Organic Staples Model F135,Groceries & Pantry,109,25,15,HEALTHY,-69
Ranchi Retail Center #21,East & Central India,PRD-IND-00134,Organic Staples Model I531,Groceries & Pantry,221,39,22,HEALTHY,-160
Ranchi Retail Center #21,East & Central India,PRD-IND-00135,Organic Staples Model F890,Groceries & Pantry,285,47,16,HEALTHY,-222
Ranchi Retail Center #21,East & Central India,PRD-IND-00136,Organic Staples Model Q759,Groceries & Pantry,1,60,23,HIGH RISK: BELOW SAFETY STOCK,82
Ranchi Retail Center #21,East & Central India,PRD-IND-00137,Organic Staples Model W353,Groceries & Pantry,62,53,18,HEALTHY,9
Ranchi Retail Center #21,East & Central India,PRD-IND-00138,Organic Staples Model O517,Groceries & Pantry,453,45,20,HEALTHY,-388
Ranchi Retail Center #21,East & Central India,PRD-IND-00139,Gourmet Foods Model T469,Groceries & Pantry,205,39,24,HEALTHY,-142
Ranchi Retail Center #21,East & Central India,PRD-IND-00140,Gourmet Foods Model W779,Groceries & Pantry,101,51,24,HEALTHY,-26
Ranchi Retail Center #21,East & Central India,PRD-IND-00141,Gourmet Foods Model N139,Groceries & Pantry,392,48,32,HEALTHY,-312
Ranchi Retail Center #21,East & Central India,PRD-IND-00142,Gourmet Foods Model Q928,Groceries & Pantry,400,33,24,HEALTHY,-343
Ranchi Retail Center #21,East & Central India,PRD-IND-00143,Gourmet Foods Model W299,Groceries & Pantry,114,38,26,HEALTHY,-50
Ranchi Retail Center #21,East & Central India,PRD-IND-00144,Gourmet Foods Model S546,Groceries & Pantry,287,48,23,HEALTHY,-216
Mumbai Retail Center #22,West India,PRD-IND-00001,Smartphones Model F985,Electronics & Gadgets,308,45,28,HEALTHY,-235
Mumbai Retail Center #22,West India,PRD-IND-00002,Smartphones Model A572,Electronics & Gadgets,325,57,29,HEALTHY,-239
Mumbai Retail Center #22,West India,PRD-IND-00003,Smartphones Model Z989,Electronics & Gadgets,120,26,25,HEALTHY,-69
Mumbai Retail Center #22,West India,PRD-IND-00004,Smartphones Model R416,Electronics & Gadgets,186,59,24,HEALTHY,-103
Mumbai Retail Center #22,West India,PRD-IND-00005,Smartphones Model L683,Electronics & Gadgets,93,33,23,HEALTHY,-37
Mumbai Retail Center #22,West India,PRD-IND-00006,Smartphones Model E727,Electronics & Gadgets,249,26,27,HEALTHY,-196
Mumbai Retail Center #22,West India,PRD-IND-00007,Laptops Model D381,Electronics & Gadgets,214,59,29,HEALTHY,-126
Mumbai Retail Center #22,West India,PRD-IND-00008,Laptops Model V239,Electronics & Gadgets,198,47,22,HEALTHY,-129
Mumbai Retail Center #22,West India,PRD-IND-00009,Laptops Model O351,Electronics & Gadgets,339,27,19,HEALTHY,-293
Mumbai Retail Center #22,West India,PRD-IND-00010,Laptops Model V866,Electronics & Gadgets,21,43,32,HIGH RISK: BELOW SAFETY STOCK,54
Mumbai Retail Center #22,West India,PRD-IND-00011,Laptops Model O858,Electronics & Gadgets,182,28,31,HEALTHY,-123
Mumbai Retail Center #22,West India,PRD-IND-00012,Laptops Model B870,Electronics & Gadgets,140,45,20,HEALTHY,-75
Mumbai Retail Center #22,West India,PRD-IND-00013,Audio & Headphones Model T281,Electronics & Gadgets,60,56,19,HEALTHY,15
Mumbai Retail Center #22,West India,PRD-IND-00014,Audio & Headphones Model G322,Electronics & Gadgets,360,42,29,HEALTHY,-289
Mumbai Retail Center #22,West India,PRD-IND-00015,Audio & Headphones Model D324,Electronics & Gadgets,35,59,24,WARNING: REORDER NEEDED,48
Mumbai Retail Center #22,West India,PRD-IND-00016,Audio & Headphones Model T550,Electronics & Gadgets,391,50,21,HEALTHY,-320
Mumbai Retail Center #22,West India,PRD-IND-00017,Audio & Headphones Model Q622,Electronics & Gadgets,299,53,20,HEALTHY,-226
Mumbai Retail Center #22,West India,PRD-IND-00018,Audio & Headphones Model P509,Electronics & Gadgets,213,54,18,HEALTHY,-141
Mumbai Retail Center #22,West India,PRD-IND-00019,Smartwatches Model E822,Electronics & Gadgets,299,45,22,HEALTHY,-232
Mumbai Retail Center #22,West India,PRD-IND-00020,Smartwatches Model J175,Electronics & Gadgets,331,48,31,HEALTHY,-252
Mumbai Retail Center #22,West India,PRD-IND-00021,Smartwatches Model O323,Electronics & Gadgets,341,51,23,HEALTHY,-267
Mumbai Retail Center #22,West India,PRD-IND-00022,Smartwatches Model Q954,Electronics & Gadgets,208,60,19,HEALTHY,-129
Mumbai Retail Center #22,West India,PRD-IND-00023,Smartwatches Model R443,Electronics & Gadgets,488,39,22,HEALTHY,-427
Mumbai Retail Center #22,West India,PRD-IND-00024,Smartwatches Model G436,Electronics & Gadgets,354,58,28,HEALTHY,-268
Mumbai Retail Center #22,West India,PRD-IND-00025,Home Appliances Model Q738,Electronics & Gadgets,259,45,29,HEALTHY,-185
Mumbai Retail Center #22,West India,PRD-IND-00026,Home Appliances Model P768,Electronics & Gadgets,56,26,29,HEALTHY,-1
Mumbai Retail Center #22,West India,PRD-IND-00027,Home Appliances Model T133,Electronics & Gadgets,429,59,15,HEALTHY,-355
Mumbai Retail Center #22,West India,PRD-IND-00028,Home Appliances Model G300,Electronics & Gadgets,94,41,16,HEALTHY,-37
Mumbai Retail Center #22,West India,PRD-IND-00029,Home Appliances Model H956,Electronics & Gadgets,45,39,33,HEALTHY,27
Mumbai Retail Center #22,West India,PRD-IND-00030,Home Appliances Model X534,Electronics & Gadgets,336,36,35,HEALTHY,-265
Mumbai Retail Center #22,West India,PRD-IND-00031,Ethnic Wear & Sarees Model S959,Apparel & Fashion,340,54,26,HEALTHY,-260
Mumbai Retail Center #22,West India,PRD-IND-00032,Ethnic Wear & Sarees Model I627,Apparel & Fashion,140,36,18,HEALTHY,-86
Mumbai Retail Center #22,West India,PRD-IND-00033,Ethnic Wear & Sarees Model J288,Apparel & Fashion,461,43,35,HEALTHY,-383
Mumbai Retail Center #22,West India,PRD-IND-00034,Ethnic Wear & Sarees Model R189,Apparel & Fashion,314,49,34,HEALTHY,-231
Mumbai Retail Center #22,West India,PRD-IND-00035,Ethnic Wear & Sarees Model F942,Apparel & Fashion,124,25,32,HEALTHY,-67
Mumbai Retail Center #22,West India,PRD-IND-00036,Ethnic Wear & Sarees Model L531,Apparel & Fashion,360,38,33,HEALTHY,-289
Mumbai Retail Center #22,West India,PRD-IND-00037,Men's Wear Model U520,Apparel & Fashion,349,58,15,HEALTHY,-276
Mumbai Retail Center #22,West India,PRD-IND-00038,Men's Wear Model N368,Apparel & Fashion,71,47,20,HEALTHY,-4
Mumbai Retail Center #22,West India,PRD-IND-00039,Men's Wear Model G987,Apparel & Fashion,96,52,28,HEALTHY,-16
Mumbai Retail Center #22,West India,PRD-IND-00040,Men's Wear Model G903,Apparel & Fashion,428,59,25,HEALTHY,-344
Mumbai Retail Center #22,West India,PRD-IND-00041,Men's Wear Model F525,Apparel & Fashion,110,25,23,HEALTHY,-62
Mumbai Retail Center #22,West India,PRD-IND-00042,Men's Wear Model O328,Apparel & Fashion,11,56,27,HIGH RISK: BELOW SAFETY STOCK,72
Mumbai Retail Center #22,West India,PRD-IND-00043,Women's Western Model E376,Apparel & Fashion,144,31,22,HEALTHY,-91
Mumbai Retail Center #22,West India,PRD-IND-00044,Women's Western Model U499,Apparel & Fashion,200,28,34,HEALTHY,-138
Mumbai Retail Center #22,West India,PRD-IND-00045,Women's Western Model V661,Apparel & Fashion,238,52,33,HEALTHY,-153
Mumbai Retail Center #22,West India,PRD-IND-00046,Women's Western Model U771,Apparel & Fashion,193,32,20,HEALTHY,-141
Mumbai Retail Center #22,West India,PRD-IND-00047,Women's Western Model O503,Apparel & Fashion,330,46,16,HEALTHY,-268
Mumbai Retail Center #22,West India,PRD-IND-00048,Women's Western Model P378,Apparel & Fashion,62,56,32,HEALTHY,26
Mumbai Retail Center #22,West India,PRD-IND-00049,Footwear Model I961,Apparel & Fashion,138,59,34,HEALTHY,-45
Mumbai Retail Center #22,West India,PRD-IND-00050,Footwear Model F604,Apparel & Fashion,217,60,24,HEALTHY,-133
Mumbai Retail Center #22,West India,PRD-IND-00051,Footwear Model S668,Apparel & Fashion,321,43,33,HEALTHY,-245
Mumbai Retail Center #22,West India,PRD-IND-00052,Footwear Model Z213,Apparel & Fashion,15,37,20,HIGH RISK: BELOW SAFETY STOCK,42
Mumbai Retail Center #22,West India,PRD-IND-00053,Footwear Model L175,Apparel & Fashion,174,52,19,HEALTHY,-103
Mumbai Retail Center #22,West India,PRD-IND-00054,Footwear Model U733,Apparel & Fashion,432,54,27,HEALTHY,-351
Mumbai Retail Center #22,West India,PRD-IND-00055,Fashion Accessories Model Q600,Apparel & Fashion,169,53,25,HEALTHY,-91
Mumbai Retail Center #22,West India,PRD-IND-00056,Fashion Accessories Model H596,Apparel & Fashion,190,45,21,HEALTHY,-124
Mumbai Retail Center #22,West India,PRD-IND-00057,Fashion Accessories Model C782,Apparel & Fashion,412,51,19,HEALTHY,-342
Mumbai Retail Center #22,West India,PRD-IND-00058,Fashion Accessories Model J183,Apparel & Fashion,124,39,34,HEALTHY,-51
Mumbai Retail Center #22,West India,PRD-IND-00059,Fashion Accessories Model R976,Apparel & Fashion,326,36,20,HEALTHY,-270
Mumbai Retail Center #22,West India,PRD-IND-00060,Fashion Accessories Model M677,Apparel & Fashion,177,47,21,HEALTHY,-109
Mumbai Retail Center #22,West India,PRD-IND-00061,Furniture Model N132,Home & Living,89,38,29,HEALTHY,-22
Mumbai Retail Center #22,West India,PRD-IND-00062,Furniture Model U448,Home & Living,76,42,32,HEALTHY,-2
Mumbai Retail Center #22,West India,PRD-IND-00063,Furniture Model R565,Home & Living,138,25,35,HEALTHY,-78
Mumbai Retail Center #22,West India,PRD-IND-00064,Furniture Model J215,Home & Living,22,43,22,HIGH RISK: BELOW SAFETY STOCK,43
Mumbai Retail Center #22,West India,PRD-IND-00065,Furniture Model H138,Home & Living,390,52,21,HEALTHY,-317
Mumbai Retail Center #22,West India,PRD-IND-00066,Furniture Model T348,Home & Living,92,59,35,HEALTHY,2
Mumbai Retail Center #22,West India,PRD-IND-00067,Cookware & Kitchen Model V298,Home & Living,155,39,16,HEALTHY,-100
Mumbai Retail Center #22,West India,PRD-IND-00068,Cookware & Kitchen Model M927,Home & Living,117,53,34,HEALTHY,-30
Mumbai Retail Center #22,West India,PRD-IND-00069,Cookware & Kitchen Model F737,Home & Living,483,53,19,HEALTHY,-411
Mumbai Retail Center #22,West India,PRD-IND-00070,Cookware & Kitchen Model H709,Home & Living,268,37,22,HEALTHY,-209
Mumbai Retail Center #22,West India,PRD-IND-00071,Cookware & Kitchen Model I672,Home & Living,494,60,35,HEALTHY,-399
Mumbai Retail Center #22,West India,PRD-IND-00072,Cookware & Kitchen Model T452,Home & Living,400,47,18,HEALTHY,-335
Mumbai Retail Center #22,West India,PRD-IND-00073,Bedding & Linen Model C866,Home & Living,306,54,20,HEALTHY,-232
Mumbai Retail Center #22,West India,PRD-IND-00074,Bedding & Linen Model C482,Home & Living,461,59,24,HEALTHY,-378
Mumbai Retail Center #22,West India,PRD-IND-00075,Bedding & Linen Model Y927,Home & Living,157,48,32,HEALTHY,-77
Mumbai Retail Center #22,West India,PRD-IND-00076,Bedding & Linen Model N717,Home & Living,127,50,27,HEALTHY,-50
Mumbai Retail Center #22,West India,PRD-IND-00077,Bedding & Linen Model N231,Home & Living,152,42,26,HEALTHY,-84
Mumbai Retail Center #22,West India,PRD-IND-00078,Bedding & Linen Model C251,Home & Living,314,25,29,HEALTHY,-260
Mumbai Retail Center #22,West India,PRD-IND-00079,Home Decor Model E271,Home & Living,465,34,23,HEALTHY,-408
Mumbai Retail Center #22,West India,PRD-IND-00080,Home Decor Model B737,Home & Living,463,26,29,HEALTHY,-408
Mumbai Retail Center #22,West India,PRD-IND-00081,Home Decor Model H935,Home & Living,382,27,26,HEALTHY,-329
Mumbai Retail Center #22,West India,PRD-IND-00082,Home Decor Model J863,Home & Living,156,53,29,HEALTHY,-74
Mumbai Retail Center #22,West India,PRD-IND-00083,Home Decor Model S419,Home & Living,178,58,32,HEALTHY,-88
Mumbai Retail Center #22,West India,PRD-IND-00084,Home Decor Model R235,Home & Living,269,26,27,HEALTHY,-216
Mumbai Retail Center #22,West India,PRD-IND-00085,Pooja & Spiritual Essentials Model B542,Home & Living,5,38,34,HIGH RISK: BELOW SAFETY STOCK,67
Mumbai Retail Center #22,West India,PRD-IND-00086,Pooja & Spiritual Essentials Model C617,Home & Living,378,53,34,HEALTHY,-291
Mumbai Retail Center #22,West India,PRD-IND-00087,Pooja & Spiritual Essentials Model I388,Home & Living,498,40,18,HEALTHY,-440
Mumbai Retail Center #22,West India,PRD-IND-00088,Pooja & Spiritual Essentials Model X441,Home & Living,216,54,20,HEALTHY,-142
Mumbai Retail Center #22,West India,PRD-IND-00089,Pooja & Spiritual Essentials Model S453,Home & Living,305,58,23,HEALTHY,-224
Mumbai Retail Center #22,West India,PRD-IND-00090,Pooja & Spiritual Essentials Model T756,Home & Living,259,52,27,HEALTHY,-180
Mumbai Retail Center #22,West India,PRD-IND-00091,Ayurvedic & Skincare Model I993,Beauty & Personal Care,235,53,33,HEALTHY,-149
Mumbai Retail Center #22,West India,PRD-IND-00092,Ayurvedic & Skincare Model V453,Beauty & Personal Care,227,54,34,HEALTHY,-139
Mumbai Retail Center #22,West India,PRD-IND-00093,Ayurvedic & Skincare Model R437,Beauty & Personal Care,474,36,35,HEALTHY,-403
Mumbai Retail Center #22,West India,PRD-IND-00094,Ayurvedic & Skincare Model K348,Beauty & Personal Care,409,30,18,HEALTHY,-361
Mumbai Retail Center #22,West India,PRD-IND-00095,Ayurvedic & Skincare Model S650,Beauty & Personal Care,271,29,15,HEALTHY,-227
Mumbai Retail Center #22,West India,PRD-IND-00096,Ayurvedic & Skincare Model E371,Beauty & Personal Care,131,50,33,HEALTHY,-48
Mumbai Retail Center #22,West India,PRD-IND-00097,Personal Grooming Model X908,Beauty & Personal Care,19,34,31,HIGH RISK: BELOW SAFETY STOCK,46
Mumbai Retail Center #22,West India,PRD-IND-00098,Personal Grooming Model V376,Beauty & Personal Care,23,38,19,WARNING: REORDER NEEDED,34
Mumbai Retail Center #22,West India,PRD-IND-00099,Personal Grooming Model K686,Beauty & Personal Care,430,45,35,HEALTHY,-350
Mumbai Retail Center #22,West India,PRD-IND-00100,Personal Grooming Model Q489,Beauty & Personal Care,211,58,19,HEALTHY,-134
Mumbai Retail Center #22,West India,PRD-IND-00101,Personal Grooming Model Y559,Beauty & Personal Care,154,52,30,HEALTHY,-72
Mumbai Retail Center #22,West India,PRD-IND-00102,Personal Grooming Model N766,Beauty & Personal Care,275,60,29,HEALTHY,-186
Mumbai Retail Center #22,West India,PRD-IND-00103,Cosmetics Model D157,Beauty & Personal Care,52,56,28,WARNING: REORDER NEEDED,32
Mumbai Retail Center #22,West India,PRD-IND-00104,Cosmetics Model A526,Beauty & Personal Care,402,55,31,HEALTHY,-316
Mumbai Retail Center #22,West India,PRD-IND-00105,Cosmetics Model J672,Beauty & Personal Care,318,27,29,HEALTHY,-262
Mumbai Retail Center #22,West India,PRD-IND-00106,Cosmetics Model G541,Beauty & Personal Care,66,49,30,HEALTHY,13
Mumbai Retail Center #22,West India,PRD-IND-00107,Cosmetics Model B432,Beauty & Personal Care,338,29,20,HEALTHY,-289
Mumbai Retail Center #22,West India,PRD-IND-00108,Cosmetics Model V489,Beauty & Personal Care,285,49,19,HEALTHY,-217
Mumbai Retail Center #22,West India,PRD-IND-00109,Wellness & Health Model V933,Beauty & Personal Care,148,33,35,HEALTHY,-80
Mumbai Retail Center #22,West India,PRD-IND-00110,Wellness & Health Model B245,Beauty & Personal Care,403,59,27,HEALTHY,-317
Mumbai Retail Center #22,West India,PRD-IND-00111,Wellness & Health Model H766,Beauty & Personal Care,477,33,18,HEALTHY,-426
Mumbai Retail Center #22,West India,PRD-IND-00112,Wellness & Health Model X718,Beauty & Personal Care,83,40,29,HEALTHY,-14
Mumbai Retail Center #22,West India,PRD-IND-00113,Wellness & Health Model H456,Beauty & Personal Care,83,49,31,HEALTHY,-3
Mumbai Retail Center #22,West India,PRD-IND-00114,Wellness & Health Model I109,Beauty & Personal Care,84,40,23,HEALTHY,-21
Mumbai Retail Center #22,West India,PRD-IND-00115,Spices & Atta Model E734,Groceries & Pantry,119,45,26,HEALTHY,-48
Mumbai Retail Center #22,West India,PRD-IND-00116,Spices & Atta Model H432,Groceries & Pantry,135,43,29,HEALTHY,-63
Mumbai Retail Center #22,West India,PRD-IND-00117,Spices & Atta Model P601,Groceries & Pantry,33,33,22,WARNING: REORDER NEEDED,22
Mumbai Retail Center #22,West India,PRD-IND-00118,Spices & Atta Model U283,Groceries & Pantry,378,26,33,HEALTHY,-319
Mumbai Retail Center #22,West India,PRD-IND-00119,Spices & Atta Model P799,Groceries & Pantry,422,27,35,HEALTHY,-360
Mumbai Retail Center #22,West India,PRD-IND-00120,Spices & Atta Model Q229,Groceries & Pantry,493,53,29,HEALTHY,-411
Mumbai Retail Center #22,West India,PRD-IND-00121,Beverages & Tea Model R726,Groceries & Pantry,16,31,19,HIGH RISK: BELOW SAFETY STOCK,34
Mumbai Retail Center #22,West India,PRD-IND-00122,Beverages & Tea Model J769,Groceries & Pantry,435,30,24,HEALTHY,-381
Mumbai Retail Center #22,West India,PRD-IND-00123,Beverages & Tea Model I326,Groceries & Pantry,199,32,22,HEALTHY,-145
Mumbai Retail Center #22,West India,PRD-IND-00124,Beverages & Tea Model K557,Groceries & Pantry,258,57,33,HEALTHY,-168
Mumbai Retail Center #22,West India,PRD-IND-00125,Beverages & Tea Model Z358,Groceries & Pantry,252,54,28,HEALTHY,-170
Mumbai Retail Center #22,West India,PRD-IND-00126,Beverages & Tea Model Z580,Groceries & Pantry,70,37,15,HEALTHY,-18
Mumbai Retail Center #22,West India,PRD-IND-00127,Snacks & Sweets Model J315,Groceries & Pantry,248,40,31,HEALTHY,-177
Mumbai Retail Center #22,West India,PRD-IND-00128,Snacks & Sweets Model F813,Groceries & Pantry,463,26,17,HEALTHY,-420
Mumbai Retail Center #22,West India,PRD-IND-00129,Snacks & Sweets Model I383,Groceries & Pantry,117,39,33,HEALTHY,-45
Mumbai Retail Center #22,West India,PRD-IND-00130,Snacks & Sweets Model Q321,Groceries & Pantry,34,46,18,WARNING: REORDER NEEDED,30
Mumbai Retail Center #22,West India,PRD-IND-00131,Snacks & Sweets Model K811,Groceries & Pantry,348,37,17,HEALTHY,-294
Mumbai Retail Center #22,West India,PRD-IND-00132,Snacks & Sweets Model N704,Groceries & Pantry,121,58,31,HEALTHY,-32
Mumbai Retail Center #22,West India,PRD-IND-00133,Organic Staples Model F135,Groceries & Pantry,181,53,26,HEALTHY,-102
Mumbai Retail Center #22,West India,PRD-IND-00134,Organic Staples Model I531,Groceries & Pantry,181,35,27,HEALTHY,-119
Mumbai Retail Center #22,West India,PRD-IND-00135,Organic Staples Model F890,Groceries & Pantry,24,57,15,WARNING: REORDER NEEDED,48
Mumbai Retail Center #22,West India,PRD-IND-00136,Organic Staples Model Q759,Groceries & Pantry,231,41,23,HEALTHY,-167
Mumbai Retail Center #22,West India,PRD-IND-00137,Organic Staples Model W353,Groceries & Pantry,476,33,34,HEALTHY,-409
Mumbai Retail Center #22,West India,PRD-IND-00138,Organic Staples Model O517,Groceries & Pantry,1,39,34,HIGH RISK: BELOW SAFETY STOCK,72
Mumbai Retail Center #22,West India,PRD-IND-00139,Gourmet Foods Model T469,Groceries & Pantry,384,42,32,HEALTHY,-310
Mumbai Retail Center #22,West India,PRD-IND-00140,Gourmet Foods Model W779,Groceries & Pantry,161,47,27,HEALTHY,-87
Mumbai Retail Center #22,West India,PRD-IND-00141,Gourmet Foods Model N139,Groceries & Pantry,271,41,23,HEALTHY,-207
Mumbai Retail Center #22,West India,PRD-IND-00142,Gourmet Foods Model Q928,Groceries & Pantry,423,42,15,HEALTHY,-366
Mumbai Retail Center #22,West India,PRD-IND-00143,Gourmet Foods Model W299,Groceries & Pantry,346,38,33,HEALTHY,-275
Mumbai Retail Center #22,West India,PRD-IND-00144,Gourmet Foods Model S546,Groceries & Pantry,198,58,20,HEALTHY,-120
Pune Retail Center #23,West India,PRD-IND-00001,Smartphones Model F985,Electronics & Gadgets,306,57,16,HEALTHY,-233
Pune Retail Center #23,West India,PRD-IND-00002,Smartphones Model A572,Electronics & Gadgets,354,41,34,HEALTHY,-279
Pune Retail Center #23,West India,PRD-IND-00003,Smartphones Model Z989,Electronics & Gadgets,311,36,16,HEALTHY,-259
Pune Retail Center #23,West India,PRD-IND-00004,Smartphones Model R416,Electronics & Gadgets,198,37,33,HEALTHY,-128
Pune Retail Center #23,West India,PRD-IND-00005,Smartphones Model L683,Electronics & Gadgets,269,39,32,HEALTHY,-198
Pune Retail Center #23,West India,PRD-IND-00006,Smartphones Model E727,Electronics & Gadgets,400,59,21,HEALTHY,-320
Pune Retail Center #23,West India,PRD-IND-00007,Laptops Model D381,Electronics & Gadgets,333,43,32,HEALTHY,-258
Pune Retail Center #23,West India,PRD-IND-00008,Laptops Model V239,Electronics & Gadgets,236,31,21,HEALTHY,-184
Pune Retail Center #23,West India,PRD-IND-00009,Laptops Model O351,Electronics & Gadgets,365,34,22,HEALTHY,-309
Pune Retail Center #23,West India,PRD-IND-00010,Laptops Model V866,Electronics & Gadgets,413,48,20,HEALTHY,-345
Pune Retail Center #23,West India,PRD-IND-00011,Laptops Model O858,Electronics & Gadgets,199,46,19,HEALTHY,-134
Pune Retail Center #23,West India,PRD-IND-00012,Laptops Model B870,Electronics & Gadgets,48,48,22,WARNING: REORDER NEEDED,22
Pune Retail Center #23,West India,PRD-IND-00013,Audio & Headphones Model T281,Electronics & Gadgets,19,50,31,HIGH RISK: BELOW SAFETY STOCK,62
Pune Retail Center #23,West India,PRD-IND-00014,Audio & Headphones Model G322,Electronics & Gadgets,461,28,18,HEALTHY,-415
Pune Retail Center #23,West India,PRD-IND-00015,Audio & Headphones Model D324,Electronics & Gadgets,273,26,31,HEALTHY,-216
Pune Retail Center #23,West India,PRD-IND-00016,Audio & Headphones Model T550,Electronics & Gadgets,164,27,29,HEALTHY,-108
Pune Retail Center #23,West India,PRD-IND-00017,Audio & Headphones Model Q622,Electronics & Gadgets,88,56,31,HEALTHY,-1
Pune Retail Center #23,West India,PRD-IND-00018,Audio & Headphones Model P509,Electronics & Gadgets,418,50,26,HEALTHY,-342
Pune Retail Center #23,West India,PRD-IND-00019,Smartwatches Model E822,Electronics & Gadgets,316,51,17,HEALTHY,-248
Pune Retail Center #23,West India,PRD-IND-00020,Smartwatches Model J175,Electronics & Gadgets,330,41,31,HEALTHY,-258
Pune Retail Center #23,West India,PRD-IND-00021,Smartwatches Model O323,Electronics & Gadgets,245,40,15,HEALTHY,-190
Pune Retail Center #23,West India,PRD-IND-00022,Smartwatches Model Q954,Electronics & Gadgets,495,29,20,HEALTHY,-446
Pune Retail Center #23,West India,PRD-IND-00023,Smartwatches Model R443,Electronics & Gadgets,400,48,20,HEALTHY,-332
Pune Retail Center #23,West India,PRD-IND-00024,Smartwatches Model G436,Electronics & Gadgets,23,42,30,HIGH RISK: BELOW SAFETY STOCK,49
Pune Retail Center #23,West India,PRD-IND-00025,Home Appliances Model Q738,Electronics & Gadgets,457,43,21,HEALTHY,-393
Pune Retail Center #23,West India,PRD-IND-00026,Home Appliances Model P768,Electronics & Gadgets,146,37,28,HEALTHY,-81
Pune Retail Center #23,West India,PRD-IND-00027,Home Appliances Model T133,Electronics & Gadgets,414,35,22,HEALTHY,-357
Pune Retail Center #23,West India,PRD-IND-00028,Home Appliances Model G300,Electronics & Gadgets,51,33,32,HEALTHY,14
Pune Retail Center #23,West India,PRD-IND-00029,Home Appliances Model H956,Electronics & Gadgets,373,54,22,HEALTHY,-297
Pune Retail Center #23,West India,PRD-IND-00030,Home Appliances Model X534,Electronics & Gadgets,451,52,18,HEALTHY,-381
Pune Retail Center #23,West India,PRD-IND-00031,Ethnic Wear & Sarees Model S959,Apparel & Fashion,435,39,21,HEALTHY,-375
Pune Retail Center #23,West India,PRD-IND-00032,Ethnic Wear & Sarees Model I627,Apparel & Fashion,67,42,20,HEALTHY,-5
Pune Retail Center #23,West India,PRD-IND-00033,Ethnic Wear & Sarees Model J288,Apparel & Fashion,390,42,25,HEALTHY,-323
Pune Retail Center #23,West India,PRD-IND-00034,Ethnic Wear & Sarees Model R189,Apparel & Fashion,353,35,29,HEALTHY,-289
Pune Retail Center #23,West India,PRD-IND-00035,Ethnic Wear & Sarees Model F942,Apparel & Fashion,307,34,34,HEALTHY,-239
Pune Retail Center #23,West India,PRD-IND-00036,Ethnic Wear & Sarees Model L531,Apparel & Fashion,425,54,16,HEALTHY,-355
Pune Retail Center #23,West India,PRD-IND-00037,Men's Wear Model U520,Apparel & Fashion,163,26,20,HEALTHY,-117
Pune Retail Center #23,West India,PRD-IND-00038,Men's Wear Model N368,Apparel & Fashion,69,39,35,HEALTHY,5
Pune Retail Center #23,West India,PRD-IND-00039,Men's Wear Model G987,Apparel & Fashion,157,53,28,HEALTHY,-76
Pune Retail Center #23,West India,PRD-IND-00040,Men's Wear Model G903,Apparel & Fashion,198,42,20,HEALTHY,-136
Pune Retail Center #23,West India,PRD-IND-00041,Men's Wear Model F525,Apparel & Fashion,105,49,18,HEALTHY,-38
Pune Retail Center #23,West India,PRD-IND-00042,Men's Wear Model O328,Apparel & Fashion,400,37,30,HEALTHY,-333
Pune Retail Center #23,West India,PRD-IND-00043,Women's Western Model E376,Apparel & Fashion,325,28,21,HEALTHY,-276
Pune Retail Center #23,West India,PRD-IND-00044,Women's Western Model U499,Apparel & Fashion,178,28,30,HEALTHY,-120
Pune Retail Center #23,West India,PRD-IND-00045,Women's Western Model V661,Apparel & Fashion,365,30,33,HEALTHY,-302
Pune Retail Center #23,West India,PRD-IND-00046,Women's Western Model U771,Apparel & Fashion,345,29,25,HEALTHY,-291
Pune Retail Center #23,West India,PRD-IND-00047,Women's Western Model O503,Apparel & Fashion,269,53,28,HEALTHY,-188
Pune Retail Center #23,West India,PRD-IND-00048,Women's Western Model P378,Apparel & Fashion,374,26,15,HEALTHY,-333
Pune Retail Center #23,West India,PRD-IND-00049,Footwear Model I961,Apparel & Fashion,175,50,22,HEALTHY,-103
Pune Retail Center #23,West India,PRD-IND-00050,Footwear Model F604,Apparel & Fashion,338,54,17,HEALTHY,-267
Pune Retail Center #23,West India,PRD-IND-00051,Footwear Model S668,Apparel & Fashion,96,52,17,HEALTHY,-27
Pune Retail Center #23,West India,PRD-IND-00052,Footwear Model Z213,Apparel & Fashion,475,25,27,HEALTHY,-423
Pune Retail Center #23,West India,PRD-IND-00053,Footwear Model L175,Apparel & Fashion,330,58,16,HEALTHY,-256
Pune Retail Center #23,West India,PRD-IND-00054,Footwear Model U733,Apparel & Fashion,214,26,32,HEALTHY,-156
Pune Retail Center #23,West India,PRD-IND-00055,Fashion Accessories Model Q600,Apparel & Fashion,254,59,23,HEALTHY,-172
Pune Retail Center #23,West India,PRD-IND-00056,Fashion Accessories Model H596,Apparel & Fashion,210,25,19,HEALTHY,-166
Pune Retail Center #23,West India,PRD-IND-00057,Fashion Accessories Model C782,Apparel & Fashion,60,35,21,HEALTHY,-4
Pune Retail Center #23,West India,PRD-IND-00058,Fashion Accessories Model J183,Apparel & Fashion,400,58,25,HEALTHY,-317
Pune Retail Center #23,West India,PRD-IND-00059,Fashion Accessories Model R976,Apparel & Fashion,170,45,24,HEALTHY,-101
Pune Retail Center #23,West India,PRD-IND-00060,Fashion Accessories Model M677,Apparel & Fashion,231,37,18,HEALTHY,-176
Pune Retail Center #23,West India,PRD-IND-00061,Furniture Model N132,Home & Living,309,53,34,HEALTHY,-222
Pune Retail Center #23,West India,PRD-IND-00062,Furniture Model U448,Home & Living,155,45,21,HEALTHY,-89
Pune Retail Center #23,West India,PRD-IND-00063,Furniture Model R565,Home & Living,24,25,25,HIGH RISK: BELOW SAFETY STOCK,26
Pune Retail Center #23,West India,PRD-IND-00064,Furniture Model J215,Home & Living,481,26,33,HEALTHY,-422
Pune Retail Center #23,West India,PRD-IND-00065,Furniture Model H138,Home & Living,43,43,19,WARNING: REORDER NEEDED,19
Pune Retail Center #23,West India,PRD-IND-00066,Furniture Model T348,Home & Living,63,56,32,HEALTHY,25
Pune Retail Center #23,West India,PRD-IND-00067,Cookware & Kitchen Model V298,Home & Living,353,48,29,HEALTHY,-276
Pune Retail Center #23,West India,PRD-IND-00068,Cookware & Kitchen Model M927,Home & Living,168,45,20,HEALTHY,-103
Pune Retail Center #23,West India,PRD-IND-00069,Cookware & Kitchen Model F737,Home & Living,159,56,31,HEALTHY,-72
Pune Retail Center #23,West India,PRD-IND-00070,Cookware & Kitchen Model H709,Home & Living,396,46,16,HEALTHY,-334
Pune Retail Center #23,West India,PRD-IND-00071,Cookware & Kitchen Model I672,Home & Living,378,33,28,HEALTHY,-317
Pune Retail Center #23,West India,PRD-IND-00072,Cookware & Kitchen Model T452,Home & Living,155,41,23,HEALTHY,-91
Pune Retail Center #23,West India,PRD-IND-00073,Bedding & Linen Model C866,Home & Living,368,42,35,HEALTHY,-291
Pune Retail Center #23,West India,PRD-IND-00074,Bedding & Linen Model C482,Home & Living,128,60,19,HEALTHY,-49
Pune Retail Center #23,West India,PRD-IND-00075,Bedding & Linen Model Y927,Home & Living,111,53,18,HEALTHY,-40
Pune Retail Center #23,West India,PRD-IND-00076,Bedding & Linen Model N717,Home & Living,197,51,19,HEALTHY,-127
Pune Retail Center #23,West India,PRD-IND-00077,Bedding & Linen Model N231,Home & Living,284,41,30,HEALTHY,-213
Pune Retail Center #23,West India,PRD-IND-00078,Bedding & Linen Model C251,Home & Living,361,34,25,HEALTHY,-302
Pune Retail Center #23,West India,PRD-IND-00079,Home Decor Model E271,Home & Living,269,57,15,HEALTHY,-197
Pune Retail Center #23,West India,PRD-IND-00080,Home Decor Model B737,Home & Living,422,37,19,HEALTHY,-366
Pune Retail Center #23,West India,PRD-IND-00081,Home Decor Model H935,Home & Living,447,27,17,HEALTHY,-403
Pune Retail Center #23,West India,PRD-IND-00082,Home Decor Model J863,Home & Living,41,29,24,HEALTHY,12
Pune Retail Center #23,West India,PRD-IND-00083,Home Decor Model S419,Home & Living,417,45,27,HEALTHY,-345
Pune Retail Center #23,West India,PRD-IND-00084,Home Decor Model R235,Home & Living,241,44,25,HEALTHY,-172
Pune Retail Center #23,West India,PRD-IND-00085,Pooja & Spiritual Essentials Model B542,Home & Living,238,54,22,HEALTHY,-162
Pune Retail Center #23,West India,PRD-IND-00086,Pooja & Spiritual Essentials Model C617,Home & Living,74,28,28,HEALTHY,-18
Pune Retail Center #23,West India,PRD-IND-00087,Pooja & Spiritual Essentials Model I388,Home & Living,440,60,27,HEALTHY,-353
Pune Retail Center #23,West India,PRD-IND-00088,Pooja & Spiritual Essentials Model X441,Home & Living,441,31,19,HEALTHY,-391
Pune Retail Center #23,West India,PRD-IND-00089,Pooja & Spiritual Essentials Model S453,Home & Living,32,52,19,WARNING: REORDER NEEDED,39
Pune Retail Center #23,West India,PRD-IND-00090,Pooja & Spiritual Essentials Model T756,Home & Living,50,31,26,HEALTHY,7
Pune Retail Center #23,West India,PRD-IND-00091,Ayurvedic & Skincare Model I993,Beauty & Personal Care,273,43,34,HEALTHY,-196
Pune Retail Center #23,West India,PRD-IND-00092,Ayurvedic & Skincare Model V453,Beauty & Personal Care,495,34,31,HEALTHY,-430
Pune Retail Center #23,West India,PRD-IND-00093,Ayurvedic & Skincare Model R437,Beauty & Personal Care,235,50,20,HEALTHY,-165
Pune Retail Center #23,West India,PRD-IND-00094,Ayurvedic & Skincare Model K348,Beauty & Personal Care,208,54,24,HEALTHY,-130
Pune Retail Center #23,West India,PRD-IND-00095,Ayurvedic & Skincare Model S650,Beauty & Personal Care,286,47,28,HEALTHY,-211
Pune Retail Center #23,West India,PRD-IND-00096,Ayurvedic & Skincare Model E371,Beauty & Personal Care,314,53,35,HEALTHY,-226
Pune Retail Center #23,West India,PRD-IND-00097,Personal Grooming Model X908,Beauty & Personal Care,323,30,18,HEALTHY,-275
Pune Retail Center #23,West India,PRD-IND-00098,Personal Grooming Model V376,Beauty & Personal Care,422,59,32,HEALTHY,-331
Pune Retail Center #23,West India,PRD-IND-00099,Personal Grooming Model K686,Beauty & Personal Care,138,29,24,HEALTHY,-85
Pune Retail Center #23,West India,PRD-IND-00100,Personal Grooming Model Q489,Beauty & Personal Care,75,31,15,HEALTHY,-29
Pune Retail Center #23,West India,PRD-IND-00101,Personal Grooming Model Y559,Beauty & Personal Care,20,40,34,HIGH RISK: BELOW SAFETY STOCK,54
Pune Retail Center #23,West India,PRD-IND-00102,Personal Grooming Model N766,Beauty & Personal Care,189,57,18,HEALTHY,-114
Pune Retail Center #23,West India,PRD-IND-00103,Cosmetics Model D157,Beauty & Personal Care,192,34,22,HEALTHY,-136
Pune Retail Center #23,West India,PRD-IND-00104,Cosmetics Model A526,Beauty & Personal Care,376,40,34,HEALTHY,-302
Pune Retail Center #23,West India,PRD-IND-00105,Cosmetics Model J672,Beauty & Personal Care,459,25,15,HEALTHY,-419
Pune Retail Center #23,West India,PRD-IND-00106,Cosmetics Model G541,Beauty & Personal Care,449,30,20,HEALTHY,-399
Pune Retail Center #23,West India,PRD-IND-00107,Cosmetics Model B432,Beauty & Personal Care,290,57,33,HEALTHY,-200
Pune Retail Center #23,West India,PRD-IND-00108,Cosmetics Model V489,Beauty & Personal Care,68,29,31,HEALTHY,-8
Pune Retail Center #23,West India,PRD-IND-00109,Wellness & Health Model V933,Beauty & Personal Care,172,49,22,HEALTHY,-101
Pune Retail Center #23,West India,PRD-IND-00110,Wellness & Health Model B245,Beauty & Personal Care,389,59,35,HEALTHY,-295
Pune Retail Center #23,West India,PRD-IND-00111,Wellness & Health Model H766,Beauty & Personal Care,487,56,26,HEALTHY,-405
Pune Retail Center #23,West India,PRD-IND-00112,Wellness & Health Model X718,Beauty & Personal Care,285,48,27,HEALTHY,-210
Pune Retail Center #23,West India,PRD-IND-00113,Wellness & Health Model H456,Beauty & Personal Care,409,42,19,HEALTHY,-348
Pune Retail Center #23,West India,PRD-IND-00114,Wellness & Health Model I109,Beauty & Personal Care,414,59,25,HEALTHY,-330
Pune Retail Center #23,West India,PRD-IND-00115,Spices & Atta Model E734,Groceries & Pantry,384,29,27,HEALTHY,-328
Pune Retail Center #23,West India,PRD-IND-00116,Spices & Atta Model H432,Groceries & Pantry,494,49,34,HEALTHY,-411
Pune Retail Center #23,West India,PRD-IND-00117,Spices & Atta Model P601,Groceries & Pantry,171,58,25,HEALTHY,-88
Pune Retail Center #23,West India,PRD-IND-00118,Spices & Atta Model U283,Groceries & Pantry,458,49,31,HEALTHY,-378
Pune Retail Center #23,West India,PRD-IND-00119,Spices & Atta Model P799,Groceries & Pantry,484,50,24,HEALTHY,-410
Pune Retail Center #23,West India,PRD-IND-00120,Spices & Atta Model Q229,Groceries & Pantry,46,60,16,WARNING: REORDER NEEDED,30
Pune Retail Center #23,West India,PRD-IND-00121,Beverages & Tea Model R726,Groceries & Pantry,481,40,35,HEALTHY,-406
Pune Retail Center #23,West India,PRD-IND-00122,Beverages & Tea Model J769,Groceries & Pantry,434,26,29,HEALTHY,-379
Pune Retail Center #23,West India,PRD-IND-00123,Beverages & Tea Model I326,Groceries & Pantry,103,34,21,HEALTHY,-48
Pune Retail Center #23,West India,PRD-IND-00124,Beverages & Tea Model K557,Groceries & Pantry,80,37,27,HEALTHY,-16
Pune Retail Center #23,West India,PRD-IND-00125,Beverages & Tea Model Z358,Groceries & Pantry,178,34,27,HEALTHY,-117
Pune Retail Center #23,West India,PRD-IND-00126,Beverages & Tea Model Z580,Groceries & Pantry,6,27,26,HIGH RISK: BELOW SAFETY STOCK,47
Pune Retail Center #23,West India,PRD-IND-00127,Snacks & Sweets Model J315,Groceries & Pantry,313,50,32,HEALTHY,-231
Pune Retail Center #23,West India,PRD-IND-00128,Snacks & Sweets Model F813,Groceries & Pantry,428,36,22,HEALTHY,-370
Pune Retail Center #23,West India,PRD-IND-00129,Snacks & Sweets Model I383,Groceries & Pantry,56,34,17,HEALTHY,-5
Pune Retail Center #23,West India,PRD-IND-00130,Snacks & Sweets Model Q321,Groceries & Pantry,374,29,29,HEALTHY,-316
Pune Retail Center #23,West India,PRD-IND-00131,Snacks & Sweets Model K811,Groceries & Pantry,313,54,25,HEALTHY,-234
Pune Retail Center #23,West India,PRD-IND-00132,Snacks & Sweets Model N704,Groceries & Pantry,124,42,17,HEALTHY,-65
Pune Retail Center #23,West India,PRD-IND-00133,Organic Staples Model F135,Groceries & Pantry,285,50,15,HEALTHY,-220
Pune Retail Center #23,West India,PRD-IND-00134,Organic Staples Model I531,Groceries & Pantry,20,37,21,HIGH RISK: BELOW SAFETY STOCK,38
Pune Retail Center #23,West India,PRD-IND-00135,Organic Staples Model F890,Groceries & Pantry,241,60,18,HEALTHY,-163
Pune Retail Center #23,West India,PRD-IND-00136,Organic Staples Model Q759,Groceries & Pantry,167,26,31,HEALTHY,-110
Pune Retail Center #23,West India,PRD-IND-00137,Organic Staples Model W353,Groceries & Pantry,246,44,19,HEALTHY,-183
Pune Retail Center #23,West India,PRD-IND-00138,Organic Staples Model O517,Groceries & Pantry,290,53,30,HEALTHY,-207
Pune Retail Center #23,West India,PRD-IND-00139,Gourmet Foods Model T469,Groceries & Pantry,61,30,32,HEALTHY,1
Pune Retail Center #23,West India,PRD-IND-00140,Gourmet Foods Model W779,Groceries & Pantry,156,33,27,HEALTHY,-96
Pune Retail Center #23,West India,PRD-IND-00141,Gourmet Foods Model N139,Groceries & Pantry,420,28,19,HEALTHY,-373
Pune Retail Center #23,West India,PRD-IND-00142,Gourmet Foods Model Q928,Groceries & Pantry,350,36,29,HEALTHY,-285
Pune Retail Center #23,West India,PRD-IND-00143,Gourmet Foods Model W299,Groceries & Pantry,203,28,15,HEALTHY,-160
Pune Retail Center #23,West India,PRD-IND-00144,Gourmet Foods Model S546,Groceries & Pantry,272,40,26,HEALTHY,-206
Patna Retail Center #24,East & Central India,PRD-IND-00001,Smartphones Model F985,Electronics & Gadgets,247,45,33,HEALTHY,-169
Patna Retail Center #24,East & Central India,PRD-IND-00002,Smartphones Model A572,Electronics & Gadgets,459,39,17,HEALTHY,-403
Patna Retail Center #24,East & Central India,PRD-IND-00003,Smartphones Model Z989,Electronics & Gadgets,486,30,21,HEALTHY,-435
Patna Retail Center #24,East & Central India,PRD-IND-00004,Smartphones Model R416,Electronics & Gadgets,21,30,34,HIGH RISK: BELOW SAFETY STOCK,43
Patna Retail Center #24,East & Central India,PRD-IND-00005,Smartphones Model L683,Electronics & Gadgets,416,46,18,HEALTHY,-352
Patna Retail Center #24,East & Central India,PRD-IND-00006,Smartphones Model E727,Electronics & Gadgets,285,40,19,HEALTHY,-226
Patna Retail Center #24,East & Central India,PRD-IND-00007,Laptops Model D381,Electronics & Gadgets,228,35,31,HEALTHY,-162
Patna Retail Center #24,East & Central India,PRD-IND-00008,Laptops Model V239,Electronics & Gadgets,81,38,17,HEALTHY,-26
Patna Retail Center #24,East & Central India,PRD-IND-00009,Laptops Model O351,Electronics & Gadgets,1,32,23,HIGH RISK: BELOW SAFETY STOCK,54
Patna Retail Center #24,East & Central India,PRD-IND-00010,Laptops Model V866,Electronics & Gadgets,72,47,29,HEALTHY,4
Patna Retail Center #24,East & Central India,PRD-IND-00011,Laptops Model O858,Electronics & Gadgets,449,47,28,HEALTHY,-374
Patna Retail Center #24,East & Central India,PRD-IND-00012,Laptops Model B870,Electronics & Gadgets,23,45,15,WARNING: REORDER NEEDED,37
Patna Retail Center #24,East & Central India,PRD-IND-00013,Audio & Headphones Model T281,Electronics & Gadgets,60,58,27,HEALTHY,25
Patna Retail Center #24,East & Central India,PRD-IND-00014,Audio & Headphones Model G322,Electronics & Gadgets,131,56,30,HEALTHY,-45
Patna Retail Center #24,East & Central India,PRD-IND-00015,Audio & Headphones Model D324,Electronics & Gadgets,228,52,25,HEALTHY,-151
Patna Retail Center #24,East & Central India,PRD-IND-00016,Audio & Headphones Model T550,Electronics & Gadgets,254,35,17,HEALTHY,-202
Patna Retail Center #24,East & Central India,PRD-IND-00017,Audio & Headphones Model Q622,Electronics & Gadgets,156,60,27,HEALTHY,-69
Patna Retail Center #24,East & Central India,PRD-IND-00018,Audio & Headphones Model P509,Electronics & Gadgets,379,32,23,HEALTHY,-324
Patna Retail Center #24,East & Central India,PRD-IND-00019,Smartwatches Model E822,Electronics & Gadgets,385,42,23,HEALTHY,-320
Patna Retail Center #24,East & Central India,PRD-IND-00020,Smartwatches Model J175,Electronics & Gadgets,473,25,34,HEALTHY,-414
Patna Retail Center #24,East & Central India,PRD-IND-00021,Smartwatches Model O323,Electronics & Gadgets,216,38,34,HEALTHY,-144
Patna Retail Center #24,East & Central India,PRD-IND-00022,Smartwatches Model Q954,Electronics & Gadgets,351,48,25,HEALTHY,-278
Patna Retail Center #24,East & Central India,PRD-IND-00023,Smartwatches Model R443,Electronics & Gadgets,323,50,19,HEALTHY,-254
Patna Retail Center #24,East & Central India,PRD-IND-00024,Smartwatches Model G436,Electronics & Gadgets,53,48,27,HEALTHY,22
Patna Retail Center #24,East & Central India,PRD-IND-00025,Home Appliances Model Q738,Electronics & Gadgets,134,57,27,HEALTHY,-50
Patna Retail Center #24,East & Central India,PRD-IND-00026,Home Appliances Model P768,Electronics & Gadgets,455,44,29,HEALTHY,-382
Patna Retail Center #24,East & Central India,PRD-IND-00027,Home Appliances Model T133,Electronics & Gadgets,128,33,19,HEALTHY,-76
Patna Retail Center #24,East & Central India,PRD-IND-00028,Home Appliances Model G300,Electronics & Gadgets,328,25,17,HEALTHY,-286
Patna Retail Center #24,East & Central India,PRD-IND-00029,Home Appliances Model H956,Electronics & Gadgets,490,35,33,HEALTHY,-422
Patna Retail Center #24,East & Central India,PRD-IND-00030,Home Appliances Model X534,Electronics & Gadgets,24,60,23,WARNING: REORDER NEEDED,59
Patna Retail Center #24,East & Central India,PRD-IND-00031,Ethnic Wear & Sarees Model S959,Apparel & Fashion,3,42,25,HIGH RISK: BELOW SAFETY STOCK,64
Patna Retail Center #24,East & Central India,PRD-IND-00032,Ethnic Wear & Sarees Model I627,Apparel & Fashion,84,50,30,HEALTHY,-4
Patna Retail Center #24,East & Central India,PRD-IND-00033,Ethnic Wear & Sarees Model J288,Apparel & Fashion,423,26,33,HEALTHY,-364
Patna Retail Center #24,East & Central India,PRD-IND-00034,Ethnic Wear & Sarees Model R189,Apparel & Fashion,405,29,27,HEALTHY,-349
Patna Retail Center #24,East & Central India,PRD-IND-00035,Ethnic Wear & Sarees Model F942,Apparel & Fashion,260,44,23,HEALTHY,-193
Patna Retail Center #24,East & Central India,PRD-IND-00036,Ethnic Wear & Sarees Model L531,Apparel & Fashion,101,48,30,HEALTHY,-23
Patna Retail Center #24,East & Central India,PRD-IND-00037,Men's Wear Model U520,Apparel & Fashion,389,43,22,HEALTHY,-324
Patna Retail Center #24,East & Central India,PRD-IND-00038,Men's Wear Model N368,Apparel & Fashion,366,55,31,HEALTHY,-280
Patna Retail Center #24,East & Central India,PRD-IND-00039,Men's Wear Model G987,Apparel & Fashion,465,27,18,HEALTHY,-420
Patna Retail Center #24,East & Central India,PRD-IND-00040,Men's Wear Model G903,Apparel & Fashion,97,49,21,HEALTHY,-27
Patna Retail Center #24,East & Central India,PRD-IND-00041,Men's Wear Model F525,Apparel & Fashion,297,31,35,HEALTHY,-231
Patna Retail Center #24,East & Central India,PRD-IND-00042,Men's Wear Model O328,Apparel & Fashion,268,30,34,HEALTHY,-204
Patna Retail Center #24,East & Central India,PRD-IND-00043,Women's Western Model E376,Apparel & Fashion,91,59,32,HEALTHY,0
Patna Retail Center #24,East & Central India,PRD-IND-00044,Women's Western Model U499,Apparel & Fashion,473,38,16,HEALTHY,-419
Patna Retail Center #24,East & Central India,PRD-IND-00045,Women's Western Model V661,Apparel & Fashion,176,57,25,HEALTHY,-94
Patna Retail Center #24,East & Central India,PRD-IND-00046,Women's Western Model U771,Apparel & Fashion,285,30,34,HEALTHY,-221
Patna Retail Center #24,East & Central India,PRD-IND-00047,Women's Western Model O503,Apparel & Fashion,133,53,16,HEALTHY,-64
Patna Retail Center #24,East & Central India,PRD-IND-00048,Women's Western Model P378,Apparel & Fashion,199,33,32,HEALTHY,-134
Patna Retail Center #24,East & Central India,PRD-IND-00049,Footwear Model I961,Apparel & Fashion,367,51,18,HEALTHY,-298
Patna Retail Center #24,East & Central India,PRD-IND-00050,Footwear Model F604,Apparel & Fashion,276,25,22,HEALTHY,-229
Patna Retail Center #24,East & Central India,PRD-IND-00051,Footwear Model S668,Apparel & Fashion,62,34,30,HEALTHY,2
Patna Retail Center #24,East & Central India,PRD-IND-00052,Footwear Model Z213,Apparel & Fashion,102,32,33,HEALTHY,-37
Patna Retail Center #24,East & Central India,PRD-IND-00053,Footwear Model L175,Apparel & Fashion,442,46,16,HEALTHY,-380
Patna Retail Center #24,East & Central India,PRD-IND-00054,Footwear Model U733,Apparel & Fashion,386,28,35,HEALTHY,-323
Patna Retail Center #24,East & Central India,PRD-IND-00055,Fashion Accessories Model Q600,Apparel & Fashion,470,32,26,HEALTHY,-412
Patna Retail Center #24,East & Central India,PRD-IND-00056,Fashion Accessories Model H596,Apparel & Fashion,9,33,20,HIGH RISK: BELOW SAFETY STOCK,44
Patna Retail Center #24,East & Central India,PRD-IND-00057,Fashion Accessories Model C782,Apparel & Fashion,392,58,18,HEALTHY,-316
Patna Retail Center #24,East & Central India,PRD-IND-00058,Fashion Accessories Model J183,Apparel & Fashion,270,52,27,HEALTHY,-191
Patna Retail Center #24,East & Central India,PRD-IND-00059,Fashion Accessories Model R976,Apparel & Fashion,270,60,29,HEALTHY,-181
Patna Retail Center #24,East & Central India,PRD-IND-00060,Fashion Accessories Model M677,Apparel & Fashion,175,35,25,HEALTHY,-115
Patna Retail Center #24,East & Central India,PRD-IND-00061,Furniture Model N132,Home & Living,71,44,15,HEALTHY,-12
Patna Retail Center #24,East & Central India,PRD-IND-00062,Furniture Model U448,Home & Living,64,51,22,HEALTHY,9
Patna Retail Center #24,East & Central India,PRD-IND-00063,Furniture Model R565,Home & Living,150,47,30,HEALTHY,-73
Patna Retail Center #24,East & Central India,PRD-IND-00064,Furniture Model J215,Home & Living,127,54,25,HEALTHY,-48
Patna Retail Center #24,East & Central India,PRD-IND-00065,Furniture Model H138,Home & Living,459,47,29,HEALTHY,-383
Patna Retail Center #24,East & Central India,PRD-IND-00066,Furniture Model T348,Home & Living,390,59,35,HEALTHY,-296
Patna Retail Center #24,East & Central India,PRD-IND-00067,Cookware & Kitchen Model V298,Home & Living,0,52,21,CRITICAL: OUT OF STOCK,73
Patna Retail Center #24,East & Central India,PRD-IND-00068,Cookware & Kitchen Model M927,Home & Living,350,30,29,HEALTHY,-291
Patna Retail Center #24,East & Central India,PRD-IND-00069,Cookware & Kitchen Model F737,Home & Living,190,41,34,HEALTHY,-115
Patna Retail Center #24,East & Central India,PRD-IND-00070,Cookware & Kitchen Model H709,Home & Living,291,57,20,HEALTHY,-214
Patna Retail Center #24,East & Central India,PRD-IND-00071,Cookware & Kitchen Model I672,Home & Living,138,58,35,HEALTHY,-45
Patna Retail Center #24,East & Central India,PRD-IND-00072,Cookware & Kitchen Model T452,Home & Living,277,43,16,HEALTHY,-218
Patna Retail Center #24,East & Central India,PRD-IND-00073,Bedding & Linen Model C866,Home & Living,178,59,25,HEALTHY,-94
Patna Retail Center #24,East & Central India,PRD-IND-00074,Bedding & Linen Model C482,Home & Living,211,34,27,HEALTHY,-150
Patna Retail Center #24,East & Central India,PRD-IND-00075,Bedding & Linen Model Y927,Home & Living,140,47,27,HEALTHY,-66
Patna Retail Center #24,East & Central India,PRD-IND-00076,Bedding & Linen Model N717,Home & Living,69,46,22,HEALTHY,-1
Patna Retail Center #24,East & Central India,PRD-IND-00077,Bedding & Linen Model N231,Home & Living,399,38,24,HEALTHY,-337
Patna Retail Center #24,East & Central India,PRD-IND-00078,Bedding & Linen Model C251,Home & Living,265,43,22,HEALTHY,-200
Patna Retail Center #24,East & Central India,PRD-IND-00079,Home Decor Model E271,Home & Living,3,36,32,HIGH RISK: BELOW SAFETY STOCK,65
Patna Retail Center #24,East & Central India,PRD-IND-00080,Home Decor Model B737,Home & Living,149,42,30,HEALTHY,-77
Patna Retail Center #24,East & Central India,PRD-IND-00081,Home Decor Model H935,Home & Living,345,52,28,HEALTHY,-265
Patna Retail Center #24,East & Central India,PRD-IND-00082,Home Decor Model J863,Home & Living,243,55,34,HEALTHY,-154
Patna Retail Center #24,East & Central India,PRD-IND-00083,Home Decor Model S419,Home & Living,295,33,34,HEALTHY,-228
Patna Retail Center #24,East & Central India,PRD-IND-00084,Home Decor Model R235,Home & Living,431,25,17,HEALTHY,-389
Patna Retail Center #24,East & Central India,PRD-IND-00085,Pooja & Spiritual Essentials Model B542,Home & Living,191,40,19,HEALTHY,-132
Patna Retail Center #24,East & Central India,PRD-IND-00086,Pooja & Spiritual Essentials Model C617,Home & Living,499,45,35,HEALTHY,-419
Patna Retail Center #24,East & Central India,PRD-IND-00087,Pooja & Spiritual Essentials Model I388,Home & Living,443,38,21,HEALTHY,-384
Patna Retail Center #24,East & Central India,PRD-IND-00088,Pooja & Spiritual Essentials Model X441,Home & Living,165,52,27,HEALTHY,-86
Patna Retail Center #24,East & Central India,PRD-IND-00089,Pooja & Spiritual Essentials Model S453,Home & Living,264,31,33,HEALTHY,-200
Patna Retail Center #24,East & Central India,PRD-IND-00090,Pooja & Spiritual Essentials Model T756,Home & Living,494,39,32,HEALTHY,-423
Patna Retail Center #24,East & Central India,PRD-IND-00091,Ayurvedic & Skincare Model I993,Beauty & Personal Care,191,38,20,HEALTHY,-133
Patna Retail Center #24,East & Central India,PRD-IND-00092,Ayurvedic & Skincare Model V453,Beauty & Personal Care,223,35,32,HEALTHY,-156
Patna Retail Center #24,East & Central India,PRD-IND-00093,Ayurvedic & Skincare Model R437,Beauty & Personal Care,285,57,17,HEALTHY,-211
Patna Retail Center #24,East & Central India,PRD-IND-00094,Ayurvedic & Skincare Model K348,Beauty & Personal Care,36,47,33,WARNING: REORDER NEEDED,44
Patna Retail Center #24,East & Central India,PRD-IND-00095,Ayurvedic & Skincare Model S650,Beauty & Personal Care,470,38,31,HEALTHY,-401
Patna Retail Center #24,East & Central India,PRD-IND-00096,Ayurvedic & Skincare Model E371,Beauty & Personal Care,245,46,25,HEALTHY,-174
Patna Retail Center #24,East & Central India,PRD-IND-00097,Personal Grooming Model X908,Beauty & Personal Care,43,26,21,HEALTHY,4
Patna Retail Center #24,East & Central India,PRD-IND-00098,Personal Grooming Model V376,Beauty & Personal Care,21,26,35,HIGH RISK: BELOW SAFETY STOCK,40
Patna Retail Center #24,East & Central India,PRD-IND-00099,Personal Grooming Model K686,Beauty & Personal Care,313,37,23,HEALTHY,-253
Patna Retail Center #24,East & Central India,PRD-IND-00100,Personal Grooming Model Q489,Beauty & Personal Care,88,59,22,HEALTHY,-7
Patna Retail Center #24,East & Central India,PRD-IND-00101,Personal Grooming Model Y559,Beauty & Personal Care,156,31,29,HEALTHY,-96
Patna Retail Center #24,East & Central India,PRD-IND-00102,Personal Grooming Model N766,Beauty & Personal Care,42,30,22,HEALTHY,10
Patna Retail Center #24,East & Central India,PRD-IND-00103,Cosmetics Model D157,Beauty & Personal Care,230,43,21,HEALTHY,-166
Patna Retail Center #24,East & Central India,PRD-IND-00104,Cosmetics Model A526,Beauty & Personal Care,247,48,32,HEALTHY,-167
Patna Retail Center #24,East & Central India,PRD-IND-00105,Cosmetics Model J672,Beauty & Personal Care,362,43,24,HEALTHY,-295
Patna Retail Center #24,East & Central India,PRD-IND-00106,Cosmetics Model G541,Beauty & Personal Care,464,37,27,HEALTHY,-400
Patna Retail Center #24,East & Central India,PRD-IND-00107,Cosmetics Model B432,Beauty & Personal Care,402,41,25,HEALTHY,-336
Patna Retail Center #24,East & Central India,PRD-IND-00108,Cosmetics Model V489,Beauty & Personal Care,380,56,26,HEALTHY,-298
Patna Retail Center #24,East & Central India,PRD-IND-00109,Wellness & Health Model V933,Beauty & Personal Care,137,39,22,HEALTHY,-76
Patna Retail Center #24,East & Central India,PRD-IND-00110,Wellness & Health Model B245,Beauty & Personal Care,363,50,25,HEALTHY,-288
Patna Retail Center #24,East & Central India,PRD-IND-00111,Wellness & Health Model H766,Beauty & Personal Care,350,39,27,HEALTHY,-284
Patna Retail Center #24,East & Central India,PRD-IND-00112,Wellness & Health Model X718,Beauty & Personal Care,255,38,18,HEALTHY,-199
Patna Retail Center #24,East & Central India,PRD-IND-00113,Wellness & Health Model H456,Beauty & Personal Care,283,50,17,HEALTHY,-216
Patna Retail Center #24,East & Central India,PRD-IND-00114,Wellness & Health Model I109,Beauty & Personal Care,238,42,33,HEALTHY,-163
Patna Retail Center #24,East & Central India,PRD-IND-00115,Spices & Atta Model E734,Groceries & Pantry,224,35,34,HEALTHY,-155
Patna Retail Center #24,East & Central India,PRD-IND-00116,Spices & Atta Model H432,Groceries & Pantry,422,51,27,HEALTHY,-344
Patna Retail Center #24,East & Central India,PRD-IND-00117,Spices & Atta Model P601,Groceries & Pantry,369,60,23,HEALTHY,-286
Patna Retail Center #24,East & Central India,PRD-IND-00118,Spices & Atta Model U283,Groceries & Pantry,425,32,25,HEALTHY,-368
Patna Retail Center #24,East & Central India,PRD-IND-00119,Spices & Atta Model P799,Groceries & Pantry,150,57,35,HEALTHY,-58
Patna Retail Center #24,East & Central India,PRD-IND-00120,Spices & Atta Model Q229,Groceries & Pantry,245,42,32,HEALTHY,-171
Patna Retail Center #24,East & Central India,PRD-IND-00121,Beverages & Tea Model R726,Groceries & Pantry,152,56,35,HEALTHY,-61
Patna Retail Center #24,East & Central India,PRD-IND-00122,Beverages & Tea Model J769,Groceries & Pantry,476,36,29,HEALTHY,-411
Patna Retail Center #24,East & Central India,PRD-IND-00123,Beverages & Tea Model I326,Groceries & Pantry,320,40,31,HEALTHY,-249
Patna Retail Center #24,East & Central India,PRD-IND-00124,Beverages & Tea Model K557,Groceries & Pantry,413,35,15,HEALTHY,-363
Patna Retail Center #24,East & Central India,PRD-IND-00125,Beverages & Tea Model Z358,Groceries & Pantry,344,25,17,HEALTHY,-302
Patna Retail Center #24,East & Central India,PRD-IND-00126,Beverages & Tea Model Z580,Groceries & Pantry,299,41,23,HEALTHY,-235
Patna Retail Center #24,East & Central India,PRD-IND-00127,Snacks & Sweets Model J315,Groceries & Pantry,209,30,35,HEALTHY,-144
Patna Retail Center #24,East & Central India,PRD-IND-00128,Snacks & Sweets Model F813,Groceries & Pantry,264,32,16,HEALTHY,-216
Patna Retail Center #24,East & Central India,PRD-IND-00129,Snacks & Sweets Model I383,Groceries & Pantry,74,44,29,HEALTHY,-1
Patna Retail Center #24,East & Central India,PRD-IND-00130,Snacks & Sweets Model Q321,Groceries & Pantry,486,39,28,HEALTHY,-419
Patna Retail Center #24,East & Central India,PRD-IND-00131,Snacks & Sweets Model K811,Groceries & Pantry,345,29,27,HEALTHY,-289
Patna Retail Center #24,East & Central India,PRD-IND-00132,Snacks & Sweets Model N704,Groceries & Pantry,392,46,21,HEALTHY,-325
Patna Retail Center #24,East & Central India,PRD-IND-00133,Organic Staples Model F135,Groceries & Pantry,2,29,32,HIGH RISK: BELOW SAFETY STOCK,59
Patna Retail Center #24,East & Central India,PRD-IND-00134,Organic Staples Model I531,Groceries & Pantry,49,33,18,HEALTHY,2
Patna Retail Center #24,East & Central India,PRD-IND-00135,Organic Staples Model F890,Groceries & Pantry,138,41,28,HEALTHY,-69
Patna Retail Center #24,East & Central India,PRD-IND-00136,Organic Staples Model Q759,Groceries & Pantry,485,29,32,HEALTHY,-424
Patna Retail Center #24,East & Central India,PRD-IND-00137,Organic Staples Model W353,Groceries & Pantry,148,45,23,HEALTHY,-80
Patna Retail Center #24,East & Central India,PRD-IND-00138,Organic Staples Model O517,Groceries & Pantry,216,27,28,HEALTHY,-161
Patna Retail Center #24,East & Central India,PRD-IND-00139,Gourmet Foods Model T469,Groceries & Pantry,498,29,28,HEALTHY,-441
Patna Retail Center #24,East & Central India,PRD-IND-00140,Gourmet Foods Model W779,Groceries & Pantry,392,42,33,HEALTHY,-317
Patna Retail Center #24,East & Central India,PRD-IND-00141,Gourmet Foods Model N139,Groceries & Pantry,305,36,25,HEALTHY,-244
Patna Retail Center #24,East & Central India,PRD-IND-00142,Gourmet Foods Model Q928,Groceries & Pantry,277,32,25,HEALTHY,-220
Patna Retail Center #24,East & Central India,PRD-IND-00143,Gourmet Foods Model W299,Groceries & Pantry,278,51,19,HEALTHY,-208
Patna Retail Center #24,East & Central India,PRD-IND-00144,Gourmet Foods Model S546,Groceries & Pantry,269,32,26,HEALTHY,-211
Bhubaneswar Retail Center #25,East & Central India,PRD-IND-00001,Smartphones Model F985,Electronics & Gadgets,446,53,27,HEALTHY,-366
Bhubaneswar Retail Center #25,East & Central India,PRD-IND-00002,Smartphones Model A572,Electronics & Gadgets,272,48,20,HEALTHY,-204
Bhubaneswar Retail Center #25,East & Central India,PRD-IND-00003,Smartphones Model Z989,Electronics & Gadgets,11,55,16,HIGH RISK: BELOW SAFETY STOCK,60
Bhubaneswar Retail Center #25,East & Central India,PRD-IND-00004,Smartphones Model R416,Electronics & Gadgets,35,40,24,WARNING: REORDER NEEDED,29
Bhubaneswar Retail Center #25,East & Central India,PRD-IND-00005,Smartphones Model L683,Electronics & Gadgets,183,32,35,HEALTHY,-116
Bhubaneswar Retail Center #25,East & Central India,PRD-IND-00006,Smartphones Model E727,Electronics & Gadgets,71,30,21,HEALTHY,-20
Bhubaneswar Retail Center #25,East & Central India,PRD-IND-00007,Laptops Model D381,Electronics & Gadgets,124,56,33,HEALTHY,-35
Bhubaneswar Retail Center #25,East & Central India,PRD-IND-00008,Laptops Model V239,Electronics & Gadgets,74,53,29,HEALTHY,8
Bhubaneswar Retail Center #25,East & Central India,PRD-IND-00009,Laptops Model O351,Electronics & Gadgets,427,43,24,HEALTHY,-360
Bhubaneswar Retail Center #25,East & Central India,PRD-IND-00010,Laptops Model V866,Electronics & Gadgets,409,53,30,HEALTHY,-326
Bhubaneswar Retail Center #25,East & Central India,PRD-IND-00011,Laptops Model O858,Electronics & Gadgets,48,47,29,HEALTHY,28
Bhubaneswar Retail Center #25,East & Central India,PRD-IND-00012,Laptops Model B870,Electronics & Gadgets,476,45,25,HEALTHY,-406
Bhubaneswar Retail Center #25,East & Central India,PRD-IND-00013,Audio & Headphones Model T281,Electronics & Gadgets,457,30,31,HEALTHY,-396
Bhubaneswar Retail Center #25,East & Central India,PRD-IND-00014,Audio & Headphones Model G322,Electronics & Gadgets,175,46,22,HEALTHY,-107
Bhubaneswar Retail Center #25,East & Central India,PRD-IND-00015,Audio & Headphones Model D324,Electronics & Gadgets,119,58,33,HEALTHY,-28
Bhubaneswar Retail Center #25,East & Central India,PRD-IND-00016,Audio & Headphones Model T550,Electronics & Gadgets,14,32,16,HIGH RISK: BELOW SAFETY STOCK,34
Bhubaneswar Retail Center #25,East & Central India,PRD-IND-00017,Audio & Headphones Model Q622,Electronics & Gadgets,142,58,33,HEALTHY,-51
Bhubaneswar Retail Center #25,East & Central India,PRD-IND-00018,Audio & Headphones Model P509,Electronics & Gadgets,271,27,29,HEALTHY,-215
Bhubaneswar Retail Center #25,East & Central India,PRD-IND-00019,Smartwatches Model E822,Electronics & Gadgets,304,37,15,HEALTHY,-252
Bhubaneswar Retail Center #25,East & Central India,PRD-IND-00020,Smartwatches Model J175,Electronics & Gadgets,100,59,32,HEALTHY,-9
Bhubaneswar Retail Center #25,East & Central India,PRD-IND-00021,Smartwatches Model O323,Electronics & Gadgets,293,25,35,HEALTHY,-233
Bhubaneswar Retail Center #25,East & Central India,PRD-IND-00022,Smartwatches Model Q954,Electronics & Gadgets,335,49,23,HEALTHY,-263
Bhubaneswar Retail Center #25,East & Central India,PRD-IND-00023,Smartwatches Model R443,Electronics & Gadgets,181,35,28,HEALTHY,-118
Bhubaneswar Retail Center #25,East & Central India,PRD-IND-00024,Smartwatches Model G436,Electronics & Gadgets,489,26,35,HEALTHY,-428
Bhubaneswar Retail Center #25,East & Central India,PRD-IND-00025,Home Appliances Model Q738,Electronics & Gadgets,222,42,19,HEALTHY,-161
Bhubaneswar Retail Center #25,East & Central India,PRD-IND-00026,Home Appliances Model P768,Electronics & Gadgets,178,30,26,HEALTHY,-122
Bhubaneswar Retail Center #25,East & Central India,PRD-IND-00027,Home Appliances Model T133,Electronics & Gadgets,44,37,35,HEALTHY,28
Bhubaneswar Retail Center #25,East & Central India,PRD-IND-00028,Home Appliances Model G300,Electronics & Gadgets,203,47,19,HEALTHY,-137
Bhubaneswar Retail Center #25,East & Central India,PRD-IND-00029,Home Appliances Model H956,Electronics & Gadgets,255,45,20,HEALTHY,-190
Bhubaneswar Retail Center #25,East & Central India,PRD-IND-00030,Home Appliances Model X534,Electronics & Gadgets,474,41,21,HEALTHY,-412
Bhubaneswar Retail Center #25,East & Central India,PRD-IND-00031,Ethnic Wear & Sarees Model S959,Apparel & Fashion,90,37,18,HEALTHY,-35
Bhubaneswar Retail Center #25,East & Central India,PRD-IND-00032,Ethnic Wear & Sarees Model I627,Apparel & Fashion,178,55,28,HEALTHY,-95
Bhubaneswar Retail Center #25,East & Central India,PRD-IND-00033,Ethnic Wear & Sarees Model J288,Apparel & Fashion,101,56,16,HEALTHY,-29
Bhubaneswar Retail Center #25,East & Central India,PRD-IND-00034,Ethnic Wear & Sarees Model R189,Apparel & Fashion,279,53,16,HEALTHY,-210
Bhubaneswar Retail Center #25,East & Central India,PRD-IND-00035,Ethnic Wear & Sarees Model F942,Apparel & Fashion,422,28,24,HEALTHY,-370
Bhubaneswar Retail Center #25,East & Central India,PRD-IND-00036,Ethnic Wear & Sarees Model L531,Apparel & Fashion,442,37,30,HEALTHY,-375
Bhubaneswar Retail Center #25,East & Central India,PRD-IND-00037,Men's Wear Model U520,Apparel & Fashion,343,57,16,HEALTHY,-270
Bhubaneswar Retail Center #25,East & Central India,PRD-IND-00038,Men's Wear Model N368,Apparel & Fashion,311,49,31,HEALTHY,-231
Bhubaneswar Retail Center #25,East & Central India,PRD-IND-00039,Men's Wear Model G987,Apparel & Fashion,326,48,35,HEALTHY,-243
Bhubaneswar Retail Center #25,East & Central India,PRD-IND-00040,Men's Wear Model G903,Apparel & Fashion,331,28,31,HEALTHY,-272
Bhubaneswar Retail Center #25,East & Central India,PRD-IND-00041,Men's Wear Model F525,Apparel & Fashion,256,60,23,HEALTHY,-173
Bhubaneswar Retail Center #25,East & Central India,PRD-IND-00042,Men's Wear Model O328,Apparel & Fashion,461,37,18,HEALTHY,-406
Bhubaneswar Retail Center #25,East & Central India,PRD-IND-00043,Women's Western Model E376,Apparel & Fashion,159,51,19,HEALTHY,-89
Bhubaneswar Retail Center #25,East & Central India,PRD-IND-00044,Women's Western Model U499,Apparel & Fashion,271,43,26,HEALTHY,-202
Bhubaneswar Retail Center #25,East & Central India,PRD-IND-00045,Women's Western Model V661,Apparel & Fashion,410,54,19,HEALTHY,-337
Bhubaneswar Retail Center #25,East & Central India,PRD-IND-00046,Women's Western Model U771,Apparel & Fashion,20,56,20,HIGH RISK: BELOW SAFETY STOCK,56
Bhubaneswar Retail Center #25,East & Central India,PRD-IND-00047,Women's Western Model O503,Apparel & Fashion,197,58,28,HEALTHY,-111
Bhubaneswar Retail Center #25,East & Central India,PRD-IND-00048,Women's Western Model P378,Apparel & Fashion,330,28,20,HEALTHY,-282
Bhubaneswar Retail Center #25,East & Central India,PRD-IND-00049,Footwear Model I961,Apparel & Fashion,208,46,26,HEALTHY,-136
Bhubaneswar Retail Center #25,East & Central India,PRD-IND-00050,Footwear Model F604,Apparel & Fashion,252,35,26,HEALTHY,-191
Bhubaneswar Retail Center #25,East & Central India,PRD-IND-00051,Footwear Model S668,Apparel & Fashion,135,29,18,HEALTHY,-88
Bhubaneswar Retail Center #25,East & Central India,PRD-IND-00052,Footwear Model Z213,Apparel & Fashion,76,45,26,HEALTHY,-5
Bhubaneswar Retail Center #25,East & Central India,PRD-IND-00053,Footwear Model L175,Apparel & Fashion,313,33,29,HEALTHY,-251
Bhubaneswar Retail Center #25,East & Central India,PRD-IND-00054,Footwear Model U733,Apparel & Fashion,349,52,35,HEALTHY,-262
Bhubaneswar Retail Center #25,East & Central India,PRD-IND-00055,Fashion Accessories Model Q600,Apparel & Fashion,495,35,15,HEALTHY,-445
Bhubaneswar Retail Center #25,East & Central India,PRD-IND-00056,Fashion Accessories Model H596,Apparel & Fashion,399,26,29,HEALTHY,-344
Bhubaneswar Retail Center #25,East & Central India,PRD-IND-00057,Fashion Accessories Model C782,Apparel & Fashion,284,60,16,HEALTHY,-208
Bhubaneswar Retail Center #25,East & Central India,PRD-IND-00058,Fashion Accessories Model J183,Apparel & Fashion,2,41,20,HIGH RISK: BELOW SAFETY STOCK,59
Bhubaneswar Retail Center #25,East & Central India,PRD-IND-00059,Fashion Accessories Model R976,Apparel & Fashion,83,37,15,HEALTHY,-31
Bhubaneswar Retail Center #25,East & Central India,PRD-IND-00060,Fashion Accessories Model M677,Apparel & Fashion,439,25,26,HEALTHY,-388
Bhubaneswar Retail Center #25,East & Central India,PRD-IND-00061,Furniture Model N132,Home & Living,302,40,19,HEALTHY,-243
Bhubaneswar Retail Center #25,East & Central India,PRD-IND-00062,Furniture Model U448,Home & Living,220,36,33,HEALTHY,-151
Bhubaneswar Retail Center #25,East & Central India,PRD-IND-00063,Furniture Model R565,Home & Living,481,35,20,HEALTHY,-426
Bhubaneswar Retail Center #25,East & Central India,PRD-IND-00064,Furniture Model J215,Home & Living,297,38,28,HEALTHY,-231
Bhubaneswar Retail Center #25,East & Central India,PRD-IND-00065,Furniture Model H138,Home & Living,330,36,25,HEALTHY,-269
Bhubaneswar Retail Center #25,East & Central India,PRD-IND-00066,Furniture Model T348,Home & Living,143,27,29,HEALTHY,-87
Bhubaneswar Retail Center #25,East & Central India,PRD-IND-00067,Cookware & Kitchen Model V298,Home & Living,290,54,15,HEALTHY,-221
Bhubaneswar Retail Center #25,East & Central India,PRD-IND-00068,Cookware & Kitchen Model M927,Home & Living,135,29,29,HEALTHY,-77
Bhubaneswar Retail Center #25,East & Central India,PRD-IND-00069,Cookware & Kitchen Model F737,Home & Living,257,56,34,HEALTHY,-167
Bhubaneswar Retail Center #25,East & Central India,PRD-IND-00070,Cookware & Kitchen Model H709,Home & Living,247,60,31,HEALTHY,-156
Bhubaneswar Retail Center #25,East & Central India,PRD-IND-00071,Cookware & Kitchen Model I672,Home & Living,308,57,17,HEALTHY,-234
Bhubaneswar Retail Center #25,East & Central India,PRD-IND-00072,Cookware & Kitchen Model T452,Home & Living,211,34,21,HEALTHY,-156
Bhubaneswar Retail Center #25,East & Central India,PRD-IND-00073,Bedding & Linen Model C866,Home & Living,468,48,26,HEALTHY,-394
Bhubaneswar Retail Center #25,East & Central India,PRD-IND-00074,Bedding & Linen Model C482,Home & Living,308,29,26,HEALTHY,-253
Bhubaneswar Retail Center #25,East & Central India,PRD-IND-00075,Bedding & Linen Model Y927,Home & Living,95,34,28,HEALTHY,-33
Bhubaneswar Retail Center #25,East & Central India,PRD-IND-00076,Bedding & Linen Model N717,Home & Living,432,35,31,HEALTHY,-366
Bhubaneswar Retail Center #25,East & Central India,PRD-IND-00077,Bedding & Linen Model N231,Home & Living,205,25,26,HEALTHY,-154
Bhubaneswar Retail Center #25,East & Central India,PRD-IND-00078,Bedding & Linen Model C251,Home & Living,474,41,28,HEALTHY,-405
Bhubaneswar Retail Center #25,East & Central India,PRD-IND-00079,Home Decor Model E271,Home & Living,475,56,26,HEALTHY,-393
Bhubaneswar Retail Center #25,East & Central India,PRD-IND-00080,Home Decor Model B737,Home & Living,147,51,22,HEALTHY,-74
Bhubaneswar Retail Center #25,East & Central India,PRD-IND-00081,Home Decor Model H935,Home & Living,452,41,19,HEALTHY,-392
Bhubaneswar Retail Center #25,East & Central India,PRD-IND-00082,Home Decor Model J863,Home & Living,128,27,24,HEALTHY,-77
Bhubaneswar Retail Center #25,East & Central India,PRD-IND-00083,Home Decor Model S419,Home & Living,167,59,24,HEALTHY,-84
Bhubaneswar Retail Center #25,East & Central India,PRD-IND-00084,Home Decor Model R235,Home & Living,28,56,33,HIGH RISK: BELOW SAFETY STOCK,61
Bhubaneswar Retail Center #25,East & Central India,PRD-IND-00085,Pooja & Spiritual Essentials Model B542,Home & Living,39,37,23,HEALTHY,21
Bhubaneswar Retail Center #25,East & Central India,PRD-IND-00086,Pooja & Spiritual Essentials Model C617,Home & Living,440,39,21,HEALTHY,-380
Bhubaneswar Retail Center #25,East & Central India,PRD-IND-00087,Pooja & Spiritual Essentials Model I388,Home & Living,225,57,18,HEALTHY,-150
Bhubaneswar Retail Center #25,East & Central India,PRD-IND-00088,Pooja & Spiritual Essentials Model X441,Home & Living,213,58,32,HEALTHY,-123
Bhubaneswar Retail Center #25,East & Central India,PRD-IND-00089,Pooja & Spiritual Essentials Model S453,Home & Living,214,42,16,HEALTHY,-156
Bhubaneswar Retail Center #25,East & Central India,PRD-IND-00090,Pooja & Spiritual Essentials Model T756,Home & Living,66,56,35,HEALTHY,25
Bhubaneswar Retail Center #25,East & Central India,PRD-IND-00091,Ayurvedic & Skincare Model I993,Beauty & Personal Care,125,33,18,HEALTHY,-74
Bhubaneswar Retail Center #25,East & Central India,PRD-IND-00092,Ayurvedic & Skincare Model V453,Beauty & Personal Care,143,25,27,HEALTHY,-91
Bhubaneswar Retail Center #25,East & Central India,PRD-IND-00093,Ayurvedic & Skincare Model R437,Beauty & Personal Care,439,25,17,HEALTHY,-397
Bhubaneswar Retail Center #25,East & Central India,PRD-IND-00094,Ayurvedic & Skincare Model K348,Beauty & Personal Care,134,46,15,HEALTHY,-73
Bhubaneswar Retail Center #25,East & Central India,PRD-IND-00095,Ayurvedic & Skincare Model S650,Beauty & Personal Care,415,60,18,HEALTHY,-337
Bhubaneswar Retail Center #25,East & Central India,PRD-IND-00096,Ayurvedic & Skincare Model E371,Beauty & Personal Care,230,40,27,HEALTHY,-163
Bhubaneswar Retail Center #25,East & Central India,PRD-IND-00097,Personal Grooming Model X908,Beauty & Personal Care,288,50,17,HEALTHY,-221
Bhubaneswar Retail Center #25,East & Central India,PRD-IND-00098,Personal Grooming Model V376,Beauty & Personal Care,429,50,17,HEALTHY,-362
Bhubaneswar Retail Center #25,East & Central India,PRD-IND-00099,Personal Grooming Model K686,Beauty & Personal Care,159,28,23,HEALTHY,-108
Bhubaneswar Retail Center #25,East & Central India,PRD-IND-00100,Personal Grooming Model Q489,Beauty & Personal Care,49,30,16,HEALTHY,-3
Bhubaneswar Retail Center #25,East & Central India,PRD-IND-00101,Personal Grooming Model Y559,Beauty & Personal Care,338,45,34,HEALTHY,-259
Bhubaneswar Retail Center #25,East & Central India,PRD-IND-00102,Personal Grooming Model N766,Beauty & Personal Care,87,40,17,HEALTHY,-30
Bhubaneswar Retail Center #25,East & Central India,PRD-IND-00103,Cosmetics Model D157,Beauty & Personal Care,491,34,15,HEALTHY,-442
Bhubaneswar Retail Center #25,East & Central India,PRD-IND-00104,Cosmetics Model A526,Beauty & Personal Care,171,60,23,HEALTHY,-88
Bhubaneswar Retail Center #25,East & Central India,PRD-IND-00105,Cosmetics Model J672,Beauty & Personal Care,304,48,32,HEALTHY,-224
Bhubaneswar Retail Center #25,East & Central India,PRD-IND-00106,Cosmetics Model G541,Beauty & Personal Care,218,47,31,HEALTHY,-140
Bhubaneswar Retail Center #25,East & Central India,PRD-IND-00107,Cosmetics Model B432,Beauty & Personal Care,23,59,24,HIGH RISK: BELOW SAFETY STOCK,60
Bhubaneswar Retail Center #25,East & Central India,PRD-IND-00108,Cosmetics Model V489,Beauty & Personal Care,9,54,24,HIGH RISK: BELOW SAFETY STOCK,69
Bhubaneswar Retail Center #25,East & Central India,PRD-IND-00109,Wellness & Health Model V933,Beauty & Personal Care,79,31,24,HEALTHY,-24
Bhubaneswar Retail Center #25,East & Central India,PRD-IND-00110,Wellness & Health Model B245,Beauty & Personal Care,57,38,22,HEALTHY,3
Bhubaneswar Retail Center #25,East & Central India,PRD-IND-00111,Wellness & Health Model H766,Beauty & Personal Care,326,44,34,HEALTHY,-248
Bhubaneswar Retail Center #25,East & Central India,PRD-IND-00112,Wellness & Health Model X718,Beauty & Personal Care,211,51,30,HEALTHY,-130
Bhubaneswar Retail Center #25,East & Central India,PRD-IND-00113,Wellness & Health Model H456,Beauty & Personal Care,72,34,20,HEALTHY,-18
Bhubaneswar Retail Center #25,East & Central India,PRD-IND-00114,Wellness & Health Model I109,Beauty & Personal Care,144,36,27,HEALTHY,-81
Bhubaneswar Retail Center #25,East & Central India,PRD-IND-00115,Spices & Atta Model E734,Groceries & Pantry,62,57,19,HEALTHY,14
Bhubaneswar Retail Center #25,East & Central India,PRD-IND-00116,Spices & Atta Model H432,Groceries & Pantry,28,33,27,WARNING: REORDER NEEDED,32
Bhubaneswar Retail Center #25,East & Central India,PRD-IND-00117,Spices & Atta Model P601,Groceries & Pantry,201,30,20,HEALTHY,-151
Bhubaneswar Retail Center #25,East & Central India,PRD-IND-00118,Spices & Atta Model U283,Groceries & Pantry,411,50,20,HEALTHY,-341
Bhubaneswar Retail Center #25,East & Central India,PRD-IND-00119,Spices & Atta Model P799,Groceries & Pantry,225,40,23,HEALTHY,-162
Bhubaneswar Retail Center #25,East & Central India,PRD-IND-00120,Spices & Atta Model Q229,Groceries & Pantry,191,46,19,HEALTHY,-126
Bhubaneswar Retail Center #25,East & Central India,PRD-IND-00121,Beverages & Tea Model R726,Groceries & Pantry,185,56,26,HEALTHY,-103
Bhubaneswar Retail Center #25,East & Central India,PRD-IND-00122,Beverages & Tea Model J769,Groceries & Pantry,378,54,23,HEALTHY,-301
Bhubaneswar Retail Center #25,East & Central India,PRD-IND-00123,Beverages & Tea Model I326,Groceries & Pantry,337,33,30,HEALTHY,-274
Bhubaneswar Retail Center #25,East & Central India,PRD-IND-00124,Beverages & Tea Model K557,Groceries & Pantry,466,36,23,HEALTHY,-407
Bhubaneswar Retail Center #25,East & Central India,PRD-IND-00125,Beverages & Tea Model Z358,Groceries & Pantry,348,57,32,HEALTHY,-259
Bhubaneswar Retail Center #25,East & Central India,PRD-IND-00126,Beverages & Tea Model Z580,Groceries & Pantry,426,44,26,HEALTHY,-356
Bhubaneswar Retail Center #25,East & Central India,PRD-IND-00127,Snacks & Sweets Model J315,Groceries & Pantry,20,25,21,HIGH RISK: BELOW SAFETY STOCK,26
Bhubaneswar Retail Center #25,East & Central India,PRD-IND-00128,Snacks & Sweets Model F813,Groceries & Pantry,355,31,24,HEALTHY,-300
Bhubaneswar Retail Center #25,East & Central India,PRD-IND-00129,Snacks & Sweets Model I383,Groceries & Pantry,180,45,32,HEALTHY,-103
Bhubaneswar Retail Center #25,East & Central India,PRD-IND-00130,Snacks & Sweets Model Q321,Groceries & Pantry,182,51,22,HEALTHY,-109
Bhubaneswar Retail Center #25,East & Central India,PRD-IND-00131,Snacks & Sweets Model K811,Groceries & Pantry,65,27,24,HEALTHY,-14
Bhubaneswar Retail Center #25,East & Central India,PRD-IND-00132,Snacks & Sweets Model N704,Groceries & Pantry,356,57,29,HEALTHY,-270
Bhubaneswar Retail Center #25,East & Central India,PRD-IND-00133,Organic Staples Model F135,Groceries & Pantry,58,50,23,HEALTHY,15
Bhubaneswar Retail Center #25,East & Central India,PRD-IND-00134,Organic Staples Model I531,Groceries & Pantry,412,36,19,HEALTHY,-357
Bhubaneswar Retail Center #25,East & Central India,PRD-IND-00135,Organic Staples Model F890,Groceries & Pantry,439,54,28,HEALTHY,-357
Bhubaneswar Retail Center #25,East & Central India,PRD-IND-00136,Organic Staples Model Q759,Groceries & Pantry,15,30,30,HIGH RISK: BELOW SAFETY STOCK,45
Bhubaneswar Retail Center #25,East & Central India,PRD-IND-00137,Organic Staples Model W353,Groceries & Pantry,82,53,17,HEALTHY,-12
Bhubaneswar Retail Center #25,East & Central India,PRD-IND-00138,Organic Staples Model O517,Groceries & Pantry,70,57,27,HEALTHY,14
Bhubaneswar Retail Center #25,East & Central India,PRD-IND-00139,Gourmet Foods Model T469,Groceries & Pantry,269,36,31,HEALTHY,-202
Bhubaneswar Retail Center #25,East & Central India,PRD-IND-00140,Gourmet Foods Model W779,Groceries & Pantry,329,39,29,HEALTHY,-261
Bhubaneswar Retail Center #25,East & Central India,PRD-IND-00141,Gourmet Foods Model N139,Groceries & Pantry,43,44,29,WARNING: REORDER NEEDED,30
Bhubaneswar Retail Center #25,East & Central India,PRD-IND-00142,Gourmet Foods Model Q928,Groceries & Pantry,213,37,32,HEALTHY,-144
Bhubaneswar Retail Center #25,East & Central India,PRD-IND-00143,Gourmet Foods Model W299,Groceries & Pantry,487,32,26,HEALTHY,-429
Bhubaneswar Retail Center #25,East & Central India,PRD-IND-00144,Gourmet Foods Model S546,Groceries & Pantry,478,45,33,HEALTHY,-400
