year_number,month_number,month_name,region,store_type,category,total_orders,total_units_sold,gross_revenue,total_discounts,net_profit,profit_margin_pct,avg_order_value
2024,2,February,East & Central India,High-Street Retail,Groceries & Pantry,46,147.0,3354040.8700000006,459572.6159999999,1199543.08,35.76,72913.93
2024,12,December,South India,Express City Outlet,Groceries & Pantry,23,62.0,1085912.93,158305.1818333333,324521.45,29.88,47213.61
2024,3,March,West India,Flagship Mega Mart,Electronics & Gadgets,80,290.0,10146628.420000002,1078450.304666667,3413060.69,33.64,126832.86
2024,4,April,North India,High-Street Retail,Groceries & Pantry,9,22.0,322585.75,43489.228,85558.75,26.52,35842.86
2024,1,January,East & Central India,Omnichannel Fulfillment Hub,Groceries & Pantry,74,229.0,5363698.760000002,756789.2913333329,1838316.8499999999,34.27,72482.42
2024,3,March,West India,High-Street Retail,Home & Living,17,67.0,1677623.12,277040.01916666667,516190.20000000007,30.77,98683.71
2024,10,October,North East India,High-Street Retail,Home & Living,38,126.0,3932982.94,459607.94700000004,1013383.7100000001,25.77,103499.55
2024,12,December,North India,Omnichannel Fulfillment Hub,Electronics & Gadgets,25,82.0,2432675.6500000004,263762.58516666666,753127.26,30.96,97307.03
2024,6,June,West India,Flagship Mega Mart,Groceries & Pantry,64,215.0,5207168.96,757429.5638333331,1663096.0900000003,31.94,81362.02
2024,5,May,North India,High-Street Retail,Beauty & Personal Care,17,60.0,2089775.5800000003,184871.7135,673602.1699999998,32.23,122927.98
2024,9,September,East & Central India,Omnichannel Fulfillment Hub,Apparel & Fashion,72,233.0,7551385.189999999,786173.35,2596871.0700000008,34.39,104880.35
2024,3,March,North India,Omnichannel Fulfillment Hub,Groceries & Pantry,13,42.0,1235307.6200000003,116585.7955,460450.12,37.27,95023.66
2024,12,December,North East India,Omnichannel Fulfillment Hub,Beauty & Personal Care,15,55.0,1827434.2799999998,100833.516,710040.21,38.85,121828.95
2024,11,November,West India,High-Street Retail,Electronics & Gadgets,16,62.0,2247301.11,275591.87066666665,731505.8999999999,32.55,140456.32
2024,11,November,South India,Express City Outlet,Beauty & Personal Care,15,58.0,2058012.5200000003,226656.2005,693695.38,33.71,137200.83
2024,1,January,East & Central India,High-Street Retail,Electronics & Gadgets,33,103.0,2921421.2299999995,344015.14283333335,892429.6600000001,30.55,88527.92
2024,8,August,South India,Flagship Mega Mart,Home & Living,28,102.0,3183445.36,160476.62433333334,1113048.37,34.96,113694.48
2024,4,April,North India,Flagship Mega Mart,Electronics & Gadgets,23,88.0,2621705.379999999,385517.58883333334,872348.4899999999,33.27,113987.19
2024,10,October,North India,Omnichannel Fulfillment Hub,Electronics & Gadgets,22,66.0,2109922.1200000006,182587.5601666667,729228.4900000001,34.56,95905.55
2024,12,December,East & Central India,Express City Outlet,Beauty & Personal Care,14,37.0,859873.55,129905.87633333332,233879.63000000003,27.2,61419.54
2024,4,April,West India,Express City Outlet,Beauty & Personal Care,23,80.0,2959414.560000001,161271.11583333334,1185003.6500000001,40.04,128670.2
2024,2,February,East & Central India,Omnichannel Fulfillment Hub,Home & Living,89,261.0,7883638.910000001,1008714.0928333334,2546629.92,32.3,88580.21
2024,4,April,East & Central India,Express City Outlet,Home & Living,17,69.0,1860795.0,274458.5715,552794.47,29.71,109458.53
2024,3,March,East & Central India,Express City Outlet,Apparel & Fashion,22,71.0,2220674.97,263543.6443333333,793351.64,35.73,100939.77
2024,10,October,West India,Express City Outlet,Apparel & Fashion,14,36.0,1705698.39,135328.467,669318.32,39.24,121835.6
2024,4,April,East & Central India,Flagship Mega Mart,Apparel & Fashion,38,135.0,4737103.029999999,366120.951,1791267.3,37.81,124660.61
2024,10,October,East & Central India,Omnichannel Fulfillment Hub,Home & Living,85,299.0,9863167.910000004,982980.5071666661,3473985.3200000008,35.22,116037.27
2024,11,November,West India,Express City Outlet,Apparel & Fashion,16,55.0,2112810.4299999997,189870.1128333333,792346.1700000002,37.5,132050.65
2024,1,January,West India,High-Street Retail,Groceries & Pantry,21,85.0,2029242.7700000003,187904.78516666673,757692.2899999999,37.34,96630.61
2024,5,May,North East India,High-Street Retail,Home & Living,34,112.0,3083867.0199999996,322412.70366666664,1097548.8499999996,35.59,90701.97
2024,3,March,North East India,Omnichannel Fulfillment Hub,Electronics & Gadgets,17,46.0,1609116.0700000003,184839.1775,540818.3599999999,33.61,94653.89
2024,6,June,South India,Express City Outlet,Beauty & Personal Care,19,58.0,1755199.28,216473.25383333335,594208.41,33.85,92378.91
2024,3,March,North India,Flagship Mega Mart,Groceries & Pantry,16,46.0,794593.55,128386.94649999999,262443.83999999997,33.03,49662.1
2024,1,January,North India,High-Street Retail,Electronics & Gadgets,18,43.0,1466243.96,156912.48066666667,556554.39,37.96,81458.0
2024,6,June,East & Central India,High-Street Retail,Groceries & Pantry,33,110.0,2560174.53,509134.8234999999,849915.3099999999,33.2,77581.05
2024,3,March,North East India,High-Street Retail,Groceries & Pantry,36,121.0,2317602.4499999997,320944.6421666667,791967.4599999998,34.17,64377.85
2024,7,July,South India,Flagship Mega Mart,Apparel & Fashion,29,96.0,3407321.6000000006,370896.7338333335,1298145.76,38.1,117493.85
2024,12,December,West India,High-Street Retail,Apparel & Fashion,24,68.0,1807817.83,267513.91300000006,618242.49,34.2,75325.74
2024,8,August,West India,Flagship Mega Mart,Beauty & Personal Care,59,193.0,5515668.34,746259.5528333336,1707042.8299999996,30.95,93485.9
2024,9,September,West India,High-Street Retail,Home & Living,13,55.0,1186444.27,76216.68533333334,471151.1400000001,39.71,91264.94
2024,9,September,North East India,High-Street Retail,Beauty & Personal Care,36,120.0,3806842.700000002,373795.19299999997,1209884.3499999999,31.78,105745.63
2024,8,August,North East India,Omnichannel Fulfillment Hub,Apparel & Fashion,27,87.0,3580407.8000000007,288468.615,1389163.1000000006,38.8,132607.7
2024,2,February,North India,Omnichannel Fulfillment Hub,Electronics & Gadgets,17,61.0,1787929.9699999997,242254.5956666667,555555.8200000001,31.07,105172.35
2024,9,September,South India,Express City Outlet,Groceries & Pantry,22,77.0,2066923.74,210865.80433333333,745914.87,36.09,93951.08
2024,2,February,North India,High-Street Retail,Apparel & Fashion,20,63.0,2465081.48,219218.87949999995,901204.1300000001,36.56,123254.07
2024,5,May,East & Central India,Flagship Mega Mart,Home & Living,27,81.0,2441390.88,277313.9238333333,771994.3600000001,31.62,90421.88
2024,10,October,East & Central India,Flagship Mega Mart,Apparel & Fashion,27,93.0,3002099.92,456426.13316666684,963379.8199999998,32.09,111188.89
2024,5,May,West India,Express City Outlet,Electronics & Gadgets,15,55.0,2079289.5699999998,261625.057,838398.63,40.32,138619.3
2024,5,May,South India,Express City Outlet,Beauty & Personal Care,17,49.0,1558702.7899999998,170799.73366666667,481431.89,30.89,91688.4
2024,9,September,East & Central India,Flagship Mega Mart,Beauty & Personal Care,29,93.0,3094532.87,388411.2503333333,997392.5199999999,32.23,106708.03
2024,5,May,North East India,Omnichannel Fulfillment Hub,Electronics & Gadgets,19,45.0,1640444.0599999998,157975.23500000002,612858.1,37.36,86339.16
2024,9,September,North India,Omnichannel Fulfillment Hub,Electronics & Gadgets,18,54.0,2077866.09,161052.08233333332,782540.22,37.66,115437.01
2024,10,October,West India,High-Street Retail,Electronics & Gadgets,17,51.0,1932524.3800000001,229340.70733333332,627579.8,32.47,113677.9
2024,1,January,North India,Omnichannel Fulfillment Hub,Home & Living,20,61.0,2185037.1500000004,250877.75983333334,648291.6100000001,29.67,109251.86
2024,8,August,North India,Omnichannel Fulfillment Hub,Beauty & Personal Care,16,46.0,1518120.2699999998,127516.89300000001,456408.41000000003,30.06,94882.52
2024,10,October,North East India,Omnichannel Fulfillment Hub,Apparel & Fashion,13,46.0,1355616.8999999997,187826.76783333335,430878.39,31.78,104278.22
2024,4,April,West India,Flagship Mega Mart,Apparel & Fashion,59,192.0,6140184.969999998,626505.0720000002,2205448.78,35.92,104070.93
2024,11,November,East & Central India,Flagship Mega Mart,Electronics & Gadgets,35,103.0,3061457.020000001,383508.58033333335,1020057.56,33.32,87470.2
2024,9,September,East & Central India,Express City Outlet,Home & Living,12,31.0,735171.71,164767.74866666668,258119.80000000002,35.11,61264.31
2024,2,February,North East India,High-Street Retail,Beauty & Personal Care,36,100.0,3153496.5200000005,315442.80616666673,993942.6799999999,31.52,87597.13
2024,10,October,North India,High-Street Retail,Electronics & Gadgets,13,45.0,1520005.57,69799.02916666666,575179.33,37.84,116923.51
2024,1,January,West India,Express City Outlet,Groceries & Pantry,9,27.0,574960.25,83694.80166666668,216681.4,37.69,63884.47
2024,8,August,North India,Flagship Mega Mart,Electronics & Gadgets,21,69.0,2351244.0799999996,228856.08783333335,814865.4400000004,34.66,111964.0
2024,10,October,East & Central India,Omnichannel Fulfillment Hub,Apparel & Fashion,95,287.0,9356816.889999995,998440.5891666664,3260448.6399999997,34.85,98492.81
2024,5,May,South India,Flagship Mega Mart,Groceries & Pantry,22,63.0,1492761.32,172256.30633333334,544598.6899999998,36.48,67852.79
2024,9,September,East & Central India,Omnichannel Fulfillment Hub,Home & Living,75,240.0,6382928.570000002,769010.1916666665,2091664.62,32.77,85105.71
2024,3,March,West India,High-Street Retail,Apparel & Fashion,13,42.0,1323244.84,137968.1353333333,506854.27999999997,38.3,101788.06
2024,10,October,East & Central India,High-Street Retail,Groceries & Pantry,36,127.0,2784654.390000001,437616.9558333334,946597.1,33.99,77351.51
2024,10,October,North East India,High-Street Retail,Apparel & Fashion,44,155.0,4562312.2299999995,461941.7971666666,1717411.7100000002,37.64,103688.91
2024,2,February,East & Central India,Omnichannel Fulfillment Hub,Apparel & Fashion,79,243.0,7981458.179999999,906701.7125000003,2790681.9300000016,34.96,101031.12
2024,4,April,South India,Omnichannel Fulfillment Hub,Groceries & Pantry,43,134.0,3162359.5199999986,455726.0921666665,1147567.0899999999,36.29,73543.24
2024,12,December,East & Central India,Omnichannel Fulfillment Hub,Groceries & Pantry,86,276.0,7068965.419999999,939293.718,2541566.53,35.95,82197.27
2024,12,December,East & Central India,High-Street Retail,Electronics & Gadgets,50,158.0,5975987.770000001,610878.8581666667,2179719.239999999,36.47,119519.76
2024,9,September,East & Central India,Express City Outlet,Apparel & Fashion,19,61.0,1998378.7199999997,224299.16999999998,734754.7700000001,36.77,105177.83
2024,8,August,South India,Flagship Mega Mart,Apparel & Fashion,26,100.0,2869942.14,178601.5935,1184171.3300000003,41.26,110382.39
2024,9,September,East & Central India,High-Street Retail,Beauty & Personal Care,31,89.0,2788145.61,286680.5481666666,1032641.6599999999,37.04,89940.18
2024,11,November,South India,Omnichannel Fulfillment Hub,Groceries & Pantry,34,102.0,1993732.1600000001,395663.63283333334,585018.03,29.34,58639.18
2024,5,May,North East India,High-Street Retail,Apparel & Fashion,35,106.0,3259494.9499999997,362061.44716666674,1054378.76,32.35,93128.43
2024,11,November,North East India,High-Street Retail,Beauty & Personal Care,23,62.0,1967551.8299999994,209375.3486666667,650085.28,33.04,85545.73
2024,1,January,East & Central India,Express City Outlet,Electronics & Gadgets,22,88.0,3017778.79,377514.79483333335,913340.4700000001,30.27,137171.76
2024,5,May,West India,High-Street Retail,Groceries & Pantry,16,65.0,1257111.08,144892.5545,503450.53,40.05,78569.44
2024,7,July,West India,Express City Outlet,Groceries & Pantry,13,44.0,715410.56,137052.78083333335,233579.63,32.65,55031.58
2024,11,November,East & Central India,Omnichannel Fulfillment Hub,Beauty & Personal Care,67,205.0,5448955.4399999995,664057.561,1705766.6400000004,31.3,81327.69
2024,8,August,North East India,High-Street Retail,Beauty & Personal Care,33,102.0,2753106.530000001,324504.61300000007,869895.2799999999,31.6,83427.47
2024,5,May,East & Central India,Flagship Mega Mart,Apparel & Fashion,31,110.0,3988654.1100000003,477843.21266666666,1402421.64,35.16,128666.26
2024,4,April,West India,Flagship Mega Mart,Home & Living,57,212.0,6703730.3999999985,578246.2581666666,2346396.0400000014,35.0,117609.31
2024,3,March,East & Central India,High-Street Retail,Electronics & Gadgets,30,95.0,3574118.3499999987,307211.2933333333,1291161.4799999997,36.13,119137.28
2024,7,July,South India,Flagship Mega Mart,Home & Living,26,90.0,3000424.22,326319.8586666668,1025836.0599999998,34.19,115400.93
2024,3,March,East & Central India,Omnichannel Fulfillment Hub,Beauty & Personal Care,60,198.0,5885725.570000002,684604.3855,1930873.95,32.81,98095.43
2024,9,September,West India,High-Street Retail,Apparel & Fashion,11,35.0,1088429.89,159350.6815,274242.02,25.2,98948.17
2024,8,August,North East India,Omnichannel Fulfillment Hub,Home & Living,19,58.0,1964680.1299999997,192272.86733333333,722673.5700000001,36.78,103404.22
2024,10,October,South India,Omnichannel Fulfillment Hub,Groceries & Pantry,40,131.0,3500072.270000001,431675.01950000017,1257218.6199999996,35.92,87501.81
2024,7,July,East & Central India,Flagship Mega Mart,Electronics & Gadgets,34,115.0,4016735.95,448856.6613333334,1405041.1099999996,34.98,118139.29
2024,2,February,North India,High-Street Retail,Home & Living,16,63.0,1516567.05,155400.91966666668,528100.7799999999,34.82,94785.44
2024,7,July,North India,High-Street Retail,Beauty & Personal Care,19,55.0,1968000.97,225961.3503333333,600425.7800000001,30.51,103579.0
2024,11,November,West India,Express City Outlet,Home & Living,20,72.0,2318443.2199999997,196613.64150000003,783093.3200000001,33.78,115922.16
2024,4,April,North East India,Omnichannel Fulfillment Hub,Electronics & Gadgets,15,57.0,1599328.2400000002,200214.24116666667,563948.5900000001,35.26,106621.88
2024,10,October,North East India,Omnichannel Fulfillment Hub,Home & Living,15,39.0,1526148.54,123295.21216666665,545835.83,35.77,101743.24
2024,3,March,East & Central India,Express City Outlet,Home & Living,22,68.0,2549144.0399999996,169981.27333333332,918661.1600000001,36.04,115870.18
2024,2,February,West India,Express City Outlet,Groceries & Pantry,21,61.0,993240.6600000001,193566.064,315002.1700000001,31.71,47297.17
2024,10,October,East & Central India,Flagship Mega Mart,Home & Living,35,116.0,3093560.3200000008,345446.7386666666,1076280.04,34.79,88387.44
2024,6,June,West India,Express City Outlet,Groceries & Pantry,18,61.0,1270547.72,156579.10450000002,483453.06,38.05,70585.98
2024,8,August,South India,Express City Outlet,Beauty & Personal Care,19,67.0,2496199.0500000003,171008.64500000005,894517.6400000001,35.84,131378.9
2024,2,February,West India,High-Street Retail,Electronics & Gadgets,18,43.0,1185214.1500000001,174481.16783333334,380700.2300000001,32.12,65845.23
2024,6,June,North East India,High-Street Retail,Beauty & Personal Care,30,89.0,2345805.7800000003,328100.4199999999,721402.74,30.75,78193.53
2024,8,August,East & Central India,High-Street Retail,Electronics & Gadgets,28,97.0,2505203.18,370279.85583333333,727384.63,29.03,89471.54
2024,3,March,South India,Flagship Mega Mart,Electronics & Gadgets,19,61.0,2087200.4799999997,218401.404,694729.48,33.29,109852.66
2024,10,October,West India,Express City Outlet,Home & Living,9,27.0,636305.1200000001,110255.13699999999,228210.44999999998,35.86,70700.57
2024,4,April,East & Central India,Express City Outlet,Apparel & Fashion,16,54.0,980669.5399999999,155877.99099999998,336998.6599999999,34.36,61291.85
2024,4,April,East & Central India,Flagship Mega Mart,Home & Living,27,98.0,3130553.64,337308.03816666664,1057961.41,33.79,115946.43
2024,12,December,West India,High-Street Retail,Home & Living,16,43.0,1461236.01,199245.6118333333,488913.14,33.46,91327.25
2024,1,January,North India,Omnichannel Fulfillment Hub,Apparel & Fashion,19,66.0,2220301.0400000005,199427.01083333333,866844.3900000001,39.04,116857.95
2024,9,September,North India,High-Street Retail,Beauty & Personal Care,16,45.0,1606610.74,138062.41749999998,617779.46,38.45,100413.17
2024,2,February,South India,Flagship Mega Mart,Beauty & Personal Care,9,41.0,1521840.58,126536.12049999999,563021.0299999999,37.0,169093.4
2024,11,November,North India,Omnichannel Fulfillment Hub,Groceries & Pantry,11,41.0,897611.67,109313.24816666664,311131.83999999997,34.66,81601.06
2024,10,October,South India,Flagship Mega Mart,Beauty & Personal Care,6,20.0,627666.05,79089.705,228962.64999999997,36.48,104611.01
2024,7,July,North East India,High-Street Retail,Electronics & Gadgets,34,78.0,2883581.7199999997,284748.6905,988047.53,34.26,84811.23
2024,11,November,East & Central India,Express City Outlet,Beauty & Personal Care,16,46.0,1262460.5,168383.40933333337,381374.7700000001,30.21,78903.78
2024,2,February,West India,Flagship Mega Mart,Home & Living,82,265.0,8395833.810000002,835699.2443333338,2913460.04,34.7,102388.22
2024,10,October,North India,Flagship Mega Mart,Home & Living,22,74.0,2614641.27,177141.725,950132.1300000001,36.34,118847.33
2024,8,August,East & Central India,Omnichannel Fulfillment Hub,Apparel & Fashion,69,249.0,8701561.360000003,872504.8548333334,3221443.2600000016,37.02,126109.58
2024,4,April,South India,Flagship Mega Mart,Beauty & Personal Care,8,24.0,658539.3999999999,106788.854,211370.46999999997,32.1,82317.42
2024,3,March,South India,Express City Outlet,Electronics & Gadgets,22,73.0,2806087.4300000006,321117.1666666666,947338.5500000002,33.76,127549.43
2024,11,November,East & Central India,High-Street Retail,Groceries & Pantry,40,124.0,3135880.3600000003,346765.9376666666,1171159.77,37.35,78397.01
2024,1,January,West India,Flagship Mega Mart,Home & Living,85,273.0,8396999.829999998,956674.8231666664,2864654.9899999993,34.12,98788.23
2024,11,November,North India,Flagship Mega Mart,Electronics & Gadgets,20,69.0,2396471.44,198105.1885,825315.8999999999,34.44,119823.57
2024,8,August,North India,High-Street Retail,Groceries & Pantry,19,62.0,1644854.76,228012.21199999997,567124.3200000001,34.48,86571.3
2024,12,December,West India,Flagship Mega Mart,Apparel & Fashion,76,245.0,7960912.630000001,1066203.0701666663,2718119.980000002,34.14,104748.85
2024,5,May,West India,Flagship Mega Mart,Apparel & Fashion,59,204.0,6888473.870000004,723441.5846666668,2546072.8899999997,36.96,116753.79
2024,4,April,East & Central India,High-Street Retail,Beauty & Personal Care,24,63.0,2395260.32,226382.41050000003,734562.9699999997,30.67,99802.51
2024,12,December,South India,Flagship Mega Mart,Groceries & Pantry,21,68.0,1859319.0100000002,181029.11883333334,647340.4600000002,34.82,88539.0
2024,4,April,North India,Omnichannel Fulfillment Hub,Home & Living,14,55.0,1595615.5100000002,208112.398,486683.75999999995,30.5,113972.54
2024,9,September,West India,Flagship Mega Mart,Electronics & Gadgets,74,226.0,7746983.960000002,815833.1263333333,2893306.93,37.35,104688.97
2024,2,February,South India,Express City Outlet,Home & Living,16,47.0,1582546.8,127994.67800000001,602321.43,38.06,98909.18
2024,8,August,South India,Omnichannel Fulfillment Hub,Apparel & Fashion,37,122.0,4183110.68,548460.1229999999,1471537.4199999997,35.18,113057.05
2024,7,July,South India,Omnichannel Fulfillment Hub,Groceries & Pantry,37,123.0,2246168.8999999994,364016.1153333333,648923.3200000002,28.89,60707.27
2024,12,December,North India,High-Street Retail,Apparel & Fashion,19,68.0,1763279.9099999997,205843.61350000004,556416.5499999998,31.56,92804.21
2024,6,June,South India,Flagship Mega Mart,Apparel & Fashion,23,98.0,4170704.72,237164.52016666665,1769806.3100000003,42.43,181334.99
2024,3,March,West India,Express City Outlet,Beauty & Personal Care,20,69.0,1980340.5000000007,283052.8465,621413.14,31.38,99017.03
2024,11,November,West India,Flagship Mega Mart,Electronics & Gadgets,67,211.0,7138432.449999999,597564.7383333333,2466425.200000002,34.55,106543.77
2024,7,July,East & Central India,High-Street Retail,Groceries & Pantry,26,76.0,1639340.04,316519.85150000005,344816.08999999997,21.03,63051.54
2024,6,June,East & Central India,Flagship Mega Mart,Electronics & Gadgets,30,102.0,3617354.33,387816.8725,1388502.22,38.38,120578.48
2024,12,December,East & Central India,Flagship Mega Mart,Groceries & Pantry,45,170.0,3505764.46,543670.8588333334,1167606.6099999999,33.31,77905.88
2024,9,September,South India,Omnichannel Fulfillment Hub,Electronics & Gadgets,40,124.0,3751649.87,428874.4850000001,1283743.13,34.22,93791.25
2024,1,January,North India,Flagship Mega Mart,Groceries & Pantry,12,40.0,547466.2999999999,160750.26833333337,114989.37,21.0,45622.19
2024,3,March,East & Central India,Flagship Mega Mart,Groceries & Pantry,40,123.0,2680499.8899999983,436093.98316666676,831791.2500000002,31.03,67012.5
2024,7,July,East & Central India,Omnichannel Fulfillment Hub,Home & Living,73,209.0,6739940.159999997,824810.3911666669,2197301.7600000007,32.6,92327.95
2024,2,February,East & Central India,Flagship Mega Mart,Beauty & Personal Care,28,83.0,2253160.7100000004,287078.2965,727362.19,32.28,80470.03
2024,1,January,North East India,High-Street Retail,Electronics & Gadgets,39,154.0,5728497.519999999,580394.2949999997,2108881.460000001,36.81,146884.55
2024,7,July,North East India,Omnichannel Fulfillment Hub,Beauty & Personal Care,15,55.0,1944491.0499999998,156883.0356666667,660658.1900000001,33.98,129632.74
2024,7,July,North India,Omnichannel Fulfillment Hub,Home & Living,13,43.0,1563429.9799999997,127336.80750000001,556898.7199999999,35.62,120263.84
2024,4,April,East & Central India,Omnichannel Fulfillment Hub,Electronics & Gadgets,96,303.0,11332700.279999997,1142293.5335,4106760.860000001,36.24,118048.96
2024,6,June,North India,High-Street Retail,Home & Living,24,76.0,2159510.6900000004,232976.56849999994,629427.85,29.15,89979.61
2024,9,September,South India,Flagship Mega Mart,Home & Living,16,63.0,2160764.7099999995,180118.75433333332,765730.7799999998,35.44,135047.79
2024,12,December,South India,Omnichannel Fulfillment Hub,Electronics & Gadgets,38,123.0,4634158.249999999,410416.90850000014,1670670.7799999993,36.05,121951.53
2024,7,July,West India,High-Street Retail,Groceries & Pantry,16,57.0,1351485.3499999996,170282.31516666667,531869.2000000001,39.35,84467.83
2024,6,June,North India,Flagship Mega Mart,Home & Living,19,55.0,1725679.34,185259.66983333335,572394.7200000001,33.17,90825.23
2024,9,September,North India,Flagship Mega Mart,Beauty & Personal Care,14,53.0,1125624.7099999995,150177.97766666667,330729.78,29.38,80401.76
2024,8,August,West India,Express City Outlet,Electronics & Gadgets,19,60.0,2067715.26,179933.26683333336,744739.83,36.02,108827.12
2024,2,February,North East India,Omnichannel Fulfillment Hub,Beauty & Personal Care,13,26.0,620157.3,52746.30166666667,229337.08999999997,36.98,47704.41
2024,11,November,South India,Flagship Mega Mart,Beauty & Personal Care,15,53.0,1802051.4400000002,195668.989,603905.0199999999,33.51,120136.76
2024,12,December,North India,Flagship Mega Mart,Apparel & Fashion,25,79.0,2927374.5399999996,267985.3205,1164224.89,39.77,117094.98
2024,1,January,South India,Omnichannel Fulfillment Hub,Apparel & Fashion,34,116.0,4198276.45,526818.1458333334,1490582.9199999997,35.5,123478.72
2024,1,January,South India,Express City Outlet,Apparel & Fashion,15,48.0,1772074.9100000001,210417.94299999997,607455.37,34.28,118138.33
2024,6,June,East & Central India,Express City Outlet,Home & Living,19,58.0,2330747.590000001,248547.48066666667,668367.78,28.68,122670.93
2024,8,August,West India,High-Street Retail,Home & Living,12,34.0,1038416.28,103153.37466666666,340446.16,32.79,86534.69
2024,2,February,South India,Omnichannel Fulfillment Hub,Beauty & Personal Care,31,85.0,2305796.7600000002,385219.7103333334,680086.57,29.49,74380.54
2024,10,October,East & Central India,Express City Outlet,Groceries & Pantry,18,50.0,644658.1599999999,200345.18616666665,125253.52000000002,19.43,35814.34
2024,11,November,North East India,Omnichannel Fulfillment Hub,Apparel & Fashion,18,49.0,1392146.99,256943.13483333334,468786.52999999997,33.67,77341.5
2024,9,September,North East India,Omnichannel Fulfillment Hub,Apparel & Fashion,20,57.0,1496916.8000000003,261806.56566666663,500983.3300000001,33.47,74845.84
2024,7,July,East & Central India,High-Street Retail,Electronics & Gadgets,31,101.0,3656860.1300000004,436195.12799999997,1299772.7899999996,35.54,117963.23
2024,4,April,East & Central India,Omnichannel Fulfillment Hub,Groceries & Pantry,71,215.0,5060412.830000001,740236.2231666665,1684896.7900000005,33.3,71273.42
2024,9,September,East & Central India,High-Street Retail,Apparel & Fashion,37,120.0,4364823.98,413654.78833333345,1598850.2699999996,36.63,117968.22
2024,5,May,North India,High-Street Retail,Home & Living,21,64.0,1974741.8599999996,266272.02766666666,599640.29,30.37,94035.33
2024,4,April,East & Central India,Express City Outlet,Beauty & Personal Care,15,50.0,1404872.0899999999,210179.61333333328,446849.28,31.81,93658.14
2024,3,March,West India,High-Street Retail,Beauty & Personal Care,14,39.0,1144118.0199999998,142150.47366666666,402091.23,35.14,81722.72
2024,6,June,South India,Express City Outlet,Home & Living,24,89.0,2428742.0,209906.16416666665,807040.6599999999,33.23,101197.58
2024,3,March,East & Central India,Flagship Mega Mart,Electronics & Gadgets,31,89.0,3175481.2300000004,365099.63266666664,1122277.68,35.34,102434.88
2024,3,March,East & Central India,Omnichannel Fulfillment Hub,Apparel & Fashion,81,268.0,9287977.289999997,907545.2483333331,3360906.470000001,36.19,114666.39
2024,7,July,North East India,High-Street Retail,Groceries & Pantry,42,138.0,2453081.2000000007,382048.87700000004,776080.2299999997,31.64,58406.7
2024,2,February,South India,Flagship Mega Mart,Apparel & Fashion,16,63.0,2154268.09,201705.25100000002,860888.5799999998,39.96,134641.76
2024,12,December,South India,Flagship Mega Mart,Electronics & Gadgets,17,55.0,2192759.5999999996,306889.77133333334,700861.2899999999,31.96,128985.86
2024,11,November,East & Central India,High-Street Retail,Electronics & Gadgets,32,108.0,3591156.6900000004,253228.71600000004,1295471.1999999997,36.07,112223.65
2024,11,November,East & Central India,Omnichannel Fulfillment Hub,Apparel & Fashion,74,239.0,9297384.099999998,830234.5749999998,3583745.349999999,38.55,125640.33
2024,12,December,North East India,Omnichannel Fulfillment Hub,Home & Living,18,49.0,1442648.4600000002,140855.319,467751.2899999999,32.42,80147.14
2024,11,November,South India,Express City Outlet,Home & Living,15,54.0,1561468.2599999995,234988.10266666667,437449.29000000004,28.02,104097.88
2024,10,October,East & Central India,Omnichannel Fulfillment Hub,Beauty & Personal Care,71,225.0,5830372.119999999,741236.0006666664,1770901.48,30.37,82117.92
2024,8,August,South India,Flagship Mega Mart,Beauty & Personal Care,21,58.0,1635322.35,109130.04600000003,544459.91,33.29,77872.49
2024,9,September,West India,Flagship Mega Mart,Groceries & Pantry,75,236.0,6155418.750000002,663725.0863333329,2277523.1900000004,37.0,82072.25
2024,1,January,North East India,High-Street Retail,Groceries & Pantry,35,112.0,2267939.3099999996,353691.3126666667,750343.1700000003,33.08,64798.27
2024,8,August,North India,High-Street Retail,Electronics & Gadgets,20,63.0,2217597.1300000004,206386.94166666665,777287.5900000001,35.05,110879.86
2024,9,September,East & Central India,Flagship Mega Mart,Home & Living,36,122.0,3642016.94,484828.1738333334,1150189.2299999997,31.58,101167.14
2024,6,June,East & Central India,Flagship Mega Mart,Groceries & Pantry,36,116.0,2851256.9399999995,330917.4303333334,1027210.03,36.03,79201.58
2024,9,September,East & Central India,Express City Outlet,Beauty & Personal Care,18,60.0,2004017.39,160144.22383333332,673528.2400000001,33.61,111334.3
2024,11,November,North East India,High-Street Retail,Apparel & Fashion,31,103.0,3732016.3199999994,458053.347,1330926.83,35.66,120387.62
2024,6,June,North East India,High-Street Retail,Apparel & Fashion,31,89.0,3445729.7600000007,310986.2466666668,1266538.1400000001,36.76,111152.57
2024,8,August,West India,Flagship Mega Mart,Home & Living,65,244.0,7687502.02,814896.8833333333,2624535.3400000012,34.14,118269.26
2024,2,February,North East India,High-Street Retail,Home & Living,36,110.0,3160953.9699999993,363961.97633333335,1027230.45,32.5,87804.28
2024,9,September,West India,High-Street Retail,Beauty & Personal Care,9,26.0,800629.24,154937.36849999998,258175.57,32.25,88958.8
2024,7,July,North India,High-Street Retail,Apparel & Fashion,22,69.0,2256291.6999999997,253818.38599999997,891596.79,39.52,102558.71
2024,12,December,East & Central India,Express City Outlet,Home & Living,18,76.0,2336116.5400000005,208491.2093333333,707689.5400000002,30.29,129784.25
2024,4,April,West India,Express City Outlet,Home & Living,25,86.0,2752240.1799999997,251811.33800000005,869588.66,31.6,110089.61
2024,12,December,East & Central India,Flagship Mega Mart,Electronics & Gadgets,44,162.0,5120286.83,513657.26433333335,1793855.3000000005,35.03,116370.16
2024,9,September,South India,Omnichannel Fulfillment Hub,Groceries & Pantry,38,125.0,2792406.7699999996,413871.4314999999,920464.37,32.96,73484.39
2024,8,August,North East India,High-Street Retail,Apparel & Fashion,39,130.0,3429773.579999999,437488.1756666666,1235271.4100000004,36.02,87942.91
2024,1,January,North India,Flagship Mega Mart,Electronics & Gadgets,20,68.0,2318314.6500000004,217482.93066666665,763722.6300000001,32.94,115915.73
2024,10,October,South India,Flagship Mega Mart,Apparel & Fashion,21,62.0,1939558.21,178214.5656666667,770972.6699999999,39.75,92359.91
2024,5,May,East & Central India,Flagship Mega Mart,Beauty & Personal Care,27,97.0,3229599.94,341372.72366666666,1077059.9100000001,33.35,119614.81
2024,12,December,South India,Omnichannel Fulfillment Hub,Groceries & Pantry,34,106.0,2459792.27,294383.8556666666,863062.2699999999,35.09,72346.83
2024,7,July,West India,High-Street Retail,Electronics & Gadgets,17,50.0,1262686.9100000001,205499.29299999998,365510.7800000001,28.95,74275.7
2024,11,November,West India,Flagship Mega Mart,Groceries & Pantry,61,170.0,3489057.229999999,450405.5330000001,1241915.3399999999,35.59,57197.66
2024,2,February,East & Central India,Omnichannel Fulfillment Hub,Beauty & Personal Care,74,216.0,5997799.55,774485.3495,1855111.5400000005,30.93,81051.35
2024,9,September,North East India,High-Street Retail,Home & Living,31,127.0,3873972.3499999996,436852.18916666677,1295263.5299999998,33.44,124966.85
2024,1,January,North India,Omnichannel Fulfillment Hub,Beauty & Personal Care,12,44.0,1381295.8999999997,165513.8351666667,416632.24000000005,30.16,115107.99
2024,9,September,North India,High-Street Retail,Apparel & Fashion,19,78.0,2940587.4600000004,177147.3286666667,1239770.46,42.16,154767.76
2024,8,August,South India,Express City Outlet,Apparel & Fashion,17,53.0,1873436.7599999998,114547.01000000001,723981.7299999999,38.64,110202.16
2024,5,May,South India,Express City Outlet,Home & Living,16,41.0,1319982.78,234520.97650000002,413023.28,31.29,82498.92
2024,8,August,North India,Omnichannel Fulfillment Hub,Home & Living,23,69.0,1735501.97,197988.1816666667,562819.4499999998,32.43,75456.61
2024,10,October,North East India,High-Street Retail,Beauty & Personal Care,32,121.0,3179695.3499999987,489363.2369999999,945000.8100000003,29.72,99365.48
2024,7,July,South India,Omnichannel Fulfillment Hub,Electronics & Gadgets,32,115.0,3043516.75,343361.54983333335,1070948.8599999999,35.19,95109.9
2024,11,November,North India,Flagship Mega Mart,Groceries & Pantry,16,44.0,912554.59,101875.8755,348350.77,38.17,57034.66
2024,8,August,West India,Express City Outlet,Groceries & Pantry,19,68.0,1314453.14,236172.23700000002,443174.9799999999,33.72,69181.74
2024,5,May,North East India,High-Street Retail,Beauty & Personal Care,19,60.0,1821017.0200000003,225584.65366666665,579457.2000000001,31.82,95843.0
2024,10,October,East & Central India,Express City Outlet,Electronics & Gadgets,16,67.0,2327816.19,202708.52366666668,827089.2400000001,35.53,145488.51
2024,3,March,South India,Express City Outlet,Groceries & Pantry,22,71.0,1712083.5200000003,251053.26983333335,552352.66,32.26,77821.98
2024,6,June,West India,Flagship Mega Mart,Home & Living,63,190.0,5555299.16,808957.1186666667,1633216.5,29.4,88179.35
2024,12,December,South India,Express City Outlet,Home & Living,18,50.0,2066120.2100000002,145192.17916666667,768208.2499999999,37.18,114784.46
2024,10,October,South India,Omnichannel Fulfillment Hub,Apparel & Fashion,40,124.0,4438885.129999999,562903.0898333334,1568593.5299999998,35.34,110972.13
2024,4,April,East & Central India,Omnichannel Fulfillment Hub,Beauty & Personal Care,75,229.0,6656427.470000001,844818.2570000003,2172639.6100000003,32.64,88752.37
2024,10,October,North East India,High-Street Retail,Groceries & Pantry,34,108.0,2480690.3300000005,382622.1986666667,847687.1499999997,34.17,72961.48
2024,11,November,South India,Omnichannel Fulfillment Hub,Apparel & Fashion,37,126.0,4763473.12,585556.2909999997,1727964.8800000004,36.28,128742.52
2024,4,April,South India,Omnichannel Fulfillment Hub,Apparel & Fashion,39,119.0,4675212.02,312428.73416666663,1924801.03,41.17,119877.23
2024,1,January,East & Central India,Omnichannel Fulfillment Hub,Home & Living,88,292.0,9240648.81,911665.5863333327,3065912.5599999996,33.18,105007.37
2024,2,February,East & Central India,Omnichannel Fulfillment Hub,Groceries & Pantry,76,237.0,5259870.129999999,658564.9865000001,1941597.1100000015,36.91,69208.82
2024,2,February,East & Central India,Flagship Mega Mart,Electronics & Gadgets,40,130.0,4089091.54,481350.48900000006,1358536.7300000004,33.22,102227.29
2024,3,March,North India,Omnichannel Fulfillment Hub,Home & Living,17,61.0,1807094.0399999998,241191.24533333333,465292.82999999996,25.75,106299.65
2024,3,March,South India,Express City Outlet,Beauty & Personal Care,16,41.0,1336724.71,102824.52333333333,517372.38,38.7,83545.29
2024,11,November,North India,Flagship Mega Mart,Beauty & Personal Care,20,75.0,2299821.1299999994,263295.04483333335,881265.1900000002,38.32,114991.06
2024,8,August,South India,Flagship Mega Mart,Groceries & Pantry,23,73.0,1762291.5200000003,162159.144,646245.62,36.67,76621.37
2024,11,November,East & Central India,Express City Outlet,Electronics & Gadgets,21,71.0,2661632.149999999,250905.21966666673,964742.3899999998,36.25,126744.39
2024,5,May,East & Central India,Flagship Mega Mart,Groceries & Pantry,39,138.0,2900306.45,373060.055,1065839.0799999998,36.75,74366.83
2024,4,April,East & Central India,High-Street Retail,Electronics & Gadgets,28,92.0,3426811.9200000004,375755.8666666667,1154530.7100000002,33.69,122386.14
2024,4,April,East & Central India,Express City Outlet,Groceries & Pantry,15,52.0,1099781.8499999999,154979.55599999995,397247.6799999998,36.12,73318.79
2024,6,June,East & Central India,Flagship Mega Mart,Beauty & Personal Care,23,70.0,2675777.42,240505.72233333334,902978.6400000001,33.75,116338.15
2024,10,October,East & Central India,Omnichannel Fulfillment Hub,Groceries & Pantry,84,264.0,6001407.399999999,897222.2036666665,2056766.1999999997,34.27,71445.33
2024,5,May,North East India,High-Street Retail,Groceries & Pantry,38,118.0,3256226.5500000003,332983.1703333333,1249271.1400000001,38.37,85690.17
2024,1,January,West India,High-Street Retail,Home & Living,22,77.0,2257214.87,237098.69666666668,767541.1699999998,34.0,102600.68
2024,4,April,South India,Flagship Mega Mart,Electronics & Gadgets,14,39.0,1233831.51,190148.3231666666,396484.55,32.13,88130.82
2024,7,July,West India,Express City Outlet,Apparel & Fashion,15,40.0,1436782.01,164596.736,438838.29,30.54,95785.47
2024,11,November,North India,Omnichannel Fulfillment Hub,Apparel & Fashion,16,48.0,1750921.7799999998,142309.24816666666,709901.4199999999,40.54,109432.61
2024,7,July,North East India,High-Street Retail,Beauty & Personal Care,36,123.0,4246887.26,367037.8366666666,1464526.0700000005,34.48,117969.09
2024,10,October,East & Central India,High-Street Retail,Apparel & Fashion,30,83.0,2458743.85,192208.36399999997,899199.0899999999,36.57,81958.13
2024,6,June,East & Central India,High-Street Retail,Home & Living,30,93.0,2340765.7200000007,307413.63949999993,695988.08,29.73,78025.52
2024,9,September,West India,High-Street Retail,Groceries & Pantry,13,41.0,1038100.9799999997,110847.49133333332,401689.11,38.69,79853.92
2024,3,March,North East India,High-Street Retail,Home & Living,29,102.0,2848752.4199999995,305107.5393333333,936148.6699999999,32.86,98232.84
2024,9,September,West India,Flagship Mega Mart,Beauty & Personal Care,66,178.0,5243977.32,682581.5228333334,1758665.2799999998,33.54,79454.2
2024,12,December,East & Central India,Omnichannel Fulfillment Hub,Apparel & Fashion,83,249.0,7904999.040000001,1014991.8368333331,2830868.3400000003,35.81,95240.95
2024,9,September,South India,Express City Outlet,Home & Living,27,82.0,2503041.8400000003,217999.7928333333,788421.61,31.5,92705.25
2024,4,April,North India,High-Street Retail,Home & Living,11,33.0,1358774.34,84291.34266666666,486654.86,35.82,123524.94
2024,2,February,East & Central India,High-Street Retail,Home & Living,44,152.0,4460843.630000001,597072.4135,1467908.6399999997,32.91,101382.81
2024,11,November,West India,Flagship Mega Mart,Beauty & Personal Care,59,181.0,5833773.619999998,545717.957166667,1844543.7799999996,31.62,98877.52
2024,7,July,North East India,Omnichannel Fulfillment Hub,Electronics & Gadgets,24,70.0,2267271.6099999994,258433.25,749082.2999999999,33.04,94469.65
2024,2,February,West India,Express City Outlet,Apparel & Fashion,24,81.0,2505113.1500000004,319800.77900000004,887372.5499999999,35.42,104379.71
2024,12,December,South India,Omnichannel Fulfillment Hub,Beauty & Personal Care,28,77.0,2417022.06,385939.9545000001,772727.8400000001,31.97,86322.22
2024,1,January,North East India,High-Street Retail,Beauty & Personal Care,35,106.0,3408758.1,356076.0301666668,1231868.75,36.14,97393.09
2024,1,January,North India,Omnichannel Fulfillment Hub,Groceries & Pantry,18,59.0,1032916.2300000001,231628.77683333337,366762.2599999999,35.51,57384.24
2024,9,September,South India,Omnichannel Fulfillment Hub,Beauty & Personal Care,33,102.0,3379199.75,417118.7848333334,1120915.39,33.17,102399.99
2024,3,March,West India,High-Street Retail,Groceries & Pantry,14,39.0,834101.9099999999,140217.1995,257759.56,30.9,59578.71
2024,8,August,West India,Express City Outlet,Beauty & Personal Care,22,61.0,1969250.8800000001,205954.41100000002,653252.7199999999,33.17,89511.4
2024,1,January,West India,Express City Outlet,Home & Living,9,28.0,865023.15,86739.42316666667,276178.15,31.93,96113.68
2024,5,May,South India,Flagship Mega Mart,Apparel & Fashion,13,47.0,1634419.8800000001,139296.59833333333,621383.53,38.02,125724.61
2024,11,November,South India,Flagship Mega Mart,Electronics & Gadgets,19,65.0,2536981.45,302794.10750000004,874422.41,34.47,133525.34
2024,6,June,West India,Express City Outlet,Apparel & Fashion,15,62.0,2458824.6399999997,191728.74500000002,894597.9499999998,36.38,163921.64
2024,9,September,East & Central India,Express City Outlet,Groceries & Pantry,23,58.0,1229379.2999999998,183652.37383333335,388444.99999999994,31.6,53451.27
2024,3,March,North India,Flagship Mega Mart,Home & Living,9,44.0,1046303.04,128883.43950000001,402390.95,38.46,116255.89
2024,2,February,South India,Omnichannel Fulfillment Hub,Electronics & Gadgets,46,134.0,4328864.1400000015,413916.03316666663,1476898.0900000005,34.12,94105.74
2024,2,February,North East India,Omnichannel Fulfillment Hub,Electronics & Gadgets,20,53.0,1935884.8300000003,164650.47833333333,679812.3600000001,35.12,96794.24
2024,5,May,West India,High-Street Retail,Apparel & Fashion,16,56.0,1773586.84,222098.18616666665,577890.26,32.58,110849.18
2024,3,March,West India,Express City Outlet,Electronics & Gadgets,22,85.0,2668078.28,406224.64433333336,803966.2499999999,30.13,121276.29
2024,9,September,North India,Flagship Mega Mart,Electronics & Gadgets,18,69.0,2193664.8,294963.9305,829479.52,37.81,121870.27
2024,8,August,North India,Flagship Mega Mart,Home & Living,20,69.0,1910701.01,196168.0956666666,570081.35,29.84,95535.05
2024,1,January,East & Central India,High-Street Retail,Apparel & Fashion,33,119.0,4942166.670000001,514286.18299999996,1837454.9599999997,37.18,149762.63
2024,3,March,West India,Flagship Mega Mart,Apparel & Fashion,74,254.0,8894594.459999999,710648.2876666668,3364719.3600000003,37.83,120197.22
2024,9,September,East & Central India,Omnichannel Fulfillment Hub,Electronics & Gadgets,65,233.0,7861723.19,851767.5036666667,2652762.7899999977,33.74,120949.59
2024,4,April,North East India,High-Street Retail,Groceries & Pantry,33,110.0,2244725.14,330016.37700000004,714004.05,31.81,68021.97
2024,6,June,East & Central India,Omnichannel Fulfillment Hub,Groceries & Pantry,65,215.0,5581528.2200000025,775136.1793333334,2022189.2999999998,36.23,85869.66
2024,7,July,West India,Flagship Mega Mart,Groceries & Pantry,81,264.0,6216443.800000001,809143.5908333333,2039962.8499999999,32.82,76746.22
2024,12,December,North East India,High-Street Retail,Groceries & Pantry,37,115.0,3036594.8,399838.3808333333,1062469.3299999998,34.99,82070.13
2024,12,December,West India,Express City Outlet,Groceries & Pantry,14,37.0,626969.8300000001,179300.61183333327,95492.6,15.23,44783.56
2024,6,June,North East India,Omnichannel Fulfillment Hub,Beauty & Personal Care,21,76.0,2516680.21,338285.05316666665,820062.85,32.59,119841.91
2024,12,December,East & Central India,High-Street Retail,Home & Living,51,164.0,5435510.909999999,603309.2039999997,1856496.8599999999,34.15,106578.65
2024,6,June,West India,High-Street Retail,Beauty & Personal Care,18,49.0,1413741.9500000002,125805.141,518880.24000000005,36.7,78541.22
2024,10,October,West India,Flagship Mega Mart,Beauty & Personal Care,57,165.0,5283951.210000003,613331.9556666666,1768059.2300000004,33.46,92700.9
2024,10,October,North India,Omnichannel Fulfillment Hub,Apparel & Fashion,20,54.0,1828668.69,155601.493,741500.5599999998,40.55,91433.43
2024,1,January,North East India,Omnichannel Fulfillment Hub,Beauty & Personal Care,7,29.0,664471.3899999999,93469.83499999999,214217.77,32.24,94924.48
2024,10,October,West India,Express City Outlet,Electronics & Gadgets,18,74.0,2738089.9,239157.74116666662,955077.03,34.88,152116.11
2024,4,April,North East India,Omnichannel Fulfillment Hub,Home & Living,12,35.0,668566.63,84866.46666666666,207510.01,31.04,55713.89
2024,7,July,South India,Express City Outlet,Groceries & Pantry,20,60.0,1145289.22,211261.5111666667,362086.79,31.62,57264.46
2024,5,May,East & Central India,High-Street Retail,Groceries & Pantry,43,156.0,3365791.900000001,511620.7036666666,1202114.1099999996,35.72,78274.23
2024,11,November,West India,Express City Outlet,Electronics & Gadgets,25,97.0,3133764.8199999994,357884.9678333334,1048745.0899999996,33.47,125350.59
2024,5,May,South India,Omnichannel Fulfillment Hub,Beauty & Personal Care,29,87.0,2915596.39,333837.35966666654,907079.7700000001,31.11,100537.81
2024,4,April,West India,Flagship Mega Mart,Electronics & Gadgets,60,185.0,7266360.779999999,713685.4586666668,2550389.47,35.1,121106.01
2024,5,May,East & Central India,Omnichannel Fulfillment Hub,Beauty & Personal Care,51,176.0,5491325.209999999,609015.9133333331,1711974.11,31.18,107673.04
2024,7,July,South India,Flagship Mega Mart,Electronics & Gadgets,24,84.0,3037306.04,316987.918,1054185.48,34.71,126554.42
2024,12,December,North India,Omnichannel Fulfillment Hub,Apparel & Fashion,23,79.0,3247907.1,255158.73266666668,1257851.89,38.73,141213.35
2024,2,February,West India,High-Street Retail,Home & Living,24,72.0,2177419.5700000008,295589.7486666666,673122.1700000002,30.91,90725.82
2024,3,March,East & Central India,Express City Outlet,Electronics & Gadgets,28,77.0,1864509.92,229729.14800000002,669698.0500000002,35.92,66589.64
2024,4,April,West India,High-Street Retail,Groceries & Pantry,20,62.0,1270105.4899999998,192860.0085,393930.54999999993,31.02,63505.27
2024,8,August,North East India,Omnichannel Fulfillment Hub,Electronics & Gadgets,13,41.0,1677398.2600000002,164586.142,606807.37,36.18,129030.64
2024,2,February,North India,Omnichannel Fulfillment Hub,Apparel & Fashion,17,66.0,1710312.5000000002,297204.87216666667,625890.02,36.6,100606.62
2024,10,October,North East India,Omnichannel Fulfillment Hub,Electronics & Gadgets,20,54.0,1725597.36,185206.11816666665,618998.93,35.87,86279.87
2024,10,October,South India,Express City Outlet,Beauty & Personal Care,16,44.0,1304546.7900000003,118029.18483333333,524579.9,40.21,81534.17
2024,3,March,South India,Omnichannel Fulfillment Hub,Groceries & Pantry,35,125.0,3427425.9400000004,343799.8804999998,1185809.7099999993,34.6,97926.46
2024,6,June,South India,Omnichannel Fulfillment Hub,Beauty & Personal Care,29,95.0,2785248.83,215281.71766666663,901176.2600000001,32.36,96043.06
2024,1,January,East & Central India,Flagship Mega Mart,Groceries & Pantry,41,118.0,2484575.21,302953.18933333334,880159.1100000003,35.42,60599.4
2024,7,July,East & Central India,Flagship Mega Mart,Home & Living,35,96.0,2438957.84,406945.9581666668,665418.03,27.28,69684.51
2024,1,January,East & Central India,Express City Outlet,Home & Living,11,31.0,1007674.15,111722.21566666666,334041.79,33.15,91606.74
2024,3,March,East & Central India,High-Street Retail,Home & Living,31,100.0,2662955.44,328613.9276666666,770792.7300000001,28.95,85901.79
2024,10,October,East & Central India,Flagship Mega Mart,Electronics & Gadgets,32,82.0,2947594.519999999,371372.49616666674,997323.8800000002,33.84,92112.33
2024,11,November,West India,High-Street Retail,Apparel & Fashion,16,63.0,2078680.6599999995,261795.5078333333,814098.1699999999,39.16,129917.54
2024,5,May,West India,Express City Outlet,Apparel & Fashion,20,76.0,2707626.5199999996,295637.10599999997,1013803.9099999998,37.44,135381.33
2024,5,May,North India,Omnichannel Fulfillment Hub,Groceries & Pantry,16,53.0,966269.6400000001,164515.54333333336,312820.84,32.37,60391.85
2024,8,August,East & Central India,Express City Outlet,Beauty & Personal Care,14,45.0,1280923.42,174225.6751666667,435481.70999999996,34.0,91494.53
2024,3,March,North India,High-Street Retail,Beauty & Personal Care,9,33.0,677542.01,73560.90816666668,231729.69,34.2,75282.45
2024,4,April,East & Central India,Flagship Mega Mart,Electronics & Gadgets,29,105.0,3442731.9300000006,306620.6073333333,1281867.0400000003,37.23,118714.89
2024,10,October,West India,High-Street Retail,Apparel & Fashion,16,60.0,2296295.9899999998,210500.94733333332,818733.59,35.65,143518.5
2024,5,May,North India,Flagship Mega Mart,Groceries & Pantry,22,82.0,1579535.91,263464.2558333333,569264.6399999999,36.04,71797.09
2024,12,December,West India,High-Street Retail,Electronics & Gadgets,19,68.0,2755436.9399999995,344790.2743333333,1040935.19,37.78,145023.0
2024,11,November,East & Central India,Flagship Mega Mart,Apparel & Fashion,35,115.0,4185325.23,523356.0159999999,1523194.4600000002,36.39,119580.72
2024,5,May,East & Central India,Express City Outlet,Groceries & Pantry,19,63.0,1118852.9499999997,202046.1898333334,354407.43000000005,31.68,58887.0
2024,7,July,East & Central India,Express City Outlet,Beauty & Personal Care,8,22.0,648504.58,57368.78050000001,234872.72,36.22,81063.07
2024,8,August,East & Central India,High-Street Retail,Home & Living,42,148.0,4727374.850000001,553022.7034999998,1563817.16,33.08,112556.54
2024,10,October,North India,High-Street Retail,Apparel & Fashion,9,35.0,940698.14,67517.0385,321444.05000000005,34.17,104522.02
2024,4,April,North India,Flagship Mega Mart,Apparel & Fashion,21,70.0,2126008.8099999996,227830.32516666668,783518.48,36.85,101238.51
2024,7,July,North India,Flagship Mega Mart,Groceries & Pantry,18,49.0,1424383.05,174767.54433333332,445406.63,31.27,79132.39
2024,9,September,North India,Omnichannel Fulfillment Hub,Apparel & Fashion,16,53.0,1504577.8099999996,201407.60383333333,457161.2900000001,30.38,94036.11
2024,1,January,North India,High-Street Retail,Apparel & Fashion,15,67.0,2627389.22,161597.90866666666,1081784.0100000002,41.17,175159.28
2024,2,February,North India,High-Street Retail,Electronics & Gadgets,18,65.0,2531572.1399999997,194669.73100000003,980104.56,38.72,140642.9
2024,5,May,North East India,Omnichannel Fulfillment Hub,Apparel & Fashion,17,56.0,1426809.4300000004,129484.27066666665,531223.1599999998,37.23,83929.97
2024,3,March,South India,Flagship Mega Mart,Home & Living,13,45.0,1540844.79,158574.06716666665,535493.5499999999,34.75,118526.52
2024,11,November,North India,High-Street Retail,Beauty & Personal Care,8,37.0,1117694.1600000001,186229.5996666667,301973.4599999999,27.02,139711.77
2024,3,March,North East India,Omnichannel Fulfillment Hub,Apparel & Fashion,16,44.0,1687815.8900000001,154556.643,560539.75,33.21,105488.49
2024,4,April,South India,Express City Outlet,Groceries & Pantry,18,41.0,749465.32,163362.25766666667,222311.81,29.66,41636.96
2024,9,September,East & Central India,High-Street Retail,Home & Living,43,143.0,3897359.6999999997,462739.36983333353,1321457.2499999998,33.91,90636.27
2024,5,May,North India,High-Street Retail,Apparel & Fashion,16,58.0,1741919.8,141836.76116666666,637505.7000000001,36.6,108869.99
2024,2,February,South India,Flagship Mega Mart,Home & Living,18,54.0,1840915.4300000002,218542.50250000003,614110.4800000001,33.36,102273.08
2024,6,June,South India,Omnichannel Fulfillment Hub,Electronics & Gadgets,37,95.0,3324291.1699999995,275057.03466666664,1162989.45,34.98,89845.71
2024,9,September,East & Central India,Omnichannel Fulfillment Hub,Beauty & Personal Care,55,194.0,6298109.930000003,776935.2755000002,2055033.5800000005,32.63,114511.09
2024,4,April,West India,Flagship Mega Mart,Beauty & Personal Care,59,204.0,6799713.420000002,647379.3006666668,2382100.34,35.03,115249.38
2024,12,December,East & Central India,Express City Outlet,Apparel & Fashion,17,65.0,2469134.4100000006,196060.739,934702.74,37.86,145243.2
2024,9,September,North East India,High-Street Retail,Apparel & Fashion,35,119.0,3583634.21,421443.52050000004,1231959.3500000003,34.38,102389.55
2024,5,May,East & Central India,Omnichannel Fulfillment Hub,Electronics & Gadgets,75,248.0,9788089.79,980643.9770000003,3371760.8699999987,34.45,130507.86
2024,12,December,North East India,Omnichannel Fulfillment Hub,Apparel & Fashion,12,42.0,1322896.5299999998,144666.82933333336,408701.04000000015,30.89,110241.38
2024,1,January,South India,Flagship Mega Mart,Groceries & Pantry,21,64.0,1185432.04,199281.91233333328,398713.66000000003,33.63,56449.14
2024,8,August,West India,Flagship Mega Mart,Apparel & Fashion,60,174.0,5411992.3999999985,730541.61,1835980.9899999998,33.92,90199.87
2024,8,August,North India,Omnichannel Fulfillment Hub,Apparel & Fashion,22,77.0,2690664.65,179236.6496666666,987594.6700000002,36.7,122302.94
2024,10,October,West India,Flagship Mega Mart,Electronics & Gadgets,62,223.0,8493686.870000001,736422.4943333332,3187179.3700000006,37.52,136994.95
2024,8,August,North East India,High-Street Retail,Home & Living,42,147.0,4183754.630000001,527726.3585000001,1210519.25,28.93,99613.21
2024,3,March,East & Central India,Express City Outlet,Beauty & Personal Care,22,72.0,2218206.95,139114.58033333335,780663.72,35.19,100827.59
2024,4,April,East & Central India,Flagship Mega Mart,Beauty & Personal Care,28,82.0,2440120.36,274730.68400000007,853209.9700000001,34.97,87147.16
2024,9,September,East & Central India,Flagship Mega Mart,Apparel & Fashion,36,141.0,4466864.7700000005,494968.6338333333,1602084.9,35.87,124079.58
2024,8,August,East & Central India,Flagship Mega Mart,Groceries & Pantry,39,127.0,3003088.909999999,426259.4496666667,995609.0099999998,33.15,77002.28
2024,11,November,East & Central India,Omnichannel Fulfillment Hub,Home & Living,87,284.0,8829725.050000004,922738.4001666667,3245578.5400000014,36.76,101491.09
2024,6,June,North East India,High-Street Retail,Home & Living,47,158.0,4982931.05,501663.2463333332,1833156.85,36.79,106019.81
2024,11,November,North East India,High-Street Retail,Home & Living,29,100.0,2478608.9999999995,338782.2888333334,779786.2899999999,31.46,85469.28
2024,10,October,South India,Flagship Mega Mart,Home & Living,16,53.0,1286177.6799999997,186681.16183333338,442507.7199999999,34.4,80386.1
2024,11,November,South India,Express City Outlet,Apparel & Fashion,15,57.0,2079664.4,247003.60166666668,803539.4299999999,38.64,138644.29
2024,6,June,South India,Express City Outlet,Apparel & Fashion,24,80.0,2514990.72,238246.9255,905448.7400000001,36.0,104791.28
2024,8,August,East & Central India,Express City Outlet,Electronics & Gadgets,20,62.0,2360632.4,239944.41183333335,844857.92,35.79,118031.62
2024,4,April,West India,Express City Outlet,Apparel & Fashion,16,65.0,2342457.2499999995,234730.05566666665,880824.8200000001,37.6,146403.58
2024,3,March,East & Central India,Omnichannel Fulfillment Hub,Home & Living,87,277.0,7691455.510000001,877390.8735000003,2467668.8699999996,32.08,88407.53
2024,12,December,West India,High-Street Retail,Beauty & Personal Care,19,61.0,1714192.8099999998,200885.19466666665,582067.8900000001,33.96,90220.67
2024,8,August,North East India,Omnichannel Fulfillment Hub,Beauty & Personal Care,18,57.0,1738526.55,153965.99283333332,597404.25,34.36,96584.81
2024,7,July,South India,Flagship Mega Mart,Beauty & Personal Care,22,73.0,1755364.14,188124.87316666666,509632.96,29.03,79789.28
2024,10,October,North East India,Omnichannel Fulfillment Hub,Beauty & Personal Care,9,22.0,422936.78,78798.22016666667,119018.23999999999,28.14,46992.98
2024,5,May,South India,Omnichannel Fulfillment Hub,Electronics & Gadgets,36,128.0,4296803.0600000005,541835.549,1564890.5200000005,36.42,119355.64
2024,10,October,East & Central India,Flagship Mega Mart,Beauty & Personal Care,24,71.0,1933734.4700000002,179611.37849999996,631394.8800000002,32.65,80572.27
2024,5,May,South India,Express City Outlet,Apparel & Fashion,18,71.0,2533007.81,241811.96183333336,1018353.41,40.2,140722.66
2024,2,February,East & Central India,Express City Outlet,Groceries & Pantry,13,40.0,1073476.31,137942.46866666668,403481.50000000006,37.59,82575.1
2024,9,September,North India,High-Street Retail,Home & Living,18,49.0,1282843.98,146982.858,416702.42000000004,32.48,71269.11
2024,3,March,North India,High-Street Retail,Electronics & Gadgets,19,58.0,1552503.25,217741.49499999994,479986.2,30.92,81710.7
2024,6,June,North East India,Omnichannel Fulfillment Hub,Electronics & Gadgets,19,75.0,2224460.53,366852.169,738179.3599999999,33.18,117076.87
2024,1,January,North East India,Omnichannel Fulfillment Hub,Electronics & Gadgets,8,35.0,1291714.1800000002,128668.73300000001,519173.62000000005,40.19,161464.27
2024,7,July,East & Central India,Express City Outlet,Electronics & Gadgets,22,76.0,3212540.6299999994,322810.9965,1101524.4500000002,34.29,146024.57
2024,11,November,North India,High-Street Retail,Electronics & Gadgets,15,46.0,1860469.3800000001,129241.92083333334,641208.0,34.46,124031.29
2024,6,June,West India,High-Street Retail,Electronics & Gadgets,13,44.0,1388713.41,152605.77216666666,532620.1100000001,38.35,106824.11
2024,6,June,North India,Omnichannel Fulfillment Hub,Groceries & Pantry,18,51.0,969751.4800000001,175935.67216666666,304962.67,31.45,53875.08
2024,7,July,North India,High-Street Retail,Home & Living,12,42.0,1712178.5,86972.96900000001,479232.95999999996,27.99,142681.54
2024,2,February,North India,Flagship Mega Mart,Groceries & Pantry,23,81.0,1722177.5899999999,244691.4263333333,612562.0,35.57,74877.29
2024,10,October,West India,Express City Outlet,Beauty & Personal Care,8,22.0,839163.03,100437.8355,292120.41000000003,34.81,104895.38
2024,10,October,South India,Express City Outlet,Electronics & Gadgets,16,48.0,1728262.0900000003,138185.1818333333,603383.09,34.91,108016.38
2024,2,February,North East India,High-Street Retail,Apparel & Fashion,44,137.0,4816445.100000001,409136.7328333335,1897965.6599999997,39.41,109464.66
2024,11,November,West India,Express City Outlet,Beauty & Personal Care,18,68.0,2097517.95,196405.7863333333,702491.24,33.49,116528.78
2024,8,August,South India,Express City Outlet,Home & Living,7,17.0,506666.33999999997,52144.493,170979.82,33.75,72380.91
2024,9,September,West India,Express City Outlet,Groceries & Pantry,13,49.0,783109.4099999999,80618.83933333334,261822.07,33.43,60239.19
2024,2,February,North India,High-Street Retail,Beauty & Personal Care,11,38.0,1351059.6400000001,154554.65500000003,441932.74000000005,32.71,122823.6
2024,2,February,East & Central India,High-Street Retail,Electronics & Gadgets,47,140.0,4369931.550000001,555616.3263333332,1383603.51,31.66,92977.27
2024,9,September,North India,Omnichannel Fulfillment Hub,Groceries & Pantry,20,64.0,1416385.6600000001,197336.21050000002,470997.19999999995,33.25,70819.28
2024,6,June,East & Central India,Omnichannel Fulfillment Hub,Apparel & Fashion,69,239.0,8174157.200000003,848550.6718333334,2947362.4400000004,36.06,118466.05
2024,2,February,South India,Omnichannel Fulfillment Hub,Home & Living,32,95.0,3463228.55,380386.7876666666,1014882.7300000002,29.3,108225.89
2024,1,January,East & Central India,High-Street Retail,Groceries & Pantry,30,110.0,2360022.22,313345.01399999997,802269.95,33.99,78667.41
2024,2,February,West India,Flagship Mega Mart,Beauty & Personal Care,56,176.0,5157272.88,524504.7528333332,1717074.53,33.29,92094.16
2024,3,March,West India,Flagship Mega Mart,Groceries & Pantry,69,232.0,4476065.9300000025,736367.8461666673,1364187.9699999997,30.48,64870.52
2024,10,October,North India,Flagship Mega Mart,Beauty & Personal Care,14,37.0,961696.8099999999,104482.34133333333,290614.24,30.22,68692.63
2024,4,April,North India,High-Street Retail,Electronics & Gadgets,17,45.0,1767083.8299999998,132944.8825,661769.3899999999,37.45,103946.11
2024,7,July,West India,Flagship Mega Mart,Apparel & Fashion,77,246.0,8375359.64,800541.1939999997,3246588.44,38.76,108770.9
2024,2,February,East & Central India,Flagship Mega Mart,Home & Living,47,161.0,4500929.999999998,466041.79933333327,1414610.47,31.43,95764.47
2024,4,April,South India,Flagship Mega Mart,Home & Living,13,46.0,1219319.1799999997,151647.87533333333,406834.27,33.37,93793.78
2024,3,March,North India,Omnichannel Fulfillment Hub,Electronics & Gadgets,18,86.0,2895191.77,251910.67150000005,1032337.9999999999,35.66,160843.99
2024,1,January,East & Central India,Omnichannel Fulfillment Hub,Electronics & Gadgets,86,245.0,9498852.700000001,913193.0608333332,3511598.51,36.97,110451.78
2024,12,December,North East India,High-Street Retail,Apparel & Fashion,36,116.0,3240474.7700000005,418660.95099999994,1135237.6600000001,35.03,90013.19
2024,12,December,West India,Express City Outlet,Apparel & Fashion,13,47.0,1937044.96,214188.91700000002,761805.56,39.33,149003.46
2024,9,September,North India,Flagship Mega Mart,Home & Living,19,62.0,2259975.43,238036.9368333333,784905.4600000001,34.73,118946.08
2024,1,January,West India,Flagship Mega Mart,Beauty & Personal Care,76,231.0,8413133.809999999,636880.7776666665,3157211.540000002,37.53,110699.13
2024,4,April,East & Central India,High-Street Retail,Home & Living,32,97.0,2608818.45,428778.42583333334,804454.1199999999,30.84,81525.58
2024,7,July,East & Central India,Omnichannel Fulfillment Hub,Beauty & Personal Care,71,223.0,7434987.859999999,756183.7558333335,2515281.0400000005,33.83,104718.14
2024,6,June,West India,Flagship Mega Mart,Electronics & Gadgets,56,190.0,7078424.850000001,816026.0111666666,2445718.9900000007,34.55,126400.44
2024,5,May,East & Central India,High-Street Retail,Apparel & Fashion,49,165.0,6028743.770000003,811122.3466666666,1901668.5699999994,31.54,123035.59
2024,11,November,West India,High-Street Retail,Groceries & Pantry,16,42.0,732654.04,192954.068,228462.89,31.18,45790.88
2024,1,January,North India,High-Street Retail,Groceries & Pantry,18,66.0,1867593.9000000004,166695.39250000002,745906.5700000001,39.94,103755.22
2024,1,January,West India,High-Street Retail,Electronics & Gadgets,19,69.0,2286918.63,214744.73183333335,774270.9000000001,33.86,120364.14
2024,12,December,South India,Express City Outlet,Electronics & Gadgets,20,56.0,2076652.0800000005,168640.1645,659381.98,31.75,103832.6
2024,3,March,North East India,Omnichannel Fulfillment Hub,Groceries & Pantry,21,72.0,1564267.5799999998,207433.73833333337,547658.95,35.01,74488.93
2024,3,March,North India,Flagship Mega Mart,Electronics & Gadgets,15,59.0,2107944.77,191621.1555,784458.8300000002,37.21,140529.65
2024,6,June,East & Central India,High-Street Retail,Electronics & Gadgets,30,104.0,3553561.1199999987,279101.049,1275747.2499999998,35.9,118452.04
2024,11,November,South India,Flagship Mega Mart,Home & Living,16,48.0,1450269.7000000002,179095.85733333338,482884.02,33.3,90641.86
2024,11,November,East & Central India,Flagship Mega Mart,Groceries & Pantry,33,119.0,2314562.9299999997,434248.0003333333,785597.14,33.94,70138.27
2024,3,March,North East India,High-Street Retail,Electronics & Gadgets,32,92.0,3498664.809999999,238713.43833333332,1298107.7799999996,37.1,109333.28
2024,12,December,North India,Omnichannel Fulfillment Hub,Groceries & Pantry,18,69.0,1749188.3699999996,219123.50800000003,621760.9899999999,35.55,97177.13
2024,2,February,North India,Omnichannel Fulfillment Hub,Groceries & Pantry,21,71.0,1765472.1199999999,264292.4866666667,669610.72,37.93,84070.1
2024,9,September,South India,Express City Outlet,Electronics & Gadgets,27,95.0,3426430.3,288244.3803333333,1284737.16,37.49,126904.83
2024,4,April,North India,Omnichannel Fulfillment Hub,Beauty & Personal Care,10,38.0,1031176.1599999999,130947.02949999999,281560.41000000003,27.3,103117.62
2024,4,April,North India,Flagship Mega Mart,Groceries & Pantry,18,70.0,1354523.5100000002,118534.77216666665,454112.29999999993,33.53,75251.31
2024,1,January,East & Central India,Flagship Mega Mart,Apparel & Fashion,40,126.0,3672860.8800000004,418825.894,1297073.88,35.32,91821.52
2024,5,May,East & Central India,Express City Outlet,Apparel & Fashion,16,48.0,2028840.25,196948.06766666664,631529.41,31.13,126802.52
2024,2,February,South India,Express City Outlet,Beauty & Personal Care,14,47.0,1270858.64,124198.07749999998,424800.14,33.43,90775.62
2024,7,July,North East India,Omnichannel Fulfillment Hub,Home & Living,25,74.0,2103847.31,281532.09883333335,616468.07,29.3,84153.89
2024,7,July,North India,Omnichannel Fulfillment Hub,Beauty & Personal Care,13,35.0,705830.21,125323.91666666663,224105.4,31.75,54294.63
2024,10,October,North India,High-Street Retail,Groceries & Pantry,15,51.0,1187518.18,107441.93600000002,411968.46,34.69,79167.88
2024,7,July,South India,Express City Outlet,Apparel & Fashion,25,87.0,3468310.860000001,324431.9168333335,1194543.0600000003,34.44,138732.43
2024,4,April,West India,High-Street Retail,Apparel & Fashion,15,49.0,2140691.01,201649.40566666666,808780.6899999998,37.78,142712.73
2024,6,June,North India,High-Street Retail,Beauty & Personal Care,17,43.0,1048458.3800000001,151965.08899999998,339555.68000000005,32.39,61674.02
2024,7,July,North India,Flagship Mega Mart,Apparel & Fashion,17,48.0,1549151.1600000001,191438.43983333334,483959.66000000003,31.24,91126.54
2024,10,October,West India,High-Street Retail,Groceries & Pantry,24,86.0,1637014.55,290041.3888333334,481702.7100000001,29.43,68208.94
2024,6,June,North India,Flagship Mega Mart,Beauty & Personal Care,20,57.0,2061987.8799999997,191365.5448333333,651644.82,31.6,103099.39
2024,3,March,South India,Omnichannel Fulfillment Hub,Apparel & Fashion,37,140.0,4016014.440000001,335074.95099999994,1426315.5799999998,35.52,108540.93
2024,5,May,West India,Express City Outlet,Groceries & Pantry,16,69.0,1541449.7400000002,129761.26483333332,609807.7599999999,39.56,96340.61
2024,11,November,East & Central India,Express City Outlet,Home & Living,17,50.0,1665640.1799999997,168422.01933333333,595343.27,35.74,97978.83
2024,2,February,North East India,Omnichannel Fulfillment Hub,Home & Living,19,61.0,1650095.3400000003,146013.28833333333,533022.5999999999,32.3,86847.12
2024,9,September,South India,Flagship Mega Mart,Beauty & Personal Care,14,43.0,1218820.08,140260.89150000003,413618.24000000005,33.94,87058.58
2024,5,May,North India,Flagship Mega Mart,Apparel & Fashion,21,62.0,2128914.07,245231.1661666666,702688.2200000001,33.01,101376.86
2024,1,January,West India,Express City Outlet,Electronics & Gadgets,16,53.0,1279378.7400000002,121249.15483333336,454787.7,35.55,79961.17
2024,5,May,North India,Omnichannel Fulfillment Hub,Apparel & Fashion,13,45.0,960295.41,167410.92449999996,333554.31,34.73,73868.88
2024,3,March,West India,Express City Outlet,Home & Living,23,78.0,2679762.2799999993,267375.98033333337,869558.42,32.45,116511.4
2024,8,August,West India,High-Street Retail,Beauty & Personal Care,13,48.0,1622761.5799999996,120230.60833333332,610459.8500000001,37.62,124827.81
2024,5,May,North East India,Omnichannel Fulfillment Hub,Groceries & Pantry,14,59.0,1074897.4200000002,90627.23500000002,431941.03,40.18,76778.39
2024,4,April,North East India,High-Street Retail,Apparel & Fashion,32,112.0,3931559.919999998,310233.3371666666,1553237.8099999998,39.51,122861.25
2024,6,June,East & Central India,Express City Outlet,Beauty & Personal Care,22,71.0,2491255.2499999995,306222.7271666667,808932.3200000001,32.47,113238.87
2024,10,October,North India,Omnichannel Fulfillment Hub,Groceries & Pantry,13,64.0,1614008.86,129159.79466666665,578464.58,35.84,124154.53
2024,7,July,East & Central India,Omnichannel Fulfillment Hub,Apparel & Fashion,71,231.0,8626145.620000001,797098.1651666667,3297665.4000000004,38.23,121495.01
2024,6,June,South India,Flagship Mega Mart,Home & Living,18,60.0,1480510.8599999999,123072.28483333337,480024.82999999996,32.42,82250.6
2024,9,September,South India,Flagship Mega Mart,Apparel & Fashion,20,55.0,2170299.04,264517.2791666667,818630.93,37.72,108514.95
2024,5,May,West India,Flagship Mega Mart,Home & Living,51,175.0,5322028.360000002,426720.95366666676,1983153.5200000005,37.26,104353.5
2024,10,October,North India,Flagship Mega Mart,Apparel & Fashion,17,48.0,1853215.8700000003,173110.2206666667,698397.4500000001,37.69,109012.7
2024,8,August,East & Central India,Omnichannel Fulfillment Hub,Home & Living,78,271.0,9175114.539999995,811893.2001666666,3085315.6900000004,33.63,117629.67
2024,7,July,West India,Flagship Mega Mart,Beauty & Personal Care,67,228.0,6521199.779999999,786707.048833333,2133748.7399999993,32.72,97331.34
2024,1,January,North East India,Omnichannel Fulfillment Hub,Groceries & Pantry,7,29.0,518817.55,89363.679,150722.59,29.05,74116.79
2024,2,February,East & Central India,Express City Outlet,Electronics & Gadgets,16,48.0,1708944.7799999998,190930.67050000004,626016.3800000001,36.63,106809.05
2024,1,January,West India,Flagship Mega Mart,Apparel & Fashion,79,245.0,7445162.859999997,825460.5618333336,2632350.32,35.36,94242.57
2024,5,May,East & Central India,Omnichannel Fulfillment Hub,Groceries & Pantry,57,173.0,3656811.399999999,569164.1331666664,1166768.52,31.91,64154.59
2024,2,February,West India,Flagship Mega Mart,Apparel & Fashion,65,220.0,6888786.74,730708.1046666665,2413554.730000001,35.04,105981.33
2024,1,January,South India,Flagship Mega Mart,Electronics & Gadgets,17,43.0,1877694.6400000001,115015.94466666666,689015.7100000001,36.69,110452.63
2024,8,August,East & Central India,Flagship Mega Mart,Electronics & Gadgets,35,104.0,3897659.67,335388.70366666664,1383320.16,35.49,111361.7
2024,12,December,West India,Express City Outlet,Beauty & Personal Care,15,46.0,1672431.35,208081.157,624878.34,37.36,111495.42
2024,12,December,North East India,High-Street Retail,Beauty & Personal Care,28,85.0,2841074.9199999995,319925.90550000005,883195.36,31.09,101466.96
2024,6,June,West India,High-Street Retail,Groceries & Pantry,22,73.0,1607685.2100000002,210854.88099999996,612690.3599999998,38.11,73076.6
2024,10,October,West India,Flagship Mega Mart,Groceries & Pantry,62,195.0,4788604.65,567404.5473333334,1734496.3599999999,36.22,77235.56
2024,4,April,North India,Omnichannel Fulfillment Hub,Apparel & Fashion,18,65.0,2371676.17,207036.6326666667,926388.73,39.06,131759.79
2024,8,August,South India,Omnichannel Fulfillment Hub,Home & Living,30,105.0,4037701.91,344695.29816666665,1416742.9300000004,35.09,134590.06
2024,1,January,South India,Omnichannel Fulfillment Hub,Home & Living,38,144.0,4612810.8999999985,553634.3926666667,1549129.7899999998,33.58,121389.76
2024,2,February,South India,Express City Outlet,Apparel & Fashion,20,71.0,2504392.43,188526.39150000003,1026201.0800000001,40.98,125219.62
2024,7,July,South India,Express City Outlet,Beauty & Personal Care,19,55.0,1832166.0899999999,249089.545,678242.7100000001,37.02,96429.79
2024,6,June,East & Central India,Omnichannel Fulfillment Hub,Beauty & Personal Care,54,195.0,5991361.149999999,691153.3335000002,2124489.4800000004,35.46,110951.13
2024,4,April,South India,Express City Outlet,Electronics & Gadgets,18,41.0,1562756.99,186382.50799999994,558219.3,35.72,86819.83
2024,12,December,West India,Flagship Mega Mart,Home & Living,80,271.0,8162633.86,810346.7453333336,2613050.0099999993,32.01,102032.92
2024,3,March,North India,High-Street Retail,Groceries & Pantry,14,43.0,857548.96,86659.4976666667,267623.20999999996,31.21,61253.5
2024,5,May,South India,Omnichannel Fulfillment Hub,Groceries & Pantry,37,121.0,3309138.7500000005,435585.3188333333,1059919.22,32.03,89436.18
2024,8,August,East & Central India,Express City Outlet,Groceries & Pantry,19,62.0,1355196.4100000001,162988.87449999998,535876.97,39.54,71326.13
2024,7,July,North India,Flagship Mega Mart,Beauty & Personal Care,17,44.0,1500742.99,158985.75366666666,552827.7899999999,36.84,88279.0
2024,6,June,East & Central India,Express City Outlet,Apparel & Fashion,21,76.0,2646313.8600000003,259307.71749999997,1008036.81,38.09,126014.95
2024,5,May,East & Central India,Express City Outlet,Beauty & Personal Care,16,44.0,1545253.39,167651.11316666668,571659.24,36.99,96578.34
2024,11,November,North East India,Omnichannel Fulfillment Hub,Home & Living,18,58.0,1966905.9399999997,229067.167,626968.2300000001,31.88,109272.55
2024,12,December,North India,Flagship Mega Mart,Home & Living,14,45.0,1518583.8399999999,119153.29233333335,564669.5199999999,37.18,108470.27
2024,10,October,South India,Express City Outlet,Groceries & Pantry,16,55.0,1361473.97,114248.88650000004,466878.74999999994,34.29,85092.12
2024,6,June,South India,Omnichannel Fulfillment Hub,Groceries & Pantry,39,127.0,2741287.71,317562.20050000015,1040375.6799999997,37.95,70289.43
2024,1,January,East & Central India,Flagship Mega Mart,Beauty & Personal Care,36,107.0,3665049.339999999,393170.97466666676,1172838.01,32.0,101806.93
2024,5,May,East & Central India,High-Street Retail,Beauty & Personal Care,37,124.0,3795706.8599999994,387566.67799999996,1215622.4399999997,32.03,102586.67
2024,6,June,North India,Omnichannel Fulfillment Hub,Electronics & Gadgets,23,73.0,2135152.6699999995,324948.39800000004,713609.7999999998,33.42,92832.72
2024,6,June,North India,High-Street Retail,Apparel & Fashion,14,33.0,1389591.9900000002,137070.52066666668,534801.29,38.49,99256.57
2024,6,June,North India,Flagship Mega Mart,Apparel & Fashion,19,71.0,2234598.86,223091.30883333334,821931.76,36.78,117610.47
2024,7,July,North India,Omnichannel Fulfillment Hub,Apparel & Fashion,17,48.0,1891897.01,183970.99116666664,625900.03,33.08,111288.06
2024,3,March,South India,Omnichannel Fulfillment Hub,Beauty & Personal Care,27,89.0,2787752.7499999995,210732.16299999994,990271.5,35.52,103250.1
2024,6,June,North East India,Omnichannel Fulfillment Hub,Groceries & Pantry,26,71.0,1676277.5299999998,283639.4091666667,562288.3,33.54,64472.21
2024,12,December,North India,High-Street Retail,Home & Living,16,47.0,1232512.53,138340.84466666667,403424.62,32.73,77032.03
2024,5,May,North India,Flagship Mega Mart,Beauty & Personal Care,19,64.0,1694660.8399999996,188433.95683333336,515064.37,30.39,89192.68
2024,5,May,North India,Omnichannel Fulfillment Hub,Beauty & Personal Care,16,48.0,1078463.4,157179.9068333333,291081.37999999995,26.99,67403.96
2024,9,September,West India,Express City Outlet,Electronics & Gadgets,11,30.0,721462.88,119586.94683333335,253029.73000000004,35.07,65587.53
2024,2,February,North India,Flagship Mega Mart,Electronics & Gadgets,25,82.0,3382712.2300000004,330935.3623333334,1225525.57,36.23,135308.49
2024,8,August,West India,High-Street Retail,Apparel & Fashion,12,41.0,1281695.7900000003,81543.08616666666,514861.32,40.17,106807.98
2024,9,September,North East India,Omnichannel Fulfillment Hub,Home & Living,9,27.0,719703.3300000001,124413.57933333334,208635.12999999998,28.99,79967.04
2024,7,July,East & Central India,Express City Outlet,Groceries & Pantry,16,44.0,927757.38,157989.4366666667,271598.24000000005,29.27,57984.84
2024,4,April,North East India,High-Street Retail,Beauty & Personal Care,26,77.0,2211537.3599999994,201659.2175,794512.5899999999,35.93,85059.13
2024,11,November,North India,High-Street Retail,Groceries & Pantry,9,27.0,647329.35,59673.42999999999,207986.00000000003,32.13,71925.48
2024,1,January,South India,Express City Outlet,Home & Living,16,43.0,1083112.52,244955.16299999997,257495.82000000004,23.77,67694.53
2024,4,April,West India,High-Street Retail,Beauty & Personal Care,16,35.0,1316276.03,98387.15049999999,459225.12,34.89,82267.25
2024,10,October,South India,Omnichannel Fulfillment Hub,Electronics & Gadgets,38,115.0,4700096.94,326330.0488333335,1783816.5099999995,37.95,123686.76
2024,6,June,East & Central India,Omnichannel Fulfillment Hub,Home & Living,66,222.0,7542992.669999998,791882.3888333336,2463605.78,32.66,114287.77
2024,2,February,South India,Omnichannel Fulfillment Hub,Apparel & Fashion,44,145.0,4314817.929999998,568817.7531666665,1458935.9300000002,33.81,98064.04
2024,4,April,South India,Omnichannel Fulfillment Hub,Electronics & Gadgets,33,108.0,2956873.9300000016,346013.80650000006,1004632.24,33.98,89602.24
2024,12,December,East & Central India,Omnichannel Fulfillment Hub,Electronics & Gadgets,89,283.0,9649656.630000005,1005735.4773333335,3477414.8700000006,36.04,108423.11
2024,4,April,South India,Flagship Mega Mart,Apparel & Fashion,15,35.0,1117891.2999999998,135586.60883333333,310414.12,27.77,74526.09
2024,8,August,East & Central India,Omnichannel Fulfillment Hub,Beauty & Personal Care,64,228.0,6431960.32,600049.2988333334,2176363.6700000004,33.84,100499.38
2024,12,December,West India,Flagship Mega Mart,Beauty & Personal Care,52,148.0,4271074.770000001,573216.6945000001,1393507.4800000004,32.63,82136.05
2024,7,July,West India,Flagship Mega Mart,Home & Living,76,243.0,7762452.72,854105.6566666667,2568386.92,33.09,102137.54
2024,12,December,North East India,High-Street Retail,Home & Living,41,121.0,3239919.330000001,411808.43816666666,1117686.7999999998,34.5,79022.42
2024,7,July,East & Central India,Flagship Mega Mart,Groceries & Pantry,33,104.0,2253468.42,297033.19866666675,708379.9600000002,31.44,68286.92
2024,12,December,East & Central India,High-Street Retail,Groceries & Pantry,49,162.0,3564723.9699999997,446316.822,1235312.6900000002,34.65,72749.47
2024,3,March,East & Central India,High-Street Retail,Groceries & Pantry,33,113.0,3016626.02,402342.89949999994,930349.0400000002,30.84,91412.91
2024,11,November,South India,Omnichannel Fulfillment Hub,Electronics & Gadgets,33,118.0,3979856.02,595940.9545000001,1354013.2,34.02,120601.7
2024,1,January,South India,Omnichannel Fulfillment Hub,Beauty & Personal Care,35,105.0,3106168.9899999993,488218.6296666667,1014500.0299999998,32.66,88747.69
2024,8,August,South India,Omnichannel Fulfillment Hub,Beauty & Personal Care,30,94.0,3144783.2600000007,318840.8686666667,1009751.1000000002,32.11,104826.11
2024,7,July,South India,Express City Outlet,Home & Living,25,108.0,2551723.51,341727.5920000001,900384.87,35.29,102068.94
2024,2,February,North East India,Omnichannel Fulfillment Hub,Apparel & Fashion,14,44.0,1403599.2600000002,110924.2608333333,447914.68,31.91,100257.09
2024,5,May,West India,High-Street Retail,Electronics & Gadgets,20,91.0,2952637.5200000005,235636.2091666667,1068313.3499999999,36.18,147631.88
2024,11,November,East & Central India,Express City Outlet,Apparel & Fashion,16,50.0,2070406.1199999996,148183.0731666667,812489.49,39.24,129400.38
2024,7,July,West India,Express City Outlet,Electronics & Gadgets,21,61.0,1580260.94,170872.05550000002,555162.8499999999,35.13,75250.52
2024,5,May,West India,Flagship Mega Mart,Beauty & Personal Care,56,177.0,6487361.19,620814.2168333331,2359622.2300000004,36.37,115845.74
2024,9,September,North India,Flagship Mega Mart,Apparel & Fashion,24,79.0,2434328.58,265330.55216666666,816864.3800000001,33.56,101430.36
2024,5,May,East & Central India,High-Street Retail,Home & Living,41,129.0,4042804.949999999,495365.57883333316,1360480.9599999997,33.65,98605.0
2024,7,July,North India,Flagship Mega Mart,Home & Living,20,54.0,1279992.8099999998,206313.0405,345451.57,26.99,63999.64
2024,2,February,West India,High-Street Retail,Groceries & Pantry,30,80.0,2064090.9800000004,207787.19550000003,667941.5599999999,32.36,68803.03
2024,11,November,North India,Omnichannel Fulfillment Hub,Electronics & Gadgets,16,63.0,2914496.2299999995,366079.6793333334,1047546.7100000002,35.94,182156.01
2024,8,August,North India,Flagship Mega Mart,Groceries & Pantry,16,56.0,1349112.93,192258.49366666668,421550.8500000001,31.25,84319.56
2024,4,April,West India,High-Street Retail,Home & Living,12,44.0,1526298.6099999999,140939.92216666669,451585.4799999999,29.59,127191.55
2024,11,November,North East India,Omnichannel Fulfillment Hub,Beauty & Personal Care,15,60.0,2170319.17,232288.43999999997,719659.1300000001,33.16,144687.94
2024,12,December,West India,Express City Outlet,Home & Living,11,43.0,1130249.3900000001,212189.7188333333,260819.86,23.08,102749.94
2024,2,February,East & Central India,Flagship Mega Mart,Apparel & Fashion,44,118.0,2993585.36,412874.2833333333,1111843.8699999999,37.14,68036.03
2024,4,April,North East India,Omnichannel Fulfillment Hub,Groceries & Pantry,12,40.0,1333174.33,92917.16866666666,493329.48,37.0,111097.86
2024,4,April,East & Central India,High-Street Retail,Apparel & Fashion,37,122.0,3918516.99,388331.6729999999,1339701.5900000003,34.19,105905.86
2024,1,January,East & Central India,Flagship Mega Mart,Home & Living,41,107.0,2216529.4600000004,264487.9811666666,743696.0000000001,33.55,54061.69
2024,8,August,East & Central India,High-Street Retail,Groceries & Pantry,28,103.0,2697050.7800000003,396919.725,925212.62,34.3,96323.24
2024,10,October,East & Central India,High-Street Retail,Electronics & Gadgets,30,102.0,3370601.39,445985.7771666667,1134326.7600000002,33.65,112353.38
2024,1,January,East & Central India,Express City Outlet,Groceries & Pantry,17,50.0,1181688.51,168358.63933333333,431105.81,36.48,69511.09
2024,5,May,North India,Omnichannel Fulfillment Hub,Home & Living,20,66.0,2416820.5999999996,275386.44083333336,853033.4100000001,35.3,120841.03
2024,4,April,North East India,High-Street Retail,Home & Living,37,130.0,3250668.49,372837.9808333334,984053.8700000001,30.27,87855.91
2024,12,December,North India,High-Street Retail,Beauty & Personal Care,21,66.0,2115044.97,137952.9135,759892.3800000001,35.93,100716.43
2024,2,February,West India,Express City Outlet,Electronics & Gadgets,21,69.0,2861197.03,226287.56950000004,1020632.1299999999,35.67,136247.48
2024,12,December,North India,Flagship Mega Mart,Beauty & Personal Care,15,39.0,1131503.0499999998,138423.72016666667,357526.87,31.6,75433.54
2024,5,May,North India,Flagship Mega Mart,Home & Living,15,41.0,1217600.37,190842.08549999996,321181.8300000001,26.38,81173.36
2024,5,May,East & Central India,Express City Outlet,Home & Living,22,75.0,2378797.9699999997,284848.3921666667,833166.0599999999,35.02,108127.18
2024,11,November,South India,Flagship Mega Mart,Apparel & Fashion,17,65.0,2272509.37,262304.0011666667,723938.08,31.86,133677.02
2024,3,March,South India,Omnichannel Fulfillment Hub,Home & Living,32,106.0,2946570.58,275544.68766666664,1013912.4199999999,34.41,92080.33
2024,1,January,South India,Express City Outlet,Beauty & Personal Care,14,45.0,1481652.79,109779.18133333333,525485.99,35.47,105832.34
2024,9,September,North East India,Omnichannel Fulfillment Hub,Beauty & Personal Care,17,56.0,1483479.8,164104.6185,447210.6699999999,30.15,87263.52
2024,7,July,North East India,Omnichannel Fulfillment Hub,Apparel & Fashion,24,79.0,3141378.92,276844.598,1165008.5499999998,37.09,130890.79
2024,5,May,South India,Flagship Mega Mart,Electronics & Gadgets,17,38.0,1501265.7699999998,155090.60733333332,564772.3300000001,37.62,88309.75
2024,6,June,West India,Express City Outlet,Electronics & Gadgets,14,47.0,1247051.9400000002,144007.3906666667,446874.92000000004,35.83,89075.14
2024,3,March,South India,Flagship Mega Mart,Groceries & Pantry,18,67.0,1491564.1199999999,218642.922,503725.0699999999,33.77,82864.67
2024,3,March,West India,Express City Outlet,Apparel & Fashion,17,49.0,1299921.44,241628.012,409435.86,31.5,76465.97
2024,6,June,South India,Flagship Mega Mart,Beauty & Personal Care,9,20.0,575058.5399999999,56513.94666666666,207586.99000000002,36.1,63895.39
2024,7,July,East & Central India,High-Street Retail,Beauty & Personal Care,25,69.0,2129056.4699999997,266411.83166666667,668589.43,31.4,85162.26
2024,8,August,North India,Flagship Mega Mart,Apparel & Fashion,14,41.0,993326.4,148500.51716666666,376052.66000000003,37.86,70951.89
2024,10,October,East & Central India,Omnichannel Fulfillment Hub,Electronics & Gadgets,88,278.0,9623376.530000001,934865.7193333334,3466291.0900000003,36.02,109356.55
2024,2,February,South India,Omnichannel Fulfillment Hub,Groceries & Pantry,42,121.0,3281259.56,438516.51566666656,1078609.78,32.87,78125.23
2024,3,March,West India,Flagship Mega Mart,Home & Living,77,244.0,6789901.310000002,815667.4118333331,1995246.1199999996,29.39,88180.54
2024,4,April,East & Central India,Express City Outlet,Electronics & Gadgets,20,65.0,2253217.8400000003,265213.1681666667,805010.0700000001,35.73,112660.89
2024,8,August,East & Central India,High-Street Retail,Apparel & Fashion,30,110.0,3633860.0700000003,399726.13233333325,1228626.83,33.81,121128.67
2024,2,February,East & Central India,Flagship Mega Mart,Groceries & Pantry,41,144.0,3870526.9499999993,538523.1318333334,1431531.86,36.99,94403.1
2024,12,December,South India,Flagship Mega Mart,Beauty & Personal Care,15,42.0,1133785.84,164982.84333333335,357516.48999999993,31.53,75585.72
2024,12,December,East & Central India,High-Street Retail,Apparel & Fashion,55,185.0,6368674.45,675056.0851666667,2479541.580000001,38.93,115794.08
2024,7,July,East & Central India,Flagship Mega Mart,Apparel & Fashion,30,119.0,4288955.32,293603.71800000005,1670225.33,38.94,142965.18
2024,1,January,East & Central India,High-Street Retail,Home & Living,37,118.0,3463575.5799999996,343246.47383333335,1077058.8400000003,31.1,93610.15
2024,8,August,South India,Flagship Mega Mart,Electronics & Gadgets,27,106.0,4467230.86,215258.26216666665,1767008.0300000003,39.55,165452.99
2024,4,April,North India,Flagship Mega Mart,Home & Living,22,63.0,1954594.5899999999,234649.0503333333,578993.11,29.62,88845.21
2024,9,September,East & Central India,Express City Outlet,Electronics & Gadgets,26,82.0,3220423.849999999,245527.92366666664,1238611.54,38.46,123862.46
2024,5,May,East & Central India,Flagship Mega Mart,Electronics & Gadgets,37,124.0,4474975.539999998,412271.41483333334,1570389.9199999997,35.09,120945.28
2024,3,March,East & Central India,High-Street Retail,Apparel & Fashion,40,126.0,4539035.27,543536.9014999999,1478569.5899999999,32.57,113475.88
2024,2,February,East & Central India,Omnichannel Fulfillment Hub,Electronics & Gadgets,76,247.0,7424426.04,1018266.7286666671,2340250.74,31.52,97689.82
2024,4,April,East & Central India,High-Street Retail,Groceries & Pantry,40,126.0,3023654.96,337365.974,962040.4199999999,31.82,75591.37
2024,5,May,North East India,High-Street Retail,Electronics & Gadgets,28,80.0,2865118.4400000004,283342.9151666666,1048543.95,36.6,102325.66
2024,2,February,North East India,Omnichannel Fulfillment Hub,Groceries & Pantry,18,65.0,1607705.3199999996,144861.75083333332,603277.5699999998,37.52,89316.96
2024,8,August,North India,High-Street Retail,Beauty & Personal Care,16,55.0,1848706.5799999998,160382.09566666663,690072.9800000001,37.33,115544.16
2024,1,January,North India,High-Street Retail,Home & Living,23,73.0,2771735.48,227422.69800000003,1010349.7699999998,36.45,120510.24
2024,11,November,East & Central India,High-Street Retail,Beauty & Personal Care,38,114.0,3675242.16,250783.91833333333,1337967.2499999995,36.4,96716.9
2024,10,October,North India,Omnichannel Fulfillment Hub,Home & Living,19,46.0,1243276.98,143258.6915,396574.94999999995,31.9,65435.63
2024,11,November,South India,Flagship Mega Mart,Groceries & Pantry,20,79.0,1895134.8100000003,241022.915,622556.2600000001,32.85,94756.74
2024,10,October,North East India,High-Street Retail,Electronics & Gadgets,30,100.0,3750527.4700000007,390574.3201666667,1396556.4600000004,37.24,125017.58
2024,1,January,North India,Flagship Mega Mart,Beauty & Personal Care,13,42.0,1381009.5899999999,104861.7935,529796.73,38.36,106231.51
2024,9,September,West India,High-Street Retail,Electronics & Gadgets,9,34.0,996019.84,129640.55333333332,362084.9,36.35,110668.87
2024,12,December,North India,Omnichannel Fulfillment Hub,Home & Living,20,57.0,1726924.6300000001,177548.64466666666,576846.8600000001,33.4,86346.23
2024,2,February,West India,High-Street Retail,Apparel & Fashion,24,79.0,2931333.349999999,197263.17183333333,1260885.48,43.01,122138.89
2024,3,March,East & Central India,Flagship Mega Mart,Beauty & Personal Care,24,61.0,1840670.8199999996,229386.77066666668,578950.66,31.45,76694.62
2024,12,December,East & Central India,Flagship Mega Mart,Beauty & Personal Care,45,129.0,3456489.060000001,359261.3545,1107499.07,32.04,76810.87
2024,10,October,East & Central India,Express City Outlet,Beauty & Personal Care,12,41.0,1419108.04,157508.38016666664,490311.24,34.55,118259.0
2024,4,April,North East India,Omnichannel Fulfillment Hub,Apparel & Fashion,15,50.0,1822372.03,156646.231,661618.4999999999,36.31,121491.47
2024,5,May,North East India,Omnichannel Fulfillment Hub,Home & Living,15,42.0,1012483.81,177095.3818333333,259792.60000000003,25.66,67498.92
2024,10,October,North India,High-Street Retail,Home & Living,12,32.0,994245.05,75436.11000000002,366170.1,36.83,82853.75
2024,5,May,West India,Express City Outlet,Home & Living,15,53.0,2264900.96,184631.80333333334,810094.0199999999,35.77,150993.4
2024,1,January,East & Central India,Express City Outlet,Apparel & Fashion,15,49.0,1883012.31,214276.80216666666,718661.2500000002,38.17,125534.15
2024,7,July,North East India,Omnichannel Fulfillment Hub,Groceries & Pantry,14,38.0,796062.76,133041.3875,251943.90000000002,31.65,56861.63
2024,7,July,South India,Omnichannel Fulfillment Hub,Beauty & Personal Care,27,86.0,2584863.9999999995,258425.503,844402.2699999999,32.67,95735.7
2024,1,January,North India,Omnichannel Fulfillment Hub,Electronics & Gadgets,22,65.0,2057321.2199999997,272858.3073333334,711781.4499999998,34.6,93514.6
2024,9,September,North India,Omnichannel Fulfillment Hub,Home & Living,16,52.0,1169384.4,204026.7583333333,417911.31,35.74,73086.52
2024,9,September,North India,Flagship Mega Mart,Groceries & Pantry,19,61.0,1056820.92,215068.28283333336,319741.67,30.26,55622.15
2024,11,November,East & Central India,Flagship Mega Mart,Home & Living,38,121.0,3201025.08,505690.09699999983,950192.9199999998,29.68,84237.5
2024,2,February,North India,Omnichannel Fulfillment Hub,Home & Living,16,45.0,1387035.0200000005,191625.97566666667,423396.9,30.53,86689.69
2024,10,October,West India,High-Street Retail,Home & Living,17,70.0,2665842.0299999993,261820.18399999995,1069586.69,40.12,156814.24
2024,3,March,North East India,Omnichannel Fulfillment Hub,Home & Living,16,51.0,1687275.98,160953.71983333334,575575.5899999999,34.11,105454.75
2024,7,July,West India,High-Street Retail,Beauty & Personal Care,13,43.0,1431972.58,171051.89433333333,525969.14,36.73,110151.74
2024,11,November,West India,High-Street Retail,Home & Living,15,41.0,1256752.26,162997.727,451098.27,35.89,83783.48
2024,3,March,West India,Express City Outlet,Groceries & Pantry,21,67.0,1778780.4899999998,273750.12683333334,623712.2400000001,35.06,84703.83
2024,3,March,West India,High-Street Retail,Electronics & Gadgets,14,43.0,1655867.5100000002,158552.89233333332,649891.6400000001,39.25,118276.25
2024,3,March,South India,Flagship Mega Mart,Apparel & Fashion,18,55.0,2290833.5,224464.6463333333,754525.6799999999,32.94,127268.53
2024,4,April,South India,Flagship Mega Mart,Groceries & Pantry,11,38.0,1019001.25,155108.42866666664,405978.83999999997,39.84,92636.48
2024,11,November,East & Central India,Express City Outlet,Groceries & Pantry,10,34.0,778225.0200000001,132857.3185,263435.88,33.85,77822.5
2024,8,August,North India,Flagship Mega Mart,Beauty & Personal Care,17,55.0,1802352.16,150451.14566666668,624004.8400000001,34.62,106020.72
2024,9,September,East & Central India,High-Street Retail,Electronics & Gadgets,40,141.0,5294622.82,494471.42716666654,1878127.91,35.47,132365.57
2024,2,February,South India,Flagship Mega Mart,Electronics & Gadgets,18,71.0,2467808.22,223785.16850000003,876724.33,35.53,137100.46
2024,6,June,South India,Omnichannel Fulfillment Hub,Home & Living,35,104.0,3255336.1300000004,306809.23083333345,1011752.9499999998,31.08,93009.6
2024,8,August,East & Central India,High-Street Retail,Beauty & Personal Care,32,117.0,3442335.5399999996,503758.9633333332,1115379.4299999995,32.4,107572.99
2024,1,January,North East India,Omnichannel Fulfillment Hub,Home & Living,15,55.0,1516794.3699999999,143749.547,593672.47,39.14,101119.62
2024,12,December,South India,Flagship Mega Mart,Apparel & Fashion,25,72.0,2428082.2,246636.51066666667,819878.2,33.77,97123.29
2024,5,May,East & Central India,Omnichannel Fulfillment Hub,Home & Living,68,244.0,7777371.630000002,857710.9601666664,2543117.93,32.7,114373.11
2024,8,August,East & Central India,Omnichannel Fulfillment Hub,Groceries & Pantry,73,228.0,4789878.670000001,727067.8163333331,1577573.1399999997,32.94,65614.78
2024,12,December,West India,Flagship Mega Mart,Groceries & Pantry,66,215.0,4889234.139999999,734845.9311666673,1587936.02,32.48,74079.31
2024,8,August,South India,Omnichannel Fulfillment Hub,Groceries & Pantry,42,148.0,3152475.2300000014,520645.95999999996,986513.2399999996,31.29,75058.93
2024,7,July,West India,High-Street Retail,Apparel & Fashion,16,48.0,1415518.9499999995,174832.6305,447687.45999999996,31.63,88469.93
2024,6,June,West India,High-Street Retail,Home & Living,22,81.0,1972656.1199999996,236602.9093333333,729319.8999999999,36.97,89666.19
2024,10,October,West India,Flagship Mega Mart,Home & Living,71,246.0,7362098.099999998,946125.2958333329,2435638.6500000013,33.08,103691.52
2024,8,August,North India,High-Street Retail,Apparel & Fashion,22,79.0,2265269.6999999997,258680.47599999997,689953.8899999998,30.46,102966.8
2024,3,March,East & Central India,High-Street Retail,Beauty & Personal Care,27,110.0,3626201.43,398997.03799999977,1099187.6800000002,30.31,134303.76
2024,8,August,North East India,High-Street Retail,Electronics & Gadgets,32,101.0,4036883.3000000003,304799.54966666666,1400190.8499999999,34.68,126152.6
2024,7,July,South India,Omnichannel Fulfillment Hub,Apparel & Fashion,28,90.0,2909336.4599999995,307728.56899999996,1001672.33,34.43,103904.87
2024,11,November,East & Central India,Omnichannel Fulfillment Hub,Electronics & Gadgets,85,280.0,10040179.73,1026085.3058333328,3626898.02,36.12,118119.76
2024,11,November,North East India,High-Street Retail,Electronics & Gadgets,31,95.0,3527197.7,394998.90616666665,1239333.9,35.14,113780.57
2024,12,December,East & Central India,High-Street Retail,Beauty & Personal Care,39,111.0,3336905.41,451742.9206666667,1114484.6099999999,33.4,85561.68
2024,6,June,South India,Flagship Mega Mart,Groceries & Pantry,12,45.0,1018972.59,89884.12333333335,400388.72,39.29,84914.38
2024,6,June,North East India,High-Street Retail,Electronics & Gadgets,35,114.0,3547497.0100000007,398187.8615000001,1139119.0900000003,32.11,101357.06
2024,3,March,East & Central India,Omnichannel Fulfillment Hub,Electronics & Gadgets,83,261.0,8968030.400000002,902634.5313333333,3218376.729999999,35.89,108048.56
2024,1,January,East & Central India,Express City Outlet,Beauty & Personal Care,13,38.0,949637.6100000001,193875.30800000002,236277.22999999998,24.88,73049.05
2024,11,November,East & Central India,High-Street Retail,Apparel & Fashion,33,107.0,3533086.9,249729.17699999994,1392301.7399999998,39.41,107063.24
2024,10,October,South India,Flagship Mega Mart,Electronics & Gadgets,20,51.0,2019740.69,202169.7785,676143.75,33.48,100987.03
2024,6,June,North East India,Omnichannel Fulfillment Hub,Home & Living,25,78.0,1983885.5399999996,332518.54683333327,481196.2300000001,24.26,79355.42
2024,7,July,North India,High-Street Retail,Electronics & Gadgets,20,63.0,2605356.97,183337.54750000004,977673.8700000001,37.53,130267.85
2024,7,July,East & Central India,High-Street Retail,Apparel & Fashion,34,106.0,3446026.729999999,466353.9878333334,1247819.9999999995,36.21,101353.73
2024,8,August,East & Central India,Express City Outlet,Home & Living,17,56.0,1901830.6400000001,192033.209,609452.48,32.05,111872.39
2024,5,May,South India,Omnichannel Fulfillment Hub,Home & Living,34,111.0,3021983.02,453100.1275,1002476.2800000001,33.17,88881.85
2024,7,July,East & Central India,Flagship Mega Mart,Beauty & Personal Care,36,109.0,3372253.7199999997,328382.0138333334,1090034.0499999998,32.32,93673.71
2024,12,December,East & Central India,Flagship Mega Mart,Apparel & Fashion,35,108.0,3796051.6599999988,416010.70166666666,1436811.9199999997,37.85,108458.62
2024,5,May,West India,Flagship Mega Mart,Groceries & Pantry,56,168.0,2990337.7000000007,493186.4635000001,930395.0,31.11,53398.89
2024,12,December,North India,Flagship Mega Mart,Groceries & Pantry,27,85.0,2118860.7699999996,236833.70716666666,729712.2300000001,34.44,78476.32
2024,10,October,South India,Express City Outlet,Home & Living,16,50.0,1521881.65,125764.38716666667,419096.7,27.54,95117.6
2024,4,April,North East India,Omnichannel Fulfillment Hub,Beauty & Personal Care,11,40.0,1447232.6400000001,117350.71250000001,483778.30000000005,33.43,131566.6
2024,3,March,East & Central India,Flagship Mega Mart,Apparel & Fashion,31,91.0,3657999.3,322247.0894999998,1354444.5599999998,37.03,117999.98
2024,9,September,North India,High-Street Retail,Electronics & Gadgets,19,57.0,1869579.4799999997,170080.1951666667,697761.89,37.32,98398.92
2024,3,March,North India,High-Street Retail,Home & Living,23,79.0,1977652.1399999997,184225.50283333333,700793.3100000003,35.44,85984.88
2024,1,January,South India,Omnichannel Fulfillment Hub,Groceries & Pantry,37,125.0,2968110.44,363613.3031666667,1014854.9,34.19,80219.2
2024,2,February,West India,High-Street Retail,Beauty & Personal Care,16,62.0,1992565.9700000002,257568.7061666666,615868.0499999999,30.91,124535.37
2024,7,July,East & Central India,Express City Outlet,Home & Living,20,53.0,1602023.529999999,190540.25116666665,576437.12,35.98,80101.18
2024,11,November,North East India,Omnichannel Fulfillment Hub,Groceries & Pantry,26,81.0,1808138.1799999997,320848.8435000001,596209.13,32.97,69543.78
2024,9,September,North East India,Omnichannel Fulfillment Hub,Groceries & Pantry,20,83.0,2305897.08,274142.52616666665,837056.6500000001,36.3,115294.85
2024,8,August,South India,Express City Outlet,Electronics & Gadgets,17,60.0,2121259.0100000002,255851.56950000004,772639.46,36.42,124779.94
2024,12,December,North India,High-Street Retail,Groceries & Pantry,14,32.0,711440.3,123469.524,232563.78,32.69,50817.16
2024,11,November,North India,High-Street Retail,Home & Living,11,48.0,1422439.5699999998,158854.13116666672,471334.17000000004,33.14,129312.69
2024,1,January,North India,Flagship Mega Mart,Apparel & Fashion,20,60.0,2094970.5999999999,229601.51983333332,591614.8299999998,28.24,104748.53
2024,3,March,South India,Flagship Mega Mart,Beauty & Personal Care,14,42.0,1555710.48,128228.12050000002,558287.8099999999,35.89,111122.18
2024,1,January,South India,Express City Outlet,Groceries & Pantry,13,40.0,1154384.4500000002,132349.82033333334,395955.51999999996,34.3,88798.8
2024,10,October,East & Central India,Express City Outlet,Apparel & Fashion,12,47.0,1532996.34,173703.203,491805.77,32.08,127749.7
2024,2,February,East & Central India,High-Street Retail,Apparel & Fashion,45,130.0,4500402.3999999985,430968.0315,1535526.07,34.12,100008.94
2024,12,December,South India,Express City Outlet,Apparel & Fashion,29,87.0,3191740.780000001,279487.5623333333,1217526.9499999997,38.15,110060.03
2024,5,May,South India,Flagship Mega Mart,Home & Living,16,59.0,1701788.2799999998,153806.82400000005,592398.1199999999,34.81,106361.77
2024,11,November,South India,Omnichannel Fulfillment Hub,Home & Living,39,128.0,3649425.2400000007,553023.2395,1161180.4,31.82,93575.01
2024,1,January,East & Central India,Omnichannel Fulfillment Hub,Apparel & Fashion,85,296.0,10043461.029999997,978790.9995000002,3683045.1300000004,36.67,118158.37
2024,10,October,East & Central India,High-Street Retail,Home & Living,28,98.0,2913374.18,255737.35950000002,971887.2399999999,33.36,104049.08
2024,6,June,West India,Flagship Mega Mart,Apparel & Fashion,65,175.0,6519241.099999999,703159.5011666666,2580156.2600000002,39.58,100296.02
2024,9,September,East & Central India,Omnichannel Fulfillment Hub,Groceries & Pantry,76,255.0,6051739.99,794781.7491666665,2056619.6899999995,33.98,79628.16
2024,4,April,South India,Omnichannel Fulfillment Hub,Home & Living,44,152.0,4707890.389999999,512914.7794999999,1505513.9200000002,31.98,106997.51
2024,12,December,East & Central India,Omnichannel Fulfillment Hub,Home & Living,89,276.0,8935246.75,985537.0065000003,3049428.2800000026,34.13,100396.03
2024,6,June,East & Central India,Omnichannel Fulfillment Hub,Electronics & Gadgets,75,230.0,8199211.130000003,790240.2965,2925063.11,35.67,109322.82
2024,7,July,South India,Express City Outlet,Electronics & Gadgets,21,86.0,2912538.72,299556.54500000004,1044578.71,35.86,138692.32
2024,12,December,West India,Express City Outlet,Electronics & Gadgets,14,41.0,1176085.88,151648.2753333333,371419.1400000001,31.58,84006.13
2024,4,April,East & Central India,Flagship Mega Mart,Groceries & Pantry,30,110.0,2481586.49,425453.1094999998,739649.21,29.81,82719.55
2024,8,August,East & Central India,Flagship Mega Mart,Beauty & Personal Care,33,101.0,2296411.48,301569.99416666664,752624.37,32.77,69588.23
2024,5,May,East & Central India,High-Street Retail,Electronics & Gadgets,41,138.0,4646426.879999999,550101.5828333332,1420521.3699999999,30.57,113327.48
2024,11,November,West India,Express City Outlet,Groceries & Pantry,20,56.0,1441142.6599999997,197306.4115,523900.24999999994,36.35,72057.13
2024,4,April,South India,Express City Outlet,Beauty & Personal Care,19,59.0,1908728.1800000002,226692.5756666666,618158.32,32.39,100459.38
2024,5,May,West India,High-Street Retail,Home & Living,22,84.0,2544530.77,239448.91983333332,881981.6,34.66,115660.49
2024,1,January,West India,High-Street Retail,Apparel & Fashion,22,69.0,2507262.88,190625.15083333335,892957.5200000001,35.61,113966.49
2024,7,July,West India,Flagship Mega Mart,Electronics & Gadgets,79,269.0,10000447.190000003,780630.7596666663,3832905.4100000006,38.33,126587.94
2024,7,July,West India,Express City Outlet,Home & Living,16,58.0,2074417.8599999999,239412.33500000005,692719.0000000001,33.39,129651.12
2024,3,March,North India,Flagship Mega Mart,Apparel & Fashion,11,43.0,1533094.19,103195.81033333333,559009.4299999999,36.46,139372.2
2024,4,April,West India,Flagship Mega Mart,Groceries & Pantry,55,190.0,4137018.2300000004,731040.8404999998,1401500.02,33.88,75218.51
2024,3,March,North East India,High-Street Retail,Apparel & Fashion,41,137.0,4243470.999999998,461455.45883333334,1498183.11,35.31,103499.29
2024,7,July,South India,Flagship Mega Mart,Groceries & Pantry,27,98.0,2122109.37,278017.26633333333,771199.6100000001,36.34,78596.64
2024,7,July,North India,Flagship Mega Mart,Electronics & Gadgets,20,77.0,3067089.43,321250.25166666665,1099749.4900000002,35.86,153354.47
2024,10,October,South India,Omnichannel Fulfillment Hub,Home & Living,37,119.0,3392349.02,380505.52616666676,1050619.12,30.97,91685.11
2024,11,November,North India,Omnichannel Fulfillment Hub,Home & Living,16,56.0,2168754.0300000003,255967.82749999996,731809.5399999997,33.74,135547.13
2024,10,October,East & Central India,Flagship Mega Mart,Groceries & Pantry,39,121.0,3018377.900000001,465293.9435000001,1022983.29,33.89,77394.31
2024,8,August,North East India,Omnichannel Fulfillment Hub,Groceries & Pantry,22,61.0,1640310.4800000002,148534.2228333333,694924.02,42.37,74559.57
2024,10,October,North East India,Omnichannel Fulfillment Hub,Groceries & Pantry,23,87.0,2721281.5,238203.35166666668,991905.77,36.45,118316.59
2024,9,September,South India,Express City Outlet,Apparel & Fashion,21,53.0,1797105.5899999999,148084.0135,712733.9199999999,39.66,85576.46
2024,2,February,North India,High-Street Retail,Groceries & Pantry,23,63.0,1176804.9,225624.79483333335,348227.8499999999,29.59,51165.43
2024,4,April,North India,High-Street Retail,Apparel & Fashion,12,33.0,1196614.2799999998,92211.95266666668,496305.57,41.48,99717.86
2024,1,January,South India,Flagship Mega Mart,Beauty & Personal Care,18,50.0,1274042.86,129253.43400000001,395284.7300000001,31.03,70780.16
2024,1,January,East & Central India,Flagship Mega Mart,Electronics & Gadgets,42,147.0,5242755.7700000005,455129.4308333333,1918931.7599999998,36.6,124827.52
2024,12,December,North East India,High-Street Retail,Electronics & Gadgets,37,125.0,3953897.6500000004,513752.1745,1178624.9199999997,29.81,106862.1
2024,6,June,North India,Omnichannel Fulfillment Hub,Beauty & Personal Care,17,57.0,1732280.4999999998,220386.82400000002,552044.44,31.87,101898.85
2024,2,February,West India,Express City Outlet,Home & Living,26,94.0,3142504.32,288792.79899999994,1055542.1,33.59,120865.55
2024,6,June,East & Central India,High-Street Retail,Apparel & Fashion,32,105.0,2973684.3000000003,488375.124,1005593.76,33.82,92927.63
2024,2,February,East & Central India,Express City Outlet,Beauty & Personal Care,11,28.0,746321.54,129486.85599999999,258548.78000000003,34.64,67847.41
2024,12,December,West India,High-Street Retail,Groceries & Pantry,20,69.0,1485927.92,274990.75616666675,527952.6900000001,35.53,74296.4
2024,5,May,North India,Flagship Mega Mart,Electronics & Gadgets,23,76.0,2244446.89,259602.76566666667,779391.8600000001,34.73,97584.65
2024,5,May,East & Central India,Express City Outlet,Electronics & Gadgets,23,64.0,1855522.54,228706.7371666667,595387.7000000001,32.09,80674.89
2024,1,January,West India,Express City Outlet,Apparel & Fashion,14,56.0,1694182.6899999997,165699.6323333334,581025.88,34.3,121013.05
2024,2,February,North India,Flagship Mega Mart,Beauty & Personal Care,16,55.0,1298126.11,154591.4148333333,288287.15,22.21,81132.88
2024,6,June,West India,Express City Outlet,Home & Living,14,45.0,1441090.06,160534.69633333336,535579.78,37.16,102935.0
2024,3,March,East & Central India,Express City Outlet,Groceries & Pantry,19,70.0,1359163.07,187491.45399999997,429576.67000000004,31.61,71534.9
2024,3,March,South India,Omnichannel Fulfillment Hub,Electronics & Gadgets,37,125.0,3957224.8899999987,289609.2578333332,1510121.8199999996,38.16,106952.02
2024,3,March,North India,Omnichannel Fulfillment Hub,Apparel & Fashion,13,47.0,1554795.1099999999,185424.52616666668,465022.43999999994,29.91,119599.62
2024,5,May,North India,Omnichannel Fulfillment Hub,Electronics & Gadgets,13,40.0,1376520.28,91311.09449999999,494159.62999999995,35.9,105886.18
2024,4,April,West India,High-Street Retail,Electronics & Gadgets,15,50.0,1465035.97,230464.1431666667,484322.53,33.06,97669.06
2024,9,September,West India,Express City Outlet,Beauty & Personal Care,10,34.0,1128017.68,136822.50633333332,421389.39,37.36,112801.77
2024,4,April,North East India,High-Street Retail,Electronics & Gadgets,36,118.0,3704566.04,284843.8875,1367691.4000000001,36.92,102904.61
2024,10,October,West India,Express City Outlet,Groceries & Pantry,12,44.0,771535.01,154267.30933333334,237300.32999999996,30.76,64294.58
2024,7,July,East & Central India,Omnichannel Fulfillment Hub,Electronics & Gadgets,73,224.0,8597997.28,649109.3418333334,3256882.409999999,37.88,117780.78
2024,7,July,North East India,High-Street Retail,Home & Living,40,141.0,4921879.580000002,395074.1389999999,1474572.5100000002,29.96,123046.99
2024,11,November,South India,Express City Outlet,Groceries & Pantry,14,38.0,981756.5900000001,97500.24833333335,363522.25999999995,37.03,70125.47
2024,2,February,West India,Flagship Mega Mart,Electronics & Gadgets,47,158.0,5532789.789999998,419721.15849999996,2086331.84,37.71,117718.93
2024,4,April,North India,High-Street Retail,Beauty & Personal Care,12,41.0,991012.7,101412.8041666667,290895.77999999997,29.35,82584.39
2024,1,January,East & Central India,Omnichannel Fulfillment Hub,Beauty & Personal Care,66,214.0,6483461.749999999,837963.6819999999,2102705.3999999994,32.43,98234.27
2024,5,May,North India,High-Street Retail,Groceries & Pantry,22,86.0,1753762.6600000006,329714.528,578352.31,32.98,79716.48
2024,1,January,West India,Flagship Mega Mart,Electronics & Gadgets,72,229.0,8199647.090000004,693706.8368333331,2905771.4400000004,35.44,113883.99
2024,12,December,North East India,Omnichannel Fulfillment Hub,Groceries & Pantry,13,43.0,815424.9900000001,96729.5625,334621.1100000001,41.04,62725.0
2024,8,August,East & Central India,Flagship Mega Mart,Apparel & Fashion,45,136.0,4088096.0400000005,413163.2806666666,1496170.82,36.6,90846.58
2024,8,August,West India,Flagship Mega Mart,Groceries & Pantry,77,254.0,5786091.250000003,842901.4458333334,2092391.8400000008,36.16,75144.04
2024,2,February,East & Central India,High-Street Retail,Beauty & Personal Care,35,96.0,3076793.3199999994,272504.9826666667,1105590.3600000003,35.93,87908.38
2024,6,June,East & Central India,Express City Outlet,Electronics & Gadgets,22,70.0,2276346.62,260187.01016666665,815876.8099999998,35.84,103470.3
2024,6,June,West India,Flagship Mega Mart,Beauty & Personal Care,59,198.0,6509302.930000001,687950.2251666667,2158949.69,33.17,110327.17
2024,6,June,East & Central India,Flagship Mega Mart,Home & Living,30,113.0,3915208.7099999986,403661.2940000001,1291923.8299999998,33.0,130506.96
2024,2,February,South India,Express City Outlet,Electronics & Gadgets,24,92.0,2952608.64,283823.593,986590.5299999999,33.41,123025.36
2024,3,March,South India,Express City Outlet,Home & Living,21,56.0,1315175.68,161481.6195,403667.26000000007,30.69,62627.41
2024,10,October,North India,Flagship Mega Mart,Electronics & Gadgets,20,63.0,2467274.3400000003,167962.98850000004,903537.7,36.62,123363.72
2024,3,March,North India,Flagship Mega Mart,Beauty & Personal Care,12,29.0,710494.7199999999,81190.15816666666,211656.61,29.79,59207.89
2024,3,March,North East India,High-Street Retail,Beauty & Personal Care,30,88.0,2490281.52,284256.27133333334,813843.1799999999,32.68,83009.38
2024,9,September,West India,Flagship Mega Mart,Home & Living,66,195.0,6468755.819999998,740936.4560000001,2070646.1800000002,32.01,98011.45
2024,4,April,North India,Omnichannel Fulfillment Hub,Electronics & Gadgets,18,48.0,1762616.93,162244.06666666668,638100.7499999999,36.2,97923.16
2024,9,September,South India,Omnichannel Fulfillment Hub,Home & Living,38,126.0,3876288.31,429834.85033333336,1266771.9499999997,32.68,102007.59
2024,9,September,South India,Express City Outlet,Beauty & Personal Care,14,45.0,1066028.9200000002,80119.099,374595.86000000004,35.14,76144.92
2024,9,September,North East India,High-Street Retail,Groceries & Pantry,40,123.0,3115948.6199999987,415606.395,1142571.99,36.67,77898.72
2024,1,January,West India,High-Street Retail,Beauty & Personal Care,17,48.0,1001230.19,92627.5555,336330.22,33.59,58895.89
2024,3,March,North India,Omnichannel Fulfillment Hub,Beauty & Personal Care,14,38.0,1160434.66,107309.92149999998,381469.30000000005,32.87,82888.19
2024,12,December,East & Central India,Express City Outlet,Groceries & Pantry,21,61.0,1353547.6199999999,213305.1495,474660.1,35.07,64454.65
2024,1,January,North East India,High-Street Retail,Home & Living,41,150.0,5254745.660000004,620599.0921666666,1707643.56,32.5,128164.53
2024,11,November,West India,Flagship Mega Mart,Home & Living,56,181.0,5189759.570000001,601561.9799999999,1716862.6900000006,33.08,92674.28
2024,6,June,South India,Express City Outlet,Groceries & Pantry,18,59.0,1553397.44,244398.93816666663,552043.2,35.54,86299.86
2024,4,April,East & Central India,Omnichannel Fulfillment Hub,Home & Living,93,302.0,8853157.1,1092195.3021666668,2719637.66,30.72,95195.24
2024,5,May,South India,Express City Outlet,Groceries & Pantry,20,61.0,1395401.4200000002,238686.24566666668,509745.95000000007,36.53,69770.07
2024,9,September,East & Central India,Flagship Mega Mart,Groceries & Pantry,33,122.0,3082071.2400000007,368639.6398333335,1079219.3900000001,35.02,93396.1
2024,12,December,South India,Omnichannel Fulfillment Hub,Home & Living,44,153.0,4883207.200000001,438521.5781666666,1654136.5399999998,33.87,110981.98
2024,7,July,North India,Omnichannel Fulfillment Hub,Electronics & Gadgets,11,39.0,1175702.49,103735.69016666668,447434.6100000001,38.06,106882.04
2024,6,June,North India,Flagship Mega Mart,Electronics & Gadgets,21,73.0,2852842.4599999995,276805.8561666668,948548.9,33.25,135849.64
2024,2,February,North India,Flagship Mega Mart,Apparel & Fashion,21,66.0,2406695.67,195173.11566666665,884192.2300000001,36.74,114604.56
2024,2,February,East & Central India,Express City Outlet,Apparel & Fashion,9,41.0,1768470.3399999996,166441.1898333333,735680.0600000002,41.6,196496.7
2024,9,September,South India,Flagship Mega Mart,Electronics & Gadgets,19,65.0,2498024.5800000005,245074.3613333333,924241.77,37.0,131474.98
2024,8,August,West India,Express City Outlet,Home & Living,18,62.0,2060393.7500000002,336832.6256666666,599827.1499999999,29.11,114466.32
2024,8,August,North India,Omnichannel Fulfillment Hub,Groceries & Pantry,23,67.0,1303475.5900000003,179294.40449999998,413474.81000000006,31.72,56672.85
2024,6,June,North India,Omnichannel Fulfillment Hub,Apparel & Fashion,29,89.0,2824550.4899999998,273615.2978333334,981440.0,34.75,97398.29
2024,4,April,South India,Express City Outlet,Apparel & Fashion,21,62.0,1910457.03,178359.6915,660425.0200000003,34.57,90974.14
2024,6,June,East & Central India,High-Street Retail,Beauty & Personal Care,31,97.0,3093790.4099999997,248993.494,1121494.8899999997,36.25,99799.69
2024,2,February,North East India,High-Street Retail,Groceries & Pantry,36,143.0,3173278.259999999,451863.56500000006,1019102.89,32.12,88146.62
2024,6,June,North India,High-Street Retail,Electronics & Gadgets,19,70.0,2507498.84,152709.91983333335,960604.2600000002,38.31,131973.62
2024,11,November,North India,Flagship Mega Mart,Home & Living,15,37.0,1407299.79,99205.47483333333,487124.96,34.61,93819.99
2024,4,April,West India,Express City Outlet,Groceries & Pantry,16,51.0,1308822.0800000003,107050.62966666666,500762.9,38.26,81801.38
2024,12,December,South India,Express City Outlet,Beauty & Personal Care,16,48.0,1843260.7300000004,164355.59216666667,588406.0,31.92,115203.8
2024,1,January,South India,Flagship Mega Mart,Apparel & Fashion,15,41.0,1516621.26,200700.69266666664,456465.15,30.1,101108.08
2024,8,August,West India,High-Street Retail,Electronics & Gadgets,15,62.0,1924379.72,215078.40766666667,696632.7299999999,36.2,128291.98
2024,9,September,West India,Express City Outlet,Apparel & Fashion,11,28.0,1223677.9100000004,64811.12333333334,457084.51999999996,37.35,111243.45
2024,1,January,West India,Express City Outlet,Beauty & Personal Care,14,40.0,1149622.3499999999,99848.16799999999,406158.22000000003,35.33,82115.88
2024,4,April,East & Central India,Omnichannel Fulfillment Hub,Apparel & Fashion,82,295.0,9789719.780000001,1107482.6941666668,3464070.829999999,35.38,119386.83
2024,7,July,North East India,High-Street Retail,Apparel & Fashion,41,124.0,4362788.75,398184.8868333333,1668929.4599999997,38.25,106409.48
2024,4,April,South India,Express City Outlet,Home & Living,25,93.0,2627103.37,280237.53716666665,838222.7599999998,31.91,105084.13
2024,9,September,East & Central India,High-Street Retail,Groceries & Pantry,39,115.0,2471673.9799999995,492154.7165,827979.1499999999,33.5,63376.26
2024,5,May,South India,Flagship Mega Mart,Beauty & Personal Care,8,19.0,379460.13,65683.894,107416.48000000001,28.31,47432.52
2024,11,November,South India,Omnichannel Fulfillment Hub,Beauty & Personal Care,25,75.0,1695357.06,351043.55216666666,433560.3600000001,25.57,67814.28
2024,3,March,East & Central India,Omnichannel Fulfillment Hub,Groceries & Pantry,84,260.0,6115219.679999999,754768.2713333331,2204690.53,36.05,72800.23
2024,4,April,South India,Omnichannel Fulfillment Hub,Beauty & Personal Care,36,108.0,2519750.3799999994,380877.1776666666,830512.76,32.96,69993.07
2024,8,August,East & Central India,Omnichannel Fulfillment Hub,Electronics & Gadgets,69,225.0,7269436.390000001,719435.7898333335,2721732.1099999994,37.44,105354.15
2024,1,January,South India,Flagship Mega Mart,Home & Living,22,75.0,2211001.0300000003,200477.00633333327,792636.0399999999,35.85,100500.05
2024,3,March,South India,Express City Outlet,Apparel & Fashion,17,61.0,1543355.43,109272.62066666667,573686.23,37.17,90785.61
2024,12,December,West India,Flagship Mega Mart,Electronics & Gadgets,71,216.0,8435007.490000002,813360.3888333336,2904946.2,34.44,118802.92
2024,12,December,East & Central India,Omnichannel Fulfillment Hub,Beauty & Personal Care,81,258.0,8255616.099999999,913107.341333333,2811953.2699999996,34.06,101921.19
2024,11,November,North India,Flagship Mega Mart,Apparel & Fashion,20,65.0,2502510.7199999993,236002.66633333336,987148.07,39.45,125125.54
2024,8,August,South India,Omnichannel Fulfillment Hub,Electronics & Gadgets,45,166.0,5415817.079999997,679201.0201666666,1847682.5000000005,34.12,120351.49
2024,5,May,West India,Flagship Mega Mart,Electronics & Gadgets,58,179.0,6123748.35,676227.6113333333,2166702.479999999,35.38,105581.87
2024,1,January,South India,Omnichannel Fulfillment Hub,Electronics & Gadgets,31,85.0,3071975.7799999993,337608.67866666673,1110871.8099999998,36.16,99095.99
2024,9,September,West India,Flagship Mega Mart,Apparel & Fashion,67,238.0,8061641.239999999,927723.4685000002,2933575.8800000004,36.39,120323.0
2024,1,January,North East India,High-Street Retail,Apparel & Fashion,40,121.0,4210791.12,453051.97,1405395.2699999998,33.38,105269.78
2024,12,December,North India,High-Street Retail,Electronics & Gadgets,20,61.0,2236788.9499999997,226725.7143333333,696038.46,31.12,111839.45
2024,8,August,West India,Express City Outlet,Apparel & Fashion,16,49.0,1530154.2799999998,172480.66950000002,594868.12,38.88,95634.64
2024,6,June,East & Central India,Flagship Mega Mart,Apparel & Fashion,25,74.0,2324820.8899999997,255620.46083333332,909237.7499999999,39.11,92992.84
2024,11,November,East & Central India,Omnichannel Fulfillment Hub,Groceries & Pantry,79,250.0,5705384.41,669294.4679999998,1982499.3099999996,34.75,72220.06
2024,8,August,East & Central India,Flagship Mega Mart,Home & Living,37,110.0,2190160.62,338143.21183333325,613802.7499999999,28.03,59193.53
2024,10,October,South India,Flagship Mega Mart,Groceries & Pantry,20,60.0,1395617.5499999998,186972.639,522575.57999999996,37.44,69780.88
2024,7,July,West India,Express City Outlet,Beauty & Personal Care,12,39.0,875372.9200000002,96642.13266666664,223980.03000000003,25.59,72947.74
2024,11,November,North India,Omnichannel Fulfillment Hub,Beauty & Personal Care,18,53.0,1757738.2100000002,199974.76683333333,533114.8,30.33,97652.12
2024,8,August,North East India,High-Street Retail,Groceries & Pantry,42,138.0,3438053.130000001,470267.68316666665,1236882.8699999996,35.98,81858.41
2024,6,June,North East India,High-Street Retail,Groceries & Pantry,45,167.0,3738058.540000001,458069.53549999994,1234428.38,33.02,83067.97
2024,9,September,South India,Omnichannel Fulfillment Hub,Apparel & Fashion,37,113.0,3264243.2600000007,424322.5683333332,1115683.25,34.18,88222.79
2024,5,May,West India,High-Street Retail,Beauty & Personal Care,17,59.0,1567868.48,198142.78033333336,407148.28,25.97,92227.56
2024,12,December,North India,Flagship Mega Mart,Electronics & Gadgets,22,65.0,2029211.3000000003,245272.36983333333,728139.3600000001,35.88,92236.88
2024,12,December,South India,Omnichannel Fulfillment Hub,Apparel & Fashion,40,129.0,4401119.100000001,369371.7831666668,1599984.5099999998,36.35,110027.98
2024,10,October,East & Central India,High-Street Retail,Beauty & Personal Care,30,80.0,2506235.8300000005,230089.56350000005,776626.24,30.99,83541.19
2024,11,November,West India,Flagship Mega Mart,Apparel & Fashion,73,255.0,9219391.040000001,835667.4314999997,3588840.8000000007,38.93,126293.03
2024,11,November,North East India,High-Street Retail,Groceries & Pantry,30,107.0,2564914.1500000013,402706.44933333324,860522.1799999999,33.55,85497.14
2024,10,October,South India,Omnichannel Fulfillment Hub,Beauty & Personal Care,32,96.0,2674990.7199999993,320227.2856666667,861804.0700000001,32.22,83593.46
2024,6,June,North India,Omnichannel Fulfillment Hub,Home & Living,26,81.0,2765156.4499999997,285307.488,1026003.9099999998,37.1,106352.17
2024,2,February,East & Central India,Express City Outlet,Home & Living,9,28.0,1033867.78,150497.835,324173.88999999996,31.36,114874.2
2024,9,September,North India,High-Street Retail,Groceries & Pantry,25,86.0,2357218.5000000005,268506.07066666667,941550.9199999999,39.94,94288.74
2024,6,June,South India,Flagship Mega Mart,Electronics & Gadgets,13,44.0,1354276.4000000001,143316.235,399886.4300000001,29.53,104175.11
2024,7,July,North India,High-Street Retail,Groceries & Pantry,14,57.0,1474341.29,152072.34716666664,507291.4,34.41,105310.09
2024,2,February,South India,Flagship Mega Mart,Groceries & Pantry,11,42.0,1154247.24,122369.00749999998,425440.82999999996,36.86,104931.57
2024,6,June,West India,Express City Outlet,Beauty & Personal Care,8,32.0,1002156.27,118525.42349999999,287467.59,28.68,125269.53
2024,1,January,South India,Express City Outlet,Electronics & Gadgets,16,59.0,2194049.1199999996,246902.9423333333,738086.0500000002,33.64,137128.07
2024,9,September,West India,Express City Outlet,Home & Living,16,44.0,1479283.02,132489.51416666666,525316.4099999999,35.51,92455.19
2024,9,September,North East India,Omnichannel Fulfillment Hub,Electronics & Gadgets,25,83.0,2927539.21,365414.46033333335,942698.4499999998,32.2,117101.57
2024,2,February,West India,Express City Outlet,Beauty & Personal Care,21,63.0,1601975.3699999996,228442.36850000004,465722.26999999984,29.07,76284.54
2024,11,November,North East India,Omnichannel Fulfillment Hub,Electronics & Gadgets,23,65.0,2272856.18,227694.3346666667,788271.4500000001,34.68,98819.83
2024,8,August,South India,Express City Outlet,Groceries & Pantry,12,48.0,1262726.2,95889.43250000002,450735.17999999993,35.7,105227.18
2024,2,February,North India,Flagship Mega Mart,Home & Living,25,75.0,2198023.3400000003,277590.2708333332,699289.3600000001,31.81,87920.93
2024,9,September,South India,Flagship Mega Mart,Groceries & Pantry,19,64.0,1318505.1600000001,166089.48366666664,472375.0200000001,35.83,69395.01
2024,1,January,East & Central India,High-Street Retail,Beauty & Personal Care,27,89.0,2589067.0300000007,291175.7063333334,817595.6600000001,31.58,95891.37
2024,2,February,West India,Flagship Mega Mart,Groceries & Pantry,71,243.0,5187179.899999999,686065.9996666665,1763712.6000000003,34.0,73058.87
2024,3,March,West India,Flagship Mega Mart,Beauty & Personal Care,70,202.0,6666236.719999996,589829.2596666669,2377450.680000001,35.66,95231.95
2024,10,October,North India,Flagship Mega Mart,Groceries & Pantry,14,52.0,921240.01,93171.4145,351349.29000000004,38.14,65802.86
2024,6,June,South India,Omnichannel Fulfillment Hub,Apparel & Fashion,36,117.0,4625039.25,430725.7463333333,1730432.5400000003,37.41,128473.31
2024,12,December,South India,Flagship Mega Mart,Home & Living,21,59.0,2032530.39,204575.7358333334,723225.0700000002,35.58,96787.16
2024,12,December,North India,Omnichannel Fulfillment Hub,Beauty & Personal Care,18,58.0,2052057.15,180862.7795,752133.03,36.65,114003.17
2024,3,March,East & Central India,Flagship Mega Mart,Home & Living,33,111.0,3338576.809999999,387397.384,1152160.14,34.51,101168.99
2024,1,January,West India,Flagship Mega Mart,Groceries & Pantry,90,317.0,7441997.469999999,1037028.1905000004,2590796.809999999,34.81,82688.86
2024,11,November,East & Central India,High-Street Retail,Home & Living,36,131.0,4080894.229999999,231484.89100000003,1416109.21,34.7,113358.17
2024,10,October,West India,High-Street Retail,Beauty & Personal Care,14,37.0,812522.72,168522.6825,201041.28000000003,24.74,58037.34
2024,8,August,West India,Flagship Mega Mart,Electronics & Gadgets,64,192.0,7603431.870000004,685225.348,2899209.32,38.13,118803.62
2024,8,August,North India,Omnichannel Fulfillment Hub,Electronics & Gadgets,14,50.0,1905879.16,129135.15116666666,620156.3900000001,32.54,136134.23
2024,11,November,South India,Express City Outlet,Electronics & Gadgets,17,59.0,2080164.0699999998,151301.55683333334,789443.72,37.95,122362.59
2024,8,August,North India,High-Street Retail,Home & Living,20,71.0,1961973.8699999999,209472.82466666665,673527.6200000002,34.33,98098.69
2024,6,June,North East India,Omnichannel Fulfillment Hub,Apparel & Fashion,24,77.0,2589384.83,416089.5718333333,870476.7199999999,33.62,107891.03
2024,4,April,North India,Flagship Mega Mart,Beauty & Personal Care,24,71.0,2054058.7000000004,279534.15349999996,654351.7299999999,31.86,85585.78
2024,6,June,South India,Express City Outlet,Electronics & Gadgets,22,78.0,3084362.6200000006,347696.8983333333,1112187.35,36.06,140198.3
2024,6,June,East & Central India,Express City Outlet,Groceries & Pantry,18,43.0,1179925.5699999998,249574.29450000002,319943.37,27.12,65551.42
2024,5,May,East & Central India,Omnichannel Fulfillment Hub,Apparel & Fashion,75,240.0,8754460.5,1068383.3763333338,3043777.43,34.77,116726.14
2024,10,October,North India,Omnichannel Fulfillment Hub,Beauty & Personal Care,15,50.0,1625169.2699999996,110118.84066666667,533752.5499999999,32.84,108344.62
2024,10,October,West India,Flagship Mega Mart,Apparel & Fashion,72,261.0,8165780.749999999,840071.7668333328,3022383.04,37.01,113413.62
2024,1,January,North East India,Omnichannel Fulfillment Hub,Apparel & Fashion,10,42.0,1681895.1300000001,104181.81600000002,699470.2,41.59,168189.51
2024,4,April,North India,Omnichannel Fulfillment Hub,Groceries & Pantry,15,42.0,1048803.07,121511.85316666667,337010.5699999999,32.13,69920.2
2024,7,July,East & Central India,Omnichannel Fulfillment Hub,Groceries & Pantry,75,246.0,4625817.31,670832.9359999999,1558991.4999999993,33.7,61677.56
2024,9,September,East & Central India,Flagship Mega Mart,Electronics & Gadgets,36,102.0,3218287.3100000005,530691.4521666666,1048186.2299999997,32.57,89396.87
2024,2,February,South India,Express City Outlet,Groceries & Pantry,21,41.0,718819.7000000004,85917.6,239710.16999999995,33.35,34229.51
2024,7,July,South India,Omnichannel Fulfillment Hub,Home & Living,35,121.0,3803728.7199999993,433843.4528333333,1243761.2899999998,32.7,108677.96
2024,1,January,North India,High-Street Retail,Beauty & Personal Care,19,59.0,1588761.0799999998,204743.6901666667,466772.17999999993,29.38,83619.0
2024,5,May,South India,Omnichannel Fulfillment Hub,Apparel & Fashion,42,156.0,6205209.300000001,546216.7649999998,2369138.9100000006,38.18,147743.08
2024,7,July,East & Central India,High-Street Retail,Home & Living,36,126.0,3854459.7000000007,506807.7509999998,1280581.36,33.22,107068.33
2024,12,December,East & Central India,Flagship Mega Mart,Home & Living,32,87.0,2530553.8499999996,276242.68066666665,739122.1600000004,29.21,79079.81
2024,12,December,East & Central India,Express City Outlet,Electronics & Gadgets,13,39.0,1411445.5700000003,150847.93583333332,505265.49999999994,35.8,108572.74
2024,2,February,North India,Omnichannel Fulfillment Hub,Beauty & Personal Care,14,34.0,1053256.88,177712.57983333338,311241.66000000003,29.55,75232.63
2024,9,September,North East India,High-Street Retail,Electronics & Gadgets,37,125.0,4849248.14,526144.4323333333,1790638.0799999998,36.93,131060.76
2024,10,October,North India,High-Street Retail,Beauty & Personal Care,11,53.0,1266104.2799999998,125445.42633333334,380608.38999999996,30.06,115100.39
2024,6,June,North India,High-Street Retail,Groceries & Pantry,22,77.0,2191384.2399999998,230161.8119999999,823451.2200000001,37.58,99608.37
2024,5,May,North East India,Omnichannel Fulfillment Hub,Beauty & Personal Care,17,60.0,2145969.3699999996,234207.28749999998,695542.5599999999,32.41,126233.49
2024,8,August,East & Central India,Express City Outlet,Apparel & Fashion,14,37.0,1008411.4999999999,141054.5495,266764.99,26.45,72029.39
2024,6,June,North India,Flagship Mega Mart,Groceries & Pantry,21,84.0,1631751.8200000005,221946.6003333333,491866.36,30.14,77702.47
2024,11,November,East & Central India,Flagship Mega Mart,Beauty & Personal Care,28,77.0,2600695.74,388784.7163333333,825181.1400000001,31.73,92881.99
2024,3,March,North India,High-Street Retail,Apparel & Fashion,18,72.0,2501369.7,160501.8363333334,1021177.6900000002,40.82,138964.98
2024,5,May,South India,Express City Outlet,Electronics & Gadgets,14,39.0,1676538.64,206698.08233333332,532789.8,31.78,119752.76
2024,7,July,North India,Omnichannel Fulfillment Hub,Groceries & Pantry,13,46.0,1259091.0100000002,157038.7745,429099.32999999996,34.08,96853.15
2024,7,July,West India,High-Street Retail,Home & Living,12,33.0,745374.6100000001,91233.697,247575.41,33.21,62114.55
2024,5,May,North India,High-Street Retail,Electronics & Gadgets,14,46.0,1654277.0099999995,197593.17966666663,548729.67,33.17,118162.64
2024,5,May,West India,Express City Outlet,Beauty & Personal Care,12,35.0,981443.9500000002,77009.17883333332,346865.24,35.34,81787.0
2024,3,March,North East India,Omnichannel Fulfillment Hub,Beauty & Personal Care,18,50.0,1344386.5499999998,161431.05133333328,397131.60000000003,29.54,74688.14
2024,7,July,East & Central India,Express City Outlet,Apparel & Fashion,18,58.0,2253161.8,301012.6451666667,793004.9899999999,35.2,125175.66
2024,11,November,North India,High-Street Retail,Apparel & Fashion,11,39.0,1662893.7900000003,106640.34833333334,719769.8999999999,43.28,151172.16
2024,6,June,West India,High-Street Retail,Apparel & Fashion,17,53.0,1456574.43,181711.32649999997,511820.83999999997,35.14,85680.85
2024,9,September,North India,Omnichannel Fulfillment Hub,Beauty & Personal Care,9,24.0,883825.0100000002,107169.83499999999,309218.6,34.99,98202.78
2024,10,October,East & Central India,Express City Outlet,Home & Living,15,45.0,1358073.63,200643.44699999996,393018.70999999996,28.94,90538.24
2024,10,October,South India,Express City Outlet,Apparel & Fashion,18,66.0,1825621.79,103559.31966666668,542912.74,29.74,101423.43
2024,2,February,North East India,High-Street Retail,Electronics & Gadgets,29,87.0,3086234.160000001,234846.62966666665,1166488.4400000002,37.8,106421.87
2024,1,January,North India,Flagship Mega Mart,Home & Living,16,55.0,1442545.74,157126.9676666667,498988.13999999996,34.59,90159.11
2024,8,August,West India,High-Street Retail,Groceries & Pantry,18,48.0,582575.65,186689.2131666666,89272.43,15.32,32365.31
2024,12,December,North East India,Omnichannel Fulfillment Hub,Electronics & Gadgets,18,42.0,1458785.81,117381.58316666668,511316.94,35.05,81043.66
2024,11,November,West India,High-Street Retail,Beauty & Personal Care,11,38.0,1272710.81,120077.9965,453017.57,35.59,115700.98
2024,4,April,West India,Express City Outlet,Electronics & Gadgets,16,46.0,1608111.0999999999,121700.9308333333,595179.2200000001,37.01,100506.94
