inventory_id,store_id,product_id,stock_on_hand,reorder_point,safety_stock,last_restock_date
INV-IND-000001,STR-IND-0001,PRD-IND-00001,73,26,21,2024-02-28
INV-IND-000002,STR-IND-0001,PRD-IND-00002,425,41,24,2024-09-14
INV-IND-000003,STR-IND-0001,PRD-IND-00003,102,40,34,2024-08-04
INV-IND-000004,STR-IND-0001,PRD-IND-00004,449,54,18,2024-05-20
INV-IND-000005,STR-IND-0001,PRD-IND-00005,361,56,15,2024-07-13
INV-IND-000006,STR-IND-0001,PRD-IND-00006,395,29,19,2024-12-18
INV-IND-000007,STR-IND-0001,PRD-IND-00007,495,47,34,2024-10-26
INV-IND-000008,STR-IND-0001,PRD-IND-00008,458,45,21,2024-11-19
INV-IND-000009,STR-IND-0001,PRD-IND-00009,344,27,23,2024-10-11
INV-IND-000010,STR-IND-0001,PRD-IND-00010,125,60,26,2024-10-14
INV-IND-000011,STR-IND-0001,PRD-IND-00011,343,49,31,2024-11-09
INV-IND-000012,STR-IND-0001,PRD-IND-00012,347,54,30,2024-10-03
INV-IND-000013,STR-IND-0001,PRD-IND-00013,226,60,31,2024-05-09
INV-IND-000014,STR-IND-0001,PRD-IND-00014,127,57,28,2024-11-30
INV-IND-000015,STR-IND-0001,PRD-IND-00015,116,34,20,2024-02-04
INV-IND-000016,STR-IND-0001,PRD-IND-00016,212,28,25,2024-07-01
INV-IND-000017,STR-IND-0001,PRD-IND-00017,342,35,25,2024-10-24
INV-IND-000018,STR-IND-0001,PRD-IND-00018,109,42,15,2024-02-20
INV-IND-000019,STR-IND-0001,PRD-IND-00019,232,36,19,2024-04-02
INV-IND-000020,STR-IND-0001,PRD-IND-00020,468,38,16,2024-04-13
INV-IND-000021,STR-IND-0001,PRD-IND-00021,25,41,21,2024-10-11
INV-IND-000022,STR-IND-0001,PRD-IND-00022,332,43,28,2024-06-16
INV-IND-000023,STR-IND-0001,PRD-IND-00023,48,33,15,2024-06-11
INV-IND-000024,STR-IND-0001,PRD-IND-00024,156,34,20,2024-09-03
INV-IND-000025,STR-IND-0001,PRD-IND-00025,158,48,29,2024-05-14
INV-IND-000026,STR-IND-0001,PRD-IND-00026,180,33,30,2024-04-07
INV-IND-000027,STR-IND-0001,PRD-IND-00027,495,40,16,2024-06-16
INV-IND-000028,STR-IND-0001,PRD-IND-00028,462,27,17,2024-03-18
INV-IND-000029,STR-IND-0001,PRD-IND-00029,58,30,16,2024-12-14
INV-IND-000030,STR-IND-0001,PRD-IND-00030,54,37,18,2024-03-04
INV-IND-000031,STR-IND-0001,PRD-IND-00031,117,37,21,2024-12-22
INV-IND-000032,STR-IND-0001,PRD-IND-00032,85,28,31,2024-03-17
INV-IND-000033,STR-IND-0001,PRD-IND-00033,440,60,26,2024-07-06
INV-IND-000034,STR-IND-0001,PRD-IND-00034,33,55,20,2024-08-02
INV-IND-000035,STR-IND-0001,PRD-IND-00035,60,60,26,2024-08-15
INV-IND-000036,STR-IND-0001,PRD-IND-00036,305,55,17,2024-03-01
INV-IND-000037,STR-IND-0001,PRD-IND-00037,44,37,27,2024-03-28
INV-IND-000038,STR-IND-0001,PRD-IND-00038,450,55,31,2024-05-06
INV-IND-000039,STR-IND-0001,PRD-IND-00039,66,37,29,2024-02-07
INV-IND-000040,STR-IND-0001,PRD-IND-00040,27,55,16,2024-05-16
INV-IND-000041,STR-IND-0001,PRD-IND-00041,241,33,21,2024-08-04
INV-IND-000042,STR-IND-0001,PRD-IND-00042,150,43,20,2024-11-29
INV-IND-000043,STR-IND-0001,PRD-IND-00043,89,59,25,2024-05-04
INV-IND-000044,STR-IND-0001,PRD-IND-00044,26,28,24,2024-10-27
INV-IND-000045,STR-IND-0001,PRD-IND-00045,180,33,34,2024-10-20
INV-IND-000046,STR-IND-0001,PRD-IND-00046,72,31,27,2024-08-17
INV-IND-000047,STR-IND-0001,PRD-IND-00047,235,36,26,2024-11-25
INV-IND-000048,STR-IND-0001,PRD-IND-00048,423,47,23,2024-04-04
INV-IND-000049,STR-IND-0001,PRD-IND-00049,267,28,20,2024-06-28
INV-IND-000050,STR-IND-0001,PRD-IND-00050,10,48,16,2024-04-23
INV-IND-000051,STR-IND-0001,PRD-IND-00051,432,30,31,2024-06-11
INV-IND-000052,STR-IND-0001,PRD-IND-00052,373,36,19,2024-11-08
INV-IND-000053,STR-IND-0001,PRD-IND-00053,345,36,17,2024-01-08
INV-IND-000054,STR-IND-0001,PRD-IND-00054,265,45,29,2024-11-14
INV-IND-000055,STR-IND-0001,PRD-IND-00055,51,33,25,2024-10-22
INV-IND-000056,STR-IND-0001,PRD-IND-00056,330,42,34,2024-07-19
INV-IND-000057,STR-IND-0001,PRD-IND-00057,425,45,26,2024-12-13
INV-IND-000058,STR-IND-0001,PRD-IND-00058,494,46,20,2024-02-13
INV-IND-000059,STR-IND-0001,PRD-IND-00059,64,49,24,2024-06-05
INV-IND-000060,STR-IND-0001,PRD-IND-00060,373,49,27,2024-07-21
INV-IND-000061,STR-IND-0001,PRD-IND-00061,331,29,18,2024-07-13
INV-IND-000062,STR-IND-0001,PRD-IND-00062,201,56,28,2024-08-10
INV-IND-000063,STR-IND-0001,PRD-IND-00063,294,32,31,2024-07-06
INV-IND-000064,STR-IND-0001,PRD-IND-00064,482,46,34,2024-09-13
INV-IND-000065,STR-IND-0001,PRD-IND-00065,14,59,18,2024-08-09
INV-IND-000066,STR-IND-0001,PRD-IND-00066,232,51,22,2024-03-31
INV-IND-000067,STR-IND-0001,PRD-IND-00067,60,50,32,2024-07-04
INV-IND-000068,STR-IND-0001,PRD-IND-00068,83,37,31,2024-04-11
INV-IND-000069,STR-IND-0001,PRD-IND-00069,131,39,17,2024-01-29
INV-IND-000070,STR-IND-0001,PRD-IND-00070,236,26,29,2024-02-22
INV-IND-000071,STR-IND-0001,PRD-IND-00071,129,30,35,2024-05-24
INV-IND-000072,STR-IND-0001,PRD-IND-00072,361,39,20,2024-12-30
INV-IND-000073,STR-IND-0001,PRD-IND-00073,1,56,25,2024-03-15
INV-IND-000074,STR-IND-0001,PRD-IND-00074,273,33,33,2024-10-17
INV-IND-000075,STR-IND-0001,PRD-IND-00075,96,47,18,2024-08-24
INV-IND-000076,STR-IND-0001,PRD-IND-00076,371,26,24,2024-01-08
INV-IND-000077,STR-IND-0001,PRD-IND-00077,333,55,23,2024-07-25
INV-IND-000078,STR-IND-0001,PRD-IND-00078,90,44,30,2024-03-03
INV-IND-000079,STR-IND-0001,PRD-IND-00079,348,31,35,2024-05-07
INV-IND-000080,STR-IND-0001,PRD-IND-00080,290,35,32,2024-11-07
INV-IND-000081,STR-IND-0001,PRD-IND-00081,192,43,15,2024-08-02
INV-IND-000082,STR-IND-0001,PRD-IND-00082,286,36,16,2024-09-25
INV-IND-000083,STR-IND-0001,PRD-IND-00083,176,59,30,2024-09-05
INV-IND-000084,STR-IND-0001,PRD-IND-00084,120,54,29,2024-03-09
INV-IND-000085,STR-IND-0001,PRD-IND-00085,482,54,20,2024-12-10
INV-IND-000086,STR-IND-0001,PRD-IND-00086,72,28,22,2024-01-02
INV-IND-000087,STR-IND-0001,PRD-IND-00087,128,44,24,2024-10-03
INV-IND-000088,STR-IND-0001,PRD-IND-00088,156,47,32,2024-03-02
INV-IND-000089,STR-IND-0001,PRD-IND-00089,8,30,33,2024-03-06
INV-IND-000090,STR-IND-0001,PRD-IND-00090,48,50,16,2024-07-08
INV-IND-000091,STR-IND-0001,PRD-IND-00091,95,35,21,2024-04-02
INV-IND-000092,STR-IND-0001,PRD-IND-00092,105,55,29,2024-03-14
INV-IND-000093,STR-IND-0001,PRD-IND-00093,225,59,33,2024-04-15
INV-IND-000094,STR-IND-0001,PRD-IND-00094,29,32,35,2024-01-30
INV-IND-000095,STR-IND-0001,PRD-IND-00095,44,39,24,2024-03-22
INV-IND-000096,STR-IND-0001,PRD-IND-00096,474,49,22,2024-05-09
INV-IND-000097,STR-IND-0001,PRD-IND-00097,283,55,26,2024-02-10
INV-IND-000098,STR-IND-0001,PRD-IND-00098,17,25,18,2024-04-04
INV-IND-000099,STR-IND-0001,PRD-IND-00099,71,31,35,2024-07-23
INV-IND-000100,STR-IND-0001,PRD-IND-00100,324,48,15,2024-10-29
INV-IND-000101,STR-IND-0001,PRD-IND-00101,420,40,33,2024-11-16
INV-IND-000102,STR-IND-0001,PRD-IND-00102,63,57,18,2024-05-12
INV-IND-000103,STR-IND-0001,PRD-IND-00103,130,31,21,2024-08-28
INV-IND-000104,STR-IND-0001,PRD-IND-00104,391,33,35,2024-02-04
INV-IND-000105,STR-IND-0001,PRD-IND-00105,114,48,25,2024-04-15
INV-IND-000106,STR-IND-0001,PRD-IND-00106,324,45,23,2024-06-19
INV-IND-000107,STR-IND-0001,PRD-IND-00107,188,51,23,2024-12-20
INV-IND-000108,STR-IND-0001,PRD-IND-00108,485,28,26,2024-04-27
INV-IND-000109,STR-IND-0001,PRD-IND-00109,124,50,30,2024-10-02
INV-IND-000110,STR-IND-0001,PRD-IND-00110,401,36,22,2024-02-02
INV-IND-000111,STR-IND-0001,PRD-IND-00111,19,53,28,2024-07-18
INV-IND-000112,STR-IND-0001,PRD-IND-00112,196,50,31,2024-03-26
INV-IND-000113,STR-IND-0001,PRD-IND-00113,227,45,18,2024-11-19
INV-IND-000114,STR-IND-0001,PRD-IND-00114,236,37,35,2024-07-18
INV-IND-000115,STR-IND-0001,PRD-IND-00115,326,41,26,2024-07-21
INV-IND-000116,STR-IND-0001,PRD-IND-00116,11,40,16,2024-10-11
INV-IND-000117,STR-IND-0001,PRD-IND-00117,198,45,26,2024-02-05
INV-IND-000118,STR-IND-0001,PRD-IND-00118,341,26,33,2024-08-22
INV-IND-000119,STR-IND-0001,PRD-IND-00119,7,55,31,2024-07-07
INV-IND-000120,STR-IND-0001,PRD-IND-00120,399,51,20,2024-04-05
INV-IND-000121,STR-IND-0001,PRD-IND-00121,446,52,27,2024-01-20
INV-IND-000122,STR-IND-0001,PRD-IND-00122,433,35,29,2024-02-15
INV-IND-000123,STR-IND-0001,PRD-IND-00123,185,54,34,2024-11-28
INV-IND-000124,STR-IND-0001,PRD-IND-00124,39,47,22,2024-05-11
INV-IND-000125,STR-IND-0001,PRD-IND-00125,192,34,23,2024-01-02
INV-IND-000126,STR-IND-0001,PRD-IND-00126,3,57,32,2024-03-29
INV-IND-000127,STR-IND-0001,PRD-IND-00127,198,39,30,2024-04-12
INV-IND-000128,STR-IND-0001,PRD-IND-00128,251,42,29,2024-05-01
INV-IND-000129,STR-IND-0001,PRD-IND-00129,425,47,27,2024-07-27
INV-IND-000130,STR-IND-0001,PRD-IND-00130,426,37,35,2024-01-07
INV-IND-000131,STR-IND-0001,PRD-IND-00131,261,59,22,2024-07-27
INV-IND-000132,STR-IND-0001,PRD-IND-00132,141,31,31,2024-12-30
INV-IND-000133,STR-IND-0001,PRD-IND-00133,446,40,18,2024-09-04
INV-IND-000134,STR-IND-0001,PRD-IND-00134,9,39,30,2024-11-16
INV-IND-000135,STR-IND-0001,PRD-IND-00135,385,25,23,2024-09-19
INV-IND-000136,STR-IND-0001,PRD-IND-00136,189,48,20,2024-11-16
INV-IND-000137,STR-IND-0001,PRD-IND-00137,212,45,35,2024-01-02
INV-IND-000138,STR-IND-0001,PRD-IND-00138,62,59,19,2024-05-21
INV-IND-000139,STR-IND-0001,PRD-IND-00139,226,48,26,2024-09-22
INV-IND-000140,STR-IND-0001,PRD-IND-00140,289,25,32,2024-07-17
INV-IND-000141,STR-IND-0001,PRD-IND-00141,11,35,24,2024-10-26
INV-IND-000142,STR-IND-0001,PRD-IND-00142,436,25,20,2024-08-25
INV-IND-000143,STR-IND-0001,PRD-IND-00143,189,56,24,2024-03-10
INV-IND-000144,STR-IND-0001,PRD-IND-00144,72,57,27,2024-05-03
INV-IND-000145,STR-IND-0002,PRD-IND-00001,366,30,25,2024-08-12
INV-IND-000146,STR-IND-0002,PRD-IND-00002,367,27,30,2024-07-18
INV-IND-000147,STR-IND-0002,PRD-IND-00003,84,43,30,2024-02-07
INV-IND-000148,STR-IND-0002,PRD-IND-00004,411,44,28,2024-05-15
INV-IND-000149,STR-IND-0002,PRD-IND-00005,281,35,21,2024-12-15
INV-IND-000150,STR-IND-0002,PRD-IND-00006,105,51,21,2024-11-02
INV-IND-000151,STR-IND-0002,PRD-IND-00007,39,44,18,2024-02-26
INV-IND-000152,STR-IND-0002,PRD-IND-00008,403,36,31,2024-12-26
INV-IND-000153,STR-IND-0002,PRD-IND-00009,154,54,22,2024-10-11
INV-IND-000154,STR-IND-0002,PRD-IND-00010,479,41,30,2024-07-19
INV-IND-000155,STR-IND-0002,PRD-IND-00011,216,36,19,2024-12-30
INV-IND-000156,STR-IND-0002,PRD-IND-00012,96,48,29,2024-08-20
INV-IND-000157,STR-IND-0002,PRD-IND-00013,13,42,27,2024-06-17
INV-IND-000158,STR-IND-0002,PRD-IND-00014,353,25,27,2024-07-07
INV-IND-000159,STR-IND-0002,PRD-IND-00015,166,30,19,2024-07-03
INV-IND-000160,STR-IND-0002,PRD-IND-00016,488,49,19,2024-04-27
INV-IND-000161,STR-IND-0002,PRD-IND-00017,11,52,16,2024-03-31
INV-IND-000162,STR-IND-0002,PRD-IND-00018,93,48,30,2024-05-18
INV-IND-000163,STR-IND-0002,PRD-IND-00019,68,51,19,2024-06-01
INV-IND-000164,STR-IND-0002,PRD-IND-00020,162,57,21,2024-02-26
INV-IND-000165,STR-IND-0002,PRD-IND-00021,85,60,25,2024-02-05
INV-IND-000166,STR-IND-0002,PRD-IND-00022,302,37,18,2024-06-08
INV-IND-000167,STR-IND-0002,PRD-IND-00023,161,39,35,2024-05-31
INV-IND-000168,STR-IND-0002,PRD-IND-00024,132,26,34,2024-05-21
INV-IND-000169,STR-IND-0002,PRD-IND-00025,4,39,19,2024-07-27
INV-IND-000170,STR-IND-0002,PRD-IND-00026,425,40,19,2024-03-15
INV-IND-000171,STR-IND-0002,PRD-IND-00027,52,30,24,2024-11-13
INV-IND-000172,STR-IND-0002,PRD-IND-00028,288,25,17,2024-10-22
INV-IND-000173,STR-IND-0002,PRD-IND-00029,399,44,16,2024-04-22
INV-IND-000174,STR-IND-0002,PRD-IND-00030,189,27,22,2024-11-06
INV-IND-000175,STR-IND-0002,PRD-IND-00031,307,44,28,2024-11-15
INV-IND-000176,STR-IND-0002,PRD-IND-00032,412,58,30,2024-03-29
INV-IND-000177,STR-IND-0002,PRD-IND-00033,200,35,33,2024-03-16
INV-IND-000178,STR-IND-0002,PRD-IND-00034,120,59,25,2024-12-16
INV-IND-000179,STR-IND-0002,PRD-IND-00035,146,36,19,2024-11-28
INV-IND-000180,STR-IND-0002,PRD-IND-00036,385,41,28,2024-08-24
INV-IND-000181,STR-IND-0002,PRD-IND-00037,285,41,22,2024-10-22
INV-IND-000182,STR-IND-0002,PRD-IND-00038,187,44,16,2024-06-10
INV-IND-000183,STR-IND-0002,PRD-IND-00039,310,25,18,2024-01-26
INV-IND-000184,STR-IND-0002,PRD-IND-00040,455,49,29,2024-05-06
INV-IND-000185,STR-IND-0002,PRD-IND-00041,446,49,25,2024-05-20
INV-IND-000186,STR-IND-0002,PRD-IND-00042,255,41,18,2024-09-21
INV-IND-000187,STR-IND-0002,PRD-IND-00043,445,52,32,2024-01-17
INV-IND-000188,STR-IND-0002,PRD-IND-00044,320,53,15,2024-07-15
INV-IND-000189,STR-IND-0002,PRD-IND-00045,3,60,21,2024-04-11
INV-IND-000190,STR-IND-0002,PRD-IND-00046,361,44,17,2024-03-18
INV-IND-000191,STR-IND-0002,PRD-IND-00047,195,39,17,2024-07-09
INV-IND-000192,STR-IND-0002,PRD-IND-00048,497,42,24,2024-12-14
INV-IND-000193,STR-IND-0002,PRD-IND-00049,333,52,23,2024-03-24
INV-IND-000194,STR-IND-0002,PRD-IND-00050,432,59,35,2024-05-05
INV-IND-000195,STR-IND-0002,PRD-IND-00051,392,55,24,2024-07-26
INV-IND-000196,STR-IND-0002,PRD-IND-00052,312,46,23,2024-05-03
INV-IND-000197,STR-IND-0002,PRD-IND-00053,89,37,25,2024-05-11
INV-IND-000198,STR-IND-0002,PRD-IND-00054,319,27,15,2024-10-18
INV-IND-000199,STR-IND-0002,PRD-IND-00055,83,55,22,2024-08-06
INV-IND-000200,STR-IND-0002,PRD-IND-00056,349,58,19,2024-02-22
INV-IND-000201,STR-IND-0002,PRD-IND-00057,332,31,30,2024-05-05
INV-IND-000202,STR-IND-0002,PRD-IND-00058,460,27,16,2024-07-11
INV-IND-000203,STR-IND-0002,PRD-IND-00059,176,47,30,2024-09-29
INV-IND-000204,STR-IND-0002,PRD-IND-00060,165,33,24,2024-02-06
INV-IND-000205,STR-IND-0002,PRD-IND-00061,7,60,16,2024-03-14
INV-IND-000206,STR-IND-0002,PRD-IND-00062,151,37,22,2024-08-12
INV-IND-000207,STR-IND-0002,PRD-IND-00063,88,53,32,2024-11-21
INV-IND-000208,STR-IND-0002,PRD-IND-00064,265,57,26,2024-10-20
INV-IND-000209,STR-IND-0002,PRD-IND-00065,30,47,33,2024-03-22
INV-IND-000210,STR-IND-0002,PRD-IND-00066,282,40,35,2024-02-27
INV-IND-000211,STR-IND-0002,PRD-IND-00067,306,35,20,2024-02-11
INV-IND-000212,STR-IND-0002,PRD-IND-00068,315,31,21,2024-02-21
INV-IND-000213,STR-IND-0002,PRD-IND-00069,68,56,16,2024-11-13
INV-IND-000214,STR-IND-0002,PRD-IND-00070,144,57,33,2024-10-21
INV-IND-000215,STR-IND-0002,PRD-IND-00071,285,60,16,2024-04-07
INV-IND-000216,STR-IND-0002,PRD-IND-00072,236,26,15,2024-05-27
INV-IND-000217,STR-IND-0002,PRD-IND-00073,149,32,16,2024-01-18
INV-IND-000218,STR-IND-0002,PRD-IND-00074,11,42,17,2024-02-03
INV-IND-000219,STR-IND-0002,PRD-IND-00075,231,27,28,2024-03-25
INV-IND-000220,STR-IND-0002,PRD-IND-00076,413,36,35,2024-02-05
INV-IND-000221,STR-IND-0002,PRD-IND-00077,242,29,21,2024-03-17
INV-IND-000222,STR-IND-0002,PRD-IND-00078,467,26,33,2024-03-31
INV-IND-000223,STR-IND-0002,PRD-IND-00079,400,50,27,2024-07-15
INV-IND-000224,STR-IND-0002,PRD-IND-00080,118,38,34,2024-06-26
INV-IND-000225,STR-IND-0002,PRD-IND-00081,35,37,21,2024-07-10
INV-IND-000226,STR-IND-0002,PRD-IND-00082,496,47,30,2024-07-31
INV-IND-000227,STR-IND-0002,PRD-IND-00083,4,35,32,2024-02-05
INV-IND-000228,STR-IND-0002,PRD-IND-00084,396,52,20,2024-01-10
INV-IND-000229,STR-IND-0002,PRD-IND-00085,72,37,25,2024-02-12
INV-IND-000230,STR-IND-0002,PRD-IND-00086,447,51,31,2024-02-12
INV-IND-000231,STR-IND-0002,PRD-IND-00087,23,39,33,2024-12-12
INV-IND-000232,STR-IND-0002,PRD-IND-00088,398,53,28,2024-09-25
INV-IND-000233,STR-IND-0002,PRD-IND-00089,80,39,33,2024-01-19
INV-IND-000234,STR-IND-0002,PRD-IND-00090,237,41,32,2024-12-14
INV-IND-000235,STR-IND-0002,PRD-IND-00091,392,25,25,2024-01-15
INV-IND-000236,STR-IND-0002,PRD-IND-00092,379,48,15,2024-11-25
INV-IND-000237,STR-IND-0002,PRD-IND-00093,490,31,19,2024-07-20
INV-IND-000238,STR-IND-0002,PRD-IND-00094,48,27,29,2024-09-04
INV-IND-000239,STR-IND-0002,PRD-IND-00095,323,35,18,2024-06-23
INV-IND-000240,STR-IND-0002,PRD-IND-00096,69,34,17,2024-07-28
INV-IND-000241,STR-IND-0002,PRD-IND-00097,400,42,30,2024-02-29
INV-IND-000242,STR-IND-0002,PRD-IND-00098,36,31,32,2024-06-24
INV-IND-000243,STR-IND-0002,PRD-IND-00099,134,46,24,2024-01-13
INV-IND-000244,STR-IND-0002,PRD-IND-00100,106,41,32,2024-02-07
INV-IND-000245,STR-IND-0002,PRD-IND-00101,345,49,27,2024-07-19
INV-IND-000246,STR-IND-0002,PRD-IND-00102,65,29,34,2024-05-22
INV-IND-000247,STR-IND-0002,PRD-IND-00103,27,42,21,2024-02-05
INV-IND-000248,STR-IND-0002,PRD-IND-00104,338,57,34,2024-02-12
INV-IND-000249,STR-IND-0002,PRD-IND-00105,400,46,27,2024-12-04
INV-IND-000250,STR-IND-0002,PRD-IND-00106,433,27,33,2024-06-08
INV-IND-000251,STR-IND-0002,PRD-IND-00107,72,57,21,2024-05-27
INV-IND-000252,STR-IND-0002,PRD-IND-00108,418,49,16,2024-03-25
INV-IND-000253,STR-IND-0002,PRD-IND-00109,116,51,30,2024-10-01
INV-IND-000254,STR-IND-0002,PRD-IND-00110,261,52,33,2024-06-04
INV-IND-000255,STR-IND-0002,PRD-IND-00111,400,39,23,2024-12-27
INV-IND-000256,STR-IND-0002,PRD-IND-00112,366,27,29,2024-11-20
INV-IND-000257,STR-IND-0002,PRD-IND-00113,379,47,29,2024-06-11
INV-IND-000258,STR-IND-0002,PRD-IND-00114,388,57,34,2024-10-08
INV-IND-000259,STR-IND-0002,PRD-IND-00115,444,40,26,2024-11-17
INV-IND-000260,STR-IND-0002,PRD-IND-00116,480,42,22,2024-09-10
INV-IND-000261,STR-IND-0002,PRD-IND-00117,161,38,35,2024-04-21
INV-IND-000262,STR-IND-0002,PRD-IND-00118,466,57,26,2024-01-09
INV-IND-000263,STR-IND-0002,PRD-IND-00119,206,54,25,2024-02-18
INV-IND-000264,STR-IND-0002,PRD-IND-00120,288,43,22,2024-06-03
INV-IND-000265,STR-IND-0002,PRD-IND-00121,170,55,29,2024-01-06
INV-IND-000266,STR-IND-0002,PRD-IND-00122,48,43,34,2024-03-04
INV-IND-000267,STR-IND-0002,PRD-IND-00123,67,58,16,2024-05-25
INV-IND-000268,STR-IND-0002,PRD-IND-00124,127,34,17,2024-02-28
INV-IND-000269,STR-IND-0002,PRD-IND-00125,500,25,26,2024-09-19
INV-IND-000270,STR-IND-0002,PRD-IND-00126,224,39,31,2024-07-08
INV-IND-000271,STR-IND-0002,PRD-IND-00127,57,56,35,2024-01-21
INV-IND-000272,STR-IND-0002,PRD-IND-00128,325,58,26,2024-05-07
INV-IND-000273,STR-IND-0002,PRD-IND-00129,469,50,23,2024-10-11
INV-IND-000274,STR-IND-0002,PRD-IND-00130,300,47,28,2024-04-06
INV-IND-000275,STR-IND-0002,PRD-IND-00131,125,43,17,2024-11-06
INV-IND-000276,STR-IND-0002,PRD-IND-00132,11,50,35,2024-01-09
INV-IND-000277,STR-IND-0002,PRD-IND-00133,355,56,32,2024-11-05
INV-IND-000278,STR-IND-0002,PRD-IND-00134,403,53,20,2024-04-30
INV-IND-000279,STR-IND-0002,PRD-IND-00135,349,28,20,2024-02-06
INV-IND-000280,STR-IND-0002,PRD-IND-00136,317,52,23,2024-07-18
INV-IND-000281,STR-IND-0002,PRD-IND-00137,139,41,23,2024-09-26
INV-IND-000282,STR-IND-0002,PRD-IND-00138,235,38,26,2024-12-16
INV-IND-000283,STR-IND-0002,PRD-IND-00139,76,29,23,2024-10-05
INV-IND-000284,STR-IND-0002,PRD-IND-00140,426,48,28,2024-06-21
INV-IND-000285,STR-IND-0002,PRD-IND-00141,147,34,18,2024-05-16
INV-IND-000286,STR-IND-0002,PRD-IND-00142,11,40,26,2024-09-26
INV-IND-000287,STR-IND-0002,PRD-IND-00143,196,36,35,2024-03-11
INV-IND-000288,STR-IND-0002,PRD-IND-00144,175,46,28,2024-04-24
INV-IND-000289,STR-IND-0003,PRD-IND-00001,42,60,28,2024-03-16
INV-IND-000290,STR-IND-0003,PRD-IND-00002,214,25,22,2024-07-09
INV-IND-000291,STR-IND-0003,PRD-IND-00003,98,45,20,2024-11-01
INV-IND-000292,STR-IND-0003,PRD-IND-00004,414,45,30,2024-06-21
INV-IND-000293,STR-IND-0003,PRD-IND-00005,468,59,16,2024-06-23
INV-IND-000294,STR-IND-0003,PRD-IND-00006,30,57,32,2024-04-14
INV-IND-000295,STR-IND-0003,PRD-IND-00007,17,27,27,2024-05-14
INV-IND-000296,STR-IND-0003,PRD-IND-00008,411,38,18,2024-02-12
INV-IND-000297,STR-IND-0003,PRD-IND-00009,297,58,20,2024-02-01
INV-IND-000298,STR-IND-0003,PRD-IND-00010,76,46,26,2024-05-18
INV-IND-000299,STR-IND-0003,PRD-IND-00011,203,54,31,2024-11-25
INV-IND-000300,STR-IND-0003,PRD-IND-00012,378,35,18,2024-12-25
INV-IND-000301,STR-IND-0003,PRD-IND-00013,156,57,21,2024-08-06
INV-IND-000302,STR-IND-0003,PRD-IND-00014,305,40,22,2024-04-13
INV-IND-000303,STR-IND-0003,PRD-IND-00015,477,28,32,2024-12-17
INV-IND-000304,STR-IND-0003,PRD-IND-00016,9,42,23,2024-12-06
INV-IND-000305,STR-IND-0003,PRD-IND-00017,226,54,35,2024-04-24
INV-IND-000306,STR-IND-0003,PRD-IND-00018,311,48,34,2024-01-28
INV-IND-000307,STR-IND-0003,PRD-IND-00019,170,46,31,2024-03-05
INV-IND-000308,STR-IND-0003,PRD-IND-00020,231,39,21,2024-01-20
INV-IND-000309,STR-IND-0003,PRD-IND-00021,53,36,30,2024-11-29
INV-IND-000310,STR-IND-0003,PRD-IND-00022,103,56,34,2024-03-24
INV-IND-000311,STR-IND-0003,PRD-IND-00023,78,47,17,2024-12-05
INV-IND-000312,STR-IND-0003,PRD-IND-00024,134,42,34,2024-02-13
INV-IND-000313,STR-IND-0003,PRD-IND-00025,264,47,34,2024-01-26
INV-IND-000314,STR-IND-0003,PRD-IND-00026,134,37,25,2024-02-28
INV-IND-000315,STR-IND-0003,PRD-IND-00027,468,36,29,2024-02-13
INV-IND-000316,STR-IND-0003,PRD-IND-00028,40,54,22,2024-04-30
INV-IND-000317,STR-IND-0003,PRD-IND-00029,222,47,16,2024-01-05
INV-IND-000318,STR-IND-0003,PRD-IND-00030,335,51,32,2024-12-27
INV-IND-000319,STR-IND-0003,PRD-IND-00031,157,35,28,2024-06-21
INV-IND-000320,STR-IND-0003,PRD-IND-00032,141,53,23,2024-05-15
INV-IND-000321,STR-IND-0003,PRD-IND-00033,85,44,30,2024-04-13
INV-IND-000322,STR-IND-0003,PRD-IND-00034,323,43,25,2024-10-04
INV-IND-000323,STR-IND-0003,PRD-IND-00035,475,42,31,2024-01-04
INV-IND-000324,STR-IND-0003,PRD-IND-00036,10,51,18,2024-03-27
INV-IND-000325,STR-IND-0003,PRD-IND-00037,461,59,33,2024-01-15
INV-IND-000326,STR-IND-0003,PRD-IND-00038,468,32,15,2024-11-22
INV-IND-000327,STR-IND-0003,PRD-IND-00039,92,34,30,2024-08-07
INV-IND-000328,STR-IND-0003,PRD-IND-00040,300,53,28,2024-12-27
INV-IND-000329,STR-IND-0003,PRD-IND-00041,426,54,26,2024-01-15
INV-IND-000330,STR-IND-0003,PRD-IND-00042,495,43,35,2024-09-01
INV-IND-000331,STR-IND-0003,PRD-IND-00043,140,37,26,2024-07-16
INV-IND-000332,STR-IND-0003,PRD-IND-00044,17,41,26,2024-05-02
INV-IND-000333,STR-IND-0003,PRD-IND-00045,42,53,17,2024-07-09
INV-IND-000334,STR-IND-0003,PRD-IND-00046,351,40,28,2024-10-28
INV-IND-000335,STR-IND-0003,PRD-IND-00047,188,26,27,2024-05-04
INV-IND-000336,STR-IND-0003,PRD-IND-00048,164,29,17,2024-03-03
INV-IND-000337,STR-IND-0003,PRD-IND-00049,492,45,20,2024-02-18
INV-IND-000338,STR-IND-0003,PRD-IND-00050,162,60,30,2024-06-12
INV-IND-000339,STR-IND-0003,PRD-IND-00051,103,29,29,2024-02-02
INV-IND-000340,STR-IND-0003,PRD-IND-00052,309,38,25,2024-05-14
INV-IND-000341,STR-IND-0003,PRD-IND-00053,332,54,20,2024-12-12
INV-IND-000342,STR-IND-0003,PRD-IND-00054,325,36,33,2024-09-01
INV-IND-000343,STR-IND-0003,PRD-IND-00055,379,36,31,2024-07-05
INV-IND-000344,STR-IND-0003,PRD-IND-00056,397,58,30,2024-02-03
INV-IND-000345,STR-IND-0003,PRD-IND-00057,162,56,24,2024-09-14
INV-IND-000346,STR-IND-0003,PRD-IND-00058,7,45,27,2024-01-12
INV-IND-000347,STR-IND-0003,PRD-IND-00059,395,44,21,2024-01-13
INV-IND-000348,STR-IND-0003,PRD-IND-00060,418,32,34,2024-09-13
INV-IND-000349,STR-IND-0003,PRD-IND-00061,490,30,22,2024-04-24
INV-IND-000350,STR-IND-0003,PRD-IND-00062,20,32,18,2024-02-22
INV-IND-000351,STR-IND-0003,PRD-IND-00063,26,29,28,2024-11-23
INV-IND-000352,STR-IND-0003,PRD-IND-00064,138,55,26,2024-08-01
INV-IND-000353,STR-IND-0003,PRD-IND-00065,420,38,20,2024-12-22
INV-IND-000354,STR-IND-0003,PRD-IND-00066,164,54,27,2024-01-07
INV-IND-000355,STR-IND-0003,PRD-IND-00067,367,60,21,2024-03-25
INV-IND-000356,STR-IND-0003,PRD-IND-00068,238,53,16,2024-10-19
INV-IND-000357,STR-IND-0003,PRD-IND-00069,374,31,30,2024-01-27
INV-IND-000358,STR-IND-0003,PRD-IND-00070,469,36,29,2024-11-12
INV-IND-000359,STR-IND-0003,PRD-IND-00071,212,43,27,2024-04-10
INV-IND-000360,STR-IND-0003,PRD-IND-00072,334,30,16,2024-08-17
INV-IND-000361,STR-IND-0003,PRD-IND-00073,59,59,18,2024-09-16
INV-IND-000362,STR-IND-0003,PRD-IND-00074,133,60,33,2024-09-27
INV-IND-000363,STR-IND-0003,PRD-IND-00075,335,54,29,2024-07-17
INV-IND-000364,STR-IND-0003,PRD-IND-00076,71,39,33,2024-10-30
INV-IND-000365,STR-IND-0003,PRD-IND-00077,78,34,15,2024-07-17
INV-IND-000366,STR-IND-0003,PRD-IND-00078,204,28,28,2024-12-01
INV-IND-000367,STR-IND-0003,PRD-IND-00079,143,35,17,2024-01-24
INV-IND-000368,STR-IND-0003,PRD-IND-00080,173,47,17,2024-12-20
INV-IND-000369,STR-IND-0003,PRD-IND-00081,454,48,35,2024-04-30
INV-IND-000370,STR-IND-0003,PRD-IND-00082,470,30,20,2024-08-10
INV-IND-000371,STR-IND-0003,PRD-IND-00083,404,47,21,2024-05-23
INV-IND-000372,STR-IND-0003,PRD-IND-00084,72,27,34,2024-04-29
INV-IND-000373,STR-IND-0003,PRD-IND-00085,498,42,18,2024-10-23
INV-IND-000374,STR-IND-0003,PRD-IND-00086,335,27,22,2024-04-14
INV-IND-000375,STR-IND-0003,PRD-IND-00087,428,41,33,2024-09-25
INV-IND-000376,STR-IND-0003,PRD-IND-00088,86,56,28,2024-10-23
INV-IND-000377,STR-IND-0003,PRD-IND-00089,363,41,27,2024-05-31
INV-IND-000378,STR-IND-0003,PRD-IND-00090,419,50,18,2024-06-30
INV-IND-000379,STR-IND-0003,PRD-IND-00091,225,41,20,2024-09-03
INV-IND-000380,STR-IND-0003,PRD-IND-00092,236,30,27,2024-01-30
INV-IND-000381,STR-IND-0003,PRD-IND-00093,425,58,34,2024-01-10
INV-IND-000382,STR-IND-0003,PRD-IND-00094,231,25,32,2024-03-09
INV-IND-000383,STR-IND-0003,PRD-IND-00095,293,31,22,2024-12-14
INV-IND-000384,STR-IND-0003,PRD-IND-00096,462,38,23,2024-03-21
INV-IND-000385,STR-IND-0003,PRD-IND-00097,387,43,30,2024-09-07
INV-IND-000386,STR-IND-0003,PRD-IND-00098,181,51,19,2024-12-23
INV-IND-000387,STR-IND-0003,PRD-IND-00099,144,46,29,2024-11-04
INV-IND-000388,STR-IND-0003,PRD-IND-00100,135,25,31,2024-07-29
INV-IND-000389,STR-IND-0003,PRD-IND-00101,490,54,30,2024-03-20
INV-IND-000390,STR-IND-0003,PRD-IND-00102,479,50,27,2024-05-07
INV-IND-000391,STR-IND-0003,PRD-IND-00103,70,44,33,2024-11-24
INV-IND-000392,STR-IND-0003,PRD-IND-00104,316,30,24,2024-08-04
INV-IND-000393,STR-IND-0003,PRD-IND-00105,436,36,17,2024-03-20
INV-IND-000394,STR-IND-0003,PRD-IND-00106,251,46,32,2024-06-11
INV-IND-000395,STR-IND-0003,PRD-IND-00107,373,48,27,2024-09-11
INV-IND-000396,STR-IND-0003,PRD-IND-00108,48,33,31,2024-07-05
INV-IND-000397,STR-IND-0003,PRD-IND-00109,409,43,25,2024-06-01
INV-IND-000398,STR-IND-0003,PRD-IND-00110,309,28,28,2024-05-11
INV-IND-000399,STR-IND-0003,PRD-IND-00111,86,55,33,2024-05-22
INV-IND-000400,STR-IND-0003,PRD-IND-00112,208,45,17,2024-06-29
INV-IND-000401,STR-IND-0003,PRD-IND-00113,77,48,15,2024-07-01
INV-IND-000402,STR-IND-0003,PRD-IND-00114,447,51,29,2024-05-06
INV-IND-000403,STR-IND-0003,PRD-IND-00115,24,45,24,2024-09-17
INV-IND-000404,STR-IND-0003,PRD-IND-00116,20,40,25,2024-09-25
INV-IND-000405,STR-IND-0003,PRD-IND-00117,295,54,30,2024-11-05
INV-IND-000406,STR-IND-0003,PRD-IND-00118,207,37,34,2024-05-10
INV-IND-000407,STR-IND-0003,PRD-IND-00119,180,54,17,2024-12-21
INV-IND-000408,STR-IND-0003,PRD-IND-00120,360,45,22,2024-06-06
INV-IND-000409,STR-IND-0003,PRD-IND-00121,389,43,19,2024-01-18
INV-IND-000410,STR-IND-0003,PRD-IND-00122,147,53,25,2024-12-03
INV-IND-000411,STR-IND-0003,PRD-IND-00123,429,40,26,2024-04-28
INV-IND-000412,STR-IND-0003,PRD-IND-00124,79,54,18,2024-05-15
INV-IND-000413,STR-IND-0003,PRD-IND-00125,3,44,24,2024-01-27
INV-IND-000414,STR-IND-0003,PRD-IND-00126,474,48,22,2024-02-20
INV-IND-000415,STR-IND-0003,PRD-IND-00127,120,40,19,2024-01-26
INV-IND-000416,STR-IND-0003,PRD-IND-00128,337,44,20,2024-07-23
INV-IND-000417,STR-IND-0003,PRD-IND-00129,362,53,31,2024-12-09
INV-IND-000418,STR-IND-0003,PRD-IND-00130,403,42,17,2024-09-13
INV-IND-000419,STR-IND-0003,PRD-IND-00131,479,45,35,2024-05-05
INV-IND-000420,STR-IND-0003,PRD-IND-00132,50,46,32,2024-11-01
INV-IND-000421,STR-IND-0003,PRD-IND-00133,265,45,29,2024-08-12
INV-IND-000422,STR-IND-0003,PRD-IND-00134,197,42,23,2024-03-21
INV-IND-000423,STR-IND-0003,PRD-IND-00135,472,25,19,2024-10-26
INV-IND-000424,STR-IND-0003,PRD-IND-00136,385,26,15,2024-05-09
INV-IND-000425,STR-IND-0003,PRD-IND-00137,299,55,21,2024-12-07
INV-IND-000426,STR-IND-0003,PRD-IND-00138,3,27,19,2024-08-26
INV-IND-000427,STR-IND-0003,PRD-IND-00139,224,50,18,2024-11-23
INV-IND-000428,STR-IND-0003,PRD-IND-00140,473,51,20,2024-03-25
INV-IND-000429,STR-IND-0003,PRD-IND-00141,316,53,30,2024-04-29
INV-IND-000430,STR-IND-0003,PRD-IND-00142,161,26,24,2024-03-05
INV-IND-000431,STR-IND-0003,PRD-IND-00143,14,50,15,2024-04-25
INV-IND-000432,STR-IND-0003,PRD-IND-00144,321,56,25,2024-07-23
INV-IND-000433,STR-IND-0004,PRD-IND-00001,476,36,17,2024-12-26
INV-IND-000434,STR-IND-0004,PRD-IND-00002,228,40,29,2024-02-01
INV-IND-000435,STR-IND-0004,PRD-IND-00003,489,57,20,2024-12-18
INV-IND-000436,STR-IND-0004,PRD-IND-00004,202,47,21,2024-05-12
INV-IND-000437,STR-IND-0004,PRD-IND-00005,269,58,16,2024-03-24
INV-IND-000438,STR-IND-0004,PRD-IND-00006,45,33,20,2024-05-09
INV-IND-000439,STR-IND-0004,PRD-IND-00007,181,38,16,2024-06-28
INV-IND-000440,STR-IND-0004,PRD-IND-00008,113,58,28,2024-03-28
INV-IND-000441,STR-IND-0004,PRD-IND-00009,310,41,25,2024-12-05
INV-IND-000442,STR-IND-0004,PRD-IND-00010,236,45,23,2024-06-15
INV-IND-000443,STR-IND-0004,PRD-IND-00011,427,30,19,2024-06-20
INV-IND-000444,STR-IND-0004,PRD-IND-00012,73,36,29,2024-01-01
INV-IND-000445,STR-IND-0004,PRD-IND-00013,375,56,15,2024-07-18
INV-IND-000446,STR-IND-0004,PRD-IND-00014,181,37,18,2024-08-28
INV-IND-000447,STR-IND-0004,PRD-IND-00015,365,59,18,2024-10-16
INV-IND-000448,STR-IND-0004,PRD-IND-00016,209,59,27,2024-02-17
INV-IND-000449,STR-IND-0004,PRD-IND-00017,106,58,31,2024-10-18
INV-IND-000450,STR-IND-0004,PRD-IND-00018,279,46,18,2024-06-16
INV-IND-000451,STR-IND-0004,PRD-IND-00019,347,56,15,2024-03-30
INV-IND-000452,STR-IND-0004,PRD-IND-00020,38,41,19,2024-01-22
INV-IND-000453,STR-IND-0004,PRD-IND-00021,80,26,23,2024-04-18
INV-IND-000454,STR-IND-0004,PRD-IND-00022,97,29,35,2024-07-23
INV-IND-000455,STR-IND-0004,PRD-IND-00023,417,36,23,2024-01-13
INV-IND-000456,STR-IND-0004,PRD-IND-00024,232,45,21,2024-12-28
INV-IND-000457,STR-IND-0004,PRD-IND-00025,468,28,29,2024-01-03
INV-IND-000458,STR-IND-0004,PRD-IND-00026,10,40,34,2024-10-09
INV-IND-000459,STR-IND-0004,PRD-IND-00027,486,25,35,2024-04-30
INV-IND-000460,STR-IND-0004,PRD-IND-00028,40,36,18,2024-05-22
INV-IND-000461,STR-IND-0004,PRD-IND-00029,156,41,28,2024-06-10
INV-IND-000462,STR-IND-0004,PRD-IND-00030,132,54,31,2024-12-10
INV-IND-000463,STR-IND-0004,PRD-IND-00031,191,49,35,2024-02-25
INV-IND-000464,STR-IND-0004,PRD-IND-00032,326,28,34,2024-07-14
INV-IND-000465,STR-IND-0004,PRD-IND-00033,192,56,15,2024-02-05
INV-IND-000466,STR-IND-0004,PRD-IND-00034,251,31,26,2024-06-11
INV-IND-000467,STR-IND-0004,PRD-IND-00035,423,47,20,2024-09-17
INV-IND-000468,STR-IND-0004,PRD-IND-00036,417,43,24,2024-01-08
INV-IND-000469,STR-IND-0004,PRD-IND-00037,117,53,18,2024-12-30
INV-IND-000470,STR-IND-0004,PRD-IND-00038,220,59,23,2024-09-27
INV-IND-000471,STR-IND-0004,PRD-IND-00039,395,49,28,2024-03-23
INV-IND-000472,STR-IND-0004,PRD-IND-00040,32,49,16,2024-09-10
INV-IND-000473,STR-IND-0004,PRD-IND-00041,301,40,35,2024-02-28
INV-IND-000474,STR-IND-0004,PRD-IND-00042,11,51,28,2024-05-24
INV-IND-000475,STR-IND-0004,PRD-IND-00043,351,42,28,2024-11-09
INV-IND-000476,STR-IND-0004,PRD-IND-00044,181,26,17,2024-12-06
INV-IND-000477,STR-IND-0004,PRD-IND-00045,19,47,35,2024-07-14
INV-IND-000478,STR-IND-0004,PRD-IND-00046,158,36,32,2024-12-30
INV-IND-000479,STR-IND-0004,PRD-IND-00047,81,31,27,2024-02-20
INV-IND-000480,STR-IND-0004,PRD-IND-00048,478,32,33,2024-12-23
INV-IND-000481,STR-IND-0004,PRD-IND-00049,212,40,22,2024-09-30
INV-IND-000482,STR-IND-0004,PRD-IND-00050,86,35,30,2024-10-29
INV-IND-000483,STR-IND-0004,PRD-IND-00051,402,40,34,2024-05-28
INV-IND-000484,STR-IND-0004,PRD-IND-00052,417,57,21,2024-11-15
INV-IND-000485,STR-IND-0004,PRD-IND-00053,104,45,18,2024-10-26
INV-IND-000486,STR-IND-0004,PRD-IND-00054,375,52,19,2024-04-14
INV-IND-000487,STR-IND-0004,PRD-IND-00055,55,59,19,2024-03-19
INV-IND-000488,STR-IND-0004,PRD-IND-00056,48,27,22,2024-09-14
INV-IND-000489,STR-IND-0004,PRD-IND-00057,496,43,29,2024-07-11
INV-IND-000490,STR-IND-0004,PRD-IND-00058,198,53,32,2024-07-11
INV-IND-000491,STR-IND-0004,PRD-IND-00059,116,40,18,2024-09-10
INV-IND-000492,STR-IND-0004,PRD-IND-00060,214,26,26,2024-07-22
INV-IND-000493,STR-IND-0004,PRD-IND-00061,26,52,28,2024-07-22
INV-IND-000494,STR-IND-0004,PRD-IND-00062,224,34,33,2024-02-01
INV-IND-000495,STR-IND-0004,PRD-IND-00063,104,47,16,2024-09-23
INV-IND-000496,STR-IND-0004,PRD-IND-00064,290,33,29,2024-03-04
INV-IND-000497,STR-IND-0004,PRD-IND-00065,346,52,21,2024-03-22
INV-IND-000498,STR-IND-0004,PRD-IND-00066,285,43,16,2024-12-27
INV-IND-000499,STR-IND-0004,PRD-IND-00067,268,59,30,2024-01-14
INV-IND-000500,STR-IND-0004,PRD-IND-00068,341,49,33,2024-04-22
INV-IND-000501,STR-IND-0004,PRD-IND-00069,136,52,30,2024-01-15
INV-IND-000502,STR-IND-0004,PRD-IND-00070,360,30,28,2024-03-25
INV-IND-000503,STR-IND-0004,PRD-IND-00071,302,48,20,2024-05-12
INV-IND-000504,STR-IND-0004,PRD-IND-00072,156,44,19,2024-03-23
INV-IND-000505,STR-IND-0004,PRD-IND-00073,467,26,21,2024-09-22
INV-IND-000506,STR-IND-0004,PRD-IND-00074,173,43,28,2024-10-23
INV-IND-000507,STR-IND-0004,PRD-IND-00075,13,52,32,2024-09-28
INV-IND-000508,STR-IND-0004,PRD-IND-00076,490,54,33,2024-10-20
INV-IND-000509,STR-IND-0004,PRD-IND-00077,123,60,24,2024-11-21
INV-IND-000510,STR-IND-0004,PRD-IND-00078,348,51,32,2024-05-18
INV-IND-000511,STR-IND-0004,PRD-IND-00079,117,28,26,2024-10-29
INV-IND-000512,STR-IND-0004,PRD-IND-00080,364,26,24,2024-05-23
INV-IND-000513,STR-IND-0004,PRD-IND-00081,192,58,17,2024-11-05
INV-IND-000514,STR-IND-0004,PRD-IND-00082,80,39,27,2024-08-23
INV-IND-000515,STR-IND-0004,PRD-IND-00083,261,50,31,2024-11-13
INV-IND-000516,STR-IND-0004,PRD-IND-00084,234,35,29,2024-03-14
INV-IND-000517,STR-IND-0004,PRD-IND-00085,237,42,21,2024-06-12
INV-IND-000518,STR-IND-0004,PRD-IND-00086,4,30,18,2024-09-11
INV-IND-000519,STR-IND-0004,PRD-IND-00087,383,53,19,2024-04-03
INV-IND-000520,STR-IND-0004,PRD-IND-00088,333,28,32,2024-11-17
INV-IND-000521,STR-IND-0004,PRD-IND-00089,109,48,24,2024-04-16
INV-IND-000522,STR-IND-0004,PRD-IND-00090,268,43,24,2024-05-28
INV-IND-000523,STR-IND-0004,PRD-IND-00091,213,52,22,2024-08-27
INV-IND-000524,STR-IND-0004,PRD-IND-00092,134,45,23,2024-11-13
INV-IND-000525,STR-IND-0004,PRD-IND-00093,218,56,22,2024-05-18
INV-IND-000526,STR-IND-0004,PRD-IND-00094,248,53,35,2024-08-01
INV-IND-000527,STR-IND-0004,PRD-IND-00095,459,50,16,2024-04-04
INV-IND-000528,STR-IND-0004,PRD-IND-00096,344,49,34,2024-08-04
INV-IND-000529,STR-IND-0004,PRD-IND-00097,30,57,22,2024-07-22
INV-IND-000530,STR-IND-0004,PRD-IND-00098,29,33,25,2024-04-06
INV-IND-000531,STR-IND-0004,PRD-IND-00099,461,38,27,2024-09-27
INV-IND-000532,STR-IND-0004,PRD-IND-00100,373,26,16,2024-10-25
INV-IND-000533,STR-IND-0004,PRD-IND-00101,364,40,27,2024-06-13
INV-IND-000534,STR-IND-0004,PRD-IND-00102,423,35,18,2024-02-20
INV-IND-000535,STR-IND-0004,PRD-IND-00103,160,37,22,2024-06-30
INV-IND-000536,STR-IND-0004,PRD-IND-00104,393,51,33,2024-04-05
INV-IND-000537,STR-IND-0004,PRD-IND-00105,318,37,26,2024-04-03
INV-IND-000538,STR-IND-0004,PRD-IND-00106,400,54,27,2024-06-08
INV-IND-000539,STR-IND-0004,PRD-IND-00107,74,33,33,2024-03-31
INV-IND-000540,STR-IND-0004,PRD-IND-00108,399,46,17,2024-12-08
INV-IND-000541,STR-IND-0004,PRD-IND-00109,317,38,27,2024-02-14
INV-IND-000542,STR-IND-0004,PRD-IND-00110,390,53,35,2024-12-13
INV-IND-000543,STR-IND-0004,PRD-IND-00111,276,56,19,2024-07-03
INV-IND-000544,STR-IND-0004,PRD-IND-00112,204,45,18,2024-04-21
INV-IND-000545,STR-IND-0004,PRD-IND-00113,383,36,16,2024-06-22
INV-IND-000546,STR-IND-0004,PRD-IND-00114,100,59,33,2024-06-28
INV-IND-000547,STR-IND-0004,PRD-IND-00115,319,40,25,2024-09-28
INV-IND-000548,STR-IND-0004,PRD-IND-00116,332,34,21,2024-01-28
INV-IND-000549,STR-IND-0004,PRD-IND-00117,309,41,34,2024-03-22
INV-IND-000550,STR-IND-0004,PRD-IND-00118,306,57,35,2024-11-09
INV-IND-000551,STR-IND-0004,PRD-IND-00119,219,27,16,2024-05-17
INV-IND-000552,STR-IND-0004,PRD-IND-00120,155,28,32,2024-03-23
INV-IND-000553,STR-IND-0004,PRD-IND-00121,221,55,28,2024-07-18
INV-IND-000554,STR-IND-0004,PRD-IND-00122,400,47,25,2024-10-21
INV-IND-000555,STR-IND-0004,PRD-IND-00123,224,34,21,2024-12-18
INV-IND-000556,STR-IND-0004,PRD-IND-00124,436,25,35,2024-12-15
INV-IND-000557,STR-IND-0004,PRD-IND-00125,77,31,18,2024-10-30
INV-IND-000558,STR-IND-0004,PRD-IND-00126,309,41,21,2024-09-09
INV-IND-000559,STR-IND-0004,PRD-IND-00127,224,45,33,2024-08-06
INV-IND-000560,STR-IND-0004,PRD-IND-00128,71,43,17,2024-01-13
INV-IND-000561,STR-IND-0004,PRD-IND-00129,490,32,27,2024-11-19
INV-IND-000562,STR-IND-0004,PRD-IND-00130,179,60,30,2024-01-16
INV-IND-000563,STR-IND-0004,PRD-IND-00131,29,35,22,2024-05-02
INV-IND-000564,STR-IND-0004,PRD-IND-00132,383,58,21,2024-10-08
INV-IND-000565,STR-IND-0004,PRD-IND-00133,220,30,25,2024-02-23
INV-IND-000566,STR-IND-0004,PRD-IND-00134,383,48,25,2024-10-05
INV-IND-000567,STR-IND-0004,PRD-IND-00135,73,44,21,2024-04-24
INV-IND-000568,STR-IND-0004,PRD-IND-00136,70,53,15,2024-03-30
INV-IND-000569,STR-IND-0004,PRD-IND-00137,147,47,23,2024-05-19
INV-IND-000570,STR-IND-0004,PRD-IND-00138,439,41,21,2024-05-06
INV-IND-000571,STR-IND-0004,PRD-IND-00139,49,59,15,2024-07-27
INV-IND-000572,STR-IND-0004,PRD-IND-00140,459,58,26,2024-06-17
INV-IND-000573,STR-IND-0004,PRD-IND-00141,205,47,24,2024-08-03
INV-IND-000574,STR-IND-0004,PRD-IND-00142,34,59,28,2024-02-01
INV-IND-000575,STR-IND-0004,PRD-IND-00143,76,45,31,2024-12-16
INV-IND-000576,STR-IND-0004,PRD-IND-00144,69,42,30,2024-06-22
INV-IND-000577,STR-IND-0005,PRD-IND-00001,237,42,16,2024-11-17
INV-IND-000578,STR-IND-0005,PRD-IND-00002,372,28,22,2024-06-26
INV-IND-000579,STR-IND-0005,PRD-IND-00003,144,35,27,2024-05-16
INV-IND-000580,STR-IND-0005,PRD-IND-00004,256,37,16,2024-09-14
INV-IND-000581,STR-IND-0005,PRD-IND-00005,462,33,21,2024-11-19
INV-IND-000582,STR-IND-0005,PRD-IND-00006,458,56,35,2024-09-21
INV-IND-000583,STR-IND-0005,PRD-IND-00007,138,45,22,2024-07-21
INV-IND-000584,STR-IND-0005,PRD-IND-00008,29,49,29,2024-03-16
INV-IND-000585,STR-IND-0005,PRD-IND-00009,195,32,31,2024-04-24
INV-IND-000586,STR-IND-0005,PRD-IND-00010,139,37,17,2024-02-21
INV-IND-000587,STR-IND-0005,PRD-IND-00011,464,39,33,2024-05-30
INV-IND-000588,STR-IND-0005,PRD-IND-00012,336,35,27,2024-09-22
INV-IND-000589,STR-IND-0005,PRD-IND-00013,186,25,34,2024-05-22
INV-IND-000590,STR-IND-0005,PRD-IND-00014,405,60,22,2024-01-02
INV-IND-000591,STR-IND-0005,PRD-IND-00015,277,42,25,2024-09-04
INV-IND-000592,STR-IND-0005,PRD-IND-00016,500,55,23,2024-11-26
INV-IND-000593,STR-IND-0005,PRD-IND-00017,60,54,31,2024-09-23
INV-IND-000594,STR-IND-0005,PRD-IND-00018,301,33,23,2024-04-24
INV-IND-000595,STR-IND-0005,PRD-IND-00019,121,37,32,2024-09-09
INV-IND-000596,STR-IND-0005,PRD-IND-00020,317,32,30,2024-05-25
INV-IND-000597,STR-IND-0005,PRD-IND-00021,345,29,34,2024-03-22
INV-IND-000598,STR-IND-0005,PRD-IND-00022,179,58,26,2024-12-03
INV-IND-000599,STR-IND-0005,PRD-IND-00023,229,55,23,2024-02-12
INV-IND-000600,STR-IND-0005,PRD-IND-00024,293,40,25,2024-11-22
INV-IND-000601,STR-IND-0005,PRD-IND-00025,97,38,16,2024-12-21
INV-IND-000602,STR-IND-0005,PRD-IND-00026,391,47,23,2024-10-28
INV-IND-000603,STR-IND-0005,PRD-IND-00027,260,38,25,2024-06-06
INV-IND-000604,STR-IND-0005,PRD-IND-00028,177,43,16,2024-01-28
INV-IND-000605,STR-IND-0005,PRD-IND-00029,82,57,21,2024-08-19
INV-IND-000606,STR-IND-0005,PRD-IND-00030,321,53,24,2024-08-27
INV-IND-000607,STR-IND-0005,PRD-IND-00031,496,40,18,2024-11-29
INV-IND-000608,STR-IND-0005,PRD-IND-00032,367,28,24,2024-05-28
INV-IND-000609,STR-IND-0005,PRD-IND-00033,482,40,29,2024-03-18
INV-IND-000610,STR-IND-0005,PRD-IND-00034,353,48,34,2024-08-31
INV-IND-000611,STR-IND-0005,PRD-IND-00035,89,27,19,2024-06-16
INV-IND-000612,STR-IND-0005,PRD-IND-00036,382,46,30,2024-09-11
INV-IND-000613,STR-IND-0005,PRD-IND-00037,218,36,33,2024-04-03
INV-IND-000614,STR-IND-0005,PRD-IND-00038,306,26,21,2024-09-21
INV-IND-000615,STR-IND-0005,PRD-IND-00039,98,48,26,2024-05-20
INV-IND-000616,STR-IND-0005,PRD-IND-00040,470,50,30,2024-10-21
INV-IND-000617,STR-IND-0005,PRD-IND-00041,253,55,28,2024-07-17
INV-IND-000618,STR-IND-0005,PRD-IND-00042,216,40,28,2024-02-20
INV-IND-000619,STR-IND-0005,PRD-IND-00043,80,41,21,2024-01-01
INV-IND-000620,STR-IND-0005,PRD-IND-00044,203,49,32,2024-07-15
INV-IND-000621,STR-IND-0005,PRD-IND-00045,126,57,26,2024-12-21
INV-IND-000622,STR-IND-0005,PRD-IND-00046,95,25,31,2024-07-12
INV-IND-000623,STR-IND-0005,PRD-IND-00047,162,33,26,2024-03-13
INV-IND-000624,STR-IND-0005,PRD-IND-00048,238,37,20,2024-12-01
INV-IND-000625,STR-IND-0005,PRD-IND-00049,191,53,25,2024-11-30
INV-IND-000626,STR-IND-0005,PRD-IND-00050,323,46,18,2024-08-31
INV-IND-000627,STR-IND-0005,PRD-IND-00051,62,53,35,2024-01-12
INV-IND-000628,STR-IND-0005,PRD-IND-00052,202,39,29,2024-06-04
INV-IND-000629,STR-IND-0005,PRD-IND-00053,359,55,35,2024-05-26
INV-IND-000630,STR-IND-0005,PRD-IND-00054,477,43,32,2024-08-30
INV-IND-000631,STR-IND-0005,PRD-IND-00055,169,57,27,2024-10-28
INV-IND-000632,STR-IND-0005,PRD-IND-00056,421,53,20,2024-02-17
INV-IND-000633,STR-IND-0005,PRD-IND-00057,251,28,35,2024-06-01
INV-IND-000634,STR-IND-0005,PRD-IND-00058,461,56,25,2024-04-08
INV-IND-000635,STR-IND-0005,PRD-IND-00059,317,58,15,2024-12-23
INV-IND-000636,STR-IND-0005,PRD-IND-00060,450,33,31,2024-09-24
INV-IND-000637,STR-IND-0005,PRD-IND-00061,467,50,18,2024-05-12
INV-IND-000638,STR-IND-0005,PRD-IND-00062,327,41,26,2024-08-03
INV-IND-000639,STR-IND-0005,PRD-IND-00063,316,58,33,2024-11-12
INV-IND-000640,STR-IND-0005,PRD-IND-00064,448,46,31,2024-08-24
INV-IND-000641,STR-IND-0005,PRD-IND-00065,408,32,32,2024-06-24
INV-IND-000642,STR-IND-0005,PRD-IND-00066,65,40,33,2024-04-14
INV-IND-000643,STR-IND-0005,PRD-IND-00067,224,34,26,2024-08-22
INV-IND-000644,STR-IND-0005,PRD-IND-00068,470,53,29,2024-01-29
INV-IND-000645,STR-IND-0005,PRD-IND-00069,356,60,30,2024-12-11
INV-IND-000646,STR-IND-0005,PRD-IND-00070,288,44,30,2024-05-06
INV-IND-000647,STR-IND-0005,PRD-IND-00071,55,40,35,2024-03-17
INV-IND-000648,STR-IND-0005,PRD-IND-00072,212,33,25,2024-08-22
INV-IND-000649,STR-IND-0005,PRD-IND-00073,148,41,30,2024-04-30
INV-IND-000650,STR-IND-0005,PRD-IND-00074,413,33,22,2024-07-30
INV-IND-000651,STR-IND-0005,PRD-IND-00075,43,39,15,2024-07-08
INV-IND-000652,STR-IND-0005,PRD-IND-00076,119,50,32,2024-10-05
INV-IND-000653,STR-IND-0005,PRD-IND-00077,0,53,35,2024-04-28
INV-IND-000654,STR-IND-0005,PRD-IND-00078,13,54,27,2024-10-26
INV-IND-000655,STR-IND-0005,PRD-IND-00079,355,49,33,2024-11-10
INV-IND-000656,STR-IND-0005,PRD-IND-00080,26,51,34,2024-02-26
INV-IND-000657,STR-IND-0005,PRD-IND-00081,59,58,31,2024-03-05
INV-IND-000658,STR-IND-0005,PRD-IND-00082,448,36,22,2024-09-04
INV-IND-000659,STR-IND-0005,PRD-IND-00083,371,58,22,2024-10-08
INV-IND-000660,STR-IND-0005,PRD-IND-00084,485,52,22,2024-02-27
INV-IND-000661,STR-IND-0005,PRD-IND-00085,220,35,18,2024-06-02
INV-IND-000662,STR-IND-0005,PRD-IND-00086,255,41,29,2024-01-15
INV-IND-000663,STR-IND-0005,PRD-IND-00087,112,30,26,2024-06-27
INV-IND-000664,STR-IND-0005,PRD-IND-00088,410,59,29,2024-02-24
INV-IND-000665,STR-IND-0005,PRD-IND-00089,368,53,24,2024-11-17
INV-IND-000666,STR-IND-0005,PRD-IND-00090,189,42,18,2024-08-26
INV-IND-000667,STR-IND-0005,PRD-IND-00091,121,43,24,2024-07-10
INV-IND-000668,STR-IND-0005,PRD-IND-00092,125,60,15,2024-01-28
INV-IND-000669,STR-IND-0005,PRD-IND-00093,105,46,33,2024-05-06
INV-IND-000670,STR-IND-0005,PRD-IND-00094,344,41,28,2024-12-26
INV-IND-000671,STR-IND-0005,PRD-IND-00095,120,57,35,2024-06-02
INV-IND-000672,STR-IND-0005,PRD-IND-00096,431,28,28,2024-01-08
INV-IND-000673,STR-IND-0005,PRD-IND-00097,42,43,27,2024-09-25
INV-IND-000674,STR-IND-0005,PRD-IND-00098,8,26,34,2024-01-28
INV-IND-000675,STR-IND-0005,PRD-IND-00099,203,33,20,2024-07-25
INV-IND-000676,STR-IND-0005,PRD-IND-00100,136,30,17,2024-07-06
INV-IND-000677,STR-IND-0005,PRD-IND-00101,264,58,28,2024-10-03
INV-IND-000678,STR-IND-0005,PRD-IND-00102,213,33,21,2024-12-19
INV-IND-000679,STR-IND-0005,PRD-IND-00103,191,49,30,2024-05-13
INV-IND-000680,STR-IND-0005,PRD-IND-00104,239,41,35,2024-02-07
INV-IND-000681,STR-IND-0005,PRD-IND-00105,202,46,27,2024-08-29
INV-IND-000682,STR-IND-0005,PRD-IND-00106,92,43,28,2024-05-26
INV-IND-000683,STR-IND-0005,PRD-IND-00107,86,27,29,2024-12-27
INV-IND-000684,STR-IND-0005,PRD-IND-00108,262,37,17,2024-09-19
INV-IND-000685,STR-IND-0005,PRD-IND-00109,151,60,28,2024-04-06
INV-IND-000686,STR-IND-0005,PRD-IND-00110,131,42,15,2024-09-27
INV-IND-000687,STR-IND-0005,PRD-IND-00111,408,59,22,2024-07-13
INV-IND-000688,STR-IND-0005,PRD-IND-00112,9,38,29,2024-11-18
INV-IND-000689,STR-IND-0005,PRD-IND-00113,309,32,23,2024-11-30
INV-IND-000690,STR-IND-0005,PRD-IND-00114,425,35,17,2024-07-27
INV-IND-000691,STR-IND-0005,PRD-IND-00115,12,54,30,2024-02-12
INV-IND-000692,STR-IND-0005,PRD-IND-00116,311,25,18,2024-10-18
INV-IND-000693,STR-IND-0005,PRD-IND-00117,134,45,15,2024-01-11
INV-IND-000694,STR-IND-0005,PRD-IND-00118,485,56,26,2024-02-18
INV-IND-000695,STR-IND-0005,PRD-IND-00119,49,49,26,2024-10-31
INV-IND-000696,STR-IND-0005,PRD-IND-00120,220,28,28,2024-12-19
INV-IND-000697,STR-IND-0005,PRD-IND-00121,105,50,32,2024-06-15
INV-IND-000698,STR-IND-0005,PRD-IND-00122,349,30,22,2024-10-17
INV-IND-000699,STR-IND-0005,PRD-IND-00123,267,57,15,2024-05-23
INV-IND-000700,STR-IND-0005,PRD-IND-00124,245,47,30,2024-03-27
INV-IND-000701,STR-IND-0005,PRD-IND-00125,29,48,17,2024-11-27
INV-IND-000702,STR-IND-0005,PRD-IND-00126,178,33,23,2024-05-02
INV-IND-000703,STR-IND-0005,PRD-IND-00127,107,47,23,2024-12-20
INV-IND-000704,STR-IND-0005,PRD-IND-00128,388,59,31,2024-04-02
INV-IND-000705,STR-IND-0005,PRD-IND-00129,4,36,26,2024-08-20
INV-IND-000706,STR-IND-0005,PRD-IND-00130,184,60,23,2024-11-28
INV-IND-000707,STR-IND-0005,PRD-IND-00131,415,25,15,2024-12-26
INV-IND-000708,STR-IND-0005,PRD-IND-00132,413,55,33,2024-09-05
INV-IND-000709,STR-IND-0005,PRD-IND-00133,316,30,23,2024-09-09
INV-IND-000710,STR-IND-0005,PRD-IND-00134,271,44,25,2024-03-28
INV-IND-000711,STR-IND-0005,PRD-IND-00135,147,41,19,2024-01-10
INV-IND-000712,STR-IND-0005,PRD-IND-00136,50,51,23,2024-06-18
INV-IND-000713,STR-IND-0005,PRD-IND-00137,183,39,15,2024-07-01
INV-IND-000714,STR-IND-0005,PRD-IND-00138,1,31,21,2024-05-30
INV-IND-000715,STR-IND-0005,PRD-IND-00139,155,43,23,2024-08-10
INV-IND-000716,STR-IND-0005,PRD-IND-00140,15,33,30,2024-12-04
INV-IND-000717,STR-IND-0005,PRD-IND-00141,458,52,23,2024-07-06
INV-IND-000718,STR-IND-0005,PRD-IND-00142,111,55,21,2024-08-20
INV-IND-000719,STR-IND-0005,PRD-IND-00143,496,30,34,2024-07-19
INV-IND-000720,STR-IND-0005,PRD-IND-00144,436,50,21,2024-12-10
INV-IND-000721,STR-IND-0006,PRD-IND-00001,328,49,26,2024-01-11
INV-IND-000722,STR-IND-0006,PRD-IND-00002,356,51,29,2024-05-31
INV-IND-000723,STR-IND-0006,PRD-IND-00003,270,29,35,2024-02-09
INV-IND-000724,STR-IND-0006,PRD-IND-00004,471,50,18,2024-10-27
INV-IND-000725,STR-IND-0006,PRD-IND-00005,197,35,27,2024-10-02
INV-IND-000726,STR-IND-0006,PRD-IND-00006,487,36,30,2024-07-03
INV-IND-000727,STR-IND-0006,PRD-IND-00007,53,27,23,2024-01-03
INV-IND-000728,STR-IND-0006,PRD-IND-00008,83,56,30,2024-07-04
INV-IND-000729,STR-IND-0006,PRD-IND-00009,386,51,34,2024-06-29
INV-IND-000730,STR-IND-0006,PRD-IND-00010,251,51,28,2024-01-26
INV-IND-000731,STR-IND-0006,PRD-IND-00011,208,56,18,2024-12-27
INV-IND-000732,STR-IND-0006,PRD-IND-00012,171,54,34,2024-05-01
INV-IND-000733,STR-IND-0006,PRD-IND-00013,354,30,25,2024-08-20
INV-IND-000734,STR-IND-0006,PRD-IND-00014,354,33,31,2024-08-23
INV-IND-000735,STR-IND-0006,PRD-IND-00015,336,33,27,2024-07-02
INV-IND-000736,STR-IND-0006,PRD-IND-00016,110,25,29,2024-11-01
INV-IND-000737,STR-IND-0006,PRD-IND-00017,372,58,19,2024-07-01
INV-IND-000738,STR-IND-0006,PRD-IND-00018,440,40,21,2024-09-09
INV-IND-000739,STR-IND-0006,PRD-IND-00019,221,27,35,2024-11-08
INV-IND-000740,STR-IND-0006,PRD-IND-00020,13,60,31,2024-07-29
INV-IND-000741,STR-IND-0006,PRD-IND-00021,119,44,32,2024-09-03
INV-IND-000742,STR-IND-0006,PRD-IND-00022,423,54,31,2024-12-05
INV-IND-000743,STR-IND-0006,PRD-IND-00023,201,53,26,2024-10-29
INV-IND-000744,STR-IND-0006,PRD-IND-00024,204,34,33,2024-03-04
INV-IND-000745,STR-IND-0006,PRD-IND-00025,352,31,28,2024-08-01
INV-IND-000746,STR-IND-0006,PRD-IND-00026,27,43,23,2024-03-17
INV-IND-000747,STR-IND-0006,PRD-IND-00027,331,58,30,2024-09-26
INV-IND-000748,STR-IND-0006,PRD-IND-00028,23,38,24,2024-10-08
INV-IND-000749,STR-IND-0006,PRD-IND-00029,441,42,31,2024-05-24
INV-IND-000750,STR-IND-0006,PRD-IND-00030,474,30,21,2024-10-01
INV-IND-000751,STR-IND-0006,PRD-IND-00031,117,58,29,2024-09-22
INV-IND-000752,STR-IND-0006,PRD-IND-00032,122,48,18,2024-02-08
INV-IND-000753,STR-IND-0006,PRD-IND-00033,69,55,31,2024-08-02
INV-IND-000754,STR-IND-0006,PRD-IND-00034,349,43,16,2024-07-04
INV-IND-000755,STR-IND-0006,PRD-IND-00035,167,27,28,2024-08-16
INV-IND-000756,STR-IND-0006,PRD-IND-00036,381,51,15,2024-02-24
INV-IND-000757,STR-IND-0006,PRD-IND-00037,122,47,18,2024-11-07
INV-IND-000758,STR-IND-0006,PRD-IND-00038,114,31,21,2024-12-28
INV-IND-000759,STR-IND-0006,PRD-IND-00039,98,37,32,2024-07-11
INV-IND-000760,STR-IND-0006,PRD-IND-00040,468,34,31,2024-05-27
INV-IND-000761,STR-IND-0006,PRD-IND-00041,199,27,19,2024-11-10
INV-IND-000762,STR-IND-0006,PRD-IND-00042,458,43,34,2024-11-05
INV-IND-000763,STR-IND-0006,PRD-IND-00043,7,54,17,2024-11-27
INV-IND-000764,STR-IND-0006,PRD-IND-00044,278,50,33,2024-07-25
INV-IND-000765,STR-IND-0006,PRD-IND-00045,306,37,19,2024-08-13
INV-IND-000766,STR-IND-0006,PRD-IND-00046,419,58,21,2024-07-13
INV-IND-000767,STR-IND-0006,PRD-IND-00047,296,28,33,2024-06-04
INV-IND-000768,STR-IND-0006,PRD-IND-00048,292,43,22,2024-09-21
INV-IND-000769,STR-IND-0006,PRD-IND-00049,390,33,31,2024-05-22
INV-IND-000770,STR-IND-0006,PRD-IND-00050,499,29,28,2024-09-10
INV-IND-000771,STR-IND-0006,PRD-IND-00051,313,27,16,2024-07-02
INV-IND-000772,STR-IND-0006,PRD-IND-00052,141,29,22,2024-02-16
INV-IND-000773,STR-IND-0006,PRD-IND-00053,177,56,21,2024-01-10
INV-IND-000774,STR-IND-0006,PRD-IND-00054,150,29,28,2024-02-11
INV-IND-000775,STR-IND-0006,PRD-IND-00055,352,59,34,2024-12-14
INV-IND-000776,STR-IND-0006,PRD-IND-00056,318,30,29,2024-06-12
INV-IND-000777,STR-IND-0006,PRD-IND-00057,173,35,27,2024-04-11
INV-IND-000778,STR-IND-0006,PRD-IND-00058,486,27,29,2024-08-31
INV-IND-000779,STR-IND-0006,PRD-IND-00059,377,35,24,2024-04-13
INV-IND-000780,STR-IND-0006,PRD-IND-00060,215,43,24,2024-02-06
INV-IND-000781,STR-IND-0006,PRD-IND-00061,426,34,20,2024-11-03
INV-IND-000782,STR-IND-0006,PRD-IND-00062,298,53,20,2024-03-02
INV-IND-000783,STR-IND-0006,PRD-IND-00063,493,56,17,2024-01-05
INV-IND-000784,STR-IND-0006,PRD-IND-00064,306,41,25,2024-09-08
INV-IND-000785,STR-IND-0006,PRD-IND-00065,203,44,26,2024-04-27
INV-IND-000786,STR-IND-0006,PRD-IND-00066,160,44,16,2024-12-29
INV-IND-000787,STR-IND-0006,PRD-IND-00067,461,37,28,2024-06-06
INV-IND-000788,STR-IND-0006,PRD-IND-00068,266,29,27,2024-06-26
INV-IND-000789,STR-IND-0006,PRD-IND-00069,181,26,32,2024-03-17
INV-IND-000790,STR-IND-0006,PRD-IND-00070,4,40,28,2024-04-04
INV-IND-000791,STR-IND-0006,PRD-IND-00071,332,35,32,2024-09-24
INV-IND-000792,STR-IND-0006,PRD-IND-00072,217,44,20,2024-09-20
INV-IND-000793,STR-IND-0006,PRD-IND-00073,291,52,31,2024-11-26
INV-IND-000794,STR-IND-0006,PRD-IND-00074,297,52,29,2024-02-04
INV-IND-000795,STR-IND-0006,PRD-IND-00075,388,59,34,2024-08-30
INV-IND-000796,STR-IND-0006,PRD-IND-00076,47,57,24,2024-06-09
INV-IND-000797,STR-IND-0006,PRD-IND-00077,299,36,32,2024-10-20
INV-IND-000798,STR-IND-0006,PRD-IND-00078,95,35,16,2024-04-16
INV-IND-000799,STR-IND-0006,PRD-IND-00079,349,54,15,2024-03-06
INV-IND-000800,STR-IND-0006,PRD-IND-00080,350,43,17,2024-01-01
INV-IND-000801,STR-IND-0006,PRD-IND-00081,97,41,24,2024-01-13
INV-IND-000802,STR-IND-0006,PRD-IND-00082,151,53,31,2024-12-22
INV-IND-000803,STR-IND-0006,PRD-IND-00083,116,55,27,2024-07-29
INV-IND-000804,STR-IND-0006,PRD-IND-00084,237,42,20,2024-09-13
INV-IND-000805,STR-IND-0006,PRD-IND-00085,478,57,20,2024-04-06
INV-IND-000806,STR-IND-0006,PRD-IND-00086,450,40,30,2024-06-19
INV-IND-000807,STR-IND-0006,PRD-IND-00087,221,39,15,2024-08-22
INV-IND-000808,STR-IND-0006,PRD-IND-00088,257,27,31,2024-08-24
INV-IND-000809,STR-IND-0006,PRD-IND-00089,455,51,15,2024-01-06
INV-IND-000810,STR-IND-0006,PRD-IND-00090,275,32,20,2024-05-10
INV-IND-000811,STR-IND-0006,PRD-IND-00091,8,32,20,2024-09-13
INV-IND-000812,STR-IND-0006,PRD-IND-00092,401,33,27,2024-06-17
INV-IND-000813,STR-IND-0006,PRD-IND-00093,251,37,24,2024-07-06
INV-IND-000814,STR-IND-0006,PRD-IND-00094,430,53,21,2024-02-25
INV-IND-000815,STR-IND-0006,PRD-IND-00095,49,45,34,2024-03-14
INV-IND-000816,STR-IND-0006,PRD-IND-00096,462,39,22,2024-11-24
INV-IND-000817,STR-IND-0006,PRD-IND-00097,95,42,31,2024-07-26
INV-IND-000818,STR-IND-0006,PRD-IND-00098,409,43,25,2024-02-20
INV-IND-000819,STR-IND-0006,PRD-IND-00099,306,30,30,2024-08-04
INV-IND-000820,STR-IND-0006,PRD-IND-00100,15,36,23,2024-02-08
INV-IND-000821,STR-IND-0006,PRD-IND-00101,221,35,27,2024-08-06
INV-IND-000822,STR-IND-0006,PRD-IND-00102,492,44,31,2024-10-15
INV-IND-000823,STR-IND-0006,PRD-IND-00103,270,34,23,2024-10-17
INV-IND-000824,STR-IND-0006,PRD-IND-00104,327,55,15,2024-08-05
INV-IND-000825,STR-IND-0006,PRD-IND-00105,27,55,35,2024-10-19
INV-IND-000826,STR-IND-0006,PRD-IND-00106,95,55,26,2024-01-04
INV-IND-000827,STR-IND-0006,PRD-IND-00107,16,46,28,2024-01-20
INV-IND-000828,STR-IND-0006,PRD-IND-00108,336,35,34,2024-07-19
INV-IND-000829,STR-IND-0006,PRD-IND-00109,360,35,16,2024-08-05
INV-IND-000830,STR-IND-0006,PRD-IND-00110,200,36,26,2024-05-03
INV-IND-000831,STR-IND-0006,PRD-IND-00111,403,34,35,2024-04-02
INV-IND-000832,STR-IND-0006,PRD-IND-00112,407,52,24,2024-11-15
INV-IND-000833,STR-IND-0006,PRD-IND-00113,26,57,24,2024-08-19
INV-IND-000834,STR-IND-0006,PRD-IND-00114,424,46,15,2024-01-31
INV-IND-000835,STR-IND-0006,PRD-IND-00115,482,42,35,2024-04-14
INV-IND-000836,STR-IND-0006,PRD-IND-00116,277,38,24,2024-02-24
INV-IND-000837,STR-IND-0006,PRD-IND-00117,372,45,16,2024-06-16
INV-IND-000838,STR-IND-0006,PRD-IND-00118,289,49,20,2024-03-20
INV-IND-000839,STR-IND-0006,PRD-IND-00119,451,42,15,2024-12-06
INV-IND-000840,STR-IND-0006,PRD-IND-00120,125,46,28,2024-12-07
INV-IND-000841,STR-IND-0006,PRD-IND-00121,261,30,25,2024-07-12
INV-IND-000842,STR-IND-0006,PRD-IND-00122,499,35,23,2024-05-27
INV-IND-000843,STR-IND-0006,PRD-IND-00123,214,57,33,2024-09-11
INV-IND-000844,STR-IND-0006,PRD-IND-00124,207,52,16,2024-04-18
INV-IND-000845,STR-IND-0006,PRD-IND-00125,89,36,31,2024-10-12
INV-IND-000846,STR-IND-0006,PRD-IND-00126,87,56,29,2024-12-26
INV-IND-000847,STR-IND-0006,PRD-IND-00127,39,29,21,2024-08-03
INV-IND-000848,STR-IND-0006,PRD-IND-00128,282,39,30,2024-01-26
INV-IND-000849,STR-IND-0006,PRD-IND-00129,423,40,17,2024-03-06
INV-IND-000850,STR-IND-0006,PRD-IND-00130,295,31,20,2024-03-29
INV-IND-000851,STR-IND-0006,PRD-IND-00131,159,39,16,2024-12-14
INV-IND-000852,STR-IND-0006,PRD-IND-00132,186,54,31,2024-05-21
INV-IND-000853,STR-IND-0006,PRD-IND-00133,206,42,24,2024-09-05
INV-IND-000854,STR-IND-0006,PRD-IND-00134,404,48,17,2024-09-26
INV-IND-000855,STR-IND-0006,PRD-IND-00135,396,55,35,2024-11-01
INV-IND-000856,STR-IND-0006,PRD-IND-00136,160,42,28,2024-02-07
INV-IND-000857,STR-IND-0006,PRD-IND-00137,264,29,19,2024-02-17
INV-IND-000858,STR-IND-0006,PRD-IND-00138,2,33,18,2024-01-03
INV-IND-000859,STR-IND-0006,PRD-IND-00139,195,43,19,2024-02-04
INV-IND-000860,STR-IND-0006,PRD-IND-00140,221,46,31,2024-02-07
INV-IND-000861,STR-IND-0006,PRD-IND-00141,0,42,21,2024-11-13
INV-IND-000862,STR-IND-0006,PRD-IND-00142,333,34,35,2024-08-01
INV-IND-000863,STR-IND-0006,PRD-IND-00143,227,34,26,2024-07-27
INV-IND-000864,STR-IND-0006,PRD-IND-00144,208,54,16,2024-12-15
INV-IND-000865,STR-IND-0007,PRD-IND-00001,456,38,22,2024-02-06
INV-IND-000866,STR-IND-0007,PRD-IND-00002,31,59,21,2024-04-11
INV-IND-000867,STR-IND-0007,PRD-IND-00003,297,52,28,2024-11-16
INV-IND-000868,STR-IND-0007,PRD-IND-00004,213,32,28,2024-02-01
INV-IND-000869,STR-IND-0007,PRD-IND-00005,113,50,22,2024-10-25
INV-IND-000870,STR-IND-0007,PRD-IND-00006,62,36,15,2024-01-21
INV-IND-000871,STR-IND-0007,PRD-IND-00007,119,38,31,2024-04-17
INV-IND-000872,STR-IND-0007,PRD-IND-00008,38,44,25,2024-05-25
INV-IND-000873,STR-IND-0007,PRD-IND-00009,400,56,19,2024-08-21
INV-IND-000874,STR-IND-0007,PRD-IND-00010,50,40,15,2024-03-07
INV-IND-000875,STR-IND-0007,PRD-IND-00011,274,52,35,2024-01-28
INV-IND-000876,STR-IND-0007,PRD-IND-00012,118,32,31,2024-09-30
INV-IND-000877,STR-IND-0007,PRD-IND-00013,438,27,31,2024-09-15
INV-IND-000878,STR-IND-0007,PRD-IND-00014,377,29,16,2024-03-05
INV-IND-000879,STR-IND-0007,PRD-IND-00015,436,55,34,2024-08-07
INV-IND-000880,STR-IND-0007,PRD-IND-00016,85,41,19,2024-11-24
INV-IND-000881,STR-IND-0007,PRD-IND-00017,445,43,18,2024-03-17
INV-IND-000882,STR-IND-0007,PRD-IND-00018,143,34,26,2024-10-01
INV-IND-000883,STR-IND-0007,PRD-IND-00019,58,30,31,2024-08-12
INV-IND-000884,STR-IND-0007,PRD-IND-00020,497,27,20,2024-12-25
INV-IND-000885,STR-IND-0007,PRD-IND-00021,304,49,22,2024-06-13
INV-IND-000886,STR-IND-0007,PRD-IND-00022,185,25,15,2024-04-07
INV-IND-000887,STR-IND-0007,PRD-IND-00023,158,59,23,2024-09-26
INV-IND-000888,STR-IND-0007,PRD-IND-00024,363,45,24,2024-02-18
INV-IND-000889,STR-IND-0007,PRD-IND-00025,202,39,23,2024-12-08
INV-IND-000890,STR-IND-0007,PRD-IND-00026,281,43,17,2024-03-11
INV-IND-000891,STR-IND-0007,PRD-IND-00027,425,37,22,2024-11-05
INV-IND-000892,STR-IND-0007,PRD-IND-00028,330,42,29,2024-12-27
INV-IND-000893,STR-IND-0007,PRD-IND-00029,324,56,35,2024-10-21
INV-IND-000894,STR-IND-0007,PRD-IND-00030,499,33,32,2024-12-11
INV-IND-000895,STR-IND-0007,PRD-IND-00031,450,32,20,2024-10-16
INV-IND-000896,STR-IND-0007,PRD-IND-00032,169,50,25,2024-06-26
INV-IND-000897,STR-IND-0007,PRD-IND-00033,361,36,27,2024-12-29
INV-IND-000898,STR-IND-0007,PRD-IND-00034,46,55,35,2024-07-25
INV-IND-000899,STR-IND-0007,PRD-IND-00035,476,42,22,2024-01-27
INV-IND-000900,STR-IND-0007,PRD-IND-00036,131,49,23,2024-02-03
INV-IND-000901,STR-IND-0007,PRD-IND-00037,444,28,29,2024-09-02
INV-IND-000902,STR-IND-0007,PRD-IND-00038,179,41,19,2024-04-19
INV-IND-000903,STR-IND-0007,PRD-IND-00039,355,33,29,2024-06-14
INV-IND-000904,STR-IND-0007,PRD-IND-00040,103,57,24,2024-12-25
INV-IND-000905,STR-IND-0007,PRD-IND-00041,336,47,20,2024-08-02
INV-IND-000906,STR-IND-0007,PRD-IND-00042,447,39,32,2024-03-25
INV-IND-000907,STR-IND-0007,PRD-IND-00043,363,48,15,2024-09-02
INV-IND-000908,STR-IND-0007,PRD-IND-00044,458,57,33,2024-03-19
INV-IND-000909,STR-IND-0007,PRD-IND-00045,33,50,20,2024-02-25
INV-IND-000910,STR-IND-0007,PRD-IND-00046,439,45,22,2024-09-30
INV-IND-000911,STR-IND-0007,PRD-IND-00047,328,39,33,2024-11-24
INV-IND-000912,STR-IND-0007,PRD-IND-00048,233,41,19,2024-11-30
INV-IND-000913,STR-IND-0007,PRD-IND-00049,261,31,27,2024-02-04
INV-IND-000914,STR-IND-0007,PRD-IND-00050,40,52,16,2024-06-16
INV-IND-000915,STR-IND-0007,PRD-IND-00051,453,59,25,2024-02-21
INV-IND-000916,STR-IND-0007,PRD-IND-00052,317,50,17,2024-05-15
INV-IND-000917,STR-IND-0007,PRD-IND-00053,120,58,35,2024-05-15
INV-IND-000918,STR-IND-0007,PRD-IND-00054,488,36,15,2024-06-01
INV-IND-000919,STR-IND-0007,PRD-IND-00055,400,29,15,2024-12-10
INV-IND-000920,STR-IND-0007,PRD-IND-00056,147,56,27,2024-03-07
INV-IND-000921,STR-IND-0007,PRD-IND-00057,330,41,16,2024-02-21
INV-IND-000922,STR-IND-0007,PRD-IND-00058,271,29,24,2024-04-09
INV-IND-000923,STR-IND-0007,PRD-IND-00059,298,28,34,2024-09-19
INV-IND-000924,STR-IND-0007,PRD-IND-00060,401,43,29,2024-03-04
INV-IND-000925,STR-IND-0007,PRD-IND-00061,34,45,20,2024-01-01
INV-IND-000926,STR-IND-0007,PRD-IND-00062,203,27,28,2024-12-18
INV-IND-000927,STR-IND-0007,PRD-IND-00063,335,26,19,2024-03-24
INV-IND-000928,STR-IND-0007,PRD-IND-00064,69,40,15,2024-05-20
INV-IND-000929,STR-IND-0007,PRD-IND-00065,448,44,16,2024-03-22
INV-IND-000930,STR-IND-0007,PRD-IND-00066,266,41,35,2024-04-27
INV-IND-000931,STR-IND-0007,PRD-IND-00067,453,35,15,2024-11-23
INV-IND-000932,STR-IND-0007,PRD-IND-00068,137,48,26,2024-09-09
INV-IND-000933,STR-IND-0007,PRD-IND-00069,476,41,27,2024-09-26
INV-IND-000934,STR-IND-0007,PRD-IND-00070,320,52,17,2024-01-17
INV-IND-000935,STR-IND-0007,PRD-IND-00071,69,31,31,2024-12-25
INV-IND-000936,STR-IND-0007,PRD-IND-00072,398,52,23,2024-03-29
INV-IND-000937,STR-IND-0007,PRD-IND-00073,495,45,35,2024-03-15
INV-IND-000938,STR-IND-0007,PRD-IND-00074,453,47,23,2024-11-05
INV-IND-000939,STR-IND-0007,PRD-IND-00075,385,58,34,2024-05-20
INV-IND-000940,STR-IND-0007,PRD-IND-00076,103,57,31,2024-01-21
INV-IND-000941,STR-IND-0007,PRD-IND-00077,218,28,16,2024-02-09
INV-IND-000942,STR-IND-0007,PRD-IND-00078,25,54,32,2024-04-22
INV-IND-000943,STR-IND-0007,PRD-IND-00079,460,34,28,2024-10-02
INV-IND-000944,STR-IND-0007,PRD-IND-00080,358,35,19,2024-08-24
INV-IND-000945,STR-IND-0007,PRD-IND-00081,82,38,26,2024-04-30
INV-IND-000946,STR-IND-0007,PRD-IND-00082,377,34,25,2024-01-19
INV-IND-000947,STR-IND-0007,PRD-IND-00083,457,43,16,2024-08-08
INV-IND-000948,STR-IND-0007,PRD-IND-00084,383,48,22,2024-12-07
INV-IND-000949,STR-IND-0007,PRD-IND-00085,417,53,33,2024-06-01
INV-IND-000950,STR-IND-0007,PRD-IND-00086,259,57,26,2024-10-08
INV-IND-000951,STR-IND-0007,PRD-IND-00087,178,49,23,2024-10-30
INV-IND-000952,STR-IND-0007,PRD-IND-00088,450,60,26,2024-05-22
INV-IND-000953,STR-IND-0007,PRD-IND-00089,107,26,26,2024-09-24
INV-IND-000954,STR-IND-0007,PRD-IND-00090,225,32,24,2024-11-09
INV-IND-000955,STR-IND-0007,PRD-IND-00091,253,38,26,2024-10-28
INV-IND-000956,STR-IND-0007,PRD-IND-00092,354,35,34,2024-02-07
INV-IND-000957,STR-IND-0007,PRD-IND-00093,408,31,21,2024-09-02
INV-IND-000958,STR-IND-0007,PRD-IND-00094,211,25,23,2024-11-03
INV-IND-000959,STR-IND-0007,PRD-IND-00095,337,48,20,2024-03-12
INV-IND-000960,STR-IND-0007,PRD-IND-00096,366,45,29,2024-12-07
INV-IND-000961,STR-IND-0007,PRD-IND-00097,163,50,22,2024-05-18
INV-IND-000962,STR-IND-0007,PRD-IND-00098,280,44,23,2024-07-14
INV-IND-000963,STR-IND-0007,PRD-IND-00099,172,48,35,2024-08-25
INV-IND-000964,STR-IND-0007,PRD-IND-00100,354,40,19,2024-11-11
INV-IND-000965,STR-IND-0007,PRD-IND-00101,382,46,28,2024-08-14
INV-IND-000966,STR-IND-0007,PRD-IND-00102,451,26,31,2024-10-15
INV-IND-000967,STR-IND-0007,PRD-IND-00103,307,46,30,2024-02-18
INV-IND-000968,STR-IND-0007,PRD-IND-00104,349,28,20,2024-09-01
INV-IND-000969,STR-IND-0007,PRD-IND-00105,392,28,15,2024-09-05
INV-IND-000970,STR-IND-0007,PRD-IND-00106,372,29,26,2024-09-05
INV-IND-000971,STR-IND-0007,PRD-IND-00107,24,54,23,2024-03-08
INV-IND-000972,STR-IND-0007,PRD-IND-00108,320,33,20,2024-05-26
INV-IND-000973,STR-IND-0007,PRD-IND-00109,452,41,27,2024-07-26
INV-IND-000974,STR-IND-0007,PRD-IND-00110,475,46,15,2024-05-14
INV-IND-000975,STR-IND-0007,PRD-IND-00111,198,42,32,2024-12-05
INV-IND-000976,STR-IND-0007,PRD-IND-00112,199,51,28,2024-12-18
INV-IND-000977,STR-IND-0007,PRD-IND-00113,366,47,32,2024-05-29
INV-IND-000978,STR-IND-0007,PRD-IND-00114,286,54,16,2024-05-08
INV-IND-000979,STR-IND-0007,PRD-IND-00115,94,41,35,2024-01-20
INV-IND-000980,STR-IND-0007,PRD-IND-00116,244,50,20,2024-12-21
INV-IND-000981,STR-IND-0007,PRD-IND-00117,282,45,18,2024-11-08
INV-IND-000982,STR-IND-0007,PRD-IND-00118,382,54,31,2024-08-04
INV-IND-000983,STR-IND-0007,PRD-IND-00119,289,38,34,2024-02-01
INV-IND-000984,STR-IND-0007,PRD-IND-00120,348,40,15,2024-02-08
INV-IND-000985,STR-IND-0007,PRD-IND-00121,110,40,24,2024-05-10
INV-IND-000986,STR-IND-0007,PRD-IND-00122,274,43,34,2024-02-05
INV-IND-000987,STR-IND-0007,PRD-IND-00123,496,51,25,2024-04-09
INV-IND-000988,STR-IND-0007,PRD-IND-00124,340,59,28,2024-02-12
INV-IND-000989,STR-IND-0007,PRD-IND-00125,315,28,33,2024-03-25
INV-IND-000990,STR-IND-0007,PRD-IND-00126,473,29,18,2024-04-17
INV-IND-000991,STR-IND-0007,PRD-IND-00127,175,28,15,2024-02-18
INV-IND-000992,STR-IND-0007,PRD-IND-00128,377,44,35,2024-08-02
INV-IND-000993,STR-IND-0007,PRD-IND-00129,405,39,30,2024-11-18
INV-IND-000994,STR-IND-0007,PRD-IND-00130,128,40,20,2024-08-17
INV-IND-000995,STR-IND-0007,PRD-IND-00131,237,56,16,2024-03-20
INV-IND-000996,STR-IND-0007,PRD-IND-00132,263,42,31,2024-01-18
INV-IND-000997,STR-IND-0007,PRD-IND-00133,179,35,34,2024-03-27
INV-IND-000998,STR-IND-0007,PRD-IND-00134,406,57,26,2024-03-09
INV-IND-000999,STR-IND-0007,PRD-IND-00135,303,37,34,2024-03-03
INV-IND-001000,STR-IND-0007,PRD-IND-00136,2,42,28,2024-06-26
INV-IND-001001,STR-IND-0007,PRD-IND-00137,17,55,25,2024-02-24
INV-IND-001002,STR-IND-0007,PRD-IND-00138,374,35,22,2024-12-07
INV-IND-001003,STR-IND-0007,PRD-IND-00139,213,28,16,2024-12-24
INV-IND-001004,STR-IND-0007,PRD-IND-00140,285,49,19,2024-11-26
INV-IND-001005,STR-IND-0007,PRD-IND-00141,168,34,21,2024-06-07
INV-IND-001006,STR-IND-0007,PRD-IND-00142,435,57,28,2024-05-20
INV-IND-001007,STR-IND-0007,PRD-IND-00143,47,30,26,2024-07-05
INV-IND-001008,STR-IND-0007,PRD-IND-00144,65,39,31,2024-07-23
INV-IND-001009,STR-IND-0008,PRD-IND-00001,391,33,35,2024-11-21
INV-IND-001010,STR-IND-0008,PRD-IND-00002,315,52,35,2024-07-13
INV-IND-001011,STR-IND-0008,PRD-IND-00003,317,42,25,2024-10-12
INV-IND-001012,STR-IND-0008,PRD-IND-00004,346,36,17,2024-09-09
INV-IND-001013,STR-IND-0008,PRD-IND-00005,31,33,27,2024-10-21
INV-IND-001014,STR-IND-0008,PRD-IND-00006,287,31,30,2024-11-21
INV-IND-001015,STR-IND-0008,PRD-IND-00007,404,55,26,2024-03-03
INV-IND-001016,STR-IND-0008,PRD-IND-00008,151,48,27,2024-02-24
INV-IND-001017,STR-IND-0008,PRD-IND-00009,379,52,24,2024-02-09
INV-IND-001018,STR-IND-0008,PRD-IND-00010,458,41,30,2024-09-04
INV-IND-001019,STR-IND-0008,PRD-IND-00011,194,41,28,2024-12-08
INV-IND-001020,STR-IND-0008,PRD-IND-00012,445,53,15,2024-09-21
INV-IND-001021,STR-IND-0008,PRD-IND-00013,232,48,23,2024-06-27
INV-IND-001022,STR-IND-0008,PRD-IND-00014,289,40,27,2024-08-05
INV-IND-001023,STR-IND-0008,PRD-IND-00015,395,51,24,2024-06-21
INV-IND-001024,STR-IND-0008,PRD-IND-00016,352,25,15,2024-08-09
INV-IND-001025,STR-IND-0008,PRD-IND-00017,368,39,33,2024-07-27
INV-IND-001026,STR-IND-0008,PRD-IND-00018,296,56,19,2024-12-04
INV-IND-001027,STR-IND-0008,PRD-IND-00019,85,51,24,2024-06-07
INV-IND-001028,STR-IND-0008,PRD-IND-00020,151,39,30,2024-08-06
INV-IND-001029,STR-IND-0008,PRD-IND-00021,271,53,23,2024-04-03
INV-IND-001030,STR-IND-0008,PRD-IND-00022,226,47,29,2024-09-05
INV-IND-001031,STR-IND-0008,PRD-IND-00023,28,60,33,2024-04-01
INV-IND-001032,STR-IND-0008,PRD-IND-00024,204,31,20,2024-03-17
INV-IND-001033,STR-IND-0008,PRD-IND-00025,224,48,30,2024-03-14
INV-IND-001034,STR-IND-0008,PRD-IND-00026,247,43,19,2024-02-23
INV-IND-001035,STR-IND-0008,PRD-IND-00027,51,60,32,2024-03-22
INV-IND-001036,STR-IND-0008,PRD-IND-00028,416,34,30,2024-08-20
INV-IND-001037,STR-IND-0008,PRD-IND-00029,337,43,19,2024-01-24
INV-IND-001038,STR-IND-0008,PRD-IND-00030,144,26,22,2024-09-12
INV-IND-001039,STR-IND-0008,PRD-IND-00031,21,30,24,2024-11-20
INV-IND-001040,STR-IND-0008,PRD-IND-00032,484,26,23,2024-12-20
INV-IND-001041,STR-IND-0008,PRD-IND-00033,316,26,35,2024-12-21
INV-IND-001042,STR-IND-0008,PRD-IND-00034,386,51,28,2024-03-09
INV-IND-001043,STR-IND-0008,PRD-IND-00035,33,35,17,2024-02-21
INV-IND-001044,STR-IND-0008,PRD-IND-00036,368,49,29,2024-11-10
INV-IND-001045,STR-IND-0008,PRD-IND-00037,267,55,18,2024-03-28
INV-IND-001046,STR-IND-0008,PRD-IND-00038,405,45,27,2024-01-10
INV-IND-001047,STR-IND-0008,PRD-IND-00039,495,58,21,2024-06-15
INV-IND-001048,STR-IND-0008,PRD-IND-00040,471,60,30,2024-09-03
INV-IND-001049,STR-IND-0008,PRD-IND-00041,57,41,24,2024-07-22
INV-IND-001050,STR-IND-0008,PRD-IND-00042,203,42,31,2024-01-30
INV-IND-001051,STR-IND-0008,PRD-IND-00043,482,26,29,2024-12-11
INV-IND-001052,STR-IND-0008,PRD-IND-00044,355,26,32,2024-02-18
INV-IND-001053,STR-IND-0008,PRD-IND-00045,308,40,19,2024-09-02
INV-IND-001054,STR-IND-0008,PRD-IND-00046,367,46,27,2024-08-14
INV-IND-001055,STR-IND-0008,PRD-IND-00047,278,52,26,2024-06-29
INV-IND-001056,STR-IND-0008,PRD-IND-00048,329,56,17,2024-08-02
INV-IND-001057,STR-IND-0008,PRD-IND-00049,180,56,22,2024-03-21
INV-IND-001058,STR-IND-0008,PRD-IND-00050,369,55,19,2024-12-12
INV-IND-001059,STR-IND-0008,PRD-IND-00051,362,45,31,2024-12-16
INV-IND-001060,STR-IND-0008,PRD-IND-00052,15,53,17,2024-12-05
INV-IND-001061,STR-IND-0008,PRD-IND-00053,186,45,18,2024-10-18
INV-IND-001062,STR-IND-0008,PRD-IND-00054,18,47,30,2024-12-24
INV-IND-001063,STR-IND-0008,PRD-IND-00055,330,46,19,2024-03-19
INV-IND-001064,STR-IND-0008,PRD-IND-00056,495,54,35,2024-09-28
INV-IND-001065,STR-IND-0008,PRD-IND-00057,44,43,15,2024-01-11
INV-IND-001066,STR-IND-0008,PRD-IND-00058,55,58,28,2024-03-28
INV-IND-001067,STR-IND-0008,PRD-IND-00059,441,34,24,2024-11-22
INV-IND-001068,STR-IND-0008,PRD-IND-00060,491,58,34,2024-09-30
INV-IND-001069,STR-IND-0008,PRD-IND-00061,365,46,20,2024-05-10
INV-IND-001070,STR-IND-0008,PRD-IND-00062,365,31,19,2024-01-19
INV-IND-001071,STR-IND-0008,PRD-IND-00063,70,33,32,2024-10-30
INV-IND-001072,STR-IND-0008,PRD-IND-00064,393,46,33,2024-02-05
INV-IND-001073,STR-IND-0008,PRD-IND-00065,349,40,32,2024-10-16
INV-IND-001074,STR-IND-0008,PRD-IND-00066,450,37,18,2024-08-23
INV-IND-001075,STR-IND-0008,PRD-IND-00067,358,47,21,2024-03-11
INV-IND-001076,STR-IND-0008,PRD-IND-00068,170,56,28,2024-10-11
INV-IND-001077,STR-IND-0008,PRD-IND-00069,304,60,35,2024-06-20
INV-IND-001078,STR-IND-0008,PRD-IND-00070,98,33,15,2024-03-23
INV-IND-001079,STR-IND-0008,PRD-IND-00071,7,27,32,2024-12-16
INV-IND-001080,STR-IND-0008,PRD-IND-00072,258,41,20,2024-11-17
INV-IND-001081,STR-IND-0008,PRD-IND-00073,201,29,28,2024-04-26
INV-IND-001082,STR-IND-0008,PRD-IND-00074,193,39,15,2024-10-31
INV-IND-001083,STR-IND-0008,PRD-IND-00075,185,43,18,2024-08-23
INV-IND-001084,STR-IND-0008,PRD-IND-00076,375,38,21,2024-06-06
INV-IND-001085,STR-IND-0008,PRD-IND-00077,43,59,22,2024-08-23
INV-IND-001086,STR-IND-0008,PRD-IND-00078,168,37,19,2024-03-14
INV-IND-001087,STR-IND-0008,PRD-IND-00079,364,41,18,2024-10-06
INV-IND-001088,STR-IND-0008,PRD-IND-00080,477,29,28,2024-08-13
INV-IND-001089,STR-IND-0008,PRD-IND-00081,391,48,22,2024-06-24
INV-IND-001090,STR-IND-0008,PRD-IND-00082,154,30,27,2024-11-29
INV-IND-001091,STR-IND-0008,PRD-IND-00083,357,51,32,2024-04-16
INV-IND-001092,STR-IND-0008,PRD-IND-00084,193,27,25,2024-06-09
INV-IND-001093,STR-IND-0008,PRD-IND-00085,126,50,16,2024-08-17
INV-IND-001094,STR-IND-0008,PRD-IND-00086,115,30,17,2024-03-04
INV-IND-001095,STR-IND-0008,PRD-IND-00087,483,53,30,2024-09-05
INV-IND-001096,STR-IND-0008,PRD-IND-00088,151,42,20,2024-06-26
INV-IND-001097,STR-IND-0008,PRD-IND-00089,410,36,17,2024-06-14
INV-IND-001098,STR-IND-0008,PRD-IND-00090,140,43,33,2024-05-04
INV-IND-001099,STR-IND-0008,PRD-IND-00091,76,33,26,2024-10-21
INV-IND-001100,STR-IND-0008,PRD-IND-00092,133,56,29,2024-09-09
INV-IND-001101,STR-IND-0008,PRD-IND-00093,343,49,23,2024-06-29
INV-IND-001102,STR-IND-0008,PRD-IND-00094,6,38,25,2024-07-31
INV-IND-001103,STR-IND-0008,PRD-IND-00095,179,27,22,2024-07-07
INV-IND-001104,STR-IND-0008,PRD-IND-00096,385,49,32,2024-11-03
INV-IND-001105,STR-IND-0008,PRD-IND-00097,144,53,25,2024-02-03
INV-IND-001106,STR-IND-0008,PRD-IND-00098,238,27,28,2024-07-01
INV-IND-001107,STR-IND-0008,PRD-IND-00099,425,49,23,2024-07-05
INV-IND-001108,STR-IND-0008,PRD-IND-00100,171,37,34,2024-12-23
INV-IND-001109,STR-IND-0008,PRD-IND-00101,370,33,21,2024-02-10
INV-IND-001110,STR-IND-0008,PRD-IND-00102,115,43,35,2024-03-27
INV-IND-001111,STR-IND-0008,PRD-IND-00103,26,37,35,2024-07-18
INV-IND-001112,STR-IND-0008,PRD-IND-00104,435,42,33,2024-06-29
INV-IND-001113,STR-IND-0008,PRD-IND-00105,157,33,24,2024-02-13
INV-IND-001114,STR-IND-0008,PRD-IND-00106,422,34,29,2024-09-24
INV-IND-001115,STR-IND-0008,PRD-IND-00107,118,37,35,2024-05-17
INV-IND-001116,STR-IND-0008,PRD-IND-00108,193,59,19,2024-04-22
INV-IND-001117,STR-IND-0008,PRD-IND-00109,145,25,23,2024-04-24
INV-IND-001118,STR-IND-0008,PRD-IND-00110,351,60,34,2024-08-06
INV-IND-001119,STR-IND-0008,PRD-IND-00111,360,36,16,2024-08-31
INV-IND-001120,STR-IND-0008,PRD-IND-00112,10,54,19,2024-12-30
INV-IND-001121,STR-IND-0008,PRD-IND-00113,85,42,20,2024-07-04
INV-IND-001122,STR-IND-0008,PRD-IND-00114,119,56,33,2024-02-23
INV-IND-001123,STR-IND-0008,PRD-IND-00115,5,35,20,2024-07-13
INV-IND-001124,STR-IND-0008,PRD-IND-00116,67,40,17,2024-02-17
INV-IND-001125,STR-IND-0008,PRD-IND-00117,429,30,30,2024-10-19
INV-IND-001126,STR-IND-0008,PRD-IND-00118,305,43,21,2024-04-01
INV-IND-001127,STR-IND-0008,PRD-IND-00119,435,38,25,2024-07-17
INV-IND-001128,STR-IND-0008,PRD-IND-00120,85,41,15,2024-12-08
INV-IND-001129,STR-IND-0008,PRD-IND-00121,194,34,25,2024-04-29
INV-IND-001130,STR-IND-0008,PRD-IND-00122,287,57,29,2024-01-07
INV-IND-001131,STR-IND-0008,PRD-IND-00123,131,60,23,2024-12-31
INV-IND-001132,STR-IND-0008,PRD-IND-00124,9,40,28,2024-10-17
INV-IND-001133,STR-IND-0008,PRD-IND-00125,92,25,20,2024-07-06
INV-IND-001134,STR-IND-0008,PRD-IND-00126,240,46,23,2024-03-08
INV-IND-001135,STR-IND-0008,PRD-IND-00127,215,59,31,2024-09-07
INV-IND-001136,STR-IND-0008,PRD-IND-00128,5,41,30,2024-11-06
INV-IND-001137,STR-IND-0008,PRD-IND-00129,31,56,33,2024-01-25
INV-IND-001138,STR-IND-0008,PRD-IND-00130,267,59,35,2024-11-29
INV-IND-001139,STR-IND-0008,PRD-IND-00131,488,56,21,2024-06-09
INV-IND-001140,STR-IND-0008,PRD-IND-00132,500,41,28,2024-12-24
INV-IND-001141,STR-IND-0008,PRD-IND-00133,211,30,15,2024-12-05
INV-IND-001142,STR-IND-0008,PRD-IND-00134,204,57,23,2024-12-30
INV-IND-001143,STR-IND-0008,PRD-IND-00135,147,42,16,2024-11-01
INV-IND-001144,STR-IND-0008,PRD-IND-00136,469,29,27,2024-07-25
INV-IND-001145,STR-IND-0008,PRD-IND-00137,31,50,28,2024-02-29
INV-IND-001146,STR-IND-0008,PRD-IND-00138,499,51,33,2024-03-23
INV-IND-001147,STR-IND-0008,PRD-IND-00139,248,48,28,2024-12-10
INV-IND-001148,STR-IND-0008,PRD-IND-00140,332,30,30,2024-07-24
INV-IND-001149,STR-IND-0008,PRD-IND-00141,415,49,21,2024-09-17
INV-IND-001150,STR-IND-0008,PRD-IND-00142,389,41,27,2024-06-01
INV-IND-001151,STR-IND-0008,PRD-IND-00143,265,60,32,2024-12-21
INV-IND-001152,STR-IND-0008,PRD-IND-00144,437,53,34,2024-09-19
INV-IND-001153,STR-IND-0009,PRD-IND-00001,274,36,16,2024-06-08
INV-IND-001154,STR-IND-0009,PRD-IND-00002,229,32,31,2024-05-09
INV-IND-001155,STR-IND-0009,PRD-IND-00003,484,54,18,2024-09-24
INV-IND-001156,STR-IND-0009,PRD-IND-00004,377,26,15,2024-10-13
INV-IND-001157,STR-IND-0009,PRD-IND-00005,80,57,28,2024-02-09
INV-IND-001158,STR-IND-0009,PRD-IND-00006,276,25,29,2024-09-24
INV-IND-001159,STR-IND-0009,PRD-IND-00007,383,37,19,2024-06-29
INV-IND-001160,STR-IND-0009,PRD-IND-00008,44,25,29,2024-11-25
INV-IND-001161,STR-IND-0009,PRD-IND-00009,301,47,24,2024-01-02
INV-IND-001162,STR-IND-0009,PRD-IND-00010,297,36,22,2024-02-09
INV-IND-001163,STR-IND-0009,PRD-IND-00011,101,26,16,2024-01-23
INV-IND-001164,STR-IND-0009,PRD-IND-00012,14,30,23,2024-04-12
INV-IND-001165,STR-IND-0009,PRD-IND-00013,214,53,30,2024-03-05
INV-IND-001166,STR-IND-0009,PRD-IND-00014,68,44,22,2024-01-11
INV-IND-001167,STR-IND-0009,PRD-IND-00015,482,26,35,2024-02-22
INV-IND-001168,STR-IND-0009,PRD-IND-00016,382,48,28,2024-10-20
INV-IND-001169,STR-IND-0009,PRD-IND-00017,267,37,26,2024-02-16
INV-IND-001170,STR-IND-0009,PRD-IND-00018,146,59,25,2024-05-05
INV-IND-001171,STR-IND-0009,PRD-IND-00019,29,53,24,2024-08-04
INV-IND-001172,STR-IND-0009,PRD-IND-00020,264,32,32,2024-10-16
INV-IND-001173,STR-IND-0009,PRD-IND-00021,331,57,23,2024-02-06
INV-IND-001174,STR-IND-0009,PRD-IND-00022,439,45,31,2024-08-01
INV-IND-001175,STR-IND-0009,PRD-IND-00023,118,39,25,2024-11-08
INV-IND-001176,STR-IND-0009,PRD-IND-00024,4,34,32,2024-12-14
INV-IND-001177,STR-IND-0009,PRD-IND-00025,419,58,18,2024-10-09
INV-IND-001178,STR-IND-0009,PRD-IND-00026,365,60,15,2024-12-30
INV-IND-001179,STR-IND-0009,PRD-IND-00027,373,25,20,2024-12-30
INV-IND-001180,STR-IND-0009,PRD-IND-00028,420,54,31,2024-12-22
INV-IND-001181,STR-IND-0009,PRD-IND-00029,91,48,28,2024-02-23
INV-IND-001182,STR-IND-0009,PRD-IND-00030,234,33,32,2024-04-01
INV-IND-001183,STR-IND-0009,PRD-IND-00031,140,26,21,2024-10-06
INV-IND-001184,STR-IND-0009,PRD-IND-00032,464,41,23,2024-05-13
INV-IND-001185,STR-IND-0009,PRD-IND-00033,422,29,25,2024-07-26
INV-IND-001186,STR-IND-0009,PRD-IND-00034,1,41,27,2024-04-30
INV-IND-001187,STR-IND-0009,PRD-IND-00035,106,42,26,2024-06-28
INV-IND-001188,STR-IND-0009,PRD-IND-00036,445,54,18,2024-03-12
INV-IND-001189,STR-IND-0009,PRD-IND-00037,16,34,29,2024-07-12
INV-IND-001190,STR-IND-0009,PRD-IND-00038,277,59,18,2024-07-07
INV-IND-001191,STR-IND-0009,PRD-IND-00039,482,53,24,2024-10-06
INV-IND-001192,STR-IND-0009,PRD-IND-00040,174,47,31,2024-04-13
INV-IND-001193,STR-IND-0009,PRD-IND-00041,151,26,27,2024-10-09
INV-IND-001194,STR-IND-0009,PRD-IND-00042,278,53,33,2024-11-30
INV-IND-001195,STR-IND-0009,PRD-IND-00043,27,41,23,2024-11-21
INV-IND-001196,STR-IND-0009,PRD-IND-00044,460,34,35,2024-06-19
INV-IND-001197,STR-IND-0009,PRD-IND-00045,95,39,31,2024-05-18
INV-IND-001198,STR-IND-0009,PRD-IND-00046,204,28,28,2024-11-18
INV-IND-001199,STR-IND-0009,PRD-IND-00047,488,27,21,2024-09-28
INV-IND-001200,STR-IND-0009,PRD-IND-00048,127,31,18,2024-01-31
INV-IND-001201,STR-IND-0009,PRD-IND-00049,153,52,26,2024-01-06
INV-IND-001202,STR-IND-0009,PRD-IND-00050,447,39,28,2024-06-17
INV-IND-001203,STR-IND-0009,PRD-IND-00051,323,30,22,2024-11-05
INV-IND-001204,STR-IND-0009,PRD-IND-00052,135,47,16,2024-12-10
INV-IND-001205,STR-IND-0009,PRD-IND-00053,191,27,25,2024-01-10
INV-IND-001206,STR-IND-0009,PRD-IND-00054,179,32,27,2024-02-24
INV-IND-001207,STR-IND-0009,PRD-IND-00055,416,50,34,2024-11-23
INV-IND-001208,STR-IND-0009,PRD-IND-00056,440,40,16,2024-05-05
INV-IND-001209,STR-IND-0009,PRD-IND-00057,62,54,35,2024-11-27
INV-IND-001210,STR-IND-0009,PRD-IND-00058,183,58,17,2024-11-03
INV-IND-001211,STR-IND-0009,PRD-IND-00059,208,59,32,2024-12-01
INV-IND-001212,STR-IND-0009,PRD-IND-00060,54,40,31,2024-03-10
INV-IND-001213,STR-IND-0009,PRD-IND-00061,347,35,24,2024-12-18
INV-IND-001214,STR-IND-0009,PRD-IND-00062,440,43,22,2024-01-08
INV-IND-001215,STR-IND-0009,PRD-IND-00063,211,35,19,2024-05-25
INV-IND-001216,STR-IND-0009,PRD-IND-00064,64,25,22,2024-06-07
INV-IND-001217,STR-IND-0009,PRD-IND-00065,214,49,24,2024-07-06
INV-IND-001218,STR-IND-0009,PRD-IND-00066,124,53,27,2024-07-24
INV-IND-001219,STR-IND-0009,PRD-IND-00067,104,35,18,2024-09-04
INV-IND-001220,STR-IND-0009,PRD-IND-00068,232,48,21,2024-04-03
INV-IND-001221,STR-IND-0009,PRD-IND-00069,126,25,25,2024-03-20
INV-IND-001222,STR-IND-0009,PRD-IND-00070,230,38,19,2024-06-09
INV-IND-001223,STR-IND-0009,PRD-IND-00071,229,29,26,2024-02-13
INV-IND-001224,STR-IND-0009,PRD-IND-00072,211,38,18,2024-02-11
INV-IND-001225,STR-IND-0009,PRD-IND-00073,406,49,20,2024-02-01
INV-IND-001226,STR-IND-0009,PRD-IND-00074,455,52,25,2024-11-30
INV-IND-001227,STR-IND-0009,PRD-IND-00075,164,34,20,2024-02-26
INV-IND-001228,STR-IND-0009,PRD-IND-00076,372,56,35,2024-01-17
INV-IND-001229,STR-IND-0009,PRD-IND-00077,439,52,22,2024-08-20
INV-IND-001230,STR-IND-0009,PRD-IND-00078,123,60,18,2024-02-14
INV-IND-001231,STR-IND-0009,PRD-IND-00079,417,40,24,2024-02-17
INV-IND-001232,STR-IND-0009,PRD-IND-00080,475,38,27,2024-12-24
INV-IND-001233,STR-IND-0009,PRD-IND-00081,382,26,15,2024-09-16
INV-IND-001234,STR-IND-0009,PRD-IND-00082,145,43,34,2024-12-02
INV-IND-001235,STR-IND-0009,PRD-IND-00083,378,51,15,2024-08-08
INV-IND-001236,STR-IND-0009,PRD-IND-00084,88,28,16,2024-04-22
INV-IND-001237,STR-IND-0009,PRD-IND-00085,40,57,23,2024-11-20
INV-IND-001238,STR-IND-0009,PRD-IND-00086,58,34,25,2024-09-24
INV-IND-001239,STR-IND-0009,PRD-IND-00087,194,39,33,2024-05-28
INV-IND-001240,STR-IND-0009,PRD-IND-00088,357,48,31,2024-07-14
INV-IND-001241,STR-IND-0009,PRD-IND-00089,106,50,28,2024-03-31
INV-IND-001242,STR-IND-0009,PRD-IND-00090,415,38,18,2024-06-09
INV-IND-001243,STR-IND-0009,PRD-IND-00091,272,41,20,2024-08-18
INV-IND-001244,STR-IND-0009,PRD-IND-00092,127,50,16,2024-12-07
INV-IND-001245,STR-IND-0009,PRD-IND-00093,78,59,24,2024-01-16
INV-IND-001246,STR-IND-0009,PRD-IND-00094,302,35,23,2024-08-04
INV-IND-001247,STR-IND-0009,PRD-IND-00095,295,45,34,2024-06-05
INV-IND-001248,STR-IND-0009,PRD-IND-00096,466,29,29,2024-05-19
INV-IND-001249,STR-IND-0009,PRD-IND-00097,98,52,20,2024-09-07
INV-IND-001250,STR-IND-0009,PRD-IND-00098,339,43,15,2024-08-04
INV-IND-001251,STR-IND-0009,PRD-IND-00099,43,27,18,2024-07-30
INV-IND-001252,STR-IND-0009,PRD-IND-00100,212,54,31,2024-02-27
INV-IND-001253,STR-IND-0009,PRD-IND-00101,94,59,23,2024-08-23
INV-IND-001254,STR-IND-0009,PRD-IND-00102,184,40,29,2024-01-19
INV-IND-001255,STR-IND-0009,PRD-IND-00103,382,46,20,2024-07-22
INV-IND-001256,STR-IND-0009,PRD-IND-00104,211,43,19,2024-09-25
INV-IND-001257,STR-IND-0009,PRD-IND-00105,417,37,28,2024-09-27
INV-IND-001258,STR-IND-0009,PRD-IND-00106,236,27,17,2024-07-30
INV-IND-001259,STR-IND-0009,PRD-IND-00107,477,28,15,2024-02-19
INV-IND-001260,STR-IND-0009,PRD-IND-00108,296,40,34,2024-10-29
INV-IND-001261,STR-IND-0009,PRD-IND-00109,474,59,25,2024-07-19
INV-IND-001262,STR-IND-0009,PRD-IND-00110,345,40,15,2024-07-25
INV-IND-001263,STR-IND-0009,PRD-IND-00111,90,27,33,2024-07-28
INV-IND-001264,STR-IND-0009,PRD-IND-00112,135,26,25,2024-09-28
INV-IND-001265,STR-IND-0009,PRD-IND-00113,341,33,22,2024-05-31
INV-IND-001266,STR-IND-0009,PRD-IND-00114,20,25,33,2024-05-09
INV-IND-001267,STR-IND-0009,PRD-IND-00115,18,43,20,2024-04-19
INV-IND-001268,STR-IND-0009,PRD-IND-00116,40,46,25,2024-05-13
INV-IND-001269,STR-IND-0009,PRD-IND-00117,26,36,24,2024-10-30
INV-IND-001270,STR-IND-0009,PRD-IND-00118,140,29,25,2024-02-28
INV-IND-001271,STR-IND-0009,PRD-IND-00119,102,48,19,2024-06-16
INV-IND-001272,STR-IND-0009,PRD-IND-00120,418,39,35,2024-11-02
INV-IND-001273,STR-IND-0009,PRD-IND-00121,162,39,28,2024-07-08
INV-IND-001274,STR-IND-0009,PRD-IND-00122,143,28,26,2024-06-16
INV-IND-001275,STR-IND-0009,PRD-IND-00123,162,39,22,2024-06-11
INV-IND-001276,STR-IND-0009,PRD-IND-00124,112,58,22,2024-02-26
INV-IND-001277,STR-IND-0009,PRD-IND-00125,190,39,25,2024-01-07
INV-IND-001278,STR-IND-0009,PRD-IND-00126,28,45,28,2024-10-05
INV-IND-001279,STR-IND-0009,PRD-IND-00127,161,33,16,2024-03-09
INV-IND-001280,STR-IND-0009,PRD-IND-00128,332,40,19,2024-03-03
INV-IND-001281,STR-IND-0009,PRD-IND-00129,54,47,33,2024-08-06
INV-IND-001282,STR-IND-0009,PRD-IND-00130,210,52,31,2024-11-19
INV-IND-001283,STR-IND-0009,PRD-IND-00131,390,55,15,2024-09-23
INV-IND-001284,STR-IND-0009,PRD-IND-00132,169,59,18,2024-07-09
INV-IND-001285,STR-IND-0009,PRD-IND-00133,318,29,17,2024-05-08
INV-IND-001286,STR-IND-0009,PRD-IND-00134,51,58,24,2024-12-28
INV-IND-001287,STR-IND-0009,PRD-IND-00135,312,26,33,2024-08-31
INV-IND-001288,STR-IND-0009,PRD-IND-00136,271,56,16,2024-02-28
INV-IND-001289,STR-IND-0009,PRD-IND-00137,120,34,21,2024-02-13
INV-IND-001290,STR-IND-0009,PRD-IND-00138,161,45,22,2024-11-24
INV-IND-001291,STR-IND-0009,PRD-IND-00139,38,25,21,2024-02-06
INV-IND-001292,STR-IND-0009,PRD-IND-00140,397,44,27,2024-08-11
INV-IND-001293,STR-IND-0009,PRD-IND-00141,293,48,31,2024-03-12
INV-IND-001294,STR-IND-0009,PRD-IND-00142,467,58,33,2024-06-12
INV-IND-001295,STR-IND-0009,PRD-IND-00143,178,47,28,2024-08-12
INV-IND-001296,STR-IND-0009,PRD-IND-00144,356,46,34,2024-08-04
INV-IND-001297,STR-IND-0010,PRD-IND-00001,472,39,35,2024-08-05
INV-IND-001298,STR-IND-0010,PRD-IND-00002,207,36,24,2024-08-29
INV-IND-001299,STR-IND-0010,PRD-IND-00003,159,34,31,2024-06-03
INV-IND-001300,STR-IND-0010,PRD-IND-00004,244,52,15,2024-03-05
INV-IND-001301,STR-IND-0010,PRD-IND-00005,471,56,20,2024-04-30
INV-IND-001302,STR-IND-0010,PRD-IND-00006,477,33,32,2024-06-30
INV-IND-001303,STR-IND-0010,PRD-IND-00007,24,55,15,2024-09-15
INV-IND-001304,STR-IND-0010,PRD-IND-00008,10,40,35,2024-10-19
INV-IND-001305,STR-IND-0010,PRD-IND-00009,498,29,26,2024-03-15
INV-IND-001306,STR-IND-0010,PRD-IND-00010,274,33,15,2024-10-11
INV-IND-001307,STR-IND-0010,PRD-IND-00011,250,35,23,2024-04-01
INV-IND-001308,STR-IND-0010,PRD-IND-00012,128,45,34,2024-10-18
INV-IND-001309,STR-IND-0010,PRD-IND-00013,306,49,27,2024-06-25
INV-IND-001310,STR-IND-0010,PRD-IND-00014,22,43,17,2024-06-27
INV-IND-001311,STR-IND-0010,PRD-IND-00015,419,33,23,2024-03-19
INV-IND-001312,STR-IND-0010,PRD-IND-00016,245,58,16,2024-09-23
INV-IND-001313,STR-IND-0010,PRD-IND-00017,418,42,19,2024-10-09
INV-IND-001314,STR-IND-0010,PRD-IND-00018,97,28,32,2024-04-28
INV-IND-001315,STR-IND-0010,PRD-IND-00019,351,54,25,2024-08-03
INV-IND-001316,STR-IND-0010,PRD-IND-00020,102,28,33,2024-01-04
INV-IND-001317,STR-IND-0010,PRD-IND-00021,93,53,33,2024-09-15
INV-IND-001318,STR-IND-0010,PRD-IND-00022,299,26,16,2024-11-03
INV-IND-001319,STR-IND-0010,PRD-IND-00023,214,26,17,2024-07-24
INV-IND-001320,STR-IND-0010,PRD-IND-00024,5,51,28,2024-11-12
INV-IND-001321,STR-IND-0010,PRD-IND-00025,437,59,24,2024-12-03
INV-IND-001322,STR-IND-0010,PRD-IND-00026,345,26,24,2024-07-02
INV-IND-001323,STR-IND-0010,PRD-IND-00027,157,45,20,2024-08-21
INV-IND-001324,STR-IND-0010,PRD-IND-00028,130,32,27,2024-09-06
INV-IND-001325,STR-IND-0010,PRD-IND-00029,288,51,30,2024-07-26
INV-IND-001326,STR-IND-0010,PRD-IND-00030,130,55,19,2024-01-18
INV-IND-001327,STR-IND-0010,PRD-IND-00031,337,27,29,2024-07-27
INV-IND-001328,STR-IND-0010,PRD-IND-00032,161,33,24,2024-12-01
INV-IND-001329,STR-IND-0010,PRD-IND-00033,345,60,22,2024-02-29
INV-IND-001330,STR-IND-0010,PRD-IND-00034,382,57,34,2024-11-21
INV-IND-001331,STR-IND-0010,PRD-IND-00035,357,39,29,2024-08-27
INV-IND-001332,STR-IND-0010,PRD-IND-00036,152,60,16,2024-01-31
INV-IND-001333,STR-IND-0010,PRD-IND-00037,372,52,17,2024-10-08
INV-IND-001334,STR-IND-0010,PRD-IND-00038,377,30,23,2024-05-12
INV-IND-001335,STR-IND-0010,PRD-IND-00039,204,40,24,2024-02-28
INV-IND-001336,STR-IND-0010,PRD-IND-00040,99,58,28,2024-12-27
INV-IND-001337,STR-IND-0010,PRD-IND-00041,52,42,24,2024-09-10
INV-IND-001338,STR-IND-0010,PRD-IND-00042,227,58,26,2024-06-22
INV-IND-001339,STR-IND-0010,PRD-IND-00043,300,27,30,2024-07-03
INV-IND-001340,STR-IND-0010,PRD-IND-00044,349,32,27,2024-06-26
INV-IND-001341,STR-IND-0010,PRD-IND-00045,13,27,25,2024-06-10
INV-IND-001342,STR-IND-0010,PRD-IND-00046,266,32,31,2024-03-10
INV-IND-001343,STR-IND-0010,PRD-IND-00047,374,58,20,2024-06-28
INV-IND-001344,STR-IND-0010,PRD-IND-00048,171,51,26,2024-06-01
INV-IND-001345,STR-IND-0010,PRD-IND-00049,121,57,20,2024-08-14
INV-IND-001346,STR-IND-0010,PRD-IND-00050,392,36,24,2024-10-02
INV-IND-001347,STR-IND-0010,PRD-IND-00051,203,50,30,2024-04-18
INV-IND-001348,STR-IND-0010,PRD-IND-00052,275,53,32,2024-06-01
INV-IND-001349,STR-IND-0010,PRD-IND-00053,271,49,25,2024-10-19
INV-IND-001350,STR-IND-0010,PRD-IND-00054,289,41,31,2024-03-26
INV-IND-001351,STR-IND-0010,PRD-IND-00055,46,29,34,2024-04-06
INV-IND-001352,STR-IND-0010,PRD-IND-00056,15,45,24,2024-01-27
INV-IND-001353,STR-IND-0010,PRD-IND-00057,250,35,16,2024-08-06
INV-IND-001354,STR-IND-0010,PRD-IND-00058,113,37,15,2024-03-24
INV-IND-001355,STR-IND-0010,PRD-IND-00059,350,53,25,2024-06-26
INV-IND-001356,STR-IND-0010,PRD-IND-00060,428,38,19,2024-07-16
INV-IND-001357,STR-IND-0010,PRD-IND-00061,299,44,27,2024-03-10
INV-IND-001358,STR-IND-0010,PRD-IND-00062,460,44,35,2024-10-11
INV-IND-001359,STR-IND-0010,PRD-IND-00063,23,49,32,2024-07-20
INV-IND-001360,STR-IND-0010,PRD-IND-00064,117,36,26,2024-12-24
INV-IND-001361,STR-IND-0010,PRD-IND-00065,215,41,28,2024-11-16
INV-IND-001362,STR-IND-0010,PRD-IND-00066,2,50,20,2024-03-06
INV-IND-001363,STR-IND-0010,PRD-IND-00067,231,25,26,2024-11-30
INV-IND-001364,STR-IND-0010,PRD-IND-00068,246,52,26,2024-08-06
INV-IND-001365,STR-IND-0010,PRD-IND-00069,190,55,22,2024-06-18
INV-IND-001366,STR-IND-0010,PRD-IND-00070,242,36,26,2024-09-29
INV-IND-001367,STR-IND-0010,PRD-IND-00071,126,55,20,2024-04-07
INV-IND-001368,STR-IND-0010,PRD-IND-00072,324,25,31,2024-01-08
INV-IND-001369,STR-IND-0010,PRD-IND-00073,136,55,21,2024-09-24
INV-IND-001370,STR-IND-0010,PRD-IND-00074,472,26,15,2024-11-05
INV-IND-001371,STR-IND-0010,PRD-IND-00075,250,25,16,2024-12-03
INV-IND-001372,STR-IND-0010,PRD-IND-00076,261,40,18,2024-01-27
INV-IND-001373,STR-IND-0010,PRD-IND-00077,126,48,35,2024-12-27
INV-IND-001374,STR-IND-0010,PRD-IND-00078,197,32,29,2024-10-11
INV-IND-001375,STR-IND-0010,PRD-IND-00079,358,33,24,2024-11-14
INV-IND-001376,STR-IND-0010,PRD-IND-00080,201,35,21,2024-07-10
INV-IND-001377,STR-IND-0010,PRD-IND-00081,154,52,33,2024-06-29
INV-IND-001378,STR-IND-0010,PRD-IND-00082,409,46,34,2024-01-24
INV-IND-001379,STR-IND-0010,PRD-IND-00083,23,49,18,2024-06-10
INV-IND-001380,STR-IND-0010,PRD-IND-00084,187,26,35,2024-10-05
INV-IND-001381,STR-IND-0010,PRD-IND-00085,383,48,21,2024-10-11
INV-IND-001382,STR-IND-0010,PRD-IND-00086,284,57,15,2024-12-10
INV-IND-001383,STR-IND-0010,PRD-IND-00087,129,36,31,2024-02-12
INV-IND-001384,STR-IND-0010,PRD-IND-00088,3,35,15,2024-03-26
INV-IND-001385,STR-IND-0010,PRD-IND-00089,100,25,19,2024-01-04
INV-IND-001386,STR-IND-0010,PRD-IND-00090,248,34,27,2024-10-02
INV-IND-001387,STR-IND-0010,PRD-IND-00091,263,54,30,2024-04-16
INV-IND-001388,STR-IND-0010,PRD-IND-00092,48,29,34,2024-06-08
INV-IND-001389,STR-IND-0010,PRD-IND-00093,433,27,28,2024-09-17
INV-IND-001390,STR-IND-0010,PRD-IND-00094,372,47,35,2024-12-26
INV-IND-001391,STR-IND-0010,PRD-IND-00095,378,37,24,2024-12-17
INV-IND-001392,STR-IND-0010,PRD-IND-00096,389,56,15,2024-05-26
INV-IND-001393,STR-IND-0010,PRD-IND-00097,488,33,28,2024-05-26
INV-IND-001394,STR-IND-0010,PRD-IND-00098,309,33,17,2024-01-09
INV-IND-001395,STR-IND-0010,PRD-IND-00099,425,32,15,2024-09-24
INV-IND-001396,STR-IND-0010,PRD-IND-00100,144,30,26,2024-01-08
INV-IND-001397,STR-IND-0010,PRD-IND-00101,66,60,15,2024-12-01
INV-IND-001398,STR-IND-0010,PRD-IND-00102,351,36,15,2024-05-13
INV-IND-001399,STR-IND-0010,PRD-IND-00103,438,34,35,2024-11-18
INV-IND-001400,STR-IND-0010,PRD-IND-00104,108,34,17,2024-01-07
INV-IND-001401,STR-IND-0010,PRD-IND-00105,421,58,27,2024-11-11
INV-IND-001402,STR-IND-0010,PRD-IND-00106,161,32,27,2024-11-09
INV-IND-001403,STR-IND-0010,PRD-IND-00107,86,51,23,2024-03-28
INV-IND-001404,STR-IND-0010,PRD-IND-00108,231,39,17,2024-08-28
INV-IND-001405,STR-IND-0010,PRD-IND-00109,104,52,28,2024-07-13
INV-IND-001406,STR-IND-0010,PRD-IND-00110,238,26,23,2024-06-16
INV-IND-001407,STR-IND-0010,PRD-IND-00111,192,59,28,2024-01-12
INV-IND-001408,STR-IND-0010,PRD-IND-00112,226,56,29,2024-01-18
INV-IND-001409,STR-IND-0010,PRD-IND-00113,197,32,17,2024-02-08
INV-IND-001410,STR-IND-0010,PRD-IND-00114,44,57,32,2024-08-24
INV-IND-001411,STR-IND-0010,PRD-IND-00115,22,41,32,2024-12-05
INV-IND-001412,STR-IND-0010,PRD-IND-00116,150,59,15,2024-11-09
INV-IND-001413,STR-IND-0010,PRD-IND-00117,291,55,27,2024-04-14
INV-IND-001414,STR-IND-0010,PRD-IND-00118,261,38,33,2024-04-13
INV-IND-001415,STR-IND-0010,PRD-IND-00119,335,37,20,2024-05-12
INV-IND-001416,STR-IND-0010,PRD-IND-00120,343,38,24,2024-01-15
INV-IND-001417,STR-IND-0010,PRD-IND-00121,398,41,28,2024-02-04
INV-IND-001418,STR-IND-0010,PRD-IND-00122,285,32,28,2024-01-12
INV-IND-001419,STR-IND-0010,PRD-IND-00123,264,27,27,2024-10-12
INV-IND-001420,STR-IND-0010,PRD-IND-00124,396,34,15,2024-03-22
INV-IND-001421,STR-IND-0010,PRD-IND-00125,371,26,23,2024-05-23
INV-IND-001422,STR-IND-0010,PRD-IND-00126,308,60,20,2024-02-21
INV-IND-001423,STR-IND-0010,PRD-IND-00127,132,59,26,2024-02-06
INV-IND-001424,STR-IND-0010,PRD-IND-00128,440,54,15,2024-08-15
INV-IND-001425,STR-IND-0010,PRD-IND-00129,265,50,20,2024-12-14
INV-IND-001426,STR-IND-0010,PRD-IND-00130,348,30,28,2024-01-05
INV-IND-001427,STR-IND-0010,PRD-IND-00131,241,45,30,2024-08-28
INV-IND-001428,STR-IND-0010,PRD-IND-00132,114,29,31,2024-02-12
INV-IND-001429,STR-IND-0010,PRD-IND-00133,298,48,18,2024-03-01
INV-IND-001430,STR-IND-0010,PRD-IND-00134,288,59,22,2024-11-28
INV-IND-001431,STR-IND-0010,PRD-IND-00135,358,47,15,2024-07-30
INV-IND-001432,STR-IND-0010,PRD-IND-00136,145,38,31,2024-02-15
INV-IND-001433,STR-IND-0010,PRD-IND-00137,372,41,27,2024-04-07
INV-IND-001434,STR-IND-0010,PRD-IND-00138,100,34,20,2024-03-30
INV-IND-001435,STR-IND-0010,PRD-IND-00139,242,30,16,2024-11-16
INV-IND-001436,STR-IND-0010,PRD-IND-00140,197,28,18,2024-08-06
INV-IND-001437,STR-IND-0010,PRD-IND-00141,328,28,19,2024-11-07
INV-IND-001438,STR-IND-0010,PRD-IND-00142,218,27,19,2024-07-23
INV-IND-001439,STR-IND-0010,PRD-IND-00143,157,44,32,2024-04-16
INV-IND-001440,STR-IND-0010,PRD-IND-00144,7,52,30,2024-04-19
INV-IND-001441,STR-IND-0011,PRD-IND-00001,6,53,20,2024-03-23
INV-IND-001442,STR-IND-0011,PRD-IND-00002,440,26,29,2024-02-07
INV-IND-001443,STR-IND-0011,PRD-IND-00003,435,25,24,2024-01-21
INV-IND-001444,STR-IND-0011,PRD-IND-00004,240,60,30,2024-12-18
INV-IND-001445,STR-IND-0011,PRD-IND-00005,131,27,25,2024-01-27
INV-IND-001446,STR-IND-0011,PRD-IND-00006,220,48,20,2024-02-06
INV-IND-001447,STR-IND-0011,PRD-IND-00007,69,44,18,2024-12-30
INV-IND-001448,STR-IND-0011,PRD-IND-00008,274,60,33,2024-06-01
INV-IND-001449,STR-IND-0011,PRD-IND-00009,359,49,33,2024-06-09
INV-IND-001450,STR-IND-0011,PRD-IND-00010,197,60,21,2024-03-09
INV-IND-001451,STR-IND-0011,PRD-IND-00011,225,57,26,2024-07-10
INV-IND-001452,STR-IND-0011,PRD-IND-00012,408,48,20,2024-06-09
INV-IND-001453,STR-IND-0011,PRD-IND-00013,31,35,34,2024-05-25
INV-IND-001454,STR-IND-0011,PRD-IND-00014,319,48,19,2024-06-12
INV-IND-001455,STR-IND-0011,PRD-IND-00015,252,38,24,2024-08-02
INV-IND-001456,STR-IND-0011,PRD-IND-00016,199,53,29,2024-03-15
INV-IND-001457,STR-IND-0011,PRD-IND-00017,59,35,18,2024-11-19
INV-IND-001458,STR-IND-0011,PRD-IND-00018,52,49,25,2024-03-27
INV-IND-001459,STR-IND-0011,PRD-IND-00019,421,40,23,2024-03-25
INV-IND-001460,STR-IND-0011,PRD-IND-00020,97,43,24,2024-03-21
INV-IND-001461,STR-IND-0011,PRD-IND-00021,153,60,24,2024-12-02
INV-IND-001462,STR-IND-0011,PRD-IND-00022,474,51,33,2024-11-06
INV-IND-001463,STR-IND-0011,PRD-IND-00023,318,45,22,2024-12-05
INV-IND-001464,STR-IND-0011,PRD-IND-00024,459,57,21,2024-01-31
INV-IND-001465,STR-IND-0011,PRD-IND-00025,139,55,15,2024-04-11
INV-IND-001466,STR-IND-0011,PRD-IND-00026,474,54,25,2024-06-15
INV-IND-001467,STR-IND-0011,PRD-IND-00027,92,40,24,2024-01-04
INV-IND-001468,STR-IND-0011,PRD-IND-00028,37,43,22,2024-10-31
INV-IND-001469,STR-IND-0011,PRD-IND-00029,257,37,33,2024-12-30
INV-IND-001470,STR-IND-0011,PRD-IND-00030,88,27,35,2024-12-26
INV-IND-001471,STR-IND-0011,PRD-IND-00031,161,60,25,2024-07-19
INV-IND-001472,STR-IND-0011,PRD-IND-00032,489,60,19,2024-12-27
INV-IND-001473,STR-IND-0011,PRD-IND-00033,314,47,32,2024-07-07
INV-IND-001474,STR-IND-0011,PRD-IND-00034,127,47,16,2024-05-31
INV-IND-001475,STR-IND-0011,PRD-IND-00035,185,52,23,2024-07-15
INV-IND-001476,STR-IND-0011,PRD-IND-00036,252,40,22,2024-05-28
INV-IND-001477,STR-IND-0011,PRD-IND-00037,463,32,31,2024-01-03
INV-IND-001478,STR-IND-0011,PRD-IND-00038,98,58,20,2024-05-31
INV-IND-001479,STR-IND-0011,PRD-IND-00039,386,56,23,2024-04-09
INV-IND-001480,STR-IND-0011,PRD-IND-00040,469,25,20,2024-03-12
INV-IND-001481,STR-IND-0011,PRD-IND-00041,287,29,29,2024-08-15
INV-IND-001482,STR-IND-0011,PRD-IND-00042,450,55,17,2024-08-02
INV-IND-001483,STR-IND-0011,PRD-IND-00043,107,44,27,2024-01-05
INV-IND-001484,STR-IND-0011,PRD-IND-00044,218,52,34,2024-05-27
INV-IND-001485,STR-IND-0011,PRD-IND-00045,282,35,16,2024-08-27
INV-IND-001486,STR-IND-0011,PRD-IND-00046,164,33,28,2024-01-24
INV-IND-001487,STR-IND-0011,PRD-IND-00047,74,59,31,2024-02-02
INV-IND-001488,STR-IND-0011,PRD-IND-00048,300,26,31,2024-05-31
INV-IND-001489,STR-IND-0011,PRD-IND-00049,99,54,35,2024-01-02
INV-IND-001490,STR-IND-0011,PRD-IND-00050,349,52,19,2024-08-30
INV-IND-001491,STR-IND-0011,PRD-IND-00051,131,55,35,2024-06-14
INV-IND-001492,STR-IND-0011,PRD-IND-00052,73,37,31,2024-07-03
INV-IND-001493,STR-IND-0011,PRD-IND-00053,79,40,23,2024-04-03
INV-IND-001494,STR-IND-0011,PRD-IND-00054,177,43,17,2024-11-11
INV-IND-001495,STR-IND-0011,PRD-IND-00055,191,26,34,2024-08-30
INV-IND-001496,STR-IND-0011,PRD-IND-00056,391,41,17,2024-09-07
INV-IND-001497,STR-IND-0011,PRD-IND-00057,432,41,34,2024-05-12
INV-IND-001498,STR-IND-0011,PRD-IND-00058,277,35,30,2024-05-22
INV-IND-001499,STR-IND-0011,PRD-IND-00059,480,51,25,2024-04-20
INV-IND-001500,STR-IND-0011,PRD-IND-00060,122,29,34,2024-10-26
INV-IND-001501,STR-IND-0011,PRD-IND-00061,368,45,33,2024-02-23
INV-IND-001502,STR-IND-0011,PRD-IND-00062,52,55,21,2024-11-26
INV-IND-001503,STR-IND-0011,PRD-IND-00063,374,60,27,2024-07-31
INV-IND-001504,STR-IND-0011,PRD-IND-00064,319,41,24,2024-05-23
INV-IND-001505,STR-IND-0011,PRD-IND-00065,419,30,29,2024-05-08
INV-IND-001506,STR-IND-0011,PRD-IND-00066,492,34,26,2024-08-25
INV-IND-001507,STR-IND-0011,PRD-IND-00067,464,33,23,2024-03-20
INV-IND-001508,STR-IND-0011,PRD-IND-00068,84,49,35,2024-04-25
INV-IND-001509,STR-IND-0011,PRD-IND-00069,78,39,26,2024-03-09
INV-IND-001510,STR-IND-0011,PRD-IND-00070,211,53,27,2024-04-26
INV-IND-001511,STR-IND-0011,PRD-IND-00071,456,45,29,2024-04-10
INV-IND-001512,STR-IND-0011,PRD-IND-00072,37,55,34,2024-01-02
INV-IND-001513,STR-IND-0011,PRD-IND-00073,471,52,27,2024-05-05
INV-IND-001514,STR-IND-0011,PRD-IND-00074,248,42,34,2024-03-08
INV-IND-001515,STR-IND-0011,PRD-IND-00075,215,25,18,2024-08-21
INV-IND-001516,STR-IND-0011,PRD-IND-00076,456,55,35,2024-05-28
INV-IND-001517,STR-IND-0011,PRD-IND-00077,43,48,16,2024-01-09
INV-IND-001518,STR-IND-0011,PRD-IND-00078,154,57,25,2024-03-11
INV-IND-001519,STR-IND-0011,PRD-IND-00079,476,26,35,2024-07-10
INV-IND-001520,STR-IND-0011,PRD-IND-00080,404,48,35,2024-08-09
INV-IND-001521,STR-IND-0011,PRD-IND-00081,340,32,31,2024-01-07
INV-IND-001522,STR-IND-0011,PRD-IND-00082,415,54,31,2024-10-24
INV-IND-001523,STR-IND-0011,PRD-IND-00083,213,27,32,2024-09-21
INV-IND-001524,STR-IND-0011,PRD-IND-00084,236,54,29,2024-12-09
INV-IND-001525,STR-IND-0011,PRD-IND-00085,158,44,25,2024-09-21
INV-IND-001526,STR-IND-0011,PRD-IND-00086,7,53,28,2024-07-25
INV-IND-001527,STR-IND-0011,PRD-IND-00087,214,40,23,2024-03-17
INV-IND-001528,STR-IND-0011,PRD-IND-00088,390,26,16,2024-09-03
INV-IND-001529,STR-IND-0011,PRD-IND-00089,241,55,25,2024-09-16
INV-IND-001530,STR-IND-0011,PRD-IND-00090,299,48,27,2024-07-18
INV-IND-001531,STR-IND-0011,PRD-IND-00091,51,50,22,2024-03-09
INV-IND-001532,STR-IND-0011,PRD-IND-00092,65,37,18,2024-07-31
INV-IND-001533,STR-IND-0011,PRD-IND-00093,222,53,19,2024-08-03
INV-IND-001534,STR-IND-0011,PRD-IND-00094,20,34,31,2024-01-04
INV-IND-001535,STR-IND-0011,PRD-IND-00095,471,48,18,2024-11-24
INV-IND-001536,STR-IND-0011,PRD-IND-00096,38,52,17,2024-03-28
INV-IND-001537,STR-IND-0011,PRD-IND-00097,435,44,21,2024-10-14
INV-IND-001538,STR-IND-0011,PRD-IND-00098,13,36,26,2024-03-04
INV-IND-001539,STR-IND-0011,PRD-IND-00099,194,56,24,2024-12-18
INV-IND-001540,STR-IND-0011,PRD-IND-00100,368,48,30,2024-02-13
INV-IND-001541,STR-IND-0011,PRD-IND-00101,259,35,20,2024-06-06
INV-IND-001542,STR-IND-0011,PRD-IND-00102,240,34,33,2024-07-06
INV-IND-001543,STR-IND-0011,PRD-IND-00103,98,33,33,2024-07-02
INV-IND-001544,STR-IND-0011,PRD-IND-00104,322,60,17,2024-07-10
INV-IND-001545,STR-IND-0011,PRD-IND-00105,381,38,19,2024-03-19
INV-IND-001546,STR-IND-0011,PRD-IND-00106,196,43,20,2024-12-09
INV-IND-001547,STR-IND-0011,PRD-IND-00107,304,33,35,2024-06-23
INV-IND-001548,STR-IND-0011,PRD-IND-00108,163,58,15,2024-10-28
INV-IND-001549,STR-IND-0011,PRD-IND-00109,253,53,15,2024-07-18
INV-IND-001550,STR-IND-0011,PRD-IND-00110,338,40,15,2024-02-17
INV-IND-001551,STR-IND-0011,PRD-IND-00111,432,50,30,2024-12-13
INV-IND-001552,STR-IND-0011,PRD-IND-00112,302,40,15,2024-08-08
INV-IND-001553,STR-IND-0011,PRD-IND-00113,74,40,28,2024-07-29
INV-IND-001554,STR-IND-0011,PRD-IND-00114,433,56,22,2024-01-13
INV-IND-001555,STR-IND-0011,PRD-IND-00115,120,36,30,2024-11-08
INV-IND-001556,STR-IND-0011,PRD-IND-00116,155,55,25,2024-11-05
INV-IND-001557,STR-IND-0011,PRD-IND-00117,4,25,22,2024-04-25
INV-IND-001558,STR-IND-0011,PRD-IND-00118,285,60,32,2024-09-17
INV-IND-001559,STR-IND-0011,PRD-IND-00119,290,48,15,2024-10-01
INV-IND-001560,STR-IND-0011,PRD-IND-00120,367,30,35,2024-01-09
INV-IND-001561,STR-IND-0011,PRD-IND-00121,134,30,31,2024-01-25
INV-IND-001562,STR-IND-0011,PRD-IND-00122,83,34,33,2024-09-16
INV-IND-001563,STR-IND-0011,PRD-IND-00123,152,34,22,2024-02-27
INV-IND-001564,STR-IND-0011,PRD-IND-00124,138,29,32,2024-06-12
INV-IND-001565,STR-IND-0011,PRD-IND-00125,112,28,24,2024-03-13
INV-IND-001566,STR-IND-0011,PRD-IND-00126,451,53,19,2024-08-03
INV-IND-001567,STR-IND-0011,PRD-IND-00127,65,38,35,2024-07-07
INV-IND-001568,STR-IND-0011,PRD-IND-00128,74,54,32,2024-10-26
INV-IND-001569,STR-IND-0011,PRD-IND-00129,77,33,26,2024-09-11
INV-IND-001570,STR-IND-0011,PRD-IND-00130,159,43,26,2024-07-11
INV-IND-001571,STR-IND-0011,PRD-IND-00131,66,47,19,2024-09-09
INV-IND-001572,STR-IND-0011,PRD-IND-00132,494,41,17,2024-10-05
INV-IND-001573,STR-IND-0011,PRD-IND-00133,476,40,29,2024-12-01
INV-IND-001574,STR-IND-0011,PRD-IND-00134,46,50,27,2024-07-25
INV-IND-001575,STR-IND-0011,PRD-IND-00135,90,38,29,2024-05-16
INV-IND-001576,STR-IND-0011,PRD-IND-00136,229,58,30,2024-01-05
INV-IND-001577,STR-IND-0011,PRD-IND-00137,448,46,17,2024-11-30
INV-IND-001578,STR-IND-0011,PRD-IND-00138,85,60,27,2024-07-14
INV-IND-001579,STR-IND-0011,PRD-IND-00139,87,36,30,2024-07-03
INV-IND-001580,STR-IND-0011,PRD-IND-00140,327,35,22,2024-04-21
INV-IND-001581,STR-IND-0011,PRD-IND-00141,353,58,26,2024-10-29
INV-IND-001582,STR-IND-0011,PRD-IND-00142,145,29,26,2024-06-13
INV-IND-001583,STR-IND-0011,PRD-IND-00143,382,30,24,2024-06-09
INV-IND-001584,STR-IND-0011,PRD-IND-00144,391,59,34,2024-02-06
INV-IND-001585,STR-IND-0012,PRD-IND-00001,287,34,25,2024-05-22
INV-IND-001586,STR-IND-0012,PRD-IND-00002,431,48,17,2024-11-21
INV-IND-001587,STR-IND-0012,PRD-IND-00003,31,43,34,2024-07-27
INV-IND-001588,STR-IND-0012,PRD-IND-00004,161,45,16,2024-05-19
INV-IND-001589,STR-IND-0012,PRD-IND-00005,316,42,28,2024-01-01
INV-IND-001590,STR-IND-0012,PRD-IND-00006,301,51,27,2024-01-15
INV-IND-001591,STR-IND-0012,PRD-IND-00007,324,44,17,2024-09-20
INV-IND-001592,STR-IND-0012,PRD-IND-00008,14,30,24,2024-05-13
INV-IND-001593,STR-IND-0012,PRD-IND-00009,395,49,18,2024-06-02
INV-IND-001594,STR-IND-0012,PRD-IND-00010,254,32,15,2024-01-09
INV-IND-001595,STR-IND-0012,PRD-IND-00011,147,41,29,2024-12-13
INV-IND-001596,STR-IND-0012,PRD-IND-00012,467,27,30,2024-09-03
INV-IND-001597,STR-IND-0012,PRD-IND-00013,176,39,19,2024-08-18
INV-IND-001598,STR-IND-0012,PRD-IND-00014,448,50,31,2024-08-16
INV-IND-001599,STR-IND-0012,PRD-IND-00015,439,41,20,2024-09-03
INV-IND-001600,STR-IND-0012,PRD-IND-00016,132,37,31,2024-12-24
INV-IND-001601,STR-IND-0012,PRD-IND-00017,86,38,30,2024-10-13
INV-IND-001602,STR-IND-0012,PRD-IND-00018,444,35,15,2024-04-14
INV-IND-001603,STR-IND-0012,PRD-IND-00019,258,29,23,2024-06-18
INV-IND-001604,STR-IND-0012,PRD-IND-00020,420,56,29,2024-03-18
INV-IND-001605,STR-IND-0012,PRD-IND-00021,463,49,21,2024-10-14
INV-IND-001606,STR-IND-0012,PRD-IND-00022,208,46,20,2024-08-26
INV-IND-001607,STR-IND-0012,PRD-IND-00023,162,47,26,2024-04-30
INV-IND-001608,STR-IND-0012,PRD-IND-00024,24,48,19,2024-06-26
INV-IND-001609,STR-IND-0012,PRD-IND-00025,459,46,27,2024-07-28
INV-IND-001610,STR-IND-0012,PRD-IND-00026,53,57,20,2024-01-17
INV-IND-001611,STR-IND-0012,PRD-IND-00027,94,25,17,2024-06-18
INV-IND-001612,STR-IND-0012,PRD-IND-00028,346,59,25,2024-11-28
INV-IND-001613,STR-IND-0012,PRD-IND-00029,60,60,24,2024-10-28
INV-IND-001614,STR-IND-0012,PRD-IND-00030,433,58,27,2024-08-04
INV-IND-001615,STR-IND-0012,PRD-IND-00031,341,57,33,2024-01-14
INV-IND-001616,STR-IND-0012,PRD-IND-00032,474,32,15,2024-12-29
INV-IND-001617,STR-IND-0012,PRD-IND-00033,488,35,20,2024-12-01
INV-IND-001618,STR-IND-0012,PRD-IND-00034,60,45,20,2024-09-16
INV-IND-001619,STR-IND-0012,PRD-IND-00035,190,60,22,2024-03-17
INV-IND-001620,STR-IND-0012,PRD-IND-00036,325,36,18,2024-11-10
INV-IND-001621,STR-IND-0012,PRD-IND-00037,314,44,34,2024-04-06
INV-IND-001622,STR-IND-0012,PRD-IND-00038,202,41,23,2024-05-02
INV-IND-001623,STR-IND-0012,PRD-IND-00039,494,41,29,2024-01-24
INV-IND-001624,STR-IND-0012,PRD-IND-00040,7,47,16,2024-04-30
INV-IND-001625,STR-IND-0012,PRD-IND-00041,248,44,27,2024-05-12
INV-IND-001626,STR-IND-0012,PRD-IND-00042,188,27,28,2024-07-19
INV-IND-001627,STR-IND-0012,PRD-IND-00043,15,46,24,2024-11-21
INV-IND-001628,STR-IND-0012,PRD-IND-00044,246,47,17,2024-01-13
INV-IND-001629,STR-IND-0012,PRD-IND-00045,69,30,27,2024-12-05
INV-IND-001630,STR-IND-0012,PRD-IND-00046,63,58,16,2024-06-12
INV-IND-001631,STR-IND-0012,PRD-IND-00047,67,30,24,2024-05-24
INV-IND-001632,STR-IND-0012,PRD-IND-00048,155,29,22,2024-01-05
INV-IND-001633,STR-IND-0012,PRD-IND-00049,273,44,32,2024-06-30
INV-IND-001634,STR-IND-0012,PRD-IND-00050,56,34,15,2024-03-20
INV-IND-001635,STR-IND-0012,PRD-IND-00051,9,52,25,2024-06-03
INV-IND-001636,STR-IND-0012,PRD-IND-00052,53,51,19,2024-07-13
INV-IND-001637,STR-IND-0012,PRD-IND-00053,437,44,32,2024-01-22
INV-IND-001638,STR-IND-0012,PRD-IND-00054,205,34,21,2024-08-23
INV-IND-001639,STR-IND-0012,PRD-IND-00055,359,36,27,2024-11-13
INV-IND-001640,STR-IND-0012,PRD-IND-00056,90,32,35,2024-10-13
INV-IND-001641,STR-IND-0012,PRD-IND-00057,431,26,25,2024-07-04
INV-IND-001642,STR-IND-0012,PRD-IND-00058,92,36,20,2024-12-20
INV-IND-001643,STR-IND-0012,PRD-IND-00059,86,53,17,2024-03-09
INV-IND-001644,STR-IND-0012,PRD-IND-00060,130,57,25,2024-09-18
INV-IND-001645,STR-IND-0012,PRD-IND-00061,100,26,25,2024-09-12
INV-IND-001646,STR-IND-0012,PRD-IND-00062,272,44,17,2024-02-29
INV-IND-001647,STR-IND-0012,PRD-IND-00063,403,47,30,2024-09-08
INV-IND-001648,STR-IND-0012,PRD-IND-00064,385,33,21,2024-06-23
INV-IND-001649,STR-IND-0012,PRD-IND-00065,313,48,35,2024-09-22
INV-IND-001650,STR-IND-0012,PRD-IND-00066,12,29,22,2024-03-19
INV-IND-001651,STR-IND-0012,PRD-IND-00067,355,34,32,2024-06-24
INV-IND-001652,STR-IND-0012,PRD-IND-00068,90,47,30,2024-07-12
INV-IND-001653,STR-IND-0012,PRD-IND-00069,121,33,29,2024-12-11
INV-IND-001654,STR-IND-0012,PRD-IND-00070,386,44,25,2024-11-01
INV-IND-001655,STR-IND-0012,PRD-IND-00071,416,60,28,2024-04-07
INV-IND-001656,STR-IND-0012,PRD-IND-00072,454,46,26,2024-10-22
INV-IND-001657,STR-IND-0012,PRD-IND-00073,141,28,26,2024-05-08
INV-IND-001658,STR-IND-0012,PRD-IND-00074,339,28,16,2024-02-20
INV-IND-001659,STR-IND-0012,PRD-IND-00075,212,26,26,2024-01-30
INV-IND-001660,STR-IND-0012,PRD-IND-00076,495,48,24,2024-01-05
INV-IND-001661,STR-IND-0012,PRD-IND-00077,146,29,18,2024-11-08
INV-IND-001662,STR-IND-0012,PRD-IND-00078,66,44,21,2024-09-16
INV-IND-001663,STR-IND-0012,PRD-IND-00079,222,48,15,2024-03-13
INV-IND-001664,STR-IND-0012,PRD-IND-00080,252,60,30,2024-04-11
INV-IND-001665,STR-IND-0012,PRD-IND-00081,312,30,16,2024-03-25
INV-IND-001666,STR-IND-0012,PRD-IND-00082,134,56,29,2024-07-08
INV-IND-001667,STR-IND-0012,PRD-IND-00083,280,25,22,2024-12-31
INV-IND-001668,STR-IND-0012,PRD-IND-00084,409,27,17,2024-06-13
INV-IND-001669,STR-IND-0012,PRD-IND-00085,456,42,35,2024-01-17
INV-IND-001670,STR-IND-0012,PRD-IND-00086,5,38,17,2024-06-09
INV-IND-001671,STR-IND-0012,PRD-IND-00087,379,31,21,2024-01-24
INV-IND-001672,STR-IND-0012,PRD-IND-00088,98,60,31,2024-09-25
INV-IND-001673,STR-IND-0012,PRD-IND-00089,266,33,33,2024-09-03
INV-IND-001674,STR-IND-0012,PRD-IND-00090,234,33,33,2024-06-25
INV-IND-001675,STR-IND-0012,PRD-IND-00091,31,28,15,2024-07-06
INV-IND-001676,STR-IND-0012,PRD-IND-00092,248,47,18,2024-07-14
INV-IND-001677,STR-IND-0012,PRD-IND-00093,170,45,32,2024-08-18
INV-IND-001678,STR-IND-0012,PRD-IND-00094,79,58,33,2024-08-27
INV-IND-001679,STR-IND-0012,PRD-IND-00095,487,31,31,2024-09-03
INV-IND-001680,STR-IND-0012,PRD-IND-00096,403,48,31,2024-08-11
INV-IND-001681,STR-IND-0012,PRD-IND-00097,207,26,34,2024-12-10
INV-IND-001682,STR-IND-0012,PRD-IND-00098,187,52,16,2024-05-10
INV-IND-001683,STR-IND-0012,PRD-IND-00099,61,37,30,2024-08-11
INV-IND-001684,STR-IND-0012,PRD-IND-00100,436,26,25,2024-01-04
INV-IND-001685,STR-IND-0012,PRD-IND-00101,286,33,24,2024-01-03
INV-IND-001686,STR-IND-0012,PRD-IND-00102,494,49,29,2024-12-28
INV-IND-001687,STR-IND-0012,PRD-IND-00103,118,32,22,2024-07-12
INV-IND-001688,STR-IND-0012,PRD-IND-00104,279,31,28,2024-07-26
INV-IND-001689,STR-IND-0012,PRD-IND-00105,318,51,32,2024-04-01
INV-IND-001690,STR-IND-0012,PRD-IND-00106,35,41,17,2024-03-15
INV-IND-001691,STR-IND-0012,PRD-IND-00107,131,59,23,2024-02-05
INV-IND-001692,STR-IND-0012,PRD-IND-00108,97,48,24,2024-10-27
INV-IND-001693,STR-IND-0012,PRD-IND-00109,39,51,29,2024-02-17
INV-IND-001694,STR-IND-0012,PRD-IND-00110,68,51,17,2024-01-10
INV-IND-001695,STR-IND-0012,PRD-IND-00111,266,56,30,2024-12-11
INV-IND-001696,STR-IND-0012,PRD-IND-00112,92,52,18,2024-05-28
INV-IND-001697,STR-IND-0012,PRD-IND-00113,284,59,28,2024-01-30
INV-IND-001698,STR-IND-0012,PRD-IND-00114,132,50,19,2024-01-31
INV-IND-001699,STR-IND-0012,PRD-IND-00115,426,30,21,2024-03-21
INV-IND-001700,STR-IND-0012,PRD-IND-00116,327,31,29,2024-06-21
INV-IND-001701,STR-IND-0012,PRD-IND-00117,56,52,17,2024-10-09
INV-IND-001702,STR-IND-0012,PRD-IND-00118,189,33,21,2024-02-09
INV-IND-001703,STR-IND-0012,PRD-IND-00119,323,37,19,2024-05-22
INV-IND-001704,STR-IND-0012,PRD-IND-00120,212,58,25,2024-05-03
INV-IND-001705,STR-IND-0012,PRD-IND-00121,96,45,34,2024-08-04
INV-IND-001706,STR-IND-0012,PRD-IND-00122,477,47,35,2024-05-01
INV-IND-001707,STR-IND-0012,PRD-IND-00123,30,36,30,2024-11-21
INV-IND-001708,STR-IND-0012,PRD-IND-00124,493,29,26,2024-06-11
INV-IND-001709,STR-IND-0012,PRD-IND-00125,243,28,23,2024-03-03
INV-IND-001710,STR-IND-0012,PRD-IND-00126,406,36,20,2024-04-28
INV-IND-001711,STR-IND-0012,PRD-IND-00127,173,34,17,2024-09-09
INV-IND-001712,STR-IND-0012,PRD-IND-00128,22,35,26,2024-06-07
INV-IND-001713,STR-IND-0012,PRD-IND-00129,192,29,20,2024-03-25
INV-IND-001714,STR-IND-0012,PRD-IND-00130,75,50,27,2024-05-08
INV-IND-001715,STR-IND-0012,PRD-IND-00131,396,46,21,2024-06-08
INV-IND-001716,STR-IND-0012,PRD-IND-00132,149,47,35,2024-01-14
INV-IND-001717,STR-IND-0012,PRD-IND-00133,130,40,22,2024-03-10
INV-IND-001718,STR-IND-0012,PRD-IND-00134,229,40,21,2024-02-24
INV-IND-001719,STR-IND-0012,PRD-IND-00135,317,47,16,2024-03-09
INV-IND-001720,STR-IND-0012,PRD-IND-00136,0,28,17,2024-06-22
INV-IND-001721,STR-IND-0012,PRD-IND-00137,408,36,27,2024-11-19
INV-IND-001722,STR-IND-0012,PRD-IND-00138,490,48,26,2024-07-23
INV-IND-001723,STR-IND-0012,PRD-IND-00139,296,59,17,2024-01-06
INV-IND-001724,STR-IND-0012,PRD-IND-00140,125,47,15,2024-08-28
INV-IND-001725,STR-IND-0012,PRD-IND-00141,17,48,17,2024-08-12
INV-IND-001726,STR-IND-0012,PRD-IND-00142,379,57,23,2024-11-05
INV-IND-001727,STR-IND-0012,PRD-IND-00143,350,52,16,2024-04-20
INV-IND-001728,STR-IND-0012,PRD-IND-00144,150,52,34,2024-10-21
INV-IND-001729,STR-IND-0013,PRD-IND-00001,441,35,28,2024-10-16
INV-IND-001730,STR-IND-0013,PRD-IND-00002,432,56,31,2024-10-28
INV-IND-001731,STR-IND-0013,PRD-IND-00003,438,30,33,2024-08-20
INV-IND-001732,STR-IND-0013,PRD-IND-00004,440,45,31,2024-03-11
INV-IND-001733,STR-IND-0013,PRD-IND-00005,188,42,27,2024-07-20
INV-IND-001734,STR-IND-0013,PRD-IND-00006,140,28,20,2024-11-25
INV-IND-001735,STR-IND-0013,PRD-IND-00007,333,52,26,2024-09-29
INV-IND-001736,STR-IND-0013,PRD-IND-00008,409,45,24,2024-03-24
INV-IND-001737,STR-IND-0013,PRD-IND-00009,322,34,31,2024-09-21
INV-IND-001738,STR-IND-0013,PRD-IND-00010,196,31,28,2024-08-03
INV-IND-001739,STR-IND-0013,PRD-IND-00011,325,27,29,2024-06-14
INV-IND-001740,STR-IND-0013,PRD-IND-00012,478,56,15,2024-01-25
INV-IND-001741,STR-IND-0013,PRD-IND-00013,308,45,28,2024-11-23
INV-IND-001742,STR-IND-0013,PRD-IND-00014,49,31,20,2024-12-07
INV-IND-001743,STR-IND-0013,PRD-IND-00015,30,43,32,2024-11-16
INV-IND-001744,STR-IND-0013,PRD-IND-00016,74,60,23,2024-05-14
INV-IND-001745,STR-IND-0013,PRD-IND-00017,234,37,27,2024-01-06
INV-IND-001746,STR-IND-0013,PRD-IND-00018,344,58,33,2024-11-20
INV-IND-001747,STR-IND-0013,PRD-IND-00019,288,36,30,2024-05-02
INV-IND-001748,STR-IND-0013,PRD-IND-00020,211,41,16,2024-09-17
INV-IND-001749,STR-IND-0013,PRD-IND-00021,399,28,19,2024-06-26
INV-IND-001750,STR-IND-0013,PRD-IND-00022,20,27,34,2024-12-01
INV-IND-001751,STR-IND-0013,PRD-IND-00023,13,55,16,2024-09-13
INV-IND-001752,STR-IND-0013,PRD-IND-00024,332,40,28,2024-08-14
INV-IND-001753,STR-IND-0013,PRD-IND-00025,411,29,26,2024-08-11
INV-IND-001754,STR-IND-0013,PRD-IND-00026,495,49,33,2024-06-26
INV-IND-001755,STR-IND-0013,PRD-IND-00027,174,60,32,2024-04-12
INV-IND-001756,STR-IND-0013,PRD-IND-00028,59,44,35,2024-08-05
INV-IND-001757,STR-IND-0013,PRD-IND-00029,47,51,31,2024-11-06
INV-IND-001758,STR-IND-0013,PRD-IND-00030,409,50,18,2024-04-21
INV-IND-001759,STR-IND-0013,PRD-IND-00031,256,54,21,2024-10-22
INV-IND-001760,STR-IND-0013,PRD-IND-00032,45,29,33,2024-04-21
INV-IND-001761,STR-IND-0013,PRD-IND-00033,451,34,35,2024-11-05
INV-IND-001762,STR-IND-0013,PRD-IND-00034,285,41,19,2024-07-06
INV-IND-001763,STR-IND-0013,PRD-IND-00035,183,57,35,2024-06-26
INV-IND-001764,STR-IND-0013,PRD-IND-00036,476,31,24,2024-02-21
INV-IND-001765,STR-IND-0013,PRD-IND-00037,192,39,24,2024-05-31
INV-IND-001766,STR-IND-0013,PRD-IND-00038,21,56,33,2024-11-18
INV-IND-001767,STR-IND-0013,PRD-IND-00039,220,60,20,2024-01-06
INV-IND-001768,STR-IND-0013,PRD-IND-00040,348,43,33,2024-09-20
INV-IND-001769,STR-IND-0013,PRD-IND-00041,232,47,18,2024-02-08
INV-IND-001770,STR-IND-0013,PRD-IND-00042,185,49,32,2024-03-02
INV-IND-001771,STR-IND-0013,PRD-IND-00043,385,39,32,2024-03-25
INV-IND-001772,STR-IND-0013,PRD-IND-00044,414,46,23,2024-08-02
INV-IND-001773,STR-IND-0013,PRD-IND-00045,454,33,21,2024-11-15
INV-IND-001774,STR-IND-0013,PRD-IND-00046,329,41,19,2024-01-01
INV-IND-001775,STR-IND-0013,PRD-IND-00047,364,31,17,2024-02-28
INV-IND-001776,STR-IND-0013,PRD-IND-00048,212,25,22,2024-02-29
INV-IND-001777,STR-IND-0013,PRD-IND-00049,453,27,32,2024-07-07
INV-IND-001778,STR-IND-0013,PRD-IND-00050,136,58,15,2024-07-20
INV-IND-001779,STR-IND-0013,PRD-IND-00051,365,46,33,2024-05-11
INV-IND-001780,STR-IND-0013,PRD-IND-00052,75,33,17,2024-07-05
INV-IND-001781,STR-IND-0013,PRD-IND-00053,263,50,23,2024-07-30
INV-IND-001782,STR-IND-0013,PRD-IND-00054,261,53,19,2024-05-30
INV-IND-001783,STR-IND-0013,PRD-IND-00055,486,29,23,2024-11-06
INV-IND-001784,STR-IND-0013,PRD-IND-00056,141,38,31,2024-01-01
INV-IND-001785,STR-IND-0013,PRD-IND-00057,405,48,34,2024-05-28
INV-IND-001786,STR-IND-0013,PRD-IND-00058,254,47,31,2024-05-23
INV-IND-001787,STR-IND-0013,PRD-IND-00059,38,60,29,2024-01-24
INV-IND-001788,STR-IND-0013,PRD-IND-00060,150,33,29,2024-12-16
INV-IND-001789,STR-IND-0013,PRD-IND-00061,372,30,29,2024-12-28
INV-IND-001790,STR-IND-0013,PRD-IND-00062,326,39,24,2024-03-25
INV-IND-001791,STR-IND-0013,PRD-IND-00063,431,47,20,2024-08-23
INV-IND-001792,STR-IND-0013,PRD-IND-00064,451,38,32,2024-08-01
INV-IND-001793,STR-IND-0013,PRD-IND-00065,489,44,32,2024-08-10
INV-IND-001794,STR-IND-0013,PRD-IND-00066,439,50,19,2024-06-25
INV-IND-001795,STR-IND-0013,PRD-IND-00067,211,49,18,2024-05-19
INV-IND-001796,STR-IND-0013,PRD-IND-00068,140,27,18,2024-05-16
INV-IND-001797,STR-IND-0013,PRD-IND-00069,50,58,31,2024-06-18
INV-IND-001798,STR-IND-0013,PRD-IND-00070,336,35,34,2024-03-31
INV-IND-001799,STR-IND-0013,PRD-IND-00071,240,25,35,2024-05-14
INV-IND-001800,STR-IND-0013,PRD-IND-00072,387,53,35,2024-06-27
INV-IND-001801,STR-IND-0013,PRD-IND-00073,149,58,15,2024-03-01
INV-IND-001802,STR-IND-0013,PRD-IND-00074,256,35,18,2024-05-22
INV-IND-001803,STR-IND-0013,PRD-IND-00075,309,45,17,2024-12-10
INV-IND-001804,STR-IND-0013,PRD-IND-00076,26,39,19,2024-10-01
INV-IND-001805,STR-IND-0013,PRD-IND-00077,95,33,35,2024-06-27
INV-IND-001806,STR-IND-0013,PRD-IND-00078,467,53,19,2024-12-23
INV-IND-001807,STR-IND-0013,PRD-IND-00079,482,57,19,2024-11-04
INV-IND-001808,STR-IND-0013,PRD-IND-00080,3,55,15,2024-07-28
INV-IND-001809,STR-IND-0013,PRD-IND-00081,170,33,28,2024-10-29
INV-IND-001810,STR-IND-0013,PRD-IND-00082,216,57,15,2024-03-27
INV-IND-001811,STR-IND-0013,PRD-IND-00083,215,49,15,2024-10-21
INV-IND-001812,STR-IND-0013,PRD-IND-00084,451,27,22,2024-08-26
INV-IND-001813,STR-IND-0013,PRD-IND-00085,482,52,26,2024-06-30
INV-IND-001814,STR-IND-0013,PRD-IND-00086,127,41,17,2024-02-15
INV-IND-001815,STR-IND-0013,PRD-IND-00087,383,50,33,2024-05-29
INV-IND-001816,STR-IND-0013,PRD-IND-00088,392,58,17,2024-07-07
INV-IND-001817,STR-IND-0013,PRD-IND-00089,289,33,22,2024-12-27
INV-IND-001818,STR-IND-0013,PRD-IND-00090,273,45,20,2024-06-06
INV-IND-001819,STR-IND-0013,PRD-IND-00091,181,35,25,2024-11-14
INV-IND-001820,STR-IND-0013,PRD-IND-00092,453,60,25,2024-08-24
INV-IND-001821,STR-IND-0013,PRD-IND-00093,286,60,26,2024-11-13
INV-IND-001822,STR-IND-0013,PRD-IND-00094,105,42,23,2024-12-02
INV-IND-001823,STR-IND-0013,PRD-IND-00095,142,31,25,2024-05-27
INV-IND-001824,STR-IND-0013,PRD-IND-00096,22,34,21,2024-05-23
INV-IND-001825,STR-IND-0013,PRD-IND-00097,410,42,29,2024-02-09
INV-IND-001826,STR-IND-0013,PRD-IND-00098,493,59,15,2024-12-26
INV-IND-001827,STR-IND-0013,PRD-IND-00099,291,60,15,2024-01-11
INV-IND-001828,STR-IND-0013,PRD-IND-00100,145,28,22,2024-03-16
INV-IND-001829,STR-IND-0013,PRD-IND-00101,275,40,19,2024-03-19
INV-IND-001830,STR-IND-0013,PRD-IND-00102,152,31,34,2024-12-16
INV-IND-001831,STR-IND-0013,PRD-IND-00103,127,48,16,2024-05-17
INV-IND-001832,STR-IND-0013,PRD-IND-00104,205,53,32,2024-05-06
INV-IND-001833,STR-IND-0013,PRD-IND-00105,67,45,25,2024-03-31
INV-IND-001834,STR-IND-0013,PRD-IND-00106,315,30,34,2024-06-24
INV-IND-001835,STR-IND-0013,PRD-IND-00107,253,32,35,2024-09-30
INV-IND-001836,STR-IND-0013,PRD-IND-00108,246,35,22,2024-11-29
INV-IND-001837,STR-IND-0013,PRD-IND-00109,419,41,31,2024-04-25
INV-IND-001838,STR-IND-0013,PRD-IND-00110,208,40,29,2024-07-16
INV-IND-001839,STR-IND-0013,PRD-IND-00111,93,51,30,2024-05-21
INV-IND-001840,STR-IND-0013,PRD-IND-00112,216,39,29,2024-02-04
INV-IND-001841,STR-IND-0013,PRD-IND-00113,409,60,15,2024-08-19
INV-IND-001842,STR-IND-0013,PRD-IND-00114,104,29,24,2024-06-26
INV-IND-001843,STR-IND-0013,PRD-IND-00115,78,59,27,2024-10-02
INV-IND-001844,STR-IND-0013,PRD-IND-00116,129,52,15,2024-07-02
INV-IND-001845,STR-IND-0013,PRD-IND-00117,326,46,22,2024-08-08
INV-IND-001846,STR-IND-0013,PRD-IND-00118,93,29,34,2024-09-12
INV-IND-001847,STR-IND-0013,PRD-IND-00119,325,51,35,2024-09-16
INV-IND-001848,STR-IND-0013,PRD-IND-00120,430,41,31,2024-09-29
INV-IND-001849,STR-IND-0013,PRD-IND-00121,77,60,23,2024-12-24
INV-IND-001850,STR-IND-0013,PRD-IND-00122,160,44,19,2024-05-27
INV-IND-001851,STR-IND-0013,PRD-IND-00123,400,38,24,2024-09-22
INV-IND-001852,STR-IND-0013,PRD-IND-00124,155,25,23,2024-07-10
INV-IND-001853,STR-IND-0013,PRD-IND-00125,461,53,25,2024-11-12
INV-IND-001854,STR-IND-0013,PRD-IND-00126,417,59,25,2024-06-11
INV-IND-001855,STR-IND-0013,PRD-IND-00127,162,42,20,2024-05-26
INV-IND-001856,STR-IND-0013,PRD-IND-00128,106,47,17,2024-08-17
INV-IND-001857,STR-IND-0013,PRD-IND-00129,34,46,27,2024-05-19
INV-IND-001858,STR-IND-0013,PRD-IND-00130,297,44,18,2024-09-03
INV-IND-001859,STR-IND-0013,PRD-IND-00131,381,57,20,2024-11-07
INV-IND-001860,STR-IND-0013,PRD-IND-00132,477,54,32,2024-03-16
INV-IND-001861,STR-IND-0013,PRD-IND-00133,467,26,32,2024-03-08
INV-IND-001862,STR-IND-0013,PRD-IND-00134,166,29,16,2024-05-08
INV-IND-001863,STR-IND-0013,PRD-IND-00135,432,50,15,2024-03-24
INV-IND-001864,STR-IND-0013,PRD-IND-00136,403,53,25,2024-09-16
INV-IND-001865,STR-IND-0013,PRD-IND-00137,239,40,30,2024-12-24
INV-IND-001866,STR-IND-0013,PRD-IND-00138,487,49,35,2024-02-20
INV-IND-001867,STR-IND-0013,PRD-IND-00139,69,43,17,2024-07-21
INV-IND-001868,STR-IND-0013,PRD-IND-00140,496,39,28,2024-07-13
INV-IND-001869,STR-IND-0013,PRD-IND-00141,408,57,33,2024-12-31
INV-IND-001870,STR-IND-0013,PRD-IND-00142,145,48,34,2024-08-08
INV-IND-001871,STR-IND-0013,PRD-IND-00143,307,29,35,2024-10-18
INV-IND-001872,STR-IND-0013,PRD-IND-00144,309,39,20,2024-02-14
INV-IND-001873,STR-IND-0014,PRD-IND-00001,156,41,32,2024-11-11
INV-IND-001874,STR-IND-0014,PRD-IND-00002,198,34,31,2024-01-31
INV-IND-001875,STR-IND-0014,PRD-IND-00003,485,47,35,2024-12-18
INV-IND-001876,STR-IND-0014,PRD-IND-00004,342,58,23,2024-07-29
INV-IND-001877,STR-IND-0014,PRD-IND-00005,131,38,33,2024-04-14
INV-IND-001878,STR-IND-0014,PRD-IND-00006,488,59,23,2024-09-13
INV-IND-001879,STR-IND-0014,PRD-IND-00007,458,46,25,2024-02-21
INV-IND-001880,STR-IND-0014,PRD-IND-00008,413,57,22,2024-06-29
INV-IND-001881,STR-IND-0014,PRD-IND-00009,211,56,17,2024-07-27
INV-IND-001882,STR-IND-0014,PRD-IND-00010,286,56,30,2024-05-13
INV-IND-001883,STR-IND-0014,PRD-IND-00011,491,36,15,2024-02-29
INV-IND-001884,STR-IND-0014,PRD-IND-00012,401,41,30,2024-11-07
INV-IND-001885,STR-IND-0014,PRD-IND-00013,44,50,16,2024-11-16
INV-IND-001886,STR-IND-0014,PRD-IND-00014,46,59,22,2024-08-25
INV-IND-001887,STR-IND-0014,PRD-IND-00015,338,48,19,2024-03-24
INV-IND-001888,STR-IND-0014,PRD-IND-00016,272,28,31,2024-10-03
INV-IND-001889,STR-IND-0014,PRD-IND-00017,188,49,20,2024-10-16
INV-IND-001890,STR-IND-0014,PRD-IND-00018,327,25,35,2024-01-18
INV-IND-001891,STR-IND-0014,PRD-IND-00019,366,59,25,2024-01-27
INV-IND-001892,STR-IND-0014,PRD-IND-00020,444,38,17,2024-08-09
INV-IND-001893,STR-IND-0014,PRD-IND-00021,324,37,32,2024-07-12
INV-IND-001894,STR-IND-0014,PRD-IND-00022,169,50,24,2024-09-05
INV-IND-001895,STR-IND-0014,PRD-IND-00023,186,53,15,2024-03-30
INV-IND-001896,STR-IND-0014,PRD-IND-00024,7,55,20,2024-06-05
INV-IND-001897,STR-IND-0014,PRD-IND-00025,265,37,27,2024-02-02
INV-IND-001898,STR-IND-0014,PRD-IND-00026,403,46,17,2024-11-13
INV-IND-001899,STR-IND-0014,PRD-IND-00027,454,41,33,2024-05-05
INV-IND-001900,STR-IND-0014,PRD-IND-00028,98,43,23,2024-11-11
INV-IND-001901,STR-IND-0014,PRD-IND-00029,260,57,20,2024-06-28
INV-IND-001902,STR-IND-0014,PRD-IND-00030,465,44,17,2024-12-19
INV-IND-001903,STR-IND-0014,PRD-IND-00031,127,32,24,2024-09-21
INV-IND-001904,STR-IND-0014,PRD-IND-00032,468,37,30,2024-03-10
INV-IND-001905,STR-IND-0014,PRD-IND-00033,445,27,28,2024-06-10
INV-IND-001906,STR-IND-0014,PRD-IND-00034,61,48,34,2024-02-28
INV-IND-001907,STR-IND-0014,PRD-IND-00035,171,38,34,2024-02-05
INV-IND-001908,STR-IND-0014,PRD-IND-00036,20,51,30,2024-12-04
INV-IND-001909,STR-IND-0014,PRD-IND-00037,52,34,34,2024-01-26
INV-IND-001910,STR-IND-0014,PRD-IND-00038,114,31,27,2024-10-13
INV-IND-001911,STR-IND-0014,PRD-IND-00039,140,30,33,2024-12-29
INV-IND-001912,STR-IND-0014,PRD-IND-00040,375,26,29,2024-10-25
INV-IND-001913,STR-IND-0014,PRD-IND-00041,2,31,23,2024-08-07
INV-IND-001914,STR-IND-0014,PRD-IND-00042,176,56,25,2024-10-17
INV-IND-001915,STR-IND-0014,PRD-IND-00043,216,51,34,2024-07-13
INV-IND-001916,STR-IND-0014,PRD-IND-00044,135,36,20,2024-06-19
INV-IND-001917,STR-IND-0014,PRD-IND-00045,363,58,22,2024-12-13
INV-IND-001918,STR-IND-0014,PRD-IND-00046,346,44,30,2024-06-27
INV-IND-001919,STR-IND-0014,PRD-IND-00047,359,41,33,2024-06-14
INV-IND-001920,STR-IND-0014,PRD-IND-00048,263,32,27,2024-01-10
INV-IND-001921,STR-IND-0014,PRD-IND-00049,256,41,23,2024-03-16
INV-IND-001922,STR-IND-0014,PRD-IND-00050,358,27,31,2024-10-30
INV-IND-001923,STR-IND-0014,PRD-IND-00051,456,52,18,2024-07-31
INV-IND-001924,STR-IND-0014,PRD-IND-00052,346,40,30,2024-08-03
INV-IND-001925,STR-IND-0014,PRD-IND-00053,213,35,21,2024-11-10
INV-IND-001926,STR-IND-0014,PRD-IND-00054,52,44,30,2024-10-08
INV-IND-001927,STR-IND-0014,PRD-IND-00055,223,59,26,2024-09-22
INV-IND-001928,STR-IND-0014,PRD-IND-00056,405,41,23,2024-11-23
INV-IND-001929,STR-IND-0014,PRD-IND-00057,331,58,17,2024-04-29
INV-IND-001930,STR-IND-0014,PRD-IND-00058,229,52,29,2024-10-19
INV-IND-001931,STR-IND-0014,PRD-IND-00059,273,59,35,2024-01-31
INV-IND-001932,STR-IND-0014,PRD-IND-00060,274,46,18,2024-05-20
INV-IND-001933,STR-IND-0014,PRD-IND-00061,93,33,35,2024-02-19
INV-IND-001934,STR-IND-0014,PRD-IND-00062,361,34,32,2024-05-10
INV-IND-001935,STR-IND-0014,PRD-IND-00063,181,34,17,2024-06-08
INV-IND-001936,STR-IND-0014,PRD-IND-00064,26,56,19,2024-11-25
INV-IND-001937,STR-IND-0014,PRD-IND-00065,100,26,30,2024-05-03
INV-IND-001938,STR-IND-0014,PRD-IND-00066,71,60,22,2024-03-12
INV-IND-001939,STR-IND-0014,PRD-IND-00067,40,37,25,2024-09-23
INV-IND-001940,STR-IND-0014,PRD-IND-00068,455,26,30,2024-10-15
INV-IND-001941,STR-IND-0014,PRD-IND-00069,188,55,33,2024-05-11
INV-IND-001942,STR-IND-0014,PRD-IND-00070,291,29,26,2024-01-22
INV-IND-001943,STR-IND-0014,PRD-IND-00071,86,52,19,2024-01-22
INV-IND-001944,STR-IND-0014,PRD-IND-00072,162,26,16,2024-06-18
INV-IND-001945,STR-IND-0014,PRD-IND-00073,377,35,30,2024-03-11
INV-IND-001946,STR-IND-0014,PRD-IND-00074,347,56,33,2024-04-06
INV-IND-001947,STR-IND-0014,PRD-IND-00075,338,50,33,2024-08-28
INV-IND-001948,STR-IND-0014,PRD-IND-00076,141,59,17,2024-04-11
INV-IND-001949,STR-IND-0014,PRD-IND-00077,353,30,34,2024-11-01
INV-IND-001950,STR-IND-0014,PRD-IND-00078,102,54,23,2024-07-17
INV-IND-001951,STR-IND-0014,PRD-IND-00079,480,53,29,2024-03-29
INV-IND-001952,STR-IND-0014,PRD-IND-00080,2,38,33,2024-01-10
INV-IND-001953,STR-IND-0014,PRD-IND-00081,389,49,18,2024-05-22
INV-IND-001954,STR-IND-0014,PRD-IND-00082,451,41,31,2024-02-03
INV-IND-001955,STR-IND-0014,PRD-IND-00083,390,56,32,2024-06-22
INV-IND-001956,STR-IND-0014,PRD-IND-00084,483,40,23,2024-11-25
INV-IND-001957,STR-IND-0014,PRD-IND-00085,186,25,21,2024-04-25
INV-IND-001958,STR-IND-0014,PRD-IND-00086,45,58,20,2024-06-10
INV-IND-001959,STR-IND-0014,PRD-IND-00087,231,48,27,2024-09-16
INV-IND-001960,STR-IND-0014,PRD-IND-00088,207,54,16,2024-08-03
INV-IND-001961,STR-IND-0014,PRD-IND-00089,33,52,29,2024-07-12
INV-IND-001962,STR-IND-0014,PRD-IND-00090,449,38,25,2024-10-08
INV-IND-001963,STR-IND-0014,PRD-IND-00091,460,39,22,2024-02-20
INV-IND-001964,STR-IND-0014,PRD-IND-00092,298,27,35,2024-07-26
INV-IND-001965,STR-IND-0014,PRD-IND-00093,489,32,24,2024-07-01
INV-IND-001966,STR-IND-0014,PRD-IND-00094,136,35,21,2024-12-15
INV-IND-001967,STR-IND-0014,PRD-IND-00095,93,47,27,2024-06-19
INV-IND-001968,STR-IND-0014,PRD-IND-00096,305,33,35,2024-09-26
INV-IND-001969,STR-IND-0014,PRD-IND-00097,411,42,26,2024-06-29
INV-IND-001970,STR-IND-0014,PRD-IND-00098,479,50,20,2024-01-30
INV-IND-001971,STR-IND-0014,PRD-IND-00099,81,39,19,2024-03-28
INV-IND-001972,STR-IND-0014,PRD-IND-00100,253,34,31,2024-05-08
INV-IND-001973,STR-IND-0014,PRD-IND-00101,223,38,15,2024-08-18
INV-IND-001974,STR-IND-0014,PRD-IND-00102,431,40,23,2024-09-12
INV-IND-001975,STR-IND-0014,PRD-IND-00103,496,54,21,2024-11-26
INV-IND-001976,STR-IND-0014,PRD-IND-00104,40,36,32,2024-08-30
INV-IND-001977,STR-IND-0014,PRD-IND-00105,331,29,17,2024-03-18
INV-IND-001978,STR-IND-0014,PRD-IND-00106,259,32,28,2024-02-14
INV-IND-001979,STR-IND-0014,PRD-IND-00107,323,39,21,2024-05-28
INV-IND-001980,STR-IND-0014,PRD-IND-00108,229,44,21,2024-10-19
INV-IND-001981,STR-IND-0014,PRD-IND-00109,321,57,16,2024-11-07
INV-IND-001982,STR-IND-0014,PRD-IND-00110,269,38,27,2024-02-28
INV-IND-001983,STR-IND-0014,PRD-IND-00111,197,38,15,2024-02-06
INV-IND-001984,STR-IND-0014,PRD-IND-00112,256,27,31,2024-11-07
INV-IND-001985,STR-IND-0014,PRD-IND-00113,313,39,29,2024-08-30
INV-IND-001986,STR-IND-0014,PRD-IND-00114,302,45,19,2024-09-16
INV-IND-001987,STR-IND-0014,PRD-IND-00115,90,25,19,2024-08-18
INV-IND-001988,STR-IND-0014,PRD-IND-00116,91,56,16,2024-12-12
INV-IND-001989,STR-IND-0014,PRD-IND-00117,425,54,28,2024-06-12
INV-IND-001990,STR-IND-0014,PRD-IND-00118,9,29,30,2024-07-01
INV-IND-001991,STR-IND-0014,PRD-IND-00119,408,55,29,2024-04-16
INV-IND-001992,STR-IND-0014,PRD-IND-00120,200,60,34,2024-05-12
INV-IND-001993,STR-IND-0014,PRD-IND-00121,480,57,24,2024-05-31
INV-IND-001994,STR-IND-0014,PRD-IND-00122,419,58,25,2024-05-05
INV-IND-001995,STR-IND-0014,PRD-IND-00123,404,50,19,2024-04-19
INV-IND-001996,STR-IND-0014,PRD-IND-00124,147,43,35,2024-01-11
INV-IND-001997,STR-IND-0014,PRD-IND-00125,126,42,24,2024-12-28
INV-IND-001998,STR-IND-0014,PRD-IND-00126,259,60,29,2024-01-14
INV-IND-001999,STR-IND-0014,PRD-IND-00127,371,52,24,2024-03-02
INV-IND-002000,STR-IND-0014,PRD-IND-00128,356,58,16,2024-08-26
INV-IND-002001,STR-IND-0014,PRD-IND-00129,481,57,21,2024-06-03
INV-IND-002002,STR-IND-0014,PRD-IND-00130,164,41,17,2024-10-01
INV-IND-002003,STR-IND-0014,PRD-IND-00131,259,55,30,2024-12-08
INV-IND-002004,STR-IND-0014,PRD-IND-00132,189,50,35,2024-09-09
INV-IND-002005,STR-IND-0014,PRD-IND-00133,425,52,32,2024-10-09
INV-IND-002006,STR-IND-0014,PRD-IND-00134,175,51,16,2024-09-12
INV-IND-002007,STR-IND-0014,PRD-IND-00135,58,35,15,2024-02-09
INV-IND-002008,STR-IND-0014,PRD-IND-00136,466,47,23,2024-10-29
INV-IND-002009,STR-IND-0014,PRD-IND-00137,156,45,22,2024-09-18
INV-IND-002010,STR-IND-0014,PRD-IND-00138,253,50,19,2024-09-10
INV-IND-002011,STR-IND-0014,PRD-IND-00139,176,43,15,2024-04-15
INV-IND-002012,STR-IND-0014,PRD-IND-00140,71,32,20,2024-04-09
INV-IND-002013,STR-IND-0014,PRD-IND-00141,273,57,16,2024-09-28
INV-IND-002014,STR-IND-0014,PRD-IND-00142,87,34,19,2024-12-21
INV-IND-002015,STR-IND-0014,PRD-IND-00143,30,51,26,2024-11-03
INV-IND-002016,STR-IND-0014,PRD-IND-00144,26,60,31,2024-05-20
INV-IND-002017,STR-IND-0015,PRD-IND-00001,395,37,27,2024-08-24
INV-IND-002018,STR-IND-0015,PRD-IND-00002,147,52,17,2024-07-10
INV-IND-002019,STR-IND-0015,PRD-IND-00003,238,46,30,2024-01-12
INV-IND-002020,STR-IND-0015,PRD-IND-00004,172,58,35,2024-12-26
INV-IND-002021,STR-IND-0015,PRD-IND-00005,266,41,16,2024-12-09
INV-IND-002022,STR-IND-0015,PRD-IND-00006,469,27,19,2024-09-24
INV-IND-002023,STR-IND-0015,PRD-IND-00007,452,45,30,2024-12-19
INV-IND-002024,STR-IND-0015,PRD-IND-00008,463,60,18,2024-08-29
INV-IND-002025,STR-IND-0015,PRD-IND-00009,132,51,18,2024-11-08
INV-IND-002026,STR-IND-0015,PRD-IND-00010,390,46,25,2024-02-09
INV-IND-002027,STR-IND-0015,PRD-IND-00011,174,52,17,2024-11-23
INV-IND-002028,STR-IND-0015,PRD-IND-00012,70,27,20,2024-07-31
INV-IND-002029,STR-IND-0015,PRD-IND-00013,101,28,16,2024-09-20
INV-IND-002030,STR-IND-0015,PRD-IND-00014,269,41,27,2024-03-05
INV-IND-002031,STR-IND-0015,PRD-IND-00015,152,52,19,2024-06-28
INV-IND-002032,STR-IND-0015,PRD-IND-00016,360,48,31,2024-11-15
INV-IND-002033,STR-IND-0015,PRD-IND-00017,490,41,32,2024-12-20
INV-IND-002034,STR-IND-0015,PRD-IND-00018,335,37,18,2024-12-04
INV-IND-002035,STR-IND-0015,PRD-IND-00019,119,46,33,2024-02-03
INV-IND-002036,STR-IND-0015,PRD-IND-00020,92,44,26,2024-10-05
INV-IND-002037,STR-IND-0015,PRD-IND-00021,192,25,15,2024-04-20
INV-IND-002038,STR-IND-0015,PRD-IND-00022,323,31,25,2024-10-07
INV-IND-002039,STR-IND-0015,PRD-IND-00023,335,30,17,2024-05-08
INV-IND-002040,STR-IND-0015,PRD-IND-00024,70,25,19,2024-04-13
INV-IND-002041,STR-IND-0015,PRD-IND-00025,351,37,34,2024-11-24
INV-IND-002042,STR-IND-0015,PRD-IND-00026,5,51,26,2024-12-01
INV-IND-002043,STR-IND-0015,PRD-IND-00027,225,56,24,2024-01-18
INV-IND-002044,STR-IND-0015,PRD-IND-00028,120,30,35,2024-05-13
INV-IND-002045,STR-IND-0015,PRD-IND-00029,353,52,17,2024-05-13
INV-IND-002046,STR-IND-0015,PRD-IND-00030,225,47,17,2024-07-21
INV-IND-002047,STR-IND-0015,PRD-IND-00031,141,58,33,2024-12-14
INV-IND-002048,STR-IND-0015,PRD-IND-00032,401,44,15,2024-03-29
INV-IND-002049,STR-IND-0015,PRD-IND-00033,397,33,18,2024-08-24
INV-IND-002050,STR-IND-0015,PRD-IND-00034,371,47,16,2024-05-16
INV-IND-002051,STR-IND-0015,PRD-IND-00035,335,49,25,2024-04-02
INV-IND-002052,STR-IND-0015,PRD-IND-00036,329,60,26,2024-02-10
INV-IND-002053,STR-IND-0015,PRD-IND-00037,51,53,32,2024-03-11
INV-IND-002054,STR-IND-0015,PRD-IND-00038,84,45,15,2024-04-11
INV-IND-002055,STR-IND-0015,PRD-IND-00039,191,28,26,2024-10-02
INV-IND-002056,STR-IND-0015,PRD-IND-00040,229,59,15,2024-08-02
INV-IND-002057,STR-IND-0015,PRD-IND-00041,15,27,32,2024-04-20
INV-IND-002058,STR-IND-0015,PRD-IND-00042,493,57,19,2024-04-08
INV-IND-002059,STR-IND-0015,PRD-IND-00043,77,57,23,2024-10-04
INV-IND-002060,STR-IND-0015,PRD-IND-00044,295,59,23,2024-03-06
INV-IND-002061,STR-IND-0015,PRD-IND-00045,462,51,23,2024-03-19
INV-IND-002062,STR-IND-0015,PRD-IND-00046,58,48,25,2024-12-10
INV-IND-002063,STR-IND-0015,PRD-IND-00047,228,38,26,2024-10-10
INV-IND-002064,STR-IND-0015,PRD-IND-00048,420,33,28,2024-08-15
INV-IND-002065,STR-IND-0015,PRD-IND-00049,70,34,25,2024-03-20
INV-IND-002066,STR-IND-0015,PRD-IND-00050,232,31,20,2024-01-21
INV-IND-002067,STR-IND-0015,PRD-IND-00051,98,53,24,2024-05-23
INV-IND-002068,STR-IND-0015,PRD-IND-00052,148,46,32,2024-06-28
INV-IND-002069,STR-IND-0015,PRD-IND-00053,481,47,30,2024-04-28
INV-IND-002070,STR-IND-0015,PRD-IND-00054,413,49,29,2024-10-29
INV-IND-002071,STR-IND-0015,PRD-IND-00055,325,27,29,2024-09-13
INV-IND-002072,STR-IND-0015,PRD-IND-00056,121,47,32,2024-09-14
INV-IND-002073,STR-IND-0015,PRD-IND-00057,450,38,29,2024-06-10
INV-IND-002074,STR-IND-0015,PRD-IND-00058,284,33,23,2024-08-24
INV-IND-002075,STR-IND-0015,PRD-IND-00059,176,57,35,2024-12-10
INV-IND-002076,STR-IND-0015,PRD-IND-00060,308,27,32,2024-01-10
INV-IND-002077,STR-IND-0015,PRD-IND-00061,394,44,31,2024-05-28
INV-IND-002078,STR-IND-0015,PRD-IND-00062,429,58,33,2024-09-26
INV-IND-002079,STR-IND-0015,PRD-IND-00063,426,41,35,2024-01-16
INV-IND-002080,STR-IND-0015,PRD-IND-00064,221,60,18,2024-11-13
INV-IND-002081,STR-IND-0015,PRD-IND-00065,58,58,35,2024-10-14
INV-IND-002082,STR-IND-0015,PRD-IND-00066,24,43,33,2024-07-04
INV-IND-002083,STR-IND-0015,PRD-IND-00067,52,41,29,2024-06-03
INV-IND-002084,STR-IND-0015,PRD-IND-00068,495,36,19,2024-07-19
INV-IND-002085,STR-IND-0015,PRD-IND-00069,491,54,26,2024-04-30
INV-IND-002086,STR-IND-0015,PRD-IND-00070,391,32,22,2024-01-19
INV-IND-002087,STR-IND-0015,PRD-IND-00071,241,49,20,2024-06-01
INV-IND-002088,STR-IND-0015,PRD-IND-00072,355,42,18,2024-03-29
INV-IND-002089,STR-IND-0015,PRD-IND-00073,430,53,29,2024-09-23
INV-IND-002090,STR-IND-0015,PRD-IND-00074,77,53,34,2024-01-08
INV-IND-002091,STR-IND-0015,PRD-IND-00075,471,34,30,2024-04-23
INV-IND-002092,STR-IND-0015,PRD-IND-00076,270,39,28,2024-07-24
INV-IND-002093,STR-IND-0015,PRD-IND-00077,57,49,25,2024-08-20
INV-IND-002094,STR-IND-0015,PRD-IND-00078,173,52,16,2024-08-25
INV-IND-002095,STR-IND-0015,PRD-IND-00079,444,30,34,2024-10-01
INV-IND-002096,STR-IND-0015,PRD-IND-00080,366,57,19,2024-09-13
INV-IND-002097,STR-IND-0015,PRD-IND-00081,53,43,19,2024-05-15
INV-IND-002098,STR-IND-0015,PRD-IND-00082,197,26,20,2024-08-08
INV-IND-002099,STR-IND-0015,PRD-IND-00083,382,53,29,2024-02-21
INV-IND-002100,STR-IND-0015,PRD-IND-00084,9,57,15,2024-01-27
INV-IND-002101,STR-IND-0015,PRD-IND-00085,137,38,32,2024-09-15
INV-IND-002102,STR-IND-0015,PRD-IND-00086,180,30,33,2024-07-07
INV-IND-002103,STR-IND-0015,PRD-IND-00087,118,39,29,2024-03-16
INV-IND-002104,STR-IND-0015,PRD-IND-00088,151,26,30,2024-09-02
INV-IND-002105,STR-IND-0015,PRD-IND-00089,448,47,31,2024-02-12
INV-IND-002106,STR-IND-0015,PRD-IND-00090,131,59,25,2024-02-27
INV-IND-002107,STR-IND-0015,PRD-IND-00091,241,43,19,2024-05-24
INV-IND-002108,STR-IND-0015,PRD-IND-00092,411,52,16,2024-05-15
INV-IND-002109,STR-IND-0015,PRD-IND-00093,482,44,25,2024-03-16
INV-IND-002110,STR-IND-0015,PRD-IND-00094,99,44,15,2024-12-08
INV-IND-002111,STR-IND-0015,PRD-IND-00095,83,42,35,2024-11-28
INV-IND-002112,STR-IND-0015,PRD-IND-00096,164,58,16,2024-01-19
INV-IND-002113,STR-IND-0015,PRD-IND-00097,214,43,17,2024-08-22
INV-IND-002114,STR-IND-0015,PRD-IND-00098,435,35,17,2024-04-24
INV-IND-002115,STR-IND-0015,PRD-IND-00099,437,59,31,2024-10-27
INV-IND-002116,STR-IND-0015,PRD-IND-00100,192,46,23,2024-07-09
INV-IND-002117,STR-IND-0015,PRD-IND-00101,219,53,34,2024-12-18
INV-IND-002118,STR-IND-0015,PRD-IND-00102,260,45,35,2024-07-22
INV-IND-002119,STR-IND-0015,PRD-IND-00103,109,60,29,2024-11-02
INV-IND-002120,STR-IND-0015,PRD-IND-00104,180,33,30,2024-05-07
INV-IND-002121,STR-IND-0015,PRD-IND-00105,168,26,30,2024-01-17
INV-IND-002122,STR-IND-0015,PRD-IND-00106,497,44,15,2024-07-22
INV-IND-002123,STR-IND-0015,PRD-IND-00107,44,46,31,2024-02-15
INV-IND-002124,STR-IND-0015,PRD-IND-00108,114,53,27,2024-08-22
INV-IND-002125,STR-IND-0015,PRD-IND-00109,193,37,29,2024-06-03
INV-IND-002126,STR-IND-0015,PRD-IND-00110,433,54,32,2024-10-10
INV-IND-002127,STR-IND-0015,PRD-IND-00111,480,33,23,2024-04-23
INV-IND-002128,STR-IND-0015,PRD-IND-00112,417,43,20,2024-09-13
INV-IND-002129,STR-IND-0015,PRD-IND-00113,312,44,17,2024-11-03
INV-IND-002130,STR-IND-0015,PRD-IND-00114,19,25,23,2024-03-03
INV-IND-002131,STR-IND-0015,PRD-IND-00115,205,42,25,2024-05-26
INV-IND-002132,STR-IND-0015,PRD-IND-00116,364,28,17,2024-08-14
INV-IND-002133,STR-IND-0015,PRD-IND-00117,440,52,20,2024-04-10
INV-IND-002134,STR-IND-0015,PRD-IND-00118,490,59,22,2024-03-07
INV-IND-002135,STR-IND-0015,PRD-IND-00119,125,45,32,2024-12-01
INV-IND-002136,STR-IND-0015,PRD-IND-00120,133,55,17,2024-02-20
INV-IND-002137,STR-IND-0015,PRD-IND-00121,111,32,18,2024-05-11
INV-IND-002138,STR-IND-0015,PRD-IND-00122,258,54,29,2024-05-31
INV-IND-002139,STR-IND-0015,PRD-IND-00123,157,60,30,2024-10-04
INV-IND-002140,STR-IND-0015,PRD-IND-00124,395,46,27,2024-02-22
INV-IND-002141,STR-IND-0015,PRD-IND-00125,150,32,18,2024-06-12
INV-IND-002142,STR-IND-0015,PRD-IND-00126,175,33,25,2024-03-31
INV-IND-002143,STR-IND-0015,PRD-IND-00127,417,47,25,2024-11-08
INV-IND-002144,STR-IND-0015,PRD-IND-00128,397,48,26,2024-06-14
INV-IND-002145,STR-IND-0015,PRD-IND-00129,181,47,34,2024-05-06
INV-IND-002146,STR-IND-0015,PRD-IND-00130,209,56,18,2024-08-03
INV-IND-002147,STR-IND-0015,PRD-IND-00131,424,57,33,2024-11-26
INV-IND-002148,STR-IND-0015,PRD-IND-00132,47,33,35,2024-10-08
INV-IND-002149,STR-IND-0015,PRD-IND-00133,439,34,29,2024-12-15
INV-IND-002150,STR-IND-0015,PRD-IND-00134,357,28,25,2024-07-17
INV-IND-002151,STR-IND-0015,PRD-IND-00135,213,34,24,2024-12-23
INV-IND-002152,STR-IND-0015,PRD-IND-00136,209,46,15,2024-05-02
INV-IND-002153,STR-IND-0015,PRD-IND-00137,347,47,21,2024-10-30
INV-IND-002154,STR-IND-0015,PRD-IND-00138,433,54,19,2024-03-08
INV-IND-002155,STR-IND-0015,PRD-IND-00139,201,57,25,2024-01-29
INV-IND-002156,STR-IND-0015,PRD-IND-00140,417,42,18,2024-10-06
INV-IND-002157,STR-IND-0015,PRD-IND-00141,86,35,26,2024-02-16
INV-IND-002158,STR-IND-0015,PRD-IND-00142,221,33,34,2024-12-20
INV-IND-002159,STR-IND-0015,PRD-IND-00143,443,35,31,2024-05-24
INV-IND-002160,STR-IND-0015,PRD-IND-00144,454,33,28,2024-07-06
INV-IND-002161,STR-IND-0016,PRD-IND-00001,207,38,17,2024-08-14
INV-IND-002162,STR-IND-0016,PRD-IND-00002,233,32,20,2024-03-20
INV-IND-002163,STR-IND-0016,PRD-IND-00003,466,51,24,2024-12-19
INV-IND-002164,STR-IND-0016,PRD-IND-00004,166,42,31,2024-05-06
INV-IND-002165,STR-IND-0016,PRD-IND-00005,282,27,34,2024-12-13
INV-IND-002166,STR-IND-0016,PRD-IND-00006,480,25,18,2024-11-12
INV-IND-002167,STR-IND-0016,PRD-IND-00007,177,57,15,2024-10-10
INV-IND-002168,STR-IND-0016,PRD-IND-00008,367,28,16,2024-06-07
INV-IND-002169,STR-IND-0016,PRD-IND-00009,44,45,23,2024-10-06
INV-IND-002170,STR-IND-0016,PRD-IND-00010,329,39,28,2024-12-07
INV-IND-002171,STR-IND-0016,PRD-IND-00011,416,26,21,2024-04-16
INV-IND-002172,STR-IND-0016,PRD-IND-00012,226,36,35,2024-12-12
INV-IND-002173,STR-IND-0016,PRD-IND-00013,305,56,31,2024-09-02
INV-IND-002174,STR-IND-0016,PRD-IND-00014,496,29,26,2024-04-29
INV-IND-002175,STR-IND-0016,PRD-IND-00015,213,57,23,2024-06-19
INV-IND-002176,STR-IND-0016,PRD-IND-00016,458,58,28,2024-04-30
INV-IND-002177,STR-IND-0016,PRD-IND-00017,162,28,20,2024-06-19
INV-IND-002178,STR-IND-0016,PRD-IND-00018,24,49,21,2024-09-23
INV-IND-002179,STR-IND-0016,PRD-IND-00019,404,29,31,2024-08-15
INV-IND-002180,STR-IND-0016,PRD-IND-00020,93,45,27,2024-12-06
INV-IND-002181,STR-IND-0016,PRD-IND-00021,203,51,32,2024-06-27
INV-IND-002182,STR-IND-0016,PRD-IND-00022,77,43,33,2024-04-10
INV-IND-002183,STR-IND-0016,PRD-IND-00023,25,60,18,2024-07-09
INV-IND-002184,STR-IND-0016,PRD-IND-00024,132,45,16,2024-08-23
INV-IND-002185,STR-IND-0016,PRD-IND-00025,305,59,23,2024-03-24
INV-IND-002186,STR-IND-0016,PRD-IND-00026,432,46,33,2024-08-29
INV-IND-002187,STR-IND-0016,PRD-IND-00027,236,55,26,2024-01-02
INV-IND-002188,STR-IND-0016,PRD-IND-00028,5,42,35,2024-10-03
INV-IND-002189,STR-IND-0016,PRD-IND-00029,494,47,16,2024-10-04
INV-IND-002190,STR-IND-0016,PRD-IND-00030,271,51,17,2024-04-18
INV-IND-002191,STR-IND-0016,PRD-IND-00031,77,53,32,2024-01-09
INV-IND-002192,STR-IND-0016,PRD-IND-00032,168,45,24,2024-06-26
INV-IND-002193,STR-IND-0016,PRD-IND-00033,455,37,34,2024-11-14
INV-IND-002194,STR-IND-0016,PRD-IND-00034,295,29,27,2024-04-23
INV-IND-002195,STR-IND-0016,PRD-IND-00035,462,33,26,2024-12-18
INV-IND-002196,STR-IND-0016,PRD-IND-00036,210,52,21,2024-06-11
INV-IND-002197,STR-IND-0016,PRD-IND-00037,451,57,31,2024-02-05
INV-IND-002198,STR-IND-0016,PRD-IND-00038,350,35,20,2024-06-29
INV-IND-002199,STR-IND-0016,PRD-IND-00039,267,31,27,2024-08-27
INV-IND-002200,STR-IND-0016,PRD-IND-00040,25,30,16,2024-07-21
INV-IND-002201,STR-IND-0016,PRD-IND-00041,185,56,17,2024-07-31
INV-IND-002202,STR-IND-0016,PRD-IND-00042,389,39,25,2024-11-15
INV-IND-002203,STR-IND-0016,PRD-IND-00043,202,28,25,2024-12-24
INV-IND-002204,STR-IND-0016,PRD-IND-00044,394,30,34,2024-11-23
INV-IND-002205,STR-IND-0016,PRD-IND-00045,176,55,20,2024-02-26
INV-IND-002206,STR-IND-0016,PRD-IND-00046,388,60,28,2024-02-15
INV-IND-002207,STR-IND-0016,PRD-IND-00047,273,40,28,2024-10-28
INV-IND-002208,STR-IND-0016,PRD-IND-00048,64,48,18,2024-03-25
INV-IND-002209,STR-IND-0016,PRD-IND-00049,50,49,20,2024-10-20
INV-IND-002210,STR-IND-0016,PRD-IND-00050,143,40,26,2024-11-22
INV-IND-002211,STR-IND-0016,PRD-IND-00051,48,47,32,2024-12-10
INV-IND-002212,STR-IND-0016,PRD-IND-00052,81,54,19,2024-10-08
INV-IND-002213,STR-IND-0016,PRD-IND-00053,137,52,18,2024-05-26
INV-IND-002214,STR-IND-0016,PRD-IND-00054,10,29,32,2024-10-13
INV-IND-002215,STR-IND-0016,PRD-IND-00055,45,28,18,2024-06-07
INV-IND-002216,STR-IND-0016,PRD-IND-00056,72,47,22,2024-05-11
INV-IND-002217,STR-IND-0016,PRD-IND-00057,258,29,28,2024-03-12
INV-IND-002218,STR-IND-0016,PRD-IND-00058,462,49,27,2024-11-01
INV-IND-002219,STR-IND-0016,PRD-IND-00059,86,57,31,2024-07-11
INV-IND-002220,STR-IND-0016,PRD-IND-00060,314,38,17,2024-09-16
INV-IND-002221,STR-IND-0016,PRD-IND-00061,379,59,18,2024-08-20
INV-IND-002222,STR-IND-0016,PRD-IND-00062,335,35,15,2024-08-27
INV-IND-002223,STR-IND-0016,PRD-IND-00063,417,30,16,2024-03-06
INV-IND-002224,STR-IND-0016,PRD-IND-00064,159,37,22,2024-06-10
INV-IND-002225,STR-IND-0016,PRD-IND-00065,26,25,15,2024-07-02
INV-IND-002226,STR-IND-0016,PRD-IND-00066,331,29,17,2024-04-12
INV-IND-002227,STR-IND-0016,PRD-IND-00067,227,41,34,2024-10-17
INV-IND-002228,STR-IND-0016,PRD-IND-00068,77,59,21,2024-10-18
INV-IND-002229,STR-IND-0016,PRD-IND-00069,437,57,31,2024-07-14
INV-IND-002230,STR-IND-0016,PRD-IND-00070,215,48,31,2024-04-19
INV-IND-002231,STR-IND-0016,PRD-IND-00071,311,48,18,2024-07-24
INV-IND-002232,STR-IND-0016,PRD-IND-00072,277,48,15,2024-06-21
INV-IND-002233,STR-IND-0016,PRD-IND-00073,323,44,30,2024-10-09
INV-IND-002234,STR-IND-0016,PRD-IND-00074,426,45,22,2024-01-04
INV-IND-002235,STR-IND-0016,PRD-IND-00075,387,30,22,2024-01-15
INV-IND-002236,STR-IND-0016,PRD-IND-00076,181,41,34,2024-05-16
INV-IND-002237,STR-IND-0016,PRD-IND-00077,370,37,28,2024-01-08
INV-IND-002238,STR-IND-0016,PRD-IND-00078,445,54,18,2024-05-29
INV-IND-002239,STR-IND-0016,PRD-IND-00079,76,33,17,2024-11-17
INV-IND-002240,STR-IND-0016,PRD-IND-00080,88,50,30,2024-02-24
INV-IND-002241,STR-IND-0016,PRD-IND-00081,89,46,33,2024-05-13
INV-IND-002242,STR-IND-0016,PRD-IND-00082,252,38,28,2024-01-16
INV-IND-002243,STR-IND-0016,PRD-IND-00083,439,27,27,2024-01-04
INV-IND-002244,STR-IND-0016,PRD-IND-00084,429,57,31,2024-06-16
INV-IND-002245,STR-IND-0016,PRD-IND-00085,438,58,15,2024-03-05
INV-IND-002246,STR-IND-0016,PRD-IND-00086,19,28,30,2024-03-08
INV-IND-002247,STR-IND-0016,PRD-IND-00087,163,44,33,2024-07-04
INV-IND-002248,STR-IND-0016,PRD-IND-00088,306,39,32,2024-10-07
INV-IND-002249,STR-IND-0016,PRD-IND-00089,21,37,35,2024-07-15
INV-IND-002250,STR-IND-0016,PRD-IND-00090,2,36,26,2024-05-18
INV-IND-002251,STR-IND-0016,PRD-IND-00091,279,25,20,2024-10-18
INV-IND-002252,STR-IND-0016,PRD-IND-00092,51,52,31,2024-09-02
INV-IND-002253,STR-IND-0016,PRD-IND-00093,275,45,27,2024-11-22
INV-IND-002254,STR-IND-0016,PRD-IND-00094,97,28,15,2024-09-16
INV-IND-002255,STR-IND-0016,PRD-IND-00095,426,29,31,2024-12-21
INV-IND-002256,STR-IND-0016,PRD-IND-00096,463,57,32,2024-12-08
INV-IND-002257,STR-IND-0016,PRD-IND-00097,210,49,32,2024-07-06
INV-IND-002258,STR-IND-0016,PRD-IND-00098,159,39,19,2024-03-03
INV-IND-002259,STR-IND-0016,PRD-IND-00099,451,42,35,2024-08-08
INV-IND-002260,STR-IND-0016,PRD-IND-00100,479,35,15,2024-08-19
INV-IND-002261,STR-IND-0016,PRD-IND-00101,463,57,24,2024-03-22
INV-IND-002262,STR-IND-0016,PRD-IND-00102,465,56,21,2024-10-24
INV-IND-002263,STR-IND-0016,PRD-IND-00103,375,59,28,2024-04-13
INV-IND-002264,STR-IND-0016,PRD-IND-00104,255,55,15,2024-09-18
INV-IND-002265,STR-IND-0016,PRD-IND-00105,227,54,35,2024-06-01
INV-IND-002266,STR-IND-0016,PRD-IND-00106,392,46,21,2024-04-15
INV-IND-002267,STR-IND-0016,PRD-IND-00107,156,39,23,2024-11-24
INV-IND-002268,STR-IND-0016,PRD-IND-00108,59,48,25,2024-02-22
INV-IND-002269,STR-IND-0016,PRD-IND-00109,498,36,29,2024-01-17
INV-IND-002270,STR-IND-0016,PRD-IND-00110,427,29,15,2024-07-24
INV-IND-002271,STR-IND-0016,PRD-IND-00111,416,52,28,2024-06-13
INV-IND-002272,STR-IND-0016,PRD-IND-00112,64,33,23,2024-07-10
INV-IND-002273,STR-IND-0016,PRD-IND-00113,465,39,26,2024-10-06
INV-IND-002274,STR-IND-0016,PRD-IND-00114,2,35,19,2024-09-22
INV-IND-002275,STR-IND-0016,PRD-IND-00115,83,26,25,2024-12-30
INV-IND-002276,STR-IND-0016,PRD-IND-00116,6,38,33,2024-08-01
INV-IND-002277,STR-IND-0016,PRD-IND-00117,78,41,30,2024-06-17
INV-IND-002278,STR-IND-0016,PRD-IND-00118,284,47,31,2024-12-25
INV-IND-002279,STR-IND-0016,PRD-IND-00119,253,29,17,2024-11-18
INV-IND-002280,STR-IND-0016,PRD-IND-00120,406,45,34,2024-06-18
INV-IND-002281,STR-IND-0016,PRD-IND-00121,69,46,35,2024-05-26
INV-IND-002282,STR-IND-0016,PRD-IND-00122,9,46,18,2024-04-06
INV-IND-002283,STR-IND-0016,PRD-IND-00123,85,26,22,2024-01-24
INV-IND-002284,STR-IND-0016,PRD-IND-00124,247,27,24,2024-10-05
INV-IND-002285,STR-IND-0016,PRD-IND-00125,143,46,19,2024-04-20
INV-IND-002286,STR-IND-0016,PRD-IND-00126,56,33,21,2024-02-14
INV-IND-002287,STR-IND-0016,PRD-IND-00127,76,39,27,2024-05-08
INV-IND-002288,STR-IND-0016,PRD-IND-00128,110,32,24,2024-05-20
INV-IND-002289,STR-IND-0016,PRD-IND-00129,398,51,34,2024-08-17
INV-IND-002290,STR-IND-0016,PRD-IND-00130,314,26,23,2024-12-11
INV-IND-002291,STR-IND-0016,PRD-IND-00131,44,38,20,2024-04-07
INV-IND-002292,STR-IND-0016,PRD-IND-00132,142,35,27,2024-04-05
INV-IND-002293,STR-IND-0016,PRD-IND-00133,219,25,28,2024-12-25
INV-IND-002294,STR-IND-0016,PRD-IND-00134,78,45,21,2024-04-12
INV-IND-002295,STR-IND-0016,PRD-IND-00135,359,48,19,2024-08-10
INV-IND-002296,STR-IND-0016,PRD-IND-00136,271,30,22,2024-09-25
INV-IND-002297,STR-IND-0016,PRD-IND-00137,446,57,28,2024-04-14
INV-IND-002298,STR-IND-0016,PRD-IND-00138,331,48,33,2024-07-27
INV-IND-002299,STR-IND-0016,PRD-IND-00139,98,58,34,2024-09-20
INV-IND-002300,STR-IND-0016,PRD-IND-00140,347,37,31,2024-02-29
INV-IND-002301,STR-IND-0016,PRD-IND-00141,4,50,23,2024-04-09
INV-IND-002302,STR-IND-0016,PRD-IND-00142,205,57,28,2024-05-31
INV-IND-002303,STR-IND-0016,PRD-IND-00143,457,39,18,2024-07-27
INV-IND-002304,STR-IND-0016,PRD-IND-00144,340,34,18,2024-11-21
INV-IND-002305,STR-IND-0017,PRD-IND-00001,432,40,18,2024-05-21
INV-IND-002306,STR-IND-0017,PRD-IND-00002,25,41,18,2024-04-24
INV-IND-002307,STR-IND-0017,PRD-IND-00003,485,26,31,2024-03-14
INV-IND-002308,STR-IND-0017,PRD-IND-00004,45,48,34,2024-10-15
INV-IND-002309,STR-IND-0017,PRD-IND-00005,394,47,33,2024-10-11
INV-IND-002310,STR-IND-0017,PRD-IND-00006,99,57,24,2024-03-22
INV-IND-002311,STR-IND-0017,PRD-IND-00007,259,42,17,2024-10-09
INV-IND-002312,STR-IND-0017,PRD-IND-00008,86,49,21,2024-11-04
INV-IND-002313,STR-IND-0017,PRD-IND-00009,230,51,23,2024-11-02
INV-IND-002314,STR-IND-0017,PRD-IND-00010,309,54,29,2024-10-19
INV-IND-002315,STR-IND-0017,PRD-IND-00011,376,55,32,2024-06-27
INV-IND-002316,STR-IND-0017,PRD-IND-00012,169,33,26,2024-10-17
INV-IND-002317,STR-IND-0017,PRD-IND-00013,90,32,21,2024-03-16
INV-IND-002318,STR-IND-0017,PRD-IND-00014,246,25,24,2024-03-29
INV-IND-002319,STR-IND-0017,PRD-IND-00015,54,56,22,2024-04-14
INV-IND-002320,STR-IND-0017,PRD-IND-00016,156,26,15,2024-07-16
INV-IND-002321,STR-IND-0017,PRD-IND-00017,452,51,20,2024-02-18
INV-IND-002322,STR-IND-0017,PRD-IND-00018,187,26,35,2024-09-24
INV-IND-002323,STR-IND-0017,PRD-IND-00019,207,49,20,2024-09-16
INV-IND-002324,STR-IND-0017,PRD-IND-00020,275,31,33,2024-02-17
INV-IND-002325,STR-IND-0017,PRD-IND-00021,3,45,23,2024-11-25
INV-IND-002326,STR-IND-0017,PRD-IND-00022,233,25,35,2024-06-12
INV-IND-002327,STR-IND-0017,PRD-IND-00023,340,51,15,2024-12-10
INV-IND-002328,STR-IND-0017,PRD-IND-00024,10,39,30,2024-09-10
INV-IND-002329,STR-IND-0017,PRD-IND-00025,224,48,31,2024-01-05
INV-IND-002330,STR-IND-0017,PRD-IND-00026,480,44,28,2024-08-10
INV-IND-002331,STR-IND-0017,PRD-IND-00027,148,51,19,2024-05-20
INV-IND-002332,STR-IND-0017,PRD-IND-00028,371,44,31,2024-02-08
INV-IND-002333,STR-IND-0017,PRD-IND-00029,293,28,24,2024-02-28
INV-IND-002334,STR-IND-0017,PRD-IND-00030,209,58,33,2024-02-21
INV-IND-002335,STR-IND-0017,PRD-IND-00031,363,57,29,2024-06-12
INV-IND-002336,STR-IND-0017,PRD-IND-00032,319,33,15,2024-09-01
INV-IND-002337,STR-IND-0017,PRD-IND-00033,438,36,27,2024-01-03
INV-IND-002338,STR-IND-0017,PRD-IND-00034,253,25,20,2024-12-04
INV-IND-002339,STR-IND-0017,PRD-IND-00035,223,41,25,2024-05-06
INV-IND-002340,STR-IND-0017,PRD-IND-00036,350,53,18,2024-11-16
INV-IND-002341,STR-IND-0017,PRD-IND-00037,387,56,22,2024-10-09
INV-IND-002342,STR-IND-0017,PRD-IND-00038,374,49,20,2024-10-02
INV-IND-002343,STR-IND-0017,PRD-IND-00039,473,48,31,2024-04-01
INV-IND-002344,STR-IND-0017,PRD-IND-00040,267,32,29,2024-01-15
INV-IND-002345,STR-IND-0017,PRD-IND-00041,271,47,21,2024-11-28
INV-IND-002346,STR-IND-0017,PRD-IND-00042,206,51,16,2024-05-06
INV-IND-002347,STR-IND-0017,PRD-IND-00043,446,57,16,2024-06-10
INV-IND-002348,STR-IND-0017,PRD-IND-00044,137,32,31,2024-08-01
INV-IND-002349,STR-IND-0017,PRD-IND-00045,185,51,19,2024-03-06
INV-IND-002350,STR-IND-0017,PRD-IND-00046,27,57,16,2024-11-04
INV-IND-002351,STR-IND-0017,PRD-IND-00047,262,55,21,2024-04-26
INV-IND-002352,STR-IND-0017,PRD-IND-00048,28,53,23,2024-09-16
INV-IND-002353,STR-IND-0017,PRD-IND-00049,252,56,31,2024-12-23
INV-IND-002354,STR-IND-0017,PRD-IND-00050,135,26,35,2024-02-05
INV-IND-002355,STR-IND-0017,PRD-IND-00051,106,25,34,2024-09-20
INV-IND-002356,STR-IND-0017,PRD-IND-00052,229,28,34,2024-08-16
INV-IND-002357,STR-IND-0017,PRD-IND-00053,137,39,16,2024-06-12
INV-IND-002358,STR-IND-0017,PRD-IND-00054,2,40,21,2024-01-28
INV-IND-002359,STR-IND-0017,PRD-IND-00055,135,55,34,2024-09-20
INV-IND-002360,STR-IND-0017,PRD-IND-00056,388,27,32,2024-03-02
INV-IND-002361,STR-IND-0017,PRD-IND-00057,140,46,19,2024-04-08
INV-IND-002362,STR-IND-0017,PRD-IND-00058,243,49,27,2024-12-30
INV-IND-002363,STR-IND-0017,PRD-IND-00059,66,29,18,2024-04-27
INV-IND-002364,STR-IND-0017,PRD-IND-00060,315,41,24,2024-09-16
INV-IND-002365,STR-IND-0017,PRD-IND-00061,113,50,15,2024-06-12
INV-IND-002366,STR-IND-0017,PRD-IND-00062,420,52,22,2024-08-16
INV-IND-002367,STR-IND-0017,PRD-IND-00063,329,32,31,2024-02-03
INV-IND-002368,STR-IND-0017,PRD-IND-00064,110,59,27,2024-09-30
INV-IND-002369,STR-IND-0017,PRD-IND-00065,49,52,32,2024-02-17
INV-IND-002370,STR-IND-0017,PRD-IND-00066,115,49,19,2024-06-30
INV-IND-002371,STR-IND-0017,PRD-IND-00067,464,29,18,2024-02-07
INV-IND-002372,STR-IND-0017,PRD-IND-00068,263,55,34,2024-04-28
INV-IND-002373,STR-IND-0017,PRD-IND-00069,245,47,33,2024-10-25
INV-IND-002374,STR-IND-0017,PRD-IND-00070,118,25,19,2024-07-24
INV-IND-002375,STR-IND-0017,PRD-IND-00071,313,45,16,2024-10-28
INV-IND-002376,STR-IND-0017,PRD-IND-00072,141,52,20,2024-09-01
INV-IND-002377,STR-IND-0017,PRD-IND-00073,65,51,35,2024-10-22
INV-IND-002378,STR-IND-0017,PRD-IND-00074,134,46,34,2024-02-25
INV-IND-002379,STR-IND-0017,PRD-IND-00075,312,36,26,2024-11-15
INV-IND-002380,STR-IND-0017,PRD-IND-00076,470,37,35,2024-04-08
INV-IND-002381,STR-IND-0017,PRD-IND-00077,399,37,28,2024-11-13
INV-IND-002382,STR-IND-0017,PRD-IND-00078,55,49,16,2024-03-10
INV-IND-002383,STR-IND-0017,PRD-IND-00079,356,45,28,2024-05-30
INV-IND-002384,STR-IND-0017,PRD-IND-00080,114,51,18,2024-11-16
INV-IND-002385,STR-IND-0017,PRD-IND-00081,448,56,29,2024-11-13
INV-IND-002386,STR-IND-0017,PRD-IND-00082,297,56,16,2024-10-29
INV-IND-002387,STR-IND-0017,PRD-IND-00083,371,55,32,2024-10-01
INV-IND-002388,STR-IND-0017,PRD-IND-00084,234,30,22,2024-02-20
INV-IND-002389,STR-IND-0017,PRD-IND-00085,116,51,22,2024-09-07
INV-IND-002390,STR-IND-0017,PRD-IND-00086,317,47,31,2024-11-02
INV-IND-002391,STR-IND-0017,PRD-IND-00087,179,54,22,2024-05-24
INV-IND-002392,STR-IND-0017,PRD-IND-00088,214,40,35,2024-06-07
INV-IND-002393,STR-IND-0017,PRD-IND-00089,219,56,15,2024-08-29
INV-IND-002394,STR-IND-0017,PRD-IND-00090,37,33,19,2024-12-07
INV-IND-002395,STR-IND-0017,PRD-IND-00091,421,36,15,2024-04-10
INV-IND-002396,STR-IND-0017,PRD-IND-00092,2,57,23,2024-04-20
INV-IND-002397,STR-IND-0017,PRD-IND-00093,309,25,31,2024-04-07
INV-IND-002398,STR-IND-0017,PRD-IND-00094,44,29,26,2024-12-02
INV-IND-002399,STR-IND-0017,PRD-IND-00095,399,26,27,2024-03-11
INV-IND-002400,STR-IND-0017,PRD-IND-00096,146,37,30,2024-03-01
INV-IND-002401,STR-IND-0017,PRD-IND-00097,385,46,21,2024-11-12
INV-IND-002402,STR-IND-0017,PRD-IND-00098,249,38,31,2024-03-19
INV-IND-002403,STR-IND-0017,PRD-IND-00099,139,47,25,2024-06-01
INV-IND-002404,STR-IND-0017,PRD-IND-00100,495,34,24,2024-07-05
INV-IND-002405,STR-IND-0017,PRD-IND-00101,28,51,23,2024-10-06
INV-IND-002406,STR-IND-0017,PRD-IND-00102,466,46,18,2024-12-08
INV-IND-002407,STR-IND-0017,PRD-IND-00103,150,60,23,2024-04-05
INV-IND-002408,STR-IND-0017,PRD-IND-00104,202,56,17,2024-06-01
INV-IND-002409,STR-IND-0017,PRD-IND-00105,454,60,33,2024-07-08
INV-IND-002410,STR-IND-0017,PRD-IND-00106,102,26,26,2024-11-09
INV-IND-002411,STR-IND-0017,PRD-IND-00107,267,60,21,2024-11-03
INV-IND-002412,STR-IND-0017,PRD-IND-00108,314,50,25,2024-12-06
INV-IND-002413,STR-IND-0017,PRD-IND-00109,40,50,15,2024-04-19
INV-IND-002414,STR-IND-0017,PRD-IND-00110,345,25,20,2024-08-24
INV-IND-002415,STR-IND-0017,PRD-IND-00111,179,53,15,2024-02-09
INV-IND-002416,STR-IND-0017,PRD-IND-00112,307,49,23,2024-10-12
INV-IND-002417,STR-IND-0017,PRD-IND-00113,317,59,17,2024-03-29
INV-IND-002418,STR-IND-0017,PRD-IND-00114,25,30,26,2024-10-07
INV-IND-002419,STR-IND-0017,PRD-IND-00115,142,32,34,2024-01-16
INV-IND-002420,STR-IND-0017,PRD-IND-00116,173,41,24,2024-08-24
INV-IND-002421,STR-IND-0017,PRD-IND-00117,290,39,15,2024-03-07
INV-IND-002422,STR-IND-0017,PRD-IND-00118,394,43,30,2024-05-19
INV-IND-002423,STR-IND-0017,PRD-IND-00119,346,49,18,2024-01-08
INV-IND-002424,STR-IND-0017,PRD-IND-00120,164,56,28,2024-09-25
INV-IND-002425,STR-IND-0017,PRD-IND-00121,489,47,19,2024-09-29
INV-IND-002426,STR-IND-0017,PRD-IND-00122,122,52,19,2024-01-21
INV-IND-002427,STR-IND-0017,PRD-IND-00123,41,49,30,2024-02-02
INV-IND-002428,STR-IND-0017,PRD-IND-00124,468,52,30,2024-03-07
INV-IND-002429,STR-IND-0017,PRD-IND-00125,164,40,24,2024-01-17
INV-IND-002430,STR-IND-0017,PRD-IND-00126,472,40,30,2024-07-31
INV-IND-002431,STR-IND-0017,PRD-IND-00127,234,42,28,2024-08-24
INV-IND-002432,STR-IND-0017,PRD-IND-00128,193,35,22,2024-08-29
INV-IND-002433,STR-IND-0017,PRD-IND-00129,105,33,28,2024-03-05
INV-IND-002434,STR-IND-0017,PRD-IND-00130,498,37,24,2024-10-11
INV-IND-002435,STR-IND-0017,PRD-IND-00131,57,35,23,2024-01-27
INV-IND-002436,STR-IND-0017,PRD-IND-00132,122,52,22,2024-09-06
INV-IND-002437,STR-IND-0017,PRD-IND-00133,436,47,30,2024-03-19
INV-IND-002438,STR-IND-0017,PRD-IND-00134,487,25,29,2024-08-06
INV-IND-002439,STR-IND-0017,PRD-IND-00135,441,46,22,2024-10-12
INV-IND-002440,STR-IND-0017,PRD-IND-00136,6,50,17,2024-02-29
INV-IND-002441,STR-IND-0017,PRD-IND-00137,466,50,30,2024-01-26
INV-IND-002442,STR-IND-0017,PRD-IND-00138,311,38,26,2024-12-04
INV-IND-002443,STR-IND-0017,PRD-IND-00139,367,59,31,2024-01-05
INV-IND-002444,STR-IND-0017,PRD-IND-00140,379,51,25,2024-08-09
INV-IND-002445,STR-IND-0017,PRD-IND-00141,278,39,35,2024-04-14
INV-IND-002446,STR-IND-0017,PRD-IND-00142,29,49,33,2024-12-15
INV-IND-002447,STR-IND-0017,PRD-IND-00143,166,53,15,2024-05-25
INV-IND-002448,STR-IND-0017,PRD-IND-00144,306,49,20,2024-01-10
INV-IND-002449,STR-IND-0018,PRD-IND-00001,101,37,29,2024-08-18
INV-IND-002450,STR-IND-0018,PRD-IND-00002,456,41,25,2024-02-21
INV-IND-002451,STR-IND-0018,PRD-IND-00003,156,42,27,2024-12-14
INV-IND-002452,STR-IND-0018,PRD-IND-00004,91,27,15,2024-09-09
INV-IND-002453,STR-IND-0018,PRD-IND-00005,219,54,26,2024-09-06
INV-IND-002454,STR-IND-0018,PRD-IND-00006,234,35,15,2024-08-11
INV-IND-002455,STR-IND-0018,PRD-IND-00007,14,52,20,2024-05-08
INV-IND-002456,STR-IND-0018,PRD-IND-00008,202,25,32,2024-10-23
INV-IND-002457,STR-IND-0018,PRD-IND-00009,1,44,20,2024-12-28
INV-IND-002458,STR-IND-0018,PRD-IND-00010,432,39,35,2024-01-14
INV-IND-002459,STR-IND-0018,PRD-IND-00011,423,39,25,2024-05-12
INV-IND-002460,STR-IND-0018,PRD-IND-00012,204,34,31,2024-06-02
INV-IND-002461,STR-IND-0018,PRD-IND-00013,233,56,24,2024-11-12
INV-IND-002462,STR-IND-0018,PRD-IND-00014,215,43,24,2024-05-29
INV-IND-002463,STR-IND-0018,PRD-IND-00015,180,29,28,2024-08-05
INV-IND-002464,STR-IND-0018,PRD-IND-00016,408,34,20,2024-03-11
INV-IND-002465,STR-IND-0018,PRD-IND-00017,460,48,18,2024-04-02
INV-IND-002466,STR-IND-0018,PRD-IND-00018,103,47,22,2024-11-04
INV-IND-002467,STR-IND-0018,PRD-IND-00019,260,51,27,2024-10-12
INV-IND-002468,STR-IND-0018,PRD-IND-00020,47,31,31,2024-12-02
INV-IND-002469,STR-IND-0018,PRD-IND-00021,195,48,32,2024-11-29
INV-IND-002470,STR-IND-0018,PRD-IND-00022,469,55,21,2024-11-02
INV-IND-002471,STR-IND-0018,PRD-IND-00023,450,53,16,2024-10-11
INV-IND-002472,STR-IND-0018,PRD-IND-00024,203,25,21,2024-01-30
INV-IND-002473,STR-IND-0018,PRD-IND-00025,219,34,25,2024-09-22
INV-IND-002474,STR-IND-0018,PRD-IND-00026,123,39,21,2024-01-27
INV-IND-002475,STR-IND-0018,PRD-IND-00027,112,46,21,2024-08-25
INV-IND-002476,STR-IND-0018,PRD-IND-00028,330,41,18,2024-01-23
INV-IND-002477,STR-IND-0018,PRD-IND-00029,340,56,26,2024-05-24
INV-IND-002478,STR-IND-0018,PRD-IND-00030,419,42,30,2024-06-25
INV-IND-002479,STR-IND-0018,PRD-IND-00031,84,25,17,2024-05-05
INV-IND-002480,STR-IND-0018,PRD-IND-00032,94,27,21,2024-04-11
INV-IND-002481,STR-IND-0018,PRD-IND-00033,7,51,18,2024-02-01
INV-IND-002482,STR-IND-0018,PRD-IND-00034,212,38,16,2024-07-15
INV-IND-002483,STR-IND-0018,PRD-IND-00035,455,51,17,2024-10-09
INV-IND-002484,STR-IND-0018,PRD-IND-00036,66,37,27,2024-07-26
INV-IND-002485,STR-IND-0018,PRD-IND-00037,319,41,34,2024-04-20
INV-IND-002486,STR-IND-0018,PRD-IND-00038,420,54,21,2024-11-22
INV-IND-002487,STR-IND-0018,PRD-IND-00039,318,48,20,2024-06-30
INV-IND-002488,STR-IND-0018,PRD-IND-00040,104,25,29,2024-01-01
INV-IND-002489,STR-IND-0018,PRD-IND-00041,450,25,31,2024-03-15
INV-IND-002490,STR-IND-0018,PRD-IND-00042,6,35,26,2024-08-01
INV-IND-002491,STR-IND-0018,PRD-IND-00043,215,42,25,2024-06-10
INV-IND-002492,STR-IND-0018,PRD-IND-00044,227,41,21,2024-12-11
INV-IND-002493,STR-IND-0018,PRD-IND-00045,90,48,32,2024-08-23
INV-IND-002494,STR-IND-0018,PRD-IND-00046,428,48,31,2024-02-22
INV-IND-002495,STR-IND-0018,PRD-IND-00047,85,37,31,2024-04-27
INV-IND-002496,STR-IND-0018,PRD-IND-00048,76,43,23,2024-02-23
INV-IND-002497,STR-IND-0018,PRD-IND-00049,374,38,27,2024-01-09
INV-IND-002498,STR-IND-0018,PRD-IND-00050,103,34,19,2024-08-04
INV-IND-002499,STR-IND-0018,PRD-IND-00051,347,29,35,2024-07-07
INV-IND-002500,STR-IND-0018,PRD-IND-00052,378,47,22,2024-05-28
INV-IND-002501,STR-IND-0018,PRD-IND-00053,437,43,29,2024-06-08
INV-IND-002502,STR-IND-0018,PRD-IND-00054,279,51,34,2024-05-16
INV-IND-002503,STR-IND-0018,PRD-IND-00055,15,52,23,2024-12-04
INV-IND-002504,STR-IND-0018,PRD-IND-00056,222,46,15,2024-03-17
INV-IND-002505,STR-IND-0018,PRD-IND-00057,300,30,17,2024-04-23
INV-IND-002506,STR-IND-0018,PRD-IND-00058,431,37,17,2024-04-21
INV-IND-002507,STR-IND-0018,PRD-IND-00059,278,51,31,2024-11-08
INV-IND-002508,STR-IND-0018,PRD-IND-00060,312,30,25,2024-05-30
INV-IND-002509,STR-IND-0018,PRD-IND-00061,475,44,22,2024-05-22
INV-IND-002510,STR-IND-0018,PRD-IND-00062,211,48,15,2024-11-08
INV-IND-002511,STR-IND-0018,PRD-IND-00063,386,43,30,2024-03-21
INV-IND-002512,STR-IND-0018,PRD-IND-00064,237,57,30,2024-09-12
INV-IND-002513,STR-IND-0018,PRD-IND-00065,0,38,24,2024-03-20
INV-IND-002514,STR-IND-0018,PRD-IND-00066,481,59,33,2024-03-04
INV-IND-002515,STR-IND-0018,PRD-IND-00067,131,33,17,2024-12-16
INV-IND-002516,STR-IND-0018,PRD-IND-00068,464,31,19,2024-02-28
INV-IND-002517,STR-IND-0018,PRD-IND-00069,300,38,19,2024-12-14
INV-IND-002518,STR-IND-0018,PRD-IND-00070,188,50,25,2024-09-11
INV-IND-002519,STR-IND-0018,PRD-IND-00071,373,46,30,2024-07-21
INV-IND-002520,STR-IND-0018,PRD-IND-00072,148,30,33,2024-02-10
INV-IND-002521,STR-IND-0018,PRD-IND-00073,226,30,33,2024-03-04
INV-IND-002522,STR-IND-0018,PRD-IND-00074,375,41,15,2024-09-05
INV-IND-002523,STR-IND-0018,PRD-IND-00075,365,52,16,2024-04-04
INV-IND-002524,STR-IND-0018,PRD-IND-00076,336,47,30,2024-04-01
INV-IND-002525,STR-IND-0018,PRD-IND-00077,398,52,16,2024-07-16
INV-IND-002526,STR-IND-0018,PRD-IND-00078,437,54,34,2024-06-28
INV-IND-002527,STR-IND-0018,PRD-IND-00079,163,31,17,2024-04-12
INV-IND-002528,STR-IND-0018,PRD-IND-00080,67,30,23,2024-01-01
INV-IND-002529,STR-IND-0018,PRD-IND-00081,162,51,31,2024-05-10
INV-IND-002530,STR-IND-0018,PRD-IND-00082,195,33,22,2024-02-21
INV-IND-002531,STR-IND-0018,PRD-IND-00083,247,33,21,2024-09-17
INV-IND-002532,STR-IND-0018,PRD-IND-00084,383,47,35,2024-09-25
INV-IND-002533,STR-IND-0018,PRD-IND-00085,367,39,30,2024-11-13
INV-IND-002534,STR-IND-0018,PRD-IND-00086,311,30,33,2024-09-03
INV-IND-002535,STR-IND-0018,PRD-IND-00087,209,36,25,2024-06-15
INV-IND-002536,STR-IND-0018,PRD-IND-00088,411,56,16,2024-06-19
INV-IND-002537,STR-IND-0018,PRD-IND-00089,256,39,19,2024-08-24
INV-IND-002538,STR-IND-0018,PRD-IND-00090,204,41,33,2024-06-03
INV-IND-002539,STR-IND-0018,PRD-IND-00091,55,44,23,2024-12-01
INV-IND-002540,STR-IND-0018,PRD-IND-00092,374,53,18,2024-10-31
INV-IND-002541,STR-IND-0018,PRD-IND-00093,238,47,35,2024-12-15
INV-IND-002542,STR-IND-0018,PRD-IND-00094,417,31,22,2024-02-23
INV-IND-002543,STR-IND-0018,PRD-IND-00095,477,51,30,2024-12-16
INV-IND-002544,STR-IND-0018,PRD-IND-00096,359,33,20,2024-10-06
INV-IND-002545,STR-IND-0018,PRD-IND-00097,242,55,26,2024-04-12
INV-IND-002546,STR-IND-0018,PRD-IND-00098,346,46,15,2024-01-19
INV-IND-002547,STR-IND-0018,PRD-IND-00099,325,28,21,2024-04-29
INV-IND-002548,STR-IND-0018,PRD-IND-00100,341,45,20,2024-01-05
INV-IND-002549,STR-IND-0018,PRD-IND-00101,476,42,21,2024-02-24
INV-IND-002550,STR-IND-0018,PRD-IND-00102,28,37,16,2024-11-27
INV-IND-002551,STR-IND-0018,PRD-IND-00103,150,47,30,2024-03-26
INV-IND-002552,STR-IND-0018,PRD-IND-00104,243,30,21,2024-07-28
INV-IND-002553,STR-IND-0018,PRD-IND-00105,398,48,27,2024-10-18
INV-IND-002554,STR-IND-0018,PRD-IND-00106,228,57,25,2024-08-15
INV-IND-002555,STR-IND-0018,PRD-IND-00107,216,32,16,2024-05-31
INV-IND-002556,STR-IND-0018,PRD-IND-00108,190,30,34,2024-11-03
INV-IND-002557,STR-IND-0018,PRD-IND-00109,443,44,33,2024-10-22
INV-IND-002558,STR-IND-0018,PRD-IND-00110,379,55,28,2024-02-24
INV-IND-002559,STR-IND-0018,PRD-IND-00111,278,48,27,2024-10-14
INV-IND-002560,STR-IND-0018,PRD-IND-00112,265,46,18,2024-09-24
INV-IND-002561,STR-IND-0018,PRD-IND-00113,147,41,18,2024-05-07
INV-IND-002562,STR-IND-0018,PRD-IND-00114,88,39,23,2024-11-18
INV-IND-002563,STR-IND-0018,PRD-IND-00115,412,41,25,2024-02-04
INV-IND-002564,STR-IND-0018,PRD-IND-00116,449,29,35,2024-05-14
INV-IND-002565,STR-IND-0018,PRD-IND-00117,143,57,35,2024-05-04
INV-IND-002566,STR-IND-0018,PRD-IND-00118,406,26,34,2024-12-09
INV-IND-002567,STR-IND-0018,PRD-IND-00119,230,56,24,2024-12-15
INV-IND-002568,STR-IND-0018,PRD-IND-00120,67,36,30,2024-04-27
INV-IND-002569,STR-IND-0018,PRD-IND-00121,391,31,34,2024-02-08
INV-IND-002570,STR-IND-0018,PRD-IND-00122,156,34,15,2024-08-14
INV-IND-002571,STR-IND-0018,PRD-IND-00123,68,37,35,2024-12-23
INV-IND-002572,STR-IND-0018,PRD-IND-00124,434,53,27,2024-07-25
INV-IND-002573,STR-IND-0018,PRD-IND-00125,463,53,21,2024-05-26
INV-IND-002574,STR-IND-0018,PRD-IND-00126,74,35,34,2024-06-23
INV-IND-002575,STR-IND-0018,PRD-IND-00127,414,57,20,2024-03-19
INV-IND-002576,STR-IND-0018,PRD-IND-00128,465,39,27,2024-02-14
INV-IND-002577,STR-IND-0018,PRD-IND-00129,408,48,22,2024-11-14
INV-IND-002578,STR-IND-0018,PRD-IND-00130,236,32,28,2024-08-09
INV-IND-002579,STR-IND-0018,PRD-IND-00131,264,42,24,2024-01-06
INV-IND-002580,STR-IND-0018,PRD-IND-00132,80,42,30,2024-01-22
INV-IND-002581,STR-IND-0018,PRD-IND-00133,400,41,21,2024-09-27
INV-IND-002582,STR-IND-0018,PRD-IND-00134,310,39,24,2024-12-19
INV-IND-002583,STR-IND-0018,PRD-IND-00135,429,46,16,2024-01-09
INV-IND-002584,STR-IND-0018,PRD-IND-00136,314,53,21,2024-05-05
INV-IND-002585,STR-IND-0018,PRD-IND-00137,474,44,28,2024-04-22
INV-IND-002586,STR-IND-0018,PRD-IND-00138,196,41,19,2024-05-14
INV-IND-002587,STR-IND-0018,PRD-IND-00139,355,28,17,2024-04-08
INV-IND-002588,STR-IND-0018,PRD-IND-00140,474,39,35,2024-01-18
INV-IND-002589,STR-IND-0018,PRD-IND-00141,226,55,33,2024-08-26
INV-IND-002590,STR-IND-0018,PRD-IND-00142,461,40,19,2024-08-31
INV-IND-002591,STR-IND-0018,PRD-IND-00143,259,51,33,2024-11-24
INV-IND-002592,STR-IND-0018,PRD-IND-00144,35,40,16,2024-01-31
INV-IND-002593,STR-IND-0019,PRD-IND-00001,24,28,27,2024-12-11
INV-IND-002594,STR-IND-0019,PRD-IND-00002,336,26,21,2024-05-07
INV-IND-002595,STR-IND-0019,PRD-IND-00003,34,52,30,2024-09-08
INV-IND-002596,STR-IND-0019,PRD-IND-00004,280,25,32,2024-09-30
INV-IND-002597,STR-IND-0019,PRD-IND-00005,181,30,32,2024-06-29
INV-IND-002598,STR-IND-0019,PRD-IND-00006,129,32,19,2024-03-26
INV-IND-002599,STR-IND-0019,PRD-IND-00007,243,39,34,2024-06-25
INV-IND-002600,STR-IND-0019,PRD-IND-00008,62,31,26,2024-09-09
INV-IND-002601,STR-IND-0019,PRD-IND-00009,158,56,31,2024-07-17
INV-IND-002602,STR-IND-0019,PRD-IND-00010,120,47,35,2024-03-07
INV-IND-002603,STR-IND-0019,PRD-IND-00011,95,35,26,2024-08-24
INV-IND-002604,STR-IND-0019,PRD-IND-00012,218,42,33,2024-03-19
INV-IND-002605,STR-IND-0019,PRD-IND-00013,366,29,34,2024-11-29
INV-IND-002606,STR-IND-0019,PRD-IND-00014,395,48,16,2024-09-20
INV-IND-002607,STR-IND-0019,PRD-IND-00015,452,45,33,2024-07-22
INV-IND-002608,STR-IND-0019,PRD-IND-00016,325,39,15,2024-09-29
INV-IND-002609,STR-IND-0019,PRD-IND-00017,422,40,15,2024-04-14
INV-IND-002610,STR-IND-0019,PRD-IND-00018,203,41,22,2024-09-09
INV-IND-002611,STR-IND-0019,PRD-IND-00019,55,43,32,2024-03-15
INV-IND-002612,STR-IND-0019,PRD-IND-00020,495,48,16,2024-01-27
INV-IND-002613,STR-IND-0019,PRD-IND-00021,237,50,15,2024-09-16
INV-IND-002614,STR-IND-0019,PRD-IND-00022,230,57,18,2024-05-02
INV-IND-002615,STR-IND-0019,PRD-IND-00023,232,26,23,2024-05-18
INV-IND-002616,STR-IND-0019,PRD-IND-00024,94,43,26,2024-08-10
INV-IND-002617,STR-IND-0019,PRD-IND-00025,345,57,24,2024-02-25
INV-IND-002618,STR-IND-0019,PRD-IND-00026,136,32,16,2024-06-07
INV-IND-002619,STR-IND-0019,PRD-IND-00027,288,33,29,2024-04-15
INV-IND-002620,STR-IND-0019,PRD-IND-00028,43,34,20,2024-08-12
INV-IND-002621,STR-IND-0019,PRD-IND-00029,276,40,15,2024-05-29
INV-IND-002622,STR-IND-0019,PRD-IND-00030,127,38,32,2024-04-29
INV-IND-002623,STR-IND-0019,PRD-IND-00031,491,53,21,2024-03-11
INV-IND-002624,STR-IND-0019,PRD-IND-00032,415,33,32,2024-02-13
INV-IND-002625,STR-IND-0019,PRD-IND-00033,212,30,19,2024-10-12
INV-IND-002626,STR-IND-0019,PRD-IND-00034,229,46,17,2024-04-29
INV-IND-002627,STR-IND-0019,PRD-IND-00035,334,40,18,2024-09-09
INV-IND-002628,STR-IND-0019,PRD-IND-00036,195,43,26,2024-10-28
INV-IND-002629,STR-IND-0019,PRD-IND-00037,324,46,20,2024-01-04
INV-IND-002630,STR-IND-0019,PRD-IND-00038,128,55,18,2024-10-13
INV-IND-002631,STR-IND-0019,PRD-IND-00039,376,51,20,2024-08-04
INV-IND-002632,STR-IND-0019,PRD-IND-00040,429,36,20,2024-02-02
INV-IND-002633,STR-IND-0019,PRD-IND-00041,63,60,15,2024-08-21
INV-IND-002634,STR-IND-0019,PRD-IND-00042,310,37,24,2024-03-16
INV-IND-002635,STR-IND-0019,PRD-IND-00043,132,46,22,2024-08-05
INV-IND-002636,STR-IND-0019,PRD-IND-00044,85,46,15,2024-06-07
INV-IND-002637,STR-IND-0019,PRD-IND-00045,296,32,23,2024-11-17
INV-IND-002638,STR-IND-0019,PRD-IND-00046,247,42,24,2024-12-31
INV-IND-002639,STR-IND-0019,PRD-IND-00047,4,53,26,2024-12-02
INV-IND-002640,STR-IND-0019,PRD-IND-00048,327,30,28,2024-04-19
INV-IND-002641,STR-IND-0019,PRD-IND-00049,393,38,28,2024-10-06
INV-IND-002642,STR-IND-0019,PRD-IND-00050,84,54,24,2024-12-19
INV-IND-002643,STR-IND-0019,PRD-IND-00051,393,56,31,2024-06-06
INV-IND-002644,STR-IND-0019,PRD-IND-00052,380,27,34,2024-10-02
INV-IND-002645,STR-IND-0019,PRD-IND-00053,63,53,21,2024-08-13
INV-IND-002646,STR-IND-0019,PRD-IND-00054,203,32,27,2024-10-19
INV-IND-002647,STR-IND-0019,PRD-IND-00055,57,29,20,2024-07-15
INV-IND-002648,STR-IND-0019,PRD-IND-00056,52,56,21,2024-11-29
INV-IND-002649,STR-IND-0019,PRD-IND-00057,434,55,34,2024-05-15
INV-IND-002650,STR-IND-0019,PRD-IND-00058,122,32,28,2024-02-03
INV-IND-002651,STR-IND-0019,PRD-IND-00059,49,35,23,2024-02-23
INV-IND-002652,STR-IND-0019,PRD-IND-00060,369,29,30,2024-01-17
INV-IND-002653,STR-IND-0019,PRD-IND-00061,204,25,16,2024-08-13
INV-IND-002654,STR-IND-0019,PRD-IND-00062,448,48,18,2024-06-11
INV-IND-002655,STR-IND-0019,PRD-IND-00063,164,28,33,2024-07-11
INV-IND-002656,STR-IND-0019,PRD-IND-00064,135,44,25,2024-07-24
INV-IND-002657,STR-IND-0019,PRD-IND-00065,430,25,30,2024-08-17
INV-IND-002658,STR-IND-0019,PRD-IND-00066,439,52,16,2024-10-04
INV-IND-002659,STR-IND-0019,PRD-IND-00067,149,55,22,2024-01-18
INV-IND-002660,STR-IND-0019,PRD-IND-00068,250,57,20,2024-08-10
INV-IND-002661,STR-IND-0019,PRD-IND-00069,478,42,22,2024-05-05
INV-IND-002662,STR-IND-0019,PRD-IND-00070,111,59,32,2024-12-06
INV-IND-002663,STR-IND-0019,PRD-IND-00071,32,60,17,2024-12-20
INV-IND-002664,STR-IND-0019,PRD-IND-00072,92,48,18,2024-08-18
INV-IND-002665,STR-IND-0019,PRD-IND-00073,268,34,33,2024-06-25
INV-IND-002666,STR-IND-0019,PRD-IND-00074,18,43,27,2024-03-07
INV-IND-002667,STR-IND-0019,PRD-IND-00075,86,55,25,2024-01-20
INV-IND-002668,STR-IND-0019,PRD-IND-00076,12,50,19,2024-11-22
INV-IND-002669,STR-IND-0019,PRD-IND-00077,349,57,29,2024-07-31
INV-IND-002670,STR-IND-0019,PRD-IND-00078,348,43,30,2024-09-11
INV-IND-002671,STR-IND-0019,PRD-IND-00079,195,28,21,2024-07-07
INV-IND-002672,STR-IND-0019,PRD-IND-00080,384,26,34,2024-04-27
INV-IND-002673,STR-IND-0019,PRD-IND-00081,260,41,22,2024-12-16
INV-IND-002674,STR-IND-0019,PRD-IND-00082,386,26,33,2024-09-12
INV-IND-002675,STR-IND-0019,PRD-IND-00083,329,57,17,2024-03-30
INV-IND-002676,STR-IND-0019,PRD-IND-00084,308,31,32,2024-04-15
INV-IND-002677,STR-IND-0019,PRD-IND-00085,206,33,26,2024-12-05
INV-IND-002678,STR-IND-0019,PRD-IND-00086,458,58,18,2024-01-27
INV-IND-002679,STR-IND-0019,PRD-IND-00087,183,57,17,2024-06-17
INV-IND-002680,STR-IND-0019,PRD-IND-00088,318,60,28,2024-11-21
INV-IND-002681,STR-IND-0019,PRD-IND-00089,99,46,19,2024-10-02
INV-IND-002682,STR-IND-0019,PRD-IND-00090,449,47,28,2024-11-07
INV-IND-002683,STR-IND-0019,PRD-IND-00091,451,26,31,2024-02-02
INV-IND-002684,STR-IND-0019,PRD-IND-00092,330,27,24,2024-06-19
INV-IND-002685,STR-IND-0019,PRD-IND-00093,474,54,34,2024-04-18
INV-IND-002686,STR-IND-0019,PRD-IND-00094,105,46,30,2024-05-26
INV-IND-002687,STR-IND-0019,PRD-IND-00095,145,51,29,2024-02-22
INV-IND-002688,STR-IND-0019,PRD-IND-00096,475,57,17,2024-07-16
INV-IND-002689,STR-IND-0019,PRD-IND-00097,205,44,29,2024-04-04
INV-IND-002690,STR-IND-0019,PRD-IND-00098,280,25,22,2024-07-18
INV-IND-002691,STR-IND-0019,PRD-IND-00099,489,36,27,2024-08-07
INV-IND-002692,STR-IND-0019,PRD-IND-00100,327,32,15,2024-04-04
INV-IND-002693,STR-IND-0019,PRD-IND-00101,322,43,28,2024-08-19
INV-IND-002694,STR-IND-0019,PRD-IND-00102,392,58,24,2024-12-09
INV-IND-002695,STR-IND-0019,PRD-IND-00103,326,40,21,2024-01-12
INV-IND-002696,STR-IND-0019,PRD-IND-00104,158,45,26,2024-07-01
INV-IND-002697,STR-IND-0019,PRD-IND-00105,323,54,20,2024-05-24
INV-IND-002698,STR-IND-0019,PRD-IND-00106,160,30,21,2024-06-25
INV-IND-002699,STR-IND-0019,PRD-IND-00107,215,31,18,2024-05-01
INV-IND-002700,STR-IND-0019,PRD-IND-00108,434,49,33,2024-04-07
INV-IND-002701,STR-IND-0019,PRD-IND-00109,34,39,24,2024-03-09
INV-IND-002702,STR-IND-0019,PRD-IND-00110,171,34,33,2024-04-13
INV-IND-002703,STR-IND-0019,PRD-IND-00111,376,32,28,2024-11-30
INV-IND-002704,STR-IND-0019,PRD-IND-00112,183,57,24,2024-12-23
INV-IND-002705,STR-IND-0019,PRD-IND-00113,280,46,23,2024-08-07
INV-IND-002706,STR-IND-0019,PRD-IND-00114,290,58,23,2024-02-18
INV-IND-002707,STR-IND-0019,PRD-IND-00115,230,44,31,2024-06-01
INV-IND-002708,STR-IND-0019,PRD-IND-00116,0,42,15,2024-10-27
INV-IND-002709,STR-IND-0019,PRD-IND-00117,462,29,27,2024-12-30
INV-IND-002710,STR-IND-0019,PRD-IND-00118,157,43,31,2024-06-01
INV-IND-002711,STR-IND-0019,PRD-IND-00119,379,37,18,2024-05-21
INV-IND-002712,STR-IND-0019,PRD-IND-00120,148,42,19,2024-12-06
INV-IND-002713,STR-IND-0019,PRD-IND-00121,354,27,25,2024-09-12
INV-IND-002714,STR-IND-0019,PRD-IND-00122,345,58,21,2024-06-11
INV-IND-002715,STR-IND-0019,PRD-IND-00123,229,52,18,2024-12-23
INV-IND-002716,STR-IND-0019,PRD-IND-00124,203,59,16,2024-03-11
INV-IND-002717,STR-IND-0019,PRD-IND-00125,259,59,20,2024-10-26
INV-IND-002718,STR-IND-0019,PRD-IND-00126,264,60,19,2024-03-27
INV-IND-002719,STR-IND-0019,PRD-IND-00127,314,27,32,2024-09-15
INV-IND-002720,STR-IND-0019,PRD-IND-00128,265,54,16,2024-07-01
INV-IND-002721,STR-IND-0019,PRD-IND-00129,204,31,27,2024-06-26
INV-IND-002722,STR-IND-0019,PRD-IND-00130,288,47,20,2024-09-03
INV-IND-002723,STR-IND-0019,PRD-IND-00131,195,40,29,2024-07-11
INV-IND-002724,STR-IND-0019,PRD-IND-00132,341,56,22,2024-12-10
INV-IND-002725,STR-IND-0019,PRD-IND-00133,14,47,31,2024-01-15
INV-IND-002726,STR-IND-0019,PRD-IND-00134,433,28,31,2024-11-19
INV-IND-002727,STR-IND-0019,PRD-IND-00135,457,48,26,2024-10-31
INV-IND-002728,STR-IND-0019,PRD-IND-00136,407,51,19,2024-01-02
INV-IND-002729,STR-IND-0019,PRD-IND-00137,224,29,26,2024-12-01
INV-IND-002730,STR-IND-0019,PRD-IND-00138,419,42,21,2024-10-03
INV-IND-002731,STR-IND-0019,PRD-IND-00139,47,44,28,2024-11-24
INV-IND-002732,STR-IND-0019,PRD-IND-00140,158,51,33,2024-02-11
INV-IND-002733,STR-IND-0019,PRD-IND-00141,441,59,16,2024-02-12
INV-IND-002734,STR-IND-0019,PRD-IND-00142,423,26,25,2024-04-08
INV-IND-002735,STR-IND-0019,PRD-IND-00143,302,38,19,2024-02-13
INV-IND-002736,STR-IND-0019,PRD-IND-00144,347,37,16,2024-09-08
INV-IND-002737,STR-IND-0020,PRD-IND-00001,297,46,21,2024-05-11
INV-IND-002738,STR-IND-0020,PRD-IND-00002,359,46,21,2024-11-05
INV-IND-002739,STR-IND-0020,PRD-IND-00003,213,59,24,2024-04-26
INV-IND-002740,STR-IND-0020,PRD-IND-00004,42,40,18,2024-02-18
INV-IND-002741,STR-IND-0020,PRD-IND-00005,337,45,24,2024-07-16
INV-IND-002742,STR-IND-0020,PRD-IND-00006,5,56,29,2024-08-01
INV-IND-002743,STR-IND-0020,PRD-IND-00007,427,40,29,2024-04-28
INV-IND-002744,STR-IND-0020,PRD-IND-00008,331,50,24,2024-09-19
INV-IND-002745,STR-IND-0020,PRD-IND-00009,294,49,15,2024-02-15
INV-IND-002746,STR-IND-0020,PRD-IND-00010,425,57,31,2024-09-15
INV-IND-002747,STR-IND-0020,PRD-IND-00011,347,51,24,2024-05-06
INV-IND-002748,STR-IND-0020,PRD-IND-00012,327,45,28,2024-03-06
INV-IND-002749,STR-IND-0020,PRD-IND-00013,268,25,23,2024-03-17
INV-IND-002750,STR-IND-0020,PRD-IND-00014,149,51,19,2024-08-14
INV-IND-002751,STR-IND-0020,PRD-IND-00015,267,57,32,2024-11-19
INV-IND-002752,STR-IND-0020,PRD-IND-00016,185,26,19,2024-04-13
INV-IND-002753,STR-IND-0020,PRD-IND-00017,158,59,18,2024-02-26
INV-IND-002754,STR-IND-0020,PRD-IND-00018,197,45,28,2024-11-13
INV-IND-002755,STR-IND-0020,PRD-IND-00019,266,25,16,2024-01-13
INV-IND-002756,STR-IND-0020,PRD-IND-00020,50,53,26,2024-01-09
INV-IND-002757,STR-IND-0020,PRD-IND-00021,181,41,26,2024-02-18
INV-IND-002758,STR-IND-0020,PRD-IND-00022,426,45,25,2024-11-25
INV-IND-002759,STR-IND-0020,PRD-IND-00023,244,56,16,2024-01-12
INV-IND-002760,STR-IND-0020,PRD-IND-00024,335,37,18,2024-02-10
INV-IND-002761,STR-IND-0020,PRD-IND-00025,40,36,19,2024-10-11
INV-IND-002762,STR-IND-0020,PRD-IND-00026,24,46,21,2024-07-21
INV-IND-002763,STR-IND-0020,PRD-IND-00027,97,49,16,2024-07-17
INV-IND-002764,STR-IND-0020,PRD-IND-00028,254,58,19,2024-11-17
INV-IND-002765,STR-IND-0020,PRD-IND-00029,91,56,15,2024-02-19
INV-IND-002766,STR-IND-0020,PRD-IND-00030,235,29,21,2024-12-03
INV-IND-002767,STR-IND-0020,PRD-IND-00031,245,59,20,2024-09-07
INV-IND-002768,STR-IND-0020,PRD-IND-00032,91,50,17,2024-01-23
INV-IND-002769,STR-IND-0020,PRD-IND-00033,390,45,30,2024-11-02
INV-IND-002770,STR-IND-0020,PRD-IND-00034,278,53,15,2024-06-03
INV-IND-002771,STR-IND-0020,PRD-IND-00035,10,48,33,2024-12-26
INV-IND-002772,STR-IND-0020,PRD-IND-00036,156,35,29,2024-04-05
INV-IND-002773,STR-IND-0020,PRD-IND-00037,70,36,15,2024-05-16
INV-IND-002774,STR-IND-0020,PRD-IND-00038,277,31,26,2024-11-08
INV-IND-002775,STR-IND-0020,PRD-IND-00039,5,46,33,2024-05-05
INV-IND-002776,STR-IND-0020,PRD-IND-00040,300,46,19,2024-02-01
INV-IND-002777,STR-IND-0020,PRD-IND-00041,305,34,22,2024-01-22
INV-IND-002778,STR-IND-0020,PRD-IND-00042,64,39,25,2024-12-27
INV-IND-002779,STR-IND-0020,PRD-IND-00043,67,40,34,2024-08-22
INV-IND-002780,STR-IND-0020,PRD-IND-00044,27,25,32,2024-09-22
INV-IND-002781,STR-IND-0020,PRD-IND-00045,112,47,24,2024-02-05
INV-IND-002782,STR-IND-0020,PRD-IND-00046,312,28,25,2024-04-22
INV-IND-002783,STR-IND-0020,PRD-IND-00047,41,60,26,2024-02-13
INV-IND-002784,STR-IND-0020,PRD-IND-00048,429,42,35,2024-06-16
INV-IND-002785,STR-IND-0020,PRD-IND-00049,325,30,35,2024-12-17
INV-IND-002786,STR-IND-0020,PRD-IND-00050,406,34,21,2024-05-14
INV-IND-002787,STR-IND-0020,PRD-IND-00051,358,47,34,2024-04-10
INV-IND-002788,STR-IND-0020,PRD-IND-00052,452,46,24,2024-09-30
INV-IND-002789,STR-IND-0020,PRD-IND-00053,344,43,22,2024-03-29
INV-IND-002790,STR-IND-0020,PRD-IND-00054,291,26,27,2024-07-17
INV-IND-002791,STR-IND-0020,PRD-IND-00055,235,34,17,2024-10-18
INV-IND-002792,STR-IND-0020,PRD-IND-00056,294,39,15,2024-06-27
INV-IND-002793,STR-IND-0020,PRD-IND-00057,204,55,23,2024-11-20
INV-IND-002794,STR-IND-0020,PRD-IND-00058,328,28,22,2024-06-25
INV-IND-002795,STR-IND-0020,PRD-IND-00059,331,53,17,2024-08-01
INV-IND-002796,STR-IND-0020,PRD-IND-00060,139,38,32,2024-05-17
INV-IND-002797,STR-IND-0020,PRD-IND-00061,468,28,32,2024-09-23
INV-IND-002798,STR-IND-0020,PRD-IND-00062,305,31,19,2024-12-31
INV-IND-002799,STR-IND-0020,PRD-IND-00063,457,30,33,2024-04-30
INV-IND-002800,STR-IND-0020,PRD-IND-00064,44,45,17,2024-01-28
INV-IND-002801,STR-IND-0020,PRD-IND-00065,60,52,17,2024-05-06
INV-IND-002802,STR-IND-0020,PRD-IND-00066,223,55,28,2024-10-07
INV-IND-002803,STR-IND-0020,PRD-IND-00067,390,60,24,2024-09-13
INV-IND-002804,STR-IND-0020,PRD-IND-00068,359,60,19,2024-11-06
INV-IND-002805,STR-IND-0020,PRD-IND-00069,29,50,17,2024-02-17
INV-IND-002806,STR-IND-0020,PRD-IND-00070,41,44,27,2024-12-12
INV-IND-002807,STR-IND-0020,PRD-IND-00071,355,41,23,2024-11-20
INV-IND-002808,STR-IND-0020,PRD-IND-00072,394,38,25,2024-12-27
INV-IND-002809,STR-IND-0020,PRD-IND-00073,367,53,26,2024-05-15
INV-IND-002810,STR-IND-0020,PRD-IND-00074,266,38,24,2024-09-15
INV-IND-002811,STR-IND-0020,PRD-IND-00075,324,39,24,2024-09-21
INV-IND-002812,STR-IND-0020,PRD-IND-00076,320,56,34,2024-06-20
INV-IND-002813,STR-IND-0020,PRD-IND-00077,412,44,29,2024-02-17
INV-IND-002814,STR-IND-0020,PRD-IND-00078,310,50,19,2024-11-25
INV-IND-002815,STR-IND-0020,PRD-IND-00079,0,48,16,2024-10-14
INV-IND-002816,STR-IND-0020,PRD-IND-00080,438,49,15,2024-09-01
INV-IND-002817,STR-IND-0020,PRD-IND-00081,403,29,24,2024-10-28
INV-IND-002818,STR-IND-0020,PRD-IND-00082,381,56,15,2024-05-24
INV-IND-002819,STR-IND-0020,PRD-IND-00083,30,31,15,2024-10-18
INV-IND-002820,STR-IND-0020,PRD-IND-00084,164,32,24,2024-08-05
INV-IND-002821,STR-IND-0020,PRD-IND-00085,228,26,21,2024-01-21
INV-IND-002822,STR-IND-0020,PRD-IND-00086,474,45,23,2024-12-04
INV-IND-002823,STR-IND-0020,PRD-IND-00087,59,31,27,2024-02-18
INV-IND-002824,STR-IND-0020,PRD-IND-00088,282,55,30,2024-08-23
INV-IND-002825,STR-IND-0020,PRD-IND-00089,289,26,24,2024-02-27
INV-IND-002826,STR-IND-0020,PRD-IND-00090,255,39,26,2024-08-09
INV-IND-002827,STR-IND-0020,PRD-IND-00091,31,47,20,2024-05-26
INV-IND-002828,STR-IND-0020,PRD-IND-00092,84,35,20,2024-07-31
INV-IND-002829,STR-IND-0020,PRD-IND-00093,310,52,23,2024-08-16
INV-IND-002830,STR-IND-0020,PRD-IND-00094,35,58,25,2024-05-16
INV-IND-002831,STR-IND-0020,PRD-IND-00095,414,39,27,2024-07-06
INV-IND-002832,STR-IND-0020,PRD-IND-00096,213,55,16,2024-04-14
INV-IND-002833,STR-IND-0020,PRD-IND-00097,106,53,33,2024-04-05
INV-IND-002834,STR-IND-0020,PRD-IND-00098,158,56,29,2024-12-08
INV-IND-002835,STR-IND-0020,PRD-IND-00099,142,37,34,2024-08-28
INV-IND-002836,STR-IND-0020,PRD-IND-00100,47,56,16,2024-12-18
INV-IND-002837,STR-IND-0020,PRD-IND-00101,186,59,23,2024-01-17
INV-IND-002838,STR-IND-0020,PRD-IND-00102,355,58,24,2024-08-16
INV-IND-002839,STR-IND-0020,PRD-IND-00103,118,43,27,2024-11-26
INV-IND-002840,STR-IND-0020,PRD-IND-00104,12,32,19,2024-09-29
INV-IND-002841,STR-IND-0020,PRD-IND-00105,434,51,19,2024-02-17
INV-IND-002842,STR-IND-0020,PRD-IND-00106,463,57,32,2024-07-16
INV-IND-002843,STR-IND-0020,PRD-IND-00107,392,33,34,2024-12-27
INV-IND-002844,STR-IND-0020,PRD-IND-00108,50,46,34,2024-08-24
INV-IND-002845,STR-IND-0020,PRD-IND-00109,262,35,31,2024-03-25
INV-IND-002846,STR-IND-0020,PRD-IND-00110,62,30,33,2024-09-17
INV-IND-002847,STR-IND-0020,PRD-IND-00111,347,27,25,2024-02-12
INV-IND-002848,STR-IND-0020,PRD-IND-00112,214,59,32,2024-12-18
INV-IND-002849,STR-IND-0020,PRD-IND-00113,124,46,26,2024-06-03
INV-IND-002850,STR-IND-0020,PRD-IND-00114,493,36,18,2024-07-13
INV-IND-002851,STR-IND-0020,PRD-IND-00115,248,44,26,2024-09-06
INV-IND-002852,STR-IND-0020,PRD-IND-00116,220,27,26,2024-08-30
INV-IND-002853,STR-IND-0020,PRD-IND-00117,396,46,23,2024-12-20
INV-IND-002854,STR-IND-0020,PRD-IND-00118,139,40,17,2024-07-09
INV-IND-002855,STR-IND-0020,PRD-IND-00119,455,46,16,2024-02-02
INV-IND-002856,STR-IND-0020,PRD-IND-00120,191,59,20,2024-01-23
INV-IND-002857,STR-IND-0020,PRD-IND-00121,0,33,20,2024-04-16
INV-IND-002858,STR-IND-0020,PRD-IND-00122,211,47,18,2024-04-18
INV-IND-002859,STR-IND-0020,PRD-IND-00123,374,51,22,2024-06-29
INV-IND-002860,STR-IND-0020,PRD-IND-00124,300,46,16,2024-02-20
INV-IND-002861,STR-IND-0020,PRD-IND-00125,378,29,16,2024-08-06
INV-IND-002862,STR-IND-0020,PRD-IND-00126,290,55,33,2024-06-02
INV-IND-002863,STR-IND-0020,PRD-IND-00127,267,44,34,2024-05-07
INV-IND-002864,STR-IND-0020,PRD-IND-00128,484,36,16,2024-11-06
INV-IND-002865,STR-IND-0020,PRD-IND-00129,163,55,35,2024-11-16
INV-IND-002866,STR-IND-0020,PRD-IND-00130,428,41,26,2024-03-10
INV-IND-002867,STR-IND-0020,PRD-IND-00131,66,51,20,2024-09-28
INV-IND-002868,STR-IND-0020,PRD-IND-00132,264,34,33,2024-12-27
INV-IND-002869,STR-IND-0020,PRD-IND-00133,423,38,16,2024-09-08
INV-IND-002870,STR-IND-0020,PRD-IND-00134,100,56,28,2024-01-08
INV-IND-002871,STR-IND-0020,PRD-IND-00135,226,36,23,2024-10-06
INV-IND-002872,STR-IND-0020,PRD-IND-00136,162,33,18,2024-12-29
INV-IND-002873,STR-IND-0020,PRD-IND-00137,457,50,29,2024-07-07
INV-IND-002874,STR-IND-0020,PRD-IND-00138,274,50,19,2024-10-04
INV-IND-002875,STR-IND-0020,PRD-IND-00139,244,50,18,2024-04-05
INV-IND-002876,STR-IND-0020,PRD-IND-00140,60,42,26,2024-10-12
INV-IND-002877,STR-IND-0020,PRD-IND-00141,445,56,34,2024-12-23
INV-IND-002878,STR-IND-0020,PRD-IND-00142,6,29,28,2024-05-17
INV-IND-002879,STR-IND-0020,PRD-IND-00143,405,45,30,2024-09-16
INV-IND-002880,STR-IND-0020,PRD-IND-00144,420,50,26,2024-12-07
INV-IND-002881,STR-IND-0021,PRD-IND-00001,377,34,35,2024-10-12
INV-IND-002882,STR-IND-0021,PRD-IND-00002,101,51,31,2024-12-11
INV-IND-002883,STR-IND-0021,PRD-IND-00003,127,56,21,2024-05-26
INV-IND-002884,STR-IND-0021,PRD-IND-00004,498,45,28,2024-09-29
INV-IND-002885,STR-IND-0021,PRD-IND-00005,374,56,34,2024-07-12
INV-IND-002886,STR-IND-0021,PRD-IND-00006,320,28,27,2024-06-22
INV-IND-002887,STR-IND-0021,PRD-IND-00007,69,56,19,2024-10-29
INV-IND-002888,STR-IND-0021,PRD-IND-00008,152,42,28,2024-02-10
INV-IND-002889,STR-IND-0021,PRD-IND-00009,364,42,20,2024-05-21
INV-IND-002890,STR-IND-0021,PRD-IND-00010,170,44,30,2024-11-14
INV-IND-002891,STR-IND-0021,PRD-IND-00011,492,28,35,2024-07-19
INV-IND-002892,STR-IND-0021,PRD-IND-00012,381,45,31,2024-04-20
INV-IND-002893,STR-IND-0021,PRD-IND-00013,406,52,26,2024-05-03
INV-IND-002894,STR-IND-0021,PRD-IND-00014,439,52,20,2024-08-18
INV-IND-002895,STR-IND-0021,PRD-IND-00015,89,50,23,2024-11-19
INV-IND-002896,STR-IND-0021,PRD-IND-00016,413,56,29,2024-05-16
INV-IND-002897,STR-IND-0021,PRD-IND-00017,315,35,27,2024-06-20
INV-IND-002898,STR-IND-0021,PRD-IND-00018,1,51,27,2024-11-21
INV-IND-002899,STR-IND-0021,PRD-IND-00019,411,37,19,2024-11-28
INV-IND-002900,STR-IND-0021,PRD-IND-00020,129,48,17,2024-09-11
INV-IND-002901,STR-IND-0021,PRD-IND-00021,360,32,28,2024-11-03
INV-IND-002902,STR-IND-0021,PRD-IND-00022,486,27,33,2024-03-31
INV-IND-002903,STR-IND-0021,PRD-IND-00023,8,40,22,2024-04-07
INV-IND-002904,STR-IND-0021,PRD-IND-00024,228,32,24,2024-02-28
INV-IND-002905,STR-IND-0021,PRD-IND-00025,363,35,31,2024-03-23
INV-IND-002906,STR-IND-0021,PRD-IND-00026,379,44,26,2024-03-15
INV-IND-002907,STR-IND-0021,PRD-IND-00027,398,43,23,2024-11-24
INV-IND-002908,STR-IND-0021,PRD-IND-00028,475,38,35,2024-04-25
INV-IND-002909,STR-IND-0021,PRD-IND-00029,257,29,29,2024-05-24
INV-IND-002910,STR-IND-0021,PRD-IND-00030,332,59,28,2024-10-19
INV-IND-002911,STR-IND-0021,PRD-IND-00031,497,29,27,2024-02-03
INV-IND-002912,STR-IND-0021,PRD-IND-00032,121,45,17,2024-01-04
INV-IND-002913,STR-IND-0021,PRD-IND-00033,154,30,23,2024-11-11
INV-IND-002914,STR-IND-0021,PRD-IND-00034,325,27,35,2024-10-31
INV-IND-002915,STR-IND-0021,PRD-IND-00035,304,30,25,2024-01-03
INV-IND-002916,STR-IND-0021,PRD-IND-00036,286,28,19,2024-04-10
INV-IND-002917,STR-IND-0021,PRD-IND-00037,460,57,29,2024-03-21
INV-IND-002918,STR-IND-0021,PRD-IND-00038,422,34,33,2024-05-03
INV-IND-002919,STR-IND-0021,PRD-IND-00039,489,46,20,2024-08-02
INV-IND-002920,STR-IND-0021,PRD-IND-00040,379,40,30,2024-12-07
INV-IND-002921,STR-IND-0021,PRD-IND-00041,386,48,19,2024-08-26
INV-IND-002922,STR-IND-0021,PRD-IND-00042,339,56,19,2024-03-13
INV-IND-002923,STR-IND-0021,PRD-IND-00043,456,45,33,2024-04-18
INV-IND-002924,STR-IND-0021,PRD-IND-00044,145,57,32,2024-05-12
INV-IND-002925,STR-IND-0021,PRD-IND-00045,257,43,19,2024-10-10
INV-IND-002926,STR-IND-0021,PRD-IND-00046,156,54,28,2024-06-07
INV-IND-002927,STR-IND-0021,PRD-IND-00047,432,42,23,2024-07-19
INV-IND-002928,STR-IND-0021,PRD-IND-00048,415,60,21,2024-06-16
INV-IND-002929,STR-IND-0021,PRD-IND-00049,203,50,35,2024-02-01
INV-IND-002930,STR-IND-0021,PRD-IND-00050,221,27,24,2024-10-20
INV-IND-002931,STR-IND-0021,PRD-IND-00051,6,45,16,2024-11-16
INV-IND-002932,STR-IND-0021,PRD-IND-00052,467,39,22,2024-07-17
INV-IND-002933,STR-IND-0021,PRD-IND-00053,436,44,32,2024-01-20
INV-IND-002934,STR-IND-0021,PRD-IND-00054,47,41,18,2024-01-28
INV-IND-002935,STR-IND-0021,PRD-IND-00055,109,36,34,2024-12-26
INV-IND-002936,STR-IND-0021,PRD-IND-00056,398,54,15,2024-01-02
INV-IND-002937,STR-IND-0021,PRD-IND-00057,413,30,25,2024-08-08
INV-IND-002938,STR-IND-0021,PRD-IND-00058,194,33,22,2024-02-26
INV-IND-002939,STR-IND-0021,PRD-IND-00059,111,60,35,2024-03-08
INV-IND-002940,STR-IND-0021,PRD-IND-00060,201,29,32,2024-01-09
INV-IND-002941,STR-IND-0021,PRD-IND-00061,102,29,34,2024-11-12
INV-IND-002942,STR-IND-0021,PRD-IND-00062,97,37,33,2024-12-05
INV-IND-002943,STR-IND-0021,PRD-IND-00063,12,38,15,2024-08-23
INV-IND-002944,STR-IND-0021,PRD-IND-00064,397,28,19,2024-02-28
INV-IND-002945,STR-IND-0021,PRD-IND-00065,2,56,23,2024-12-11
INV-IND-002946,STR-IND-0021,PRD-IND-00066,258,39,15,2024-10-01
INV-IND-002947,STR-IND-0021,PRD-IND-00067,298,26,24,2024-05-07
INV-IND-002948,STR-IND-0021,PRD-IND-00068,78,48,21,2024-12-22
INV-IND-002949,STR-IND-0021,PRD-IND-00069,439,54,27,2024-12-06
INV-IND-002950,STR-IND-0021,PRD-IND-00070,225,53,34,2024-03-29
INV-IND-002951,STR-IND-0021,PRD-IND-00071,5,41,35,2024-01-11
INV-IND-002952,STR-IND-0021,PRD-IND-00072,151,45,26,2024-06-08
INV-IND-002953,STR-IND-0021,PRD-IND-00073,45,33,25,2024-02-17
INV-IND-002954,STR-IND-0021,PRD-IND-00074,51,33,21,2024-11-30
INV-IND-002955,STR-IND-0021,PRD-IND-00075,482,56,26,2024-08-15
INV-IND-002956,STR-IND-0021,PRD-IND-00076,262,43,21,2024-06-17
INV-IND-002957,STR-IND-0021,PRD-IND-00077,49,31,27,2024-03-01
INV-IND-002958,STR-IND-0021,PRD-IND-00078,148,49,25,2024-05-02
INV-IND-002959,STR-IND-0021,PRD-IND-00079,365,32,35,2024-07-20
INV-IND-002960,STR-IND-0021,PRD-IND-00080,126,44,20,2024-08-22
INV-IND-002961,STR-IND-0021,PRD-IND-00081,99,45,33,2024-07-08
INV-IND-002962,STR-IND-0021,PRD-IND-00082,257,25,27,2024-09-25
INV-IND-002963,STR-IND-0021,PRD-IND-00083,145,47,19,2024-07-26
INV-IND-002964,STR-IND-0021,PRD-IND-00084,488,26,33,2024-04-07
INV-IND-002965,STR-IND-0021,PRD-IND-00085,94,46,15,2024-10-04
INV-IND-002966,STR-IND-0021,PRD-IND-00086,80,32,33,2024-09-11
INV-IND-002967,STR-IND-0021,PRD-IND-00087,409,31,35,2024-06-06
INV-IND-002968,STR-IND-0021,PRD-IND-00088,423,46,16,2024-12-23
INV-IND-002969,STR-IND-0021,PRD-IND-00089,134,34,28,2024-02-01
INV-IND-002970,STR-IND-0021,PRD-IND-00090,55,55,24,2024-03-13
INV-IND-002971,STR-IND-0021,PRD-IND-00091,426,44,17,2024-10-30
INV-IND-002972,STR-IND-0021,PRD-IND-00092,352,49,32,2024-11-02
INV-IND-002973,STR-IND-0021,PRD-IND-00093,348,40,25,2024-04-03
INV-IND-002974,STR-IND-0021,PRD-IND-00094,269,53,16,2024-01-10
INV-IND-002975,STR-IND-0021,PRD-IND-00095,478,48,22,2024-10-21
INV-IND-002976,STR-IND-0021,PRD-IND-00096,82,29,34,2024-03-03
INV-IND-002977,STR-IND-0021,PRD-IND-00097,31,52,33,2024-11-29
INV-IND-002978,STR-IND-0021,PRD-IND-00098,393,58,25,2024-01-25
INV-IND-002979,STR-IND-0021,PRD-IND-00099,407,36,29,2024-11-08
INV-IND-002980,STR-IND-0021,PRD-IND-00100,395,42,24,2024-11-24
INV-IND-002981,STR-IND-0021,PRD-IND-00101,134,36,25,2024-04-30
INV-IND-002982,STR-IND-0021,PRD-IND-00102,26,39,29,2024-03-07
INV-IND-002983,STR-IND-0021,PRD-IND-00103,395,36,20,2024-10-26
INV-IND-002984,STR-IND-0021,PRD-IND-00104,200,35,29,2024-08-31
INV-IND-002985,STR-IND-0021,PRD-IND-00105,134,49,30,2024-07-15
INV-IND-002986,STR-IND-0021,PRD-IND-00106,444,50,35,2024-10-18
INV-IND-002987,STR-IND-0021,PRD-IND-00107,446,52,24,2024-05-11
INV-IND-002988,STR-IND-0021,PRD-IND-00108,273,48,33,2024-07-30
INV-IND-002989,STR-IND-0021,PRD-IND-00109,355,51,20,2024-06-12
INV-IND-002990,STR-IND-0021,PRD-IND-00110,355,42,24,2024-05-18
INV-IND-002991,STR-IND-0021,PRD-IND-00111,476,42,16,2024-02-13
INV-IND-002992,STR-IND-0021,PRD-IND-00112,137,40,19,2024-02-19
INV-IND-002993,STR-IND-0021,PRD-IND-00113,441,44,35,2024-09-27
INV-IND-002994,STR-IND-0021,PRD-IND-00114,142,29,30,2024-09-01
INV-IND-002995,STR-IND-0021,PRD-IND-00115,496,35,23,2024-11-17
INV-IND-002996,STR-IND-0021,PRD-IND-00116,314,52,35,2024-05-05
INV-IND-002997,STR-IND-0021,PRD-IND-00117,494,49,25,2024-02-01
INV-IND-002998,STR-IND-0021,PRD-IND-00118,100,56,20,2024-10-28
INV-IND-002999,STR-IND-0021,PRD-IND-00119,388,37,31,2024-06-28
INV-IND-003000,STR-IND-0021,PRD-IND-00120,248,52,15,2024-04-09
INV-IND-003001,STR-IND-0021,PRD-IND-00121,327,48,15,2024-07-04
INV-IND-003002,STR-IND-0021,PRD-IND-00122,440,37,23,2024-05-16
INV-IND-003003,STR-IND-0021,PRD-IND-00123,268,44,26,2024-08-31
INV-IND-003004,STR-IND-0021,PRD-IND-00124,169,49,16,2024-06-03
INV-IND-003005,STR-IND-0021,PRD-IND-00125,166,34,32,2024-05-17
INV-IND-003006,STR-IND-0021,PRD-IND-00126,143,26,26,2024-12-12
INV-IND-003007,STR-IND-0021,PRD-IND-00127,332,42,21,2024-07-11
INV-IND-003008,STR-IND-0021,PRD-IND-00128,394,58,25,2024-08-20
INV-IND-003009,STR-IND-0021,PRD-IND-00129,375,41,22,2024-07-17
INV-IND-003010,STR-IND-0021,PRD-IND-00130,16,48,25,2024-02-21
INV-IND-003011,STR-IND-0021,PRD-IND-00131,400,44,27,2024-11-11
INV-IND-003012,STR-IND-0021,PRD-IND-00132,281,45,27,2024-06-20
INV-IND-003013,STR-IND-0021,PRD-IND-00133,109,25,15,2024-03-31
INV-IND-003014,STR-IND-0021,PRD-IND-00134,221,39,22,2024-09-29
INV-IND-003015,STR-IND-0021,PRD-IND-00135,285,47,16,2024-05-20
INV-IND-003016,STR-IND-0021,PRD-IND-00136,1,60,23,2024-10-23
INV-IND-003017,STR-IND-0021,PRD-IND-00137,62,53,18,2024-01-10
INV-IND-003018,STR-IND-0021,PRD-IND-00138,453,45,20,2024-10-11
INV-IND-003019,STR-IND-0021,PRD-IND-00139,205,39,24,2024-11-24
INV-IND-003020,STR-IND-0021,PRD-IND-00140,101,51,24,2024-03-05
INV-IND-003021,STR-IND-0021,PRD-IND-00141,392,48,32,2024-08-11
INV-IND-003022,STR-IND-0021,PRD-IND-00142,400,33,24,2024-08-05
INV-IND-003023,STR-IND-0021,PRD-IND-00143,114,38,26,2024-02-22
INV-IND-003024,STR-IND-0021,PRD-IND-00144,287,48,23,2024-11-03
INV-IND-003025,STR-IND-0022,PRD-IND-00001,308,45,28,2024-07-10
INV-IND-003026,STR-IND-0022,PRD-IND-00002,325,57,29,2024-07-30
INV-IND-003027,STR-IND-0022,PRD-IND-00003,120,26,25,2024-10-03
INV-IND-003028,STR-IND-0022,PRD-IND-00004,186,59,24,2024-04-13
INV-IND-003029,STR-IND-0022,PRD-IND-00005,93,33,23,2024-11-23
INV-IND-003030,STR-IND-0022,PRD-IND-00006,249,26,27,2024-06-06
INV-IND-003031,STR-IND-0022,PRD-IND-00007,214,59,29,2024-05-09
INV-IND-003032,STR-IND-0022,PRD-IND-00008,198,47,22,2024-03-26
INV-IND-003033,STR-IND-0022,PRD-IND-00009,339,27,19,2024-04-27
INV-IND-003034,STR-IND-0022,PRD-IND-00010,21,43,32,2024-09-11
INV-IND-003035,STR-IND-0022,PRD-IND-00011,182,28,31,2024-08-16
INV-IND-003036,STR-IND-0022,PRD-IND-00012,140,45,20,2024-07-27
INV-IND-003037,STR-IND-0022,PRD-IND-00013,60,56,19,2024-03-05
INV-IND-003038,STR-IND-0022,PRD-IND-00014,360,42,29,2024-06-26
INV-IND-003039,STR-IND-0022,PRD-IND-00015,35,59,24,2024-01-08
INV-IND-003040,STR-IND-0022,PRD-IND-00016,391,50,21,2024-08-19
INV-IND-003041,STR-IND-0022,PRD-IND-00017,299,53,20,2024-03-03
INV-IND-003042,STR-IND-0022,PRD-IND-00018,213,54,18,2024-07-01
INV-IND-003043,STR-IND-0022,PRD-IND-00019,299,45,22,2024-11-24
INV-IND-003044,STR-IND-0022,PRD-IND-00020,331,48,31,2024-12-25
INV-IND-003045,STR-IND-0022,PRD-IND-00021,341,51,23,2024-06-07
INV-IND-003046,STR-IND-0022,PRD-IND-00022,208,60,19,2024-08-01
INV-IND-003047,STR-IND-0022,PRD-IND-00023,488,39,22,2024-12-11
INV-IND-003048,STR-IND-0022,PRD-IND-00024,354,58,28,2024-10-10
INV-IND-003049,STR-IND-0022,PRD-IND-00025,259,45,29,2024-05-21
INV-IND-003050,STR-IND-0022,PRD-IND-00026,56,26,29,2024-10-05
INV-IND-003051,STR-IND-0022,PRD-IND-00027,429,59,15,2024-12-05
INV-IND-003052,STR-IND-0022,PRD-IND-00028,94,41,16,2024-03-06
INV-IND-003053,STR-IND-0022,PRD-IND-00029,45,39,33,2024-05-24
INV-IND-003054,STR-IND-0022,PRD-IND-00030,336,36,35,2024-06-06
INV-IND-003055,STR-IND-0022,PRD-IND-00031,340,54,26,2024-12-08
INV-IND-003056,STR-IND-0022,PRD-IND-00032,140,36,18,2024-06-22
INV-IND-003057,STR-IND-0022,PRD-IND-00033,461,43,35,2024-05-11
INV-IND-003058,STR-IND-0022,PRD-IND-00034,314,49,34,2024-01-04
INV-IND-003059,STR-IND-0022,PRD-IND-00035,124,25,32,2024-01-23
INV-IND-003060,STR-IND-0022,PRD-IND-00036,360,38,33,2024-07-08
INV-IND-003061,STR-IND-0022,PRD-IND-00037,349,58,15,2024-06-14
INV-IND-003062,STR-IND-0022,PRD-IND-00038,71,47,20,2024-08-15
INV-IND-003063,STR-IND-0022,PRD-IND-00039,96,52,28,2024-05-07
INV-IND-003064,STR-IND-0022,PRD-IND-00040,428,59,25,2024-08-09
INV-IND-003065,STR-IND-0022,PRD-IND-00041,110,25,23,2024-10-21
INV-IND-003066,STR-IND-0022,PRD-IND-00042,11,56,27,2024-03-27
INV-IND-003067,STR-IND-0022,PRD-IND-00043,144,31,22,2024-05-11
INV-IND-003068,STR-IND-0022,PRD-IND-00044,200,28,34,2024-07-23
INV-IND-003069,STR-IND-0022,PRD-IND-00045,238,52,33,2024-12-19
INV-IND-003070,STR-IND-0022,PRD-IND-00046,193,32,20,2024-09-23
INV-IND-003071,STR-IND-0022,PRD-IND-00047,330,46,16,2024-10-24
INV-IND-003072,STR-IND-0022,PRD-IND-00048,62,56,32,2024-02-05
INV-IND-003073,STR-IND-0022,PRD-IND-00049,138,59,34,2024-12-04
INV-IND-003074,STR-IND-0022,PRD-IND-00050,217,60,24,2024-11-07
INV-IND-003075,STR-IND-0022,PRD-IND-00051,321,43,33,2024-04-23
INV-IND-003076,STR-IND-0022,PRD-IND-00052,15,37,20,2024-07-02
INV-IND-003077,STR-IND-0022,PRD-IND-00053,174,52,19,2024-10-04
INV-IND-003078,STR-IND-0022,PRD-IND-00054,432,54,27,2024-10-25
INV-IND-003079,STR-IND-0022,PRD-IND-00055,169,53,25,2024-11-24
INV-IND-003080,STR-IND-0022,PRD-IND-00056,190,45,21,2024-09-06
INV-IND-003081,STR-IND-0022,PRD-IND-00057,412,51,19,2024-01-04
INV-IND-003082,STR-IND-0022,PRD-IND-00058,124,39,34,2024-03-12
INV-IND-003083,STR-IND-0022,PRD-IND-00059,326,36,20,2024-12-18
INV-IND-003084,STR-IND-0022,PRD-IND-00060,177,47,21,2024-12-23
INV-IND-003085,STR-IND-0022,PRD-IND-00061,89,38,29,2024-02-09
INV-IND-003086,STR-IND-0022,PRD-IND-00062,76,42,32,2024-11-26
INV-IND-003087,STR-IND-0022,PRD-IND-00063,138,25,35,2024-09-26
INV-IND-003088,STR-IND-0022,PRD-IND-00064,22,43,22,2024-07-28
INV-IND-003089,STR-IND-0022,PRD-IND-00065,390,52,21,2024-01-31
INV-IND-003090,STR-IND-0022,PRD-IND-00066,92,59,35,2024-05-09
INV-IND-003091,STR-IND-0022,PRD-IND-00067,155,39,16,2024-04-13
INV-IND-003092,STR-IND-0022,PRD-IND-00068,117,53,34,2024-05-10
INV-IND-003093,STR-IND-0022,PRD-IND-00069,483,53,19,2024-06-17
INV-IND-003094,STR-IND-0022,PRD-IND-00070,268,37,22,2024-01-27
INV-IND-003095,STR-IND-0022,PRD-IND-00071,494,60,35,2024-06-22
INV-IND-003096,STR-IND-0022,PRD-IND-00072,400,47,18,2024-03-10
INV-IND-003097,STR-IND-0022,PRD-IND-00073,306,54,20,2024-02-05
INV-IND-003098,STR-IND-0022,PRD-IND-00074,461,59,24,2024-01-11
INV-IND-003099,STR-IND-0022,PRD-IND-00075,157,48,32,2024-07-07
INV-IND-003100,STR-IND-0022,PRD-IND-00076,127,50,27,2024-04-12
INV-IND-003101,STR-IND-0022,PRD-IND-00077,152,42,26,2024-11-14
INV-IND-003102,STR-IND-0022,PRD-IND-00078,314,25,29,2024-08-11
INV-IND-003103,STR-IND-0022,PRD-IND-00079,465,34,23,2024-03-11
INV-IND-003104,STR-IND-0022,PRD-IND-00080,463,26,29,2024-05-01
INV-IND-003105,STR-IND-0022,PRD-IND-00081,382,27,26,2024-08-02
INV-IND-003106,STR-IND-0022,PRD-IND-00082,156,53,29,2024-05-05
INV-IND-003107,STR-IND-0022,PRD-IND-00083,178,58,32,2024-11-18
INV-IND-003108,STR-IND-0022,PRD-IND-00084,269,26,27,2024-07-28
INV-IND-003109,STR-IND-0022,PRD-IND-00085,5,38,34,2024-09-19
INV-IND-003110,STR-IND-0022,PRD-IND-00086,378,53,34,2024-10-25
INV-IND-003111,STR-IND-0022,PRD-IND-00087,498,40,18,2024-03-26
INV-IND-003112,STR-IND-0022,PRD-IND-00088,216,54,20,2024-05-29
INV-IND-003113,STR-IND-0022,PRD-IND-00089,305,58,23,2024-03-01
INV-IND-003114,STR-IND-0022,PRD-IND-00090,259,52,27,2024-01-04
INV-IND-003115,STR-IND-0022,PRD-IND-00091,235,53,33,2024-01-08
INV-IND-003116,STR-IND-0022,PRD-IND-00092,227,54,34,2024-03-15
INV-IND-003117,STR-IND-0022,PRD-IND-00093,474,36,35,2024-01-05
INV-IND-003118,STR-IND-0022,PRD-IND-00094,409,30,18,2024-02-24
INV-IND-003119,STR-IND-0022,PRD-IND-00095,271,29,15,2024-06-16
INV-IND-003120,STR-IND-0022,PRD-IND-00096,131,50,33,2024-08-08
INV-IND-003121,STR-IND-0022,PRD-IND-00097,19,34,31,2024-03-06
INV-IND-003122,STR-IND-0022,PRD-IND-00098,23,38,19,2024-05-02
INV-IND-003123,STR-IND-0022,PRD-IND-00099,430,45,35,2024-10-04
INV-IND-003124,STR-IND-0022,PRD-IND-00100,211,58,19,2024-10-02
INV-IND-003125,STR-IND-0022,PRD-IND-00101,154,52,30,2024-04-13
INV-IND-003126,STR-IND-0022,PRD-IND-00102,275,60,29,2024-01-24
INV-IND-003127,STR-IND-0022,PRD-IND-00103,52,56,28,2024-12-21
INV-IND-003128,STR-IND-0022,PRD-IND-00104,402,55,31,2024-08-03
INV-IND-003129,STR-IND-0022,PRD-IND-00105,318,27,29,2024-03-26
INV-IND-003130,STR-IND-0022,PRD-IND-00106,66,49,30,2024-11-10
INV-IND-003131,STR-IND-0022,PRD-IND-00107,338,29,20,2024-08-30
INV-IND-003132,STR-IND-0022,PRD-IND-00108,285,49,19,2024-11-25
INV-IND-003133,STR-IND-0022,PRD-IND-00109,148,33,35,2024-03-30
INV-IND-003134,STR-IND-0022,PRD-IND-00110,403,59,27,2024-04-20
INV-IND-003135,STR-IND-0022,PRD-IND-00111,477,33,18,2024-01-11
INV-IND-003136,STR-IND-0022,PRD-IND-00112,83,40,29,2024-09-18
INV-IND-003137,STR-IND-0022,PRD-IND-00113,83,49,31,2024-07-06
INV-IND-003138,STR-IND-0022,PRD-IND-00114,84,40,23,2024-10-02
INV-IND-003139,STR-IND-0022,PRD-IND-00115,119,45,26,2024-10-14
INV-IND-003140,STR-IND-0022,PRD-IND-00116,135,43,29,2024-09-16
INV-IND-003141,STR-IND-0022,PRD-IND-00117,33,33,22,2024-01-25
INV-IND-003142,STR-IND-0022,PRD-IND-00118,378,26,33,2024-02-03
INV-IND-003143,STR-IND-0022,PRD-IND-00119,422,27,35,2024-01-29
INV-IND-003144,STR-IND-0022,PRD-IND-00120,493,53,29,2024-04-30
INV-IND-003145,STR-IND-0022,PRD-IND-00121,16,31,19,2024-07-05
INV-IND-003146,STR-IND-0022,PRD-IND-00122,435,30,24,2024-02-06
INV-IND-003147,STR-IND-0022,PRD-IND-00123,199,32,22,2024-01-19
INV-IND-003148,STR-IND-0022,PRD-IND-00124,258,57,33,2024-10-04
INV-IND-003149,STR-IND-0022,PRD-IND-00125,252,54,28,2024-05-02
INV-IND-003150,STR-IND-0022,PRD-IND-00126,70,37,15,2024-02-01
INV-IND-003151,STR-IND-0022,PRD-IND-00127,248,40,31,2024-06-29
INV-IND-003152,STR-IND-0022,PRD-IND-00128,463,26,17,2024-12-26
INV-IND-003153,STR-IND-0022,PRD-IND-00129,117,39,33,2024-09-19
INV-IND-003154,STR-IND-0022,PRD-IND-00130,34,46,18,2024-07-05
INV-IND-003155,STR-IND-0022,PRD-IND-00131,348,37,17,2024-01-06
INV-IND-003156,STR-IND-0022,PRD-IND-00132,121,58,31,2024-01-29
INV-IND-003157,STR-IND-0022,PRD-IND-00133,181,53,26,2024-11-14
INV-IND-003158,STR-IND-0022,PRD-IND-00134,181,35,27,2024-07-29
INV-IND-003159,STR-IND-0022,PRD-IND-00135,24,57,15,2024-08-05
INV-IND-003160,STR-IND-0022,PRD-IND-00136,231,41,23,2024-10-11
INV-IND-003161,STR-IND-0022,PRD-IND-00137,476,33,34,2024-07-02
INV-IND-003162,STR-IND-0022,PRD-IND-00138,1,39,34,2024-07-14
INV-IND-003163,STR-IND-0022,PRD-IND-00139,384,42,32,2024-07-01
INV-IND-003164,STR-IND-0022,PRD-IND-00140,161,47,27,2024-01-31
INV-IND-003165,STR-IND-0022,PRD-IND-00141,271,41,23,2024-06-06
INV-IND-003166,STR-IND-0022,PRD-IND-00142,423,42,15,2024-11-08
INV-IND-003167,STR-IND-0022,PRD-IND-00143,346,38,33,2024-02-16
INV-IND-003168,STR-IND-0022,PRD-IND-00144,198,58,20,2024-03-22
INV-IND-003169,STR-IND-0023,PRD-IND-00001,306,57,16,2024-07-12
INV-IND-003170,STR-IND-0023,PRD-IND-00002,354,41,34,2024-07-20
INV-IND-003171,STR-IND-0023,PRD-IND-00003,311,36,16,2024-08-10
INV-IND-003172,STR-IND-0023,PRD-IND-00004,198,37,33,2024-04-22
INV-IND-003173,STR-IND-0023,PRD-IND-00005,269,39,32,2024-08-19
INV-IND-003174,STR-IND-0023,PRD-IND-00006,400,59,21,2024-08-07
INV-IND-003175,STR-IND-0023,PRD-IND-00007,333,43,32,2024-10-06
INV-IND-003176,STR-IND-0023,PRD-IND-00008,236,31,21,2024-12-19
INV-IND-003177,STR-IND-0023,PRD-IND-00009,365,34,22,2024-10-09
INV-IND-003178,STR-IND-0023,PRD-IND-00010,413,48,20,2024-04-14
INV-IND-003179,STR-IND-0023,PRD-IND-00011,199,46,19,2024-10-03
INV-IND-003180,STR-IND-0023,PRD-IND-00012,48,48,22,2024-01-04
INV-IND-003181,STR-IND-0023,PRD-IND-00013,19,50,31,2024-03-24
INV-IND-003182,STR-IND-0023,PRD-IND-00014,461,28,18,2024-03-14
INV-IND-003183,STR-IND-0023,PRD-IND-00015,273,26,31,2024-05-30
INV-IND-003184,STR-IND-0023,PRD-IND-00016,164,27,29,2024-03-20
INV-IND-003185,STR-IND-0023,PRD-IND-00017,88,56,31,2024-05-03
INV-IND-003186,STR-IND-0023,PRD-IND-00018,418,50,26,2024-01-06
INV-IND-003187,STR-IND-0023,PRD-IND-00019,316,51,17,2024-06-22
INV-IND-003188,STR-IND-0023,PRD-IND-00020,330,41,31,2024-05-31
INV-IND-003189,STR-IND-0023,PRD-IND-00021,245,40,15,2024-03-30
INV-IND-003190,STR-IND-0023,PRD-IND-00022,495,29,20,2024-02-18
INV-IND-003191,STR-IND-0023,PRD-IND-00023,400,48,20,2024-07-18
INV-IND-003192,STR-IND-0023,PRD-IND-00024,23,42,30,2024-01-03
INV-IND-003193,STR-IND-0023,PRD-IND-00025,457,43,21,2024-10-07
INV-IND-003194,STR-IND-0023,PRD-IND-00026,146,37,28,2024-12-20
INV-IND-003195,STR-IND-0023,PRD-IND-00027,414,35,22,2024-09-02
INV-IND-003196,STR-IND-0023,PRD-IND-00028,51,33,32,2024-09-05
INV-IND-003197,STR-IND-0023,PRD-IND-00029,373,54,22,2024-04-07
INV-IND-003198,STR-IND-0023,PRD-IND-00030,451,52,18,2024-12-05
INV-IND-003199,STR-IND-0023,PRD-IND-00031,435,39,21,2024-05-04
INV-IND-003200,STR-IND-0023,PRD-IND-00032,67,42,20,2024-10-22
INV-IND-003201,STR-IND-0023,PRD-IND-00033,390,42,25,2024-09-13
INV-IND-003202,STR-IND-0023,PRD-IND-00034,353,35,29,2024-03-22
INV-IND-003203,STR-IND-0023,PRD-IND-00035,307,34,34,2024-11-10
INV-IND-003204,STR-IND-0023,PRD-IND-00036,425,54,16,2024-07-24
INV-IND-003205,STR-IND-0023,PRD-IND-00037,163,26,20,2024-02-20
INV-IND-003206,STR-IND-0023,PRD-IND-00038,69,39,35,2024-11-29
INV-IND-003207,STR-IND-0023,PRD-IND-00039,157,53,28,2024-01-23
INV-IND-003208,STR-IND-0023,PRD-IND-00040,198,42,20,2024-07-25
INV-IND-003209,STR-IND-0023,PRD-IND-00041,105,49,18,2024-06-05
INV-IND-003210,STR-IND-0023,PRD-IND-00042,400,37,30,2024-08-17
INV-IND-003211,STR-IND-0023,PRD-IND-00043,325,28,21,2024-07-08
INV-IND-003212,STR-IND-0023,PRD-IND-00044,178,28,30,2024-03-27
INV-IND-003213,STR-IND-0023,PRD-IND-00045,365,30,33,2024-11-11
INV-IND-003214,STR-IND-0023,PRD-IND-00046,345,29,25,2024-03-09
INV-IND-003215,STR-IND-0023,PRD-IND-00047,269,53,28,2024-05-14
INV-IND-003216,STR-IND-0023,PRD-IND-00048,374,26,15,2024-01-09
INV-IND-003217,STR-IND-0023,PRD-IND-00049,175,50,22,2024-08-27
INV-IND-003218,STR-IND-0023,PRD-IND-00050,338,54,17,2024-03-05
INV-IND-003219,STR-IND-0023,PRD-IND-00051,96,52,17,2024-06-24
INV-IND-003220,STR-IND-0023,PRD-IND-00052,475,25,27,2024-12-12
INV-IND-003221,STR-IND-0023,PRD-IND-00053,330,58,16,2024-10-13
INV-IND-003222,STR-IND-0023,PRD-IND-00054,214,26,32,2024-02-15
INV-IND-003223,STR-IND-0023,PRD-IND-00055,254,59,23,2024-11-09
INV-IND-003224,STR-IND-0023,PRD-IND-00056,210,25,19,2024-02-06
INV-IND-003225,STR-IND-0023,PRD-IND-00057,60,35,21,2024-12-02
INV-IND-003226,STR-IND-0023,PRD-IND-00058,400,58,25,2024-09-09
INV-IND-003227,STR-IND-0023,PRD-IND-00059,170,45,24,2024-10-23
INV-IND-003228,STR-IND-0023,PRD-IND-00060,231,37,18,2024-07-30
INV-IND-003229,STR-IND-0023,PRD-IND-00061,309,53,34,2024-09-29
INV-IND-003230,STR-IND-0023,PRD-IND-00062,155,45,21,2024-02-29
INV-IND-003231,STR-IND-0023,PRD-IND-00063,24,25,25,2024-07-09
INV-IND-003232,STR-IND-0023,PRD-IND-00064,481,26,33,2024-01-04
INV-IND-003233,STR-IND-0023,PRD-IND-00065,43,43,19,2024-04-22
INV-IND-003234,STR-IND-0023,PRD-IND-00066,63,56,32,2024-08-15
INV-IND-003235,STR-IND-0023,PRD-IND-00067,353,48,29,2024-06-23
INV-IND-003236,STR-IND-0023,PRD-IND-00068,168,45,20,2024-07-13
INV-IND-003237,STR-IND-0023,PRD-IND-00069,159,56,31,2024-01-04
INV-IND-003238,STR-IND-0023,PRD-IND-00070,396,46,16,2024-09-30
INV-IND-003239,STR-IND-0023,PRD-IND-00071,378,33,28,2024-06-25
INV-IND-003240,STR-IND-0023,PRD-IND-00072,155,41,23,2024-12-19
INV-IND-003241,STR-IND-0023,PRD-IND-00073,368,42,35,2024-11-01
INV-IND-003242,STR-IND-0023,PRD-IND-00074,128,60,19,2024-12-02
INV-IND-003243,STR-IND-0023,PRD-IND-00075,111,53,18,2024-09-26
INV-IND-003244,STR-IND-0023,PRD-IND-00076,197,51,19,2024-05-15
INV-IND-003245,STR-IND-0023,PRD-IND-00077,284,41,30,2024-07-27
INV-IND-003246,STR-IND-0023,PRD-IND-00078,361,34,25,2024-03-04
INV-IND-003247,STR-IND-0023,PRD-IND-00079,269,57,15,2024-04-20
INV-IND-003248,STR-IND-0023,PRD-IND-00080,422,37,19,2024-07-10
INV-IND-003249,STR-IND-0023,PRD-IND-00081,447,27,17,2024-05-15
INV-IND-003250,STR-IND-0023,PRD-IND-00082,41,29,24,2024-09-04
INV-IND-003251,STR-IND-0023,PRD-IND-00083,417,45,27,2024-08-26
INV-IND-003252,STR-IND-0023,PRD-IND-00084,241,44,25,2024-10-28
INV-IND-003253,STR-IND-0023,PRD-IND-00085,238,54,22,2024-10-30
INV-IND-003254,STR-IND-0023,PRD-IND-00086,74,28,28,2024-07-17
INV-IND-003255,STR-IND-0023,PRD-IND-00087,440,60,27,2024-08-24
INV-IND-003256,STR-IND-0023,PRD-IND-00088,441,31,19,2024-11-02
INV-IND-003257,STR-IND-0023,PRD-IND-00089,32,52,19,2024-12-06
INV-IND-003258,STR-IND-0023,PRD-IND-00090,50,31,26,2024-10-26
INV-IND-003259,STR-IND-0023,PRD-IND-00091,273,43,34,2024-05-13
INV-IND-003260,STR-IND-0023,PRD-IND-00092,495,34,31,2024-11-16
INV-IND-003261,STR-IND-0023,PRD-IND-00093,235,50,20,2024-07-27
INV-IND-003262,STR-IND-0023,PRD-IND-00094,208,54,24,2024-11-24
INV-IND-003263,STR-IND-0023,PRD-IND-00095,286,47,28,2024-08-05
INV-IND-003264,STR-IND-0023,PRD-IND-00096,314,53,35,2024-04-18
INV-IND-003265,STR-IND-0023,PRD-IND-00097,323,30,18,2024-03-21
INV-IND-003266,STR-IND-0023,PRD-IND-00098,422,59,32,2024-11-01
INV-IND-003267,STR-IND-0023,PRD-IND-00099,138,29,24,2024-06-12
INV-IND-003268,STR-IND-0023,PRD-IND-00100,75,31,15,2024-08-13
INV-IND-003269,STR-IND-0023,PRD-IND-00101,20,40,34,2024-09-06
INV-IND-003270,STR-IND-0023,PRD-IND-00102,189,57,18,2024-05-16
INV-IND-003271,STR-IND-0023,PRD-IND-00103,192,34,22,2024-02-16
INV-IND-003272,STR-IND-0023,PRD-IND-00104,376,40,34,2024-03-17
INV-IND-003273,STR-IND-0023,PRD-IND-00105,459,25,15,2024-07-04
INV-IND-003274,STR-IND-0023,PRD-IND-00106,449,30,20,2024-08-06
INV-IND-003275,STR-IND-0023,PRD-IND-00107,290,57,33,2024-04-02
INV-IND-003276,STR-IND-0023,PRD-IND-00108,68,29,31,2024-02-14
INV-IND-003277,STR-IND-0023,PRD-IND-00109,172,49,22,2024-03-26
INV-IND-003278,STR-IND-0023,PRD-IND-00110,389,59,35,2024-07-29
INV-IND-003279,STR-IND-0023,PRD-IND-00111,487,56,26,2024-02-27
INV-IND-003280,STR-IND-0023,PRD-IND-00112,285,48,27,2024-02-07
INV-IND-003281,STR-IND-0023,PRD-IND-00113,409,42,19,2024-12-31
INV-IND-003282,STR-IND-0023,PRD-IND-00114,414,59,25,2024-05-05
INV-IND-003283,STR-IND-0023,PRD-IND-00115,384,29,27,2024-12-25
INV-IND-003284,STR-IND-0023,PRD-IND-00116,494,49,34,2024-01-29
INV-IND-003285,STR-IND-0023,PRD-IND-00117,171,58,25,2024-06-30
INV-IND-003286,STR-IND-0023,PRD-IND-00118,458,49,31,2024-10-17
INV-IND-003287,STR-IND-0023,PRD-IND-00119,484,50,24,2024-05-17
INV-IND-003288,STR-IND-0023,PRD-IND-00120,46,60,16,2024-08-27
INV-IND-003289,STR-IND-0023,PRD-IND-00121,481,40,35,2024-01-08
INV-IND-003290,STR-IND-0023,PRD-IND-00122,434,26,29,2024-05-04
INV-IND-003291,STR-IND-0023,PRD-IND-00123,103,34,21,2024-09-13
INV-IND-003292,STR-IND-0023,PRD-IND-00124,80,37,27,2024-05-23
INV-IND-003293,STR-IND-0023,PRD-IND-00125,178,34,27,2024-07-23
INV-IND-003294,STR-IND-0023,PRD-IND-00126,6,27,26,2024-08-18
INV-IND-003295,STR-IND-0023,PRD-IND-00127,313,50,32,2024-01-31
INV-IND-003296,STR-IND-0023,PRD-IND-00128,428,36,22,2024-12-15
INV-IND-003297,STR-IND-0023,PRD-IND-00129,56,34,17,2024-07-20
INV-IND-003298,STR-IND-0023,PRD-IND-00130,374,29,29,2024-07-17
INV-IND-003299,STR-IND-0023,PRD-IND-00131,313,54,25,2024-03-29
INV-IND-003300,STR-IND-0023,PRD-IND-00132,124,42,17,2024-02-02
INV-IND-003301,STR-IND-0023,PRD-IND-00133,285,50,15,2024-11-29
INV-IND-003302,STR-IND-0023,PRD-IND-00134,20,37,21,2024-05-31
INV-IND-003303,STR-IND-0023,PRD-IND-00135,241,60,18,2024-02-28
INV-IND-003304,STR-IND-0023,PRD-IND-00136,167,26,31,2024-07-07
INV-IND-003305,STR-IND-0023,PRD-IND-00137,246,44,19,2024-06-08
INV-IND-003306,STR-IND-0023,PRD-IND-00138,290,53,30,2024-11-08
INV-IND-003307,STR-IND-0023,PRD-IND-00139,61,30,32,2024-03-17
INV-IND-003308,STR-IND-0023,PRD-IND-00140,156,33,27,2024-03-11
INV-IND-003309,STR-IND-0023,PRD-IND-00141,420,28,19,2024-09-05
INV-IND-003310,STR-IND-0023,PRD-IND-00142,350,36,29,2024-01-20
INV-IND-003311,STR-IND-0023,PRD-IND-00143,203,28,15,2024-07-19
INV-IND-003312,STR-IND-0023,PRD-IND-00144,272,40,26,2024-09-30
INV-IND-003313,STR-IND-0024,PRD-IND-00001,247,45,33,2024-02-25
INV-IND-003314,STR-IND-0024,PRD-IND-00002,459,39,17,2024-09-10
INV-IND-003315,STR-IND-0024,PRD-IND-00003,486,30,21,2024-12-11
INV-IND-003316,STR-IND-0024,PRD-IND-00004,21,30,34,2024-02-03
INV-IND-003317,STR-IND-0024,PRD-IND-00005,416,46,18,2024-06-20
INV-IND-003318,STR-IND-0024,PRD-IND-00006,285,40,19,2024-03-30
INV-IND-003319,STR-IND-0024,PRD-IND-00007,228,35,31,2024-09-26
INV-IND-003320,STR-IND-0024,PRD-IND-00008,81,38,17,2024-02-17
INV-IND-003321,STR-IND-0024,PRD-IND-00009,1,32,23,2024-06-04
INV-IND-003322,STR-IND-0024,PRD-IND-00010,72,47,29,2024-04-06
INV-IND-003323,STR-IND-0024,PRD-IND-00011,449,47,28,2024-01-18
INV-IND-003324,STR-IND-0024,PRD-IND-00012,23,45,15,2024-06-07
INV-IND-003325,STR-IND-0024,PRD-IND-00013,60,58,27,2024-04-18
INV-IND-003326,STR-IND-0024,PRD-IND-00014,131,56,30,2024-08-31
INV-IND-003327,STR-IND-0024,PRD-IND-00015,228,52,25,2024-12-24
INV-IND-003328,STR-IND-0024,PRD-IND-00016,254,35,17,2024-05-07
INV-IND-003329,STR-IND-0024,PRD-IND-00017,156,60,27,2024-02-03
INV-IND-003330,STR-IND-0024,PRD-IND-00018,379,32,23,2024-01-29
INV-IND-003331,STR-IND-0024,PRD-IND-00019,385,42,23,2024-05-03
INV-IND-003332,STR-IND-0024,PRD-IND-00020,473,25,34,2024-05-13
INV-IND-003333,STR-IND-0024,PRD-IND-00021,216,38,34,2024-04-06
INV-IND-003334,STR-IND-0024,PRD-IND-00022,351,48,25,2024-05-10
INV-IND-003335,STR-IND-0024,PRD-IND-00023,323,50,19,2024-09-30
INV-IND-003336,STR-IND-0024,PRD-IND-00024,53,48,27,2024-12-17
INV-IND-003337,STR-IND-0024,PRD-IND-00025,134,57,27,2024-10-19
INV-IND-003338,STR-IND-0024,PRD-IND-00026,455,44,29,2024-11-06
INV-IND-003339,STR-IND-0024,PRD-IND-00027,128,33,19,2024-12-06
INV-IND-003340,STR-IND-0024,PRD-IND-00028,328,25,17,2024-11-26
INV-IND-003341,STR-IND-0024,PRD-IND-00029,490,35,33,2024-02-15
INV-IND-003342,STR-IND-0024,PRD-IND-00030,24,60,23,2024-10-12
INV-IND-003343,STR-IND-0024,PRD-IND-00031,3,42,25,2024-01-18
INV-IND-003344,STR-IND-0024,PRD-IND-00032,84,50,30,2024-03-12
INV-IND-003345,STR-IND-0024,PRD-IND-00033,423,26,33,2024-06-01
INV-IND-003346,STR-IND-0024,PRD-IND-00034,405,29,27,2024-01-11
INV-IND-003347,STR-IND-0024,PRD-IND-00035,260,44,23,2024-06-21
INV-IND-003348,STR-IND-0024,PRD-IND-00036,101,48,30,2024-04-25
INV-IND-003349,STR-IND-0024,PRD-IND-00037,389,43,22,2024-08-01
INV-IND-003350,STR-IND-0024,PRD-IND-00038,366,55,31,2024-06-22
INV-IND-003351,STR-IND-0024,PRD-IND-00039,465,27,18,2024-09-13
INV-IND-003352,STR-IND-0024,PRD-IND-00040,97,49,21,2024-11-03
INV-IND-003353,STR-IND-0024,PRD-IND-00041,297,31,35,2024-05-02
INV-IND-003354,STR-IND-0024,PRD-IND-00042,268,30,34,2024-07-15
INV-IND-003355,STR-IND-0024,PRD-IND-00043,91,59,32,2024-02-21
INV-IND-003356,STR-IND-0024,PRD-IND-00044,473,38,16,2024-09-18
INV-IND-003357,STR-IND-0024,PRD-IND-00045,176,57,25,2024-12-22
INV-IND-003358,STR-IND-0024,PRD-IND-00046,285,30,34,2024-04-10
INV-IND-003359,STR-IND-0024,PRD-IND-00047,133,53,16,2024-01-16
INV-IND-003360,STR-IND-0024,PRD-IND-00048,199,33,32,2024-09-22
INV-IND-003361,STR-IND-0024,PRD-IND-00049,367,51,18,2024-11-26
INV-IND-003362,STR-IND-0024,PRD-IND-00050,276,25,22,2024-06-10
INV-IND-003363,STR-IND-0024,PRD-IND-00051,62,34,30,2024-06-12
INV-IND-003364,STR-IND-0024,PRD-IND-00052,102,32,33,2024-09-06
INV-IND-003365,STR-IND-0024,PRD-IND-00053,442,46,16,2024-04-12
INV-IND-003366,STR-IND-0024,PRD-IND-00054,386,28,35,2024-09-22
INV-IND-003367,STR-IND-0024,PRD-IND-00055,470,32,26,2024-02-25
INV-IND-003368,STR-IND-0024,PRD-IND-00056,9,33,20,2024-06-10
INV-IND-003369,STR-IND-0024,PRD-IND-00057,392,58,18,2024-07-12
INV-IND-003370,STR-IND-0024,PRD-IND-00058,270,52,27,2024-08-15
INV-IND-003371,STR-IND-0024,PRD-IND-00059,270,60,29,2024-08-17
INV-IND-003372,STR-IND-0024,PRD-IND-00060,175,35,25,2024-09-10
INV-IND-003373,STR-IND-0024,PRD-IND-00061,71,44,15,2024-08-04
INV-IND-003374,STR-IND-0024,PRD-IND-00062,64,51,22,2024-01-01
INV-IND-003375,STR-IND-0024,PRD-IND-00063,150,47,30,2024-05-09
INV-IND-003376,STR-IND-0024,PRD-IND-00064,127,54,25,2024-04-15
INV-IND-003377,STR-IND-0024,PRD-IND-00065,459,47,29,2024-09-13
INV-IND-003378,STR-IND-0024,PRD-IND-00066,390,59,35,2024-07-27
INV-IND-003379,STR-IND-0024,PRD-IND-00067,0,52,21,2024-07-02
INV-IND-003380,STR-IND-0024,PRD-IND-00068,350,30,29,2024-11-24
INV-IND-003381,STR-IND-0024,PRD-IND-00069,190,41,34,2024-04-22
INV-IND-003382,STR-IND-0024,PRD-IND-00070,291,57,20,2024-01-08
INV-IND-003383,STR-IND-0024,PRD-IND-00071,138,58,35,2024-05-14
INV-IND-003384,STR-IND-0024,PRD-IND-00072,277,43,16,2024-03-22
INV-IND-003385,STR-IND-0024,PRD-IND-00073,178,59,25,2024-05-11
INV-IND-003386,STR-IND-0024,PRD-IND-00074,211,34,27,2024-02-27
INV-IND-003387,STR-IND-0024,PRD-IND-00075,140,47,27,2024-12-23
INV-IND-003388,STR-IND-0024,PRD-IND-00076,69,46,22,2024-06-13
INV-IND-003389,STR-IND-0024,PRD-IND-00077,399,38,24,2024-01-15
INV-IND-003390,STR-IND-0024,PRD-IND-00078,265,43,22,2024-08-15
INV-IND-003391,STR-IND-0024,PRD-IND-00079,3,36,32,2024-11-10
INV-IND-003392,STR-IND-0024,PRD-IND-00080,149,42,30,2024-12-01
INV-IND-003393,STR-IND-0024,PRD-IND-00081,345,52,28,2024-10-10
INV-IND-003394,STR-IND-0024,PRD-IND-00082,243,55,34,2024-04-15
INV-IND-003395,STR-IND-0024,PRD-IND-00083,295,33,34,2024-09-25
INV-IND-003396,STR-IND-0024,PRD-IND-00084,431,25,17,2024-07-19
INV-IND-003397,STR-IND-0024,PRD-IND-00085,191,40,19,2024-03-05
INV-IND-003398,STR-IND-0024,PRD-IND-00086,499,45,35,2024-02-11
INV-IND-003399,STR-IND-0024,PRD-IND-00087,443,38,21,2024-04-30
INV-IND-003400,STR-IND-0024,PRD-IND-00088,165,52,27,2024-03-29
INV-IND-003401,STR-IND-0024,PRD-IND-00089,264,31,33,2024-06-03
INV-IND-003402,STR-IND-0024,PRD-IND-00090,494,39,32,2024-04-06
INV-IND-003403,STR-IND-0024,PRD-IND-00091,191,38,20,2024-02-07
INV-IND-003404,STR-IND-0024,PRD-IND-00092,223,35,32,2024-01-18
INV-IND-003405,STR-IND-0024,PRD-IND-00093,285,57,17,2024-03-08
INV-IND-003406,STR-IND-0024,PRD-IND-00094,36,47,33,2024-12-18
INV-IND-003407,STR-IND-0024,PRD-IND-00095,470,38,31,2024-03-13
INV-IND-003408,STR-IND-0024,PRD-IND-00096,245,46,25,2024-05-06
INV-IND-003409,STR-IND-0024,PRD-IND-00097,43,26,21,2024-12-26
INV-IND-003410,STR-IND-0024,PRD-IND-00098,21,26,35,2024-06-04
INV-IND-003411,STR-IND-0024,PRD-IND-00099,313,37,23,2024-03-18
INV-IND-003412,STR-IND-0024,PRD-IND-00100,88,59,22,2024-04-24
INV-IND-003413,STR-IND-0024,PRD-IND-00101,156,31,29,2024-02-09
INV-IND-003414,STR-IND-0024,PRD-IND-00102,42,30,22,2024-12-27
INV-IND-003415,STR-IND-0024,PRD-IND-00103,230,43,21,2024-04-21
INV-IND-003416,STR-IND-0024,PRD-IND-00104,247,48,32,2024-06-05
INV-IND-003417,STR-IND-0024,PRD-IND-00105,362,43,24,2024-04-17
INV-IND-003418,STR-IND-0024,PRD-IND-00106,464,37,27,2024-05-23
INV-IND-003419,STR-IND-0024,PRD-IND-00107,402,41,25,2024-04-30
INV-IND-003420,STR-IND-0024,PRD-IND-00108,380,56,26,2024-05-10
INV-IND-003421,STR-IND-0024,PRD-IND-00109,137,39,22,2024-06-18
INV-IND-003422,STR-IND-0024,PRD-IND-00110,363,50,25,2024-10-31
INV-IND-003423,STR-IND-0024,PRD-IND-00111,350,39,27,2024-03-14
INV-IND-003424,STR-IND-0024,PRD-IND-00112,255,38,18,2024-05-27
INV-IND-003425,STR-IND-0024,PRD-IND-00113,283,50,17,2024-03-18
INV-IND-003426,STR-IND-0024,PRD-IND-00114,238,42,33,2024-10-17
INV-IND-003427,STR-IND-0024,PRD-IND-00115,224,35,34,2024-04-25
INV-IND-003428,STR-IND-0024,PRD-IND-00116,422,51,27,2024-04-10
INV-IND-003429,STR-IND-0024,PRD-IND-00117,369,60,23,2024-11-14
INV-IND-003430,STR-IND-0024,PRD-IND-00118,425,32,25,2024-11-07
INV-IND-003431,STR-IND-0024,PRD-IND-00119,150,57,35,2024-11-29
INV-IND-003432,STR-IND-0024,PRD-IND-00120,245,42,32,2024-03-26
INV-IND-003433,STR-IND-0024,PRD-IND-00121,152,56,35,2024-07-05
INV-IND-003434,STR-IND-0024,PRD-IND-00122,476,36,29,2024-05-13
INV-IND-003435,STR-IND-0024,PRD-IND-00123,320,40,31,2024-08-09
INV-IND-003436,STR-IND-0024,PRD-IND-00124,413,35,15,2024-10-26
INV-IND-003437,STR-IND-0024,PRD-IND-00125,344,25,17,2024-12-30
INV-IND-003438,STR-IND-0024,PRD-IND-00126,299,41,23,2024-11-30
INV-IND-003439,STR-IND-0024,PRD-IND-00127,209,30,35,2024-03-22
INV-IND-003440,STR-IND-0024,PRD-IND-00128,264,32,16,2024-05-30
INV-IND-003441,STR-IND-0024,PRD-IND-00129,74,44,29,2024-05-14
INV-IND-003442,STR-IND-0024,PRD-IND-00130,486,39,28,2024-03-10
INV-IND-003443,STR-IND-0024,PRD-IND-00131,345,29,27,2024-05-21
INV-IND-003444,STR-IND-0024,PRD-IND-00132,392,46,21,2024-05-14
INV-IND-003445,STR-IND-0024,PRD-IND-00133,2,29,32,2024-02-04
INV-IND-003446,STR-IND-0024,PRD-IND-00134,49,33,18,2024-03-07
INV-IND-003447,STR-IND-0024,PRD-IND-00135,138,41,28,2024-08-07
INV-IND-003448,STR-IND-0024,PRD-IND-00136,485,29,32,2024-06-03
INV-IND-003449,STR-IND-0024,PRD-IND-00137,148,45,23,2024-03-08
INV-IND-003450,STR-IND-0024,PRD-IND-00138,216,27,28,2024-08-30
INV-IND-003451,STR-IND-0024,PRD-IND-00139,498,29,28,2024-08-09
INV-IND-003452,STR-IND-0024,PRD-IND-00140,392,42,33,2024-07-21
INV-IND-003453,STR-IND-0024,PRD-IND-00141,305,36,25,2024-03-21
INV-IND-003454,STR-IND-0024,PRD-IND-00142,277,32,25,2024-04-06
INV-IND-003455,STR-IND-0024,PRD-IND-00143,278,51,19,2024-10-26
INV-IND-003456,STR-IND-0024,PRD-IND-00144,269,32,26,2024-11-03
INV-IND-003457,STR-IND-0025,PRD-IND-00001,446,53,27,2024-03-28
INV-IND-003458,STR-IND-0025,PRD-IND-00002,272,48,20,2024-04-13
INV-IND-003459,STR-IND-0025,PRD-IND-00003,11,55,16,2024-04-07
INV-IND-003460,STR-IND-0025,PRD-IND-00004,35,40,24,2024-07-08
INV-IND-003461,STR-IND-0025,PRD-IND-00005,183,32,35,2024-04-14
INV-IND-003462,STR-IND-0025,PRD-IND-00006,71,30,21,2024-04-19
INV-IND-003463,STR-IND-0025,PRD-IND-00007,124,56,33,2024-07-10
INV-IND-003464,STR-IND-0025,PRD-IND-00008,74,53,29,2024-10-09
INV-IND-003465,STR-IND-0025,PRD-IND-00009,427,43,24,2024-06-05
INV-IND-003466,STR-IND-0025,PRD-IND-00010,409,53,30,2024-10-01
INV-IND-003467,STR-IND-0025,PRD-IND-00011,48,47,29,2024-08-28
INV-IND-003468,STR-IND-0025,PRD-IND-00012,476,45,25,2024-04-06
INV-IND-003469,STR-IND-0025,PRD-IND-00013,457,30,31,2024-04-20
INV-IND-003470,STR-IND-0025,PRD-IND-00014,175,46,22,2024-07-15
INV-IND-003471,STR-IND-0025,PRD-IND-00015,119,58,33,2024-12-17
INV-IND-003472,STR-IND-0025,PRD-IND-00016,14,32,16,2024-09-20
INV-IND-003473,STR-IND-0025,PRD-IND-00017,142,58,33,2024-01-06
INV-IND-003474,STR-IND-0025,PRD-IND-00018,271,27,29,2024-12-14
INV-IND-003475,STR-IND-0025,PRD-IND-00019,304,37,15,2024-08-29
INV-IND-003476,STR-IND-0025,PRD-IND-00020,100,59,32,2024-04-19
INV-IND-003477,STR-IND-0025,PRD-IND-00021,293,25,35,2024-06-01
INV-IND-003478,STR-IND-0025,PRD-IND-00022,335,49,23,2024-05-18
INV-IND-003479,STR-IND-0025,PRD-IND-00023,181,35,28,2024-03-05
INV-IND-003480,STR-IND-0025,PRD-IND-00024,489,26,35,2024-08-11
INV-IND-003481,STR-IND-0025,PRD-IND-00025,222,42,19,2024-09-10
INV-IND-003482,STR-IND-0025,PRD-IND-00026,178,30,26,2024-03-12
INV-IND-003483,STR-IND-0025,PRD-IND-00027,44,37,35,2024-04-15
INV-IND-003484,STR-IND-0025,PRD-IND-00028,203,47,19,2024-03-28
INV-IND-003485,STR-IND-0025,PRD-IND-00029,255,45,20,2024-03-03
INV-IND-003486,STR-IND-0025,PRD-IND-00030,474,41,21,2024-03-29
INV-IND-003487,STR-IND-0025,PRD-IND-00031,90,37,18,2024-07-24
INV-IND-003488,STR-IND-0025,PRD-IND-00032,178,55,28,2024-08-29
INV-IND-003489,STR-IND-0025,PRD-IND-00033,101,56,16,2024-06-30
INV-IND-003490,STR-IND-0025,PRD-IND-00034,279,53,16,2024-07-01
INV-IND-003491,STR-IND-0025,PRD-IND-00035,422,28,24,2024-11-09
INV-IND-003492,STR-IND-0025,PRD-IND-00036,442,37,30,2024-11-19
INV-IND-003493,STR-IND-0025,PRD-IND-00037,343,57,16,2024-12-27
INV-IND-003494,STR-IND-0025,PRD-IND-00038,311,49,31,2024-03-06
INV-IND-003495,STR-IND-0025,PRD-IND-00039,326,48,35,2024-01-22
INV-IND-003496,STR-IND-0025,PRD-IND-00040,331,28,31,2024-03-18
INV-IND-003497,STR-IND-0025,PRD-IND-00041,256,60,23,2024-01-14
INV-IND-003498,STR-IND-0025,PRD-IND-00042,461,37,18,2024-04-19
INV-IND-003499,STR-IND-0025,PRD-IND-00043,159,51,19,2024-10-03
INV-IND-003500,STR-IND-0025,PRD-IND-00044,271,43,26,2024-04-03
INV-IND-003501,STR-IND-0025,PRD-IND-00045,410,54,19,2024-10-08
INV-IND-003502,STR-IND-0025,PRD-IND-00046,20,56,20,2024-07-23
INV-IND-003503,STR-IND-0025,PRD-IND-00047,197,58,28,2024-10-23
INV-IND-003504,STR-IND-0025,PRD-IND-00048,330,28,20,2024-03-18
INV-IND-003505,STR-IND-0025,PRD-IND-00049,208,46,26,2024-11-13
INV-IND-003506,STR-IND-0025,PRD-IND-00050,252,35,26,2024-12-23
INV-IND-003507,STR-IND-0025,PRD-IND-00051,135,29,18,2024-04-03
INV-IND-003508,STR-IND-0025,PRD-IND-00052,76,45,26,2024-09-13
INV-IND-003509,STR-IND-0025,PRD-IND-00053,313,33,29,2024-09-14
INV-IND-003510,STR-IND-0025,PRD-IND-00054,349,52,35,2024-10-11
INV-IND-003511,STR-IND-0025,PRD-IND-00055,495,35,15,2024-08-17
INV-IND-003512,STR-IND-0025,PRD-IND-00056,399,26,29,2024-05-24
INV-IND-003513,STR-IND-0025,PRD-IND-00057,284,60,16,2024-07-19
INV-IND-003514,STR-IND-0025,PRD-IND-00058,2,41,20,2024-05-09
INV-IND-003515,STR-IND-0025,PRD-IND-00059,83,37,15,2024-08-23
INV-IND-003516,STR-IND-0025,PRD-IND-00060,439,25,26,2024-11-22
INV-IND-003517,STR-IND-0025,PRD-IND-00061,302,40,19,2024-08-25
INV-IND-003518,STR-IND-0025,PRD-IND-00062,220,36,33,2024-01-20
INV-IND-003519,STR-IND-0025,PRD-IND-00063,481,35,20,2024-02-22
INV-IND-003520,STR-IND-0025,PRD-IND-00064,297,38,28,2024-06-08
INV-IND-003521,STR-IND-0025,PRD-IND-00065,330,36,25,2024-02-19
INV-IND-003522,STR-IND-0025,PRD-IND-00066,143,27,29,2024-04-23
INV-IND-003523,STR-IND-0025,PRD-IND-00067,290,54,15,2024-10-08
INV-IND-003524,STR-IND-0025,PRD-IND-00068,135,29,29,2024-05-22
INV-IND-003525,STR-IND-0025,PRD-IND-00069,257,56,34,2024-01-01
INV-IND-003526,STR-IND-0025,PRD-IND-00070,247,60,31,2024-08-24
INV-IND-003527,STR-IND-0025,PRD-IND-00071,308,57,17,2024-09-05
INV-IND-003528,STR-IND-0025,PRD-IND-00072,211,34,21,2024-10-10
INV-IND-003529,STR-IND-0025,PRD-IND-00073,468,48,26,2024-03-26
INV-IND-003530,STR-IND-0025,PRD-IND-00074,308,29,26,2024-09-10
INV-IND-003531,STR-IND-0025,PRD-IND-00075,95,34,28,2024-09-27
INV-IND-003532,STR-IND-0025,PRD-IND-00076,432,35,31,2024-01-31
INV-IND-003533,STR-IND-0025,PRD-IND-00077,205,25,26,2024-04-19
INV-IND-003534,STR-IND-0025,PRD-IND-00078,474,41,28,2024-01-09
INV-IND-003535,STR-IND-0025,PRD-IND-00079,475,56,26,2024-05-02
INV-IND-003536,STR-IND-0025,PRD-IND-00080,147,51,22,2024-09-16
INV-IND-003537,STR-IND-0025,PRD-IND-00081,452,41,19,2024-05-19
INV-IND-003538,STR-IND-0025,PRD-IND-00082,128,27,24,2024-10-16
INV-IND-003539,STR-IND-0025,PRD-IND-00083,167,59,24,2024-02-22
INV-IND-003540,STR-IND-0025,PRD-IND-00084,28,56,33,2024-02-24
INV-IND-003541,STR-IND-0025,PRD-IND-00085,39,37,23,2024-12-01
INV-IND-003542,STR-IND-0025,PRD-IND-00086,440,39,21,2024-07-25
INV-IND-003543,STR-IND-0025,PRD-IND-00087,225,57,18,2024-04-17
INV-IND-003544,STR-IND-0025,PRD-IND-00088,213,58,32,2024-09-04
INV-IND-003545,STR-IND-0025,PRD-IND-00089,214,42,16,2024-05-29
INV-IND-003546,STR-IND-0025,PRD-IND-00090,66,56,35,2024-01-28
INV-IND-003547,STR-IND-0025,PRD-IND-00091,125,33,18,2024-12-04
INV-IND-003548,STR-IND-0025,PRD-IND-00092,143,25,27,2024-08-03
INV-IND-003549,STR-IND-0025,PRD-IND-00093,439,25,17,2024-04-12
INV-IND-003550,STR-IND-0025,PRD-IND-00094,134,46,15,2024-10-12
INV-IND-003551,STR-IND-0025,PRD-IND-00095,415,60,18,2024-02-12
INV-IND-003552,STR-IND-0025,PRD-IND-00096,230,40,27,2024-11-30
INV-IND-003553,STR-IND-0025,PRD-IND-00097,288,50,17,2024-04-18
INV-IND-003554,STR-IND-0025,PRD-IND-00098,429,50,17,2024-02-27
INV-IND-003555,STR-IND-0025,PRD-IND-00099,159,28,23,2024-10-28
INV-IND-003556,STR-IND-0025,PRD-IND-00100,49,30,16,2024-11-04
INV-IND-003557,STR-IND-0025,PRD-IND-00101,338,45,34,2024-12-29
INV-IND-003558,STR-IND-0025,PRD-IND-00102,87,40,17,2024-03-22
INV-IND-003559,STR-IND-0025,PRD-IND-00103,491,34,15,2024-11-15
INV-IND-003560,STR-IND-0025,PRD-IND-00104,171,60,23,2024-05-18
INV-IND-003561,STR-IND-0025,PRD-IND-00105,304,48,32,2024-10-01
INV-IND-003562,STR-IND-0025,PRD-IND-00106,218,47,31,2024-10-02
INV-IND-003563,STR-IND-0025,PRD-IND-00107,23,59,24,2024-11-30
INV-IND-003564,STR-IND-0025,PRD-IND-00108,9,54,24,2024-06-27
INV-IND-003565,STR-IND-0025,PRD-IND-00109,79,31,24,2024-02-22
INV-IND-003566,STR-IND-0025,PRD-IND-00110,57,38,22,2024-10-23
INV-IND-003567,STR-IND-0025,PRD-IND-00111,326,44,34,2024-05-23
INV-IND-003568,STR-IND-0025,PRD-IND-00112,211,51,30,2024-06-18
INV-IND-003569,STR-IND-0025,PRD-IND-00113,72,34,20,2024-10-18
INV-IND-003570,STR-IND-0025,PRD-IND-00114,144,36,27,2024-05-16
INV-IND-003571,STR-IND-0025,PRD-IND-00115,62,57,19,2024-04-18
INV-IND-003572,STR-IND-0025,PRD-IND-00116,28,33,27,2024-03-06
INV-IND-003573,STR-IND-0025,PRD-IND-00117,201,30,20,2024-03-26
INV-IND-003574,STR-IND-0025,PRD-IND-00118,411,50,20,2024-03-25
INV-IND-003575,STR-IND-0025,PRD-IND-00119,225,40,23,2024-03-24
INV-IND-003576,STR-IND-0025,PRD-IND-00120,191,46,19,2024-05-03
INV-IND-003577,STR-IND-0025,PRD-IND-00121,185,56,26,2024-05-15
INV-IND-003578,STR-IND-0025,PRD-IND-00122,378,54,23,2024-09-10
INV-IND-003579,STR-IND-0025,PRD-IND-00123,337,33,30,2024-01-16
INV-IND-003580,STR-IND-0025,PRD-IND-00124,466,36,23,2024-08-11
INV-IND-003581,STR-IND-0025,PRD-IND-00125,348,57,32,2024-06-22
INV-IND-003582,STR-IND-0025,PRD-IND-00126,426,44,26,2024-05-04
INV-IND-003583,STR-IND-0025,PRD-IND-00127,20,25,21,2024-07-01
INV-IND-003584,STR-IND-0025,PRD-IND-00128,355,31,24,2024-11-17
INV-IND-003585,STR-IND-0025,PRD-IND-00129,180,45,32,2024-12-18
INV-IND-003586,STR-IND-0025,PRD-IND-00130,182,51,22,2024-07-23
INV-IND-003587,STR-IND-0025,PRD-IND-00131,65,27,24,2024-10-27
INV-IND-003588,STR-IND-0025,PRD-IND-00132,356,57,29,2024-08-12
INV-IND-003589,STR-IND-0025,PRD-IND-00133,58,50,23,2024-10-17
INV-IND-003590,STR-IND-0025,PRD-IND-00134,412,36,19,2024-07-07
INV-IND-003591,STR-IND-0025,PRD-IND-00135,439,54,28,2024-07-14
INV-IND-003592,STR-IND-0025,PRD-IND-00136,15,30,30,2024-05-25
INV-IND-003593,STR-IND-0025,PRD-IND-00137,82,53,17,2024-10-17
INV-IND-003594,STR-IND-0025,PRD-IND-00138,70,57,27,2024-05-05
INV-IND-003595,STR-IND-0025,PRD-IND-00139,269,36,31,2024-09-07
INV-IND-003596,STR-IND-0025,PRD-IND-00140,329,39,29,2024-05-18
INV-IND-003597,STR-IND-0025,PRD-IND-00141,43,44,29,2024-02-29
INV-IND-003598,STR-IND-0025,PRD-IND-00142,213,37,32,2024-08-11
INV-IND-003599,STR-IND-0025,PRD-IND-00143,487,32,26,2024-08-10
INV-IND-003600,STR-IND-0025,PRD-IND-00144,478,45,33,2024-08-20
